strategy,model,window_id,source_file,class,label_index,vessel_group,split,start_seconds,end_seconds,predicted_label_index,predicted_class,probability_Cargo,probability_Passengership,probability_Tanker,probability_Tug,maximum_probability,true_class_probability,correct,embedding_distance,rms,low_level,vessel_name,session_identifier,source_boundary,file,current_label
class_vessel_balanced_sampling,small_cnn,cargo-103-000000000ms,Cargo/103.wav,Cargo,0,seaspan swift,train,0.0,5.0,2,Tanker,0.4029845893383026,0.17228007316589355,0.41683709621429443,0.007898271083831787,0.41683709621429443,0.4029845893383026,False,6.435402179197744,0.010523300617933273,False,SEASPAN SWIFT,Cargo-20171214-213748-103,True,Cargo/103.wav,Cargo
class_vessel_balanced_sampling,small_cnn,cargo-103-000005000ms,Cargo/103.wav,Cargo,0,seaspan swift,train,5.0,10.0,0,Cargo,0.4080123007297516,0.17741183936595917,0.40641021728515625,0.008165651932358742,0.4080123007297516,0.4080123007297516,True,6.441968383635151,0.009562844410538673,False,SEASPAN SWIFT,Cargo-20171214-213748-103,False,Cargo/103.wav,Cargo
class_vessel_balanced_sampling,small_cnn,cargo-103-000010000ms,Cargo/103.wav,Cargo,0,seaspan swift,train,10.0,15.0,0,Cargo,0.41320985555648804,0.18212927877902985,0.39660438895225525,0.008056472055613995,0.41320985555648804,0.41320985555648804,True,6.441806338875409,0.007853712886571884,False,SEASPAN SWIFT,Cargo-20171214-213748-103,False,Cargo/103.wav,Cargo
class_vessel_balanced_sampling,small_cnn,cargo-103-000015000ms,Cargo/103.wav,Cargo,0,seaspan swift,train,15.0,20.0,0,Cargo,0.40700197219848633,0.1801277995109558,0.4051007926464081,0.007769405376166105,0.40700197219848633,0.40700197219848633,True,6.697274020288826,0.008638553321361542,False,SEASPAN SWIFT,Cargo-20171214-213748-103,False,Cargo/103.wav,Cargo
class_vessel_balanced_sampling,small_cnn,cargo-103-000020000ms,Cargo/103.wav,Cargo,0,seaspan swift,train,20.0,25.0,2,Tanker,0.40156638622283936,0.18438169360160828,0.40592873096466064,0.008123158477246761,0.40592873096466064,0.40156638622283936,False,6.2420237998534605,0.009270037524402142,False,SEASPAN SWIFT,Cargo-20171214-213748-103,False,Cargo/103.wav,Cargo
class_vessel_balanced_sampling,small_cnn,cargo-103-000025000ms,Cargo/103.wav,Cargo,0,seaspan swift,train,25.0,30.0,2,Tanker,0.40143507719039917,0.1767723709344864,0.4138070046901703,0.007985479198396206,0.4138070046901703,0.40143507719039917,False,6.40134432526038,0.009693208150565624,False,SEASPAN SWIFT,Cargo-20171214-213748-103,False,Cargo/103.wav,Cargo
class_vessel_balanced_sampling,small_cnn,cargo-103-000030000ms,Cargo/103.wav,Cargo,0,seaspan swift,train,30.0,35.0,2,Tanker,0.399865061044693,0.18399439752101898,0.4078878164291382,0.008252684958279133,0.4078878164291382,0.399865061044693,False,6.213328654515538,0.009738095104694366,False,SEASPAN SWIFT,Cargo-20171214-213748-103,False,Cargo/103.wav,Cargo
class_vessel_balanced_sampling,small_cnn,cargo-103-000035000ms,Cargo/103.wav,Cargo,0,seaspan swift,train,35.0,40.0,2,Tanker,0.40080979466438293,0.1765260398387909,0.41434594988822937,0.008318139240145683,0.41434594988822937,0.40080979466438293,False,6.167355434234266,0.009282493963837624,False,SEASPAN SWIFT,Cargo-20171214-213748-103,False,Cargo/103.wav,Cargo
class_vessel_balanced_sampling,small_cnn,cargo-103-000040000ms,Cargo/103.wav,Cargo,0,seaspan swift,train,40.0,45.0,2,Tanker,0.3974970281124115,0.17588861286640167,0.4178820550441742,0.008732312358915806,0.4178820550441742,0.3974970281124115,False,5.843820880500606,0.007996752858161926,False,SEASPAN SWIFT,Cargo-20171214-213748-103,False,Cargo/103.wav,Cargo
class_vessel_balanced_sampling,small_cnn,cargo-103-000045000ms,Cargo/103.wav,Cargo,0,seaspan swift,train,45.0,50.0,0,Cargo,0.4045823812484741,0.19328095018863678,0.39306631684303284,0.009070368483662605,0.4045823812484741,0.4045823812484741,True,5.587573561482939,0.006962097715586424,False,SEASPAN SWIFT,Cargo-20171214-213748-103,False,Cargo/103.wav,Cargo
class_vessel_balanced_sampling,small_cnn,cargo-103-000050000ms,Cargo/103.wav,Cargo,0,seaspan swift,train,50.0,55.0,0,Cargo,0.40809956192970276,0.18913376331329346,0.39457887411117554,0.008187864907085896,0.40809956192970276,0.40809956192970276,True,6.200494403321354,0.0062700784765183926,False,SEASPAN SWIFT,Cargo-20171214-213748-103,False,Cargo/103.wav,Cargo
class_vessel_balanced_sampling,small_cnn,cargo-103-000055000ms,Cargo/103.wav,Cargo,0,seaspan swift,train,55.0,60.0,0,Cargo,0.41053226590156555,0.18842725455760956,0.3926517963409424,0.008388645946979523,0.41053226590156555,0.41053226590156555,True,6.099365747849138,0.006052025128155947,False,SEASPAN SWIFT,Cargo-20171214-213748-103,False,Cargo/103.wav,Cargo
class_vessel_balanced_sampling,small_cnn,cargo-103-000060000ms,Cargo/103.wav,Cargo,0,seaspan swift,train,60.0,65.0,2,Tanker,0.4052650034427643,0.1801038235425949,0.406272292137146,0.00835885014384985,0.406272292137146,0.4052650034427643,False,6.053771215477045,0.006691677961498499,False,SEASPAN SWIFT,Cargo-20171214-213748-103,False,Cargo/103.wav,Cargo
class_vessel_balanced_sampling,small_cnn,cargo-103-000065000ms,Cargo/103.wav,Cargo,0,seaspan swift,train,65.0,70.0,0,Cargo,0.40105119347572327,0.1929042935371399,0.39726683497428894,0.008777757175266743,0.40105119347572327,0.40105119347572327,True,5.835256588636527,0.005728408694267273,False,SEASPAN SWIFT,Cargo-20171214-213748-103,False,Cargo/103.wav,Cargo
class_vessel_balanced_sampling,small_cnn,cargo-103-000070000ms,Cargo/103.wav,Cargo,0,seaspan swift,train,70.0,75.0,2,Tanker,0.39294901490211487,0.19409717619419098,0.4029889404773712,0.00996494386345148,0.4029889404773712,0.39294901490211487,False,4.982470553958545,0.005587553605437279,False,SEASPAN SWIFT,Cargo-20171214-213748-103,False,Cargo/103.wav,Cargo
class_vessel_balanced_sampling,small_cnn,cargo-103-000075000ms,Cargo/103.wav,Cargo,0,seaspan swift,train,75.0,80.0,2,Tanker,0.3943457305431366,0.19303926825523376,0.40336400270462036,0.009251047857105732,0.40336400270462036,0.3943457305431366,False,5.430050744215763,0.005736770574003458,False,SEASPAN SWIFT,Cargo-20171214-213748-103,False,Cargo/103.wav,Cargo
class_vessel_balanced_sampling,small_cnn,cargo-103-000080000ms,Cargo/103.wav,Cargo,0,seaspan swift,train,80.0,85.0,0,Cargo,0.40257585048675537,0.18626682460308075,0.40225011110305786,0.008907233364880085,0.40257585048675537,0.40257585048675537,True,5.780710859625395,0.00590444216504693,False,SEASPAN SWIFT,Cargo-20171214-213748-103,False,Cargo/103.wav,Cargo
class_vessel_balanced_sampling,small_cnn,cargo-103-000085000ms,Cargo/103.wav,Cargo,0,seaspan swift,train,85.0,90.0,0,Cargo,0.3977964520454407,0.1956666260957718,0.39750936627388,0.009027611464262009,0.3977964520454407,0.3977964520454407,True,5.6175228672120125,0.005371835082769394,False,SEASPAN SWIFT,Cargo-20171214-213748-103,False,Cargo/103.wav,Cargo
class_vessel_balanced_sampling,small_cnn,cargo-103-000090000ms,Cargo/103.wav,Cargo,0,seaspan swift,train,90.0,95.0,0,Cargo,0.3990200459957123,0.19735302031040192,0.39470550417900085,0.008921416476368904,0.3990200459957123,0.3990200459957123,True,5.710755820963849,0.005062577314674854,False,SEASPAN SWIFT,Cargo-20171214-213748-103,False,Cargo/103.wav,Cargo
class_vessel_balanced_sampling,small_cnn,cargo-103-000095000ms,Cargo/103.wav,Cargo,0,seaspan swift,train,95.0,100.0,0,Cargo,0.4052180349826813,0.19965602457523346,0.386303186416626,0.008822737261652946,0.4052180349826813,0.4052180349826813,True,5.733763392530516,0.0041934470646083355,False,SEASPAN SWIFT,Cargo-20171214-213748-103,False,Cargo/103.wav,Cargo
class_vessel_balanced_sampling,small_cnn,cargo-103-000100000ms,Cargo/103.wav,Cargo,0,seaspan swift,train,100.0,105.0,0,Cargo,0.4032990038394928,0.1978200078010559,0.38903966546058655,0.009841361083090305,0.4032990038394928,0.4032990038394928,True,5.194586104347256,0.004568788222968578,False,SEASPAN SWIFT,Cargo-20171214-213748-103,False,Cargo/103.wav,Cargo
class_vessel_balanced_sampling,small_cnn,cargo-103-000105000ms,Cargo/103.wav,Cargo,0,seaspan swift,train,105.0,110.0,0,Cargo,0.39741888642311096,0.19693970680236816,0.3958827555179596,0.009758706204593182,0.39741888642311096,0.39741888642311096,True,5.341625250922536,0.005222665145993233,False,SEASPAN SWIFT,Cargo-20171214-213748-103,False,Cargo/103.wav,Cargo
class_vessel_balanced_sampling,small_cnn,cargo-103-000110000ms,Cargo/103.wav,Cargo,0,seaspan swift,train,110.0,115.0,2,Tanker,0.38992592692375183,0.17956817150115967,0.4212491810321808,0.009256673976778984,0.4212491810321808,0.38992592692375183,False,5.779588240820884,0.00793526042252779,False,SEASPAN SWIFT,Cargo-20171214-213748-103,False,Cargo/103.wav,Cargo
class_vessel_balanced_sampling,small_cnn,cargo-103-000115000ms,Cargo/103.wav,Cargo,0,seaspan swift,train,115.0,120.0,2,Tanker,0.3917398750782013,0.18130113184452057,0.4180485010147095,0.00891049113124609,0.4180485010147095,0.3917398750782013,False,5.924115248816277,0.004941723309457302,False,SEASPAN SWIFT,Cargo-20171214-213748-103,False,Cargo/103.wav,Cargo
class_vessel_balanced_sampling,small_cnn,cargo-103-000120000ms,Cargo/103.wav,Cargo,0,seaspan swift,train,120.0,125.0,2,Tanker,0.39195922017097473,0.18721209466457367,0.4114546775817871,0.00937399547547102,0.4114546775817871,0.39195922017097473,False,5.554180524710183,0.00441009271889925,False,SEASPAN SWIFT,Cargo-20171214-213748-103,False,Cargo/103.wav,Cargo
class_vessel_balanced_sampling,small_cnn,cargo-103-000125000ms,Cargo/103.wav,Cargo,0,seaspan swift,train,125.0,130.0,2,Tanker,0.39832592010498047,0.1830286681652069,0.40974125266075134,0.008904214017093182,0.40974125266075134,0.39832592010498047,False,5.85090096248155,0.0042050667107105255,False,SEASPAN SWIFT,Cargo-20171214-213748-103,False,Cargo/103.wav,Cargo
class_vessel_balanced_sampling,small_cnn,cargo-103-000130000ms,Cargo/103.wav,Cargo,0,seaspan swift,train,130.0,135.0,2,Tanker,0.3975708782672882,0.18319162726402283,0.40985947847366333,0.009378024376928806,0.40985947847366333,0.3975708782672882,False,5.515241665034158,0.004117082804441452,False,SEASPAN SWIFT,Cargo-20171214-213748-103,False,Cargo/103.wav,Cargo
class_vessel_balanced_sampling,small_cnn,cargo-103-000135000ms,Cargo/103.wav,Cargo,0,seaspan swift,train,135.0,140.0,2,Tanker,0.3872550129890442,0.1783498078584671,0.42543667554855347,0.008958468213677406,0.42543667554855347,0.3872550129890442,False,5.781646144608898,0.004967525135725737,False,SEASPAN SWIFT,Cargo-20171214-213748-103,False,Cargo/103.wav,Cargo
class_vessel_balanced_sampling,small_cnn,cargo-103-000140000ms,Cargo/103.wav,Cargo,0,seaspan swift,train,140.0,145.0,2,Tanker,0.38290634751319885,0.1822604089975357,0.42510899901390076,0.009724227711558342,0.42510899901390076,0.38290634751319885,False,5.238001325039145,0.0051545943133533,False,SEASPAN SWIFT,Cargo-20171214-213748-103,False,Cargo/103.wav,Cargo
class_vessel_balanced_sampling,small_cnn,cargo-103-000145000ms,Cargo/103.wav,Cargo,0,seaspan swift,train,145.0,150.0,2,Tanker,0.38784143328666687,0.1877552568912506,0.4145352840423584,0.00986809004098177,0.4145352840423584,0.38784143328666687,False,5.084168134766507,0.004641366191208363,False,SEASPAN SWIFT,Cargo-20171214-213748-103,False,Cargo/103.wav,Cargo
class_vessel_balanced_sampling,small_cnn,cargo-103-000150000ms,Cargo/103.wav,Cargo,0,seaspan swift,train,150.0,155.0,0,Cargo,0.3955737352371216,0.20404084026813507,0.39055389165878296,0.009831463918089867,0.3955737352371216,0.3955737352371216,True,5.093281090365608,0.003515461692586541,False,SEASPAN SWIFT,Cargo-20171214-213748-103,False,Cargo/103.wav,Cargo
class_vessel_balanced_sampling,small_cnn,cargo-103-000155000ms,Cargo/103.wav,Cargo,0,seaspan swift,train,155.0,160.0,0,Cargo,0.3980051875114441,0.2042536735534668,0.3885408043861389,0.00920039787888527,0.3980051875114441,0.3980051875114441,True,5.47853712992935,0.0033120550215244293,False,SEASPAN SWIFT,Cargo-20171214-213748-103,False,Cargo/103.wav,Cargo
class_vessel_balanced_sampling,small_cnn,cargo-103-000160000ms,Cargo/103.wav,Cargo,0,seaspan swift,train,160.0,165.0,0,Cargo,0.40075162053108215,0.1935158222913742,0.3963574171066284,0.009375182911753654,0.40075162053108215,0.40075162053108215,True,5.434256380368079,0.00328237097710371,False,SEASPAN SWIFT,Cargo-20171214-213748-103,False,Cargo/103.wav,Cargo
class_vessel_balanced_sampling,small_cnn,cargo-103-000165000ms,Cargo/103.wav,Cargo,0,seaspan swift,train,165.0,170.0,2,Tanker,0.3960074186325073,0.17743070423603058,0.4178903102874756,0.00867158081382513,0.4178903102874756,0.3960074186325073,False,5.826582011747866,0.00306296837516129,False,SEASPAN SWIFT,Cargo-20171214-213748-103,False,Cargo/103.wav,Cargo
class_vessel_balanced_sampling,small_cnn,cargo-103-000170000ms,Cargo/103.wav,Cargo,0,seaspan swift,train,170.0,175.0,2,Tanker,0.39190641045570374,0.16741952300071716,0.431768000125885,0.008906004950404167,0.431768000125885,0.39190641045570374,False,5.748637438726433,0.003422023495659232,False,SEASPAN SWIFT,Cargo-20171214-213748-103,False,Cargo/103.wav,Cargo
class_vessel_balanced_sampling,small_cnn,cargo-103-000175000ms,Cargo/103.wav,Cargo,0,seaspan swift,train,175.0,180.0,2,Tanker,0.3930326998233795,0.17009390890598297,0.427648663520813,0.00922470074146986,0.427648663520813,0.3930326998233795,False,5.580055686559544,0.003158378880470991,False,SEASPAN SWIFT,Cargo-20171214-213748-103,False,Cargo/103.wav,Cargo
class_vessel_balanced_sampling,small_cnn,cargo-103-000180000ms,Cargo/103.wav,Cargo,0,seaspan swift,train,180.0,185.0,2,Tanker,0.3981681764125824,0.1809549629688263,0.41097527742385864,0.009901604615151882,0.41097527742385864,0.3981681764125824,False,5.0093366630592095,0.002695147879421711,False,SEASPAN SWIFT,Cargo-20171214-213748-103,False,Cargo/103.wav,Cargo
class_vessel_balanced_sampling,small_cnn,cargo-103-000185000ms,Cargo/103.wav,Cargo,0,seaspan swift,train,185.0,190.0,2,Tanker,0.3993561863899231,0.17871731519699097,0.41293588280677795,0.008990643545985222,0.41293588280677795,0.3993561863899231,False,5.601076422029664,0.0028039247263222933,False,SEASPAN SWIFT,Cargo-20171214-213748-103,False,Cargo/103.wav,Cargo
class_vessel_balanced_sampling,small_cnn,cargo-103-000190000ms,Cargo/103.wav,Cargo,0,seaspan swift,train,190.0,195.0,2,Tanker,0.395397424697876,0.18498152494430542,0.40997862815856934,0.009642490185797215,0.40997862815856934,0.395397424697876,False,5.208942906454995,0.002667622873559594,False,SEASPAN SWIFT,Cargo-20171214-213748-103,True,Cargo/103.wav,Cargo
class_vessel_balanced_sampling,small_cnn,cargo-110-000000000ms,Cargo/110.wav,Cargo,0,seaspan swift,train,0.0,5.0,2,Tanker,0.3861255943775177,0.15269631147384644,0.4523800313472748,0.008797966875135899,0.4523800313472748,0.3861255943775177,False,6.135144212388972,0.03684604540467262,False,SEASPAN SWIFT,Cargo-20171215-214529-110,True,Cargo/110.wav,Cargo
class_vessel_balanced_sampling,small_cnn,cargo-110-000005000ms,Cargo/110.wav,Cargo,0,seaspan swift,train,5.0,10.0,2,Tanker,0.3844572603702545,0.1314089000225067,0.476141095161438,0.007992712780833244,0.476141095161438,0.3844572603702545,False,7.263220760622499,0.039136674255132675,False,SEASPAN SWIFT,Cargo-20171215-214529-110,False,Cargo/110.wav,Cargo
class_vessel_balanced_sampling,small_cnn,cargo-110-000010000ms,Cargo/110.wav,Cargo,0,seaspan swift,train,10.0,15.0,2,Tanker,0.3903256058692932,0.1382899135351181,0.46356523036956787,0.007819314487278461,0.46356523036956787,0.3903256058692932,False,7.104547748126637,0.0306972935795784,False,SEASPAN SWIFT,Cargo-20171215-214529-110,False,Cargo/110.wav,Cargo
class_vessel_balanced_sampling,small_cnn,cargo-110-000015000ms,Cargo/110.wav,Cargo,0,seaspan swift,train,15.0,20.0,2,Tanker,0.3803783655166626,0.139747753739357,0.4723902642726898,0.007483606692403555,0.4723902642726898,0.3803783655166626,False,7.306214151246939,0.03167998790740967,False,SEASPAN SWIFT,Cargo-20171215-214529-110,False,Cargo/110.wav,Cargo
class_vessel_balanced_sampling,small_cnn,cargo-110-000020000ms,Cargo/110.wav,Cargo,0,seaspan swift,train,20.0,25.0,2,Tanker,0.38113299012184143,0.13914810121059418,0.47185733914375305,0.007861618883907795,0.47185733914375305,0.38113299012184143,False,6.996787167484265,0.026633961126208305,False,SEASPAN SWIFT,Cargo-20171215-214529-110,False,Cargo/110.wav,Cargo
class_vessel_balanced_sampling,small_cnn,cargo-110-000025000ms,Cargo/110.wav,Cargo,0,seaspan swift,train,25.0,30.0,2,Tanker,0.38428983092308044,0.14864014089107513,0.4591129422187805,0.00795708131045103,0.4591129422187805,0.38428983092308044,False,6.692503149951423,0.020810415968298912,False,SEASPAN SWIFT,Cargo-20171215-214529-110,False,Cargo/110.wav,Cargo
class_vessel_balanced_sampling,small_cnn,cargo-110-000030000ms,Cargo/110.wav,Cargo,0,seaspan swift,train,30.0,35.0,2,Tanker,0.3868725895881653,0.14516288042068481,0.46008431911468506,0.007880221121013165,0.46008431911468506,0.3868725895881653,False,6.861873653947674,0.02054954320192337,False,SEASPAN SWIFT,Cargo-20171215-214529-110,False,Cargo/110.wav,Cargo
class_vessel_balanced_sampling,small_cnn,cargo-110-000035000ms,Cargo/110.wav,Cargo,0,seaspan swift,train,35.0,40.0,2,Tanker,0.39406636357307434,0.14880381524562836,0.4485863745212555,0.008543558418750763,0.4485863745212555,0.39406636357307434,False,6.387317806109662,0.017341509461402893,False,SEASPAN SWIFT,Cargo-20171215-214529-110,False,Cargo/110.wav,Cargo
class_vessel_balanced_sampling,small_cnn,cargo-110-000040000ms,Cargo/110.wav,Cargo,0,seaspan swift,train,40.0,45.0,2,Tanker,0.40112075209617615,0.16241143643856049,0.4279351532459259,0.008532660081982613,0.4279351532459259,0.40112075209617615,False,6.114818529748787,0.0131538612768054,False,SEASPAN SWIFT,Cargo-20171215-214529-110,False,Cargo/110.wav,Cargo
class_vessel_balanced_sampling,small_cnn,cargo-110-000045000ms,Cargo/110.wav,Cargo,0,seaspan swift,train,45.0,50.0,2,Tanker,0.40029335021972656,0.17237426340579987,0.41812077164649963,0.00921159889549017,0.41812077164649963,0.40029335021972656,False,5.486061654337575,0.011638525873422623,False,SEASPAN SWIFT,Cargo-20171215-214529-110,False,Cargo/110.wav,Cargo
class_vessel_balanced_sampling,small_cnn,cargo-110-000050000ms,Cargo/110.wav,Cargo,0,seaspan swift,train,50.0,55.0,2,Tanker,0.4078110158443451,0.1731080412864685,0.4101656675338745,0.008915293030440807,0.4101656675338745,0.4078110158443451,False,5.744722580700252,0.010965976864099503,False,SEASPAN SWIFT,Cargo-20171215-214529-110,False,Cargo/110.wav,Cargo
class_vessel_balanced_sampling,small_cnn,cargo-110-000055000ms,Cargo/110.wav,Cargo,0,seaspan swift,train,55.0,60.0,2,Tanker,0.3905792832374573,0.18284356594085693,0.4168875217437744,0.009689627215266228,0.4168875217437744,0.3905792832374573,False,5.103990269556166,0.009628727100789547,False,SEASPAN SWIFT,Cargo-20171215-214529-110,False,Cargo/110.wav,Cargo
class_vessel_balanced_sampling,small_cnn,cargo-110-000060000ms,Cargo/110.wav,Cargo,0,seaspan swift,train,60.0,65.0,2,Tanker,0.39287421107292175,0.18051555752754211,0.4163176417350769,0.010292552411556244,0.4163176417350769,0.39287421107292175,False,4.815861745419689,0.008392717689275742,False,SEASPAN SWIFT,Cargo-20171215-214529-110,False,Cargo/110.wav,Cargo
class_vessel_balanced_sampling,small_cnn,cargo-110-000065000ms,Cargo/110.wav,Cargo,0,seaspan swift,train,65.0,70.0,2,Tanker,0.3969449996948242,0.18834680318832397,0.40332239866256714,0.011385787278413773,0.40332239866256714,0.3969449996948242,False,4.4402370358323875,0.00748893478885293,False,SEASPAN SWIFT,Cargo-20171215-214529-110,False,Cargo/110.wav,Cargo
class_vessel_balanced_sampling,small_cnn,cargo-110-000070000ms,Cargo/110.wav,Cargo,0,seaspan swift,train,70.0,75.0,2,Tanker,0.3922094702720642,0.19111481308937073,0.40516722202301025,0.011508500203490257,0.40516722202301025,0.3922094702720642,False,4.273839209731357,0.007324657868593931,False,SEASPAN SWIFT,Cargo-20171215-214529-110,False,Cargo/110.wav,Cargo
class_vessel_balanced_sampling,small_cnn,cargo-110-000075000ms,Cargo/110.wav,Cargo,0,seaspan swift,train,75.0,80.0,2,Tanker,0.40202876925468445,0.18194669485092163,0.4052858054637909,0.010738692246377468,0.4052858054637909,0.40202876925468445,False,4.818480557658592,0.0070396894589066505,False,SEASPAN SWIFT,Cargo-20171215-214529-110,False,Cargo/110.wav,Cargo
class_vessel_balanced_sampling,small_cnn,cargo-110-000080000ms,Cargo/110.wav,Cargo,0,seaspan swift,train,80.0,85.0,0,Cargo,0.40282413363456726,0.19106747210025787,0.3953190743923187,0.01078936830163002,0.40282413363456726,0.40282413363456726,True,4.665524174189814,0.00603926507756114,False,SEASPAN SWIFT,Cargo-20171215-214529-110,False,Cargo/110.wav,Cargo
class_vessel_balanced_sampling,small_cnn,cargo-110-000085000ms,Cargo/110.wav,Cargo,0,seaspan swift,train,85.0,90.0,0,Cargo,0.4130406975746155,0.18931888043880463,0.3857917785644531,0.011848640628159046,0.4130406975746155,0.4130406975746155,True,4.2752653658713236,0.005452588200569153,False,SEASPAN SWIFT,Cargo-20171215-214529-110,False,Cargo/110.wav,Cargo
class_vessel_balanced_sampling,small_cnn,cargo-110-000090000ms,Cargo/110.wav,Cargo,0,seaspan swift,train,90.0,95.0,0,Cargo,0.41339755058288574,0.20009936392307281,0.37374410033226013,0.012758903205394745,0.41339755058288574,0.41339755058288574,True,3.606015601188746,0.0046636927872896194,False,SEASPAN SWIFT,Cargo-20171215-214529-110,False,Cargo/110.wav,Cargo
class_vessel_balanced_sampling,small_cnn,cargo-110-000095000ms,Cargo/110.wav,Cargo,0,seaspan swift,train,95.0,100.0,0,Cargo,0.40836891531944275,0.18936076760292053,0.3908184766769409,0.011451847851276398,0.40836891531944275,0.40836891531944275,True,4.301852238589247,0.004843075294047594,False,SEASPAN SWIFT,Cargo-20171215-214529-110,False,Cargo/110.wav,Cargo
class_vessel_balanced_sampling,small_cnn,cargo-110-000100000ms,Cargo/110.wav,Cargo,0,seaspan swift,train,100.0,105.0,2,Tanker,0.40621280670166016,0.16948097944259644,0.4129020869731903,0.011404109187424183,0.4129020869731903,0.40621280670166016,False,4.589469078628205,0.005578266456723213,False,SEASPAN SWIFT,Cargo-20171215-214529-110,False,Cargo/110.wav,Cargo
class_vessel_balanced_sampling,small_cnn,cargo-110-000105000ms,Cargo/110.wav,Cargo,0,seaspan swift,train,105.0,110.0,2,Tanker,0.398868203163147,0.17586065828800201,0.413041353225708,0.012229790911078453,0.413041353225708,0.398868203163147,False,4.028310867056426,0.00503863301128149,False,SEASPAN SWIFT,Cargo-20171215-214529-110,False,Cargo/110.wav,Cargo
class_vessel_balanced_sampling,small_cnn,cargo-110-000110000ms,Cargo/110.wav,Cargo,0,seaspan swift,train,110.0,115.0,0,Cargo,0.4051104485988617,0.1835852861404419,0.39884257316589355,0.012461690232157707,0.4051104485988617,0.4051104485988617,True,4.246653592622538,0.004332228563725948,False,SEASPAN SWIFT,Cargo-20171215-214529-110,False,Cargo/110.wav,Cargo
class_vessel_balanced_sampling,small_cnn,cargo-110-000115000ms,Cargo/110.wav,Cargo,0,seaspan swift,train,115.0,120.0,0,Cargo,0.41843611001968384,0.19267167150974274,0.3744758367538452,0.014416295103728771,0.41843611001968384,0.41843611001968384,True,3.59276342524813,0.003701435634866357,False,SEASPAN SWIFT,Cargo-20171215-214529-110,False,Cargo/110.wav,Cargo
class_vessel_balanced_sampling,small_cnn,cargo-110-000120000ms,Cargo/110.wav,Cargo,0,seaspan swift,train,120.0,125.0,0,Cargo,0.4099341034889221,0.1871291548013687,0.3888570964336395,0.014079618267714977,0.4099341034889221,0.4099341034889221,True,3.8899134271579814,0.0034134085290133953,False,SEASPAN SWIFT,Cargo-20171215-214529-110,False,Cargo/110.wav,Cargo
class_vessel_balanced_sampling,small_cnn,cargo-110-000125000ms,Cargo/110.wav,Cargo,0,seaspan swift,train,125.0,130.0,0,Cargo,0.4071512222290039,0.1781495064496994,0.4018835127353668,0.012815852649509907,0.4071512222290039,0.4071512222290039,True,4.329527535896385,0.003586124163120985,False,SEASPAN SWIFT,Cargo-20171215-214529-110,False,Cargo/110.wav,Cargo
class_vessel_balanced_sampling,small_cnn,cargo-110-000130000ms,Cargo/110.wav,Cargo,0,seaspan swift,train,130.0,135.0,0,Cargo,0.4061374068260193,0.18806400895118713,0.39322853088378906,0.01257008034735918,0.4061374068260193,0.4061374068260193,True,4.06344158084286,0.0033080216962844133,False,SEASPAN SWIFT,Cargo-20171215-214529-110,False,Cargo/110.wav,Cargo
class_vessel_balanced_sampling,small_cnn,cargo-110-000135000ms,Cargo/110.wav,Cargo,0,seaspan swift,train,135.0,140.0,0,Cargo,0.411218523979187,0.17562933266162872,0.4021894931793213,0.010962673462927341,0.411218523979187,0.411218523979187,True,5.033628376808281,0.0035221248399466276,False,SEASPAN SWIFT,Cargo-20171215-214529-110,False,Cargo/110.wav,Cargo
class_vessel_balanced_sampling,small_cnn,cargo-110-000140000ms,Cargo/110.wav,Cargo,0,seaspan swift,train,140.0,145.0,2,Tanker,0.40853092074394226,0.16424590349197388,0.4168515205383301,0.010371663607656956,0.4168515205383301,0.40853092074394226,False,5.293888028696576,0.00372717110440135,False,SEASPAN SWIFT,Cargo-20171215-214529-110,False,Cargo/110.wav,Cargo
class_vessel_balanced_sampling,small_cnn,cargo-110-000145000ms,Cargo/110.wav,Cargo,0,seaspan swift,train,145.0,150.0,2,Tanker,0.4037747383117676,0.16238637268543243,0.4236598014831543,0.010179122909903526,0.4236598014831543,0.4037747383117676,False,5.321106682087951,0.0039189704693853855,False,SEASPAN SWIFT,Cargo-20171215-214529-110,False,Cargo/110.wav,Cargo
class_vessel_balanced_sampling,small_cnn,cargo-110-000150000ms,Cargo/110.wav,Cargo,0,seaspan swift,train,150.0,155.0,2,Tanker,0.3935565948486328,0.18488739430904388,0.40927574038505554,0.012280245311558247,0.40927574038505554,0.3935565948486328,False,4.123625545748152,0.003217455931007862,False,SEASPAN SWIFT,Cargo-20171215-214529-110,False,Cargo/110.wav,Cargo
class_vessel_balanced_sampling,small_cnn,cargo-110-000155000ms,Cargo/110.wav,Cargo,0,seaspan swift,train,155.0,160.0,2,Tanker,0.39517733454704285,0.16077157855033875,0.43227750062942505,0.0117735480889678,0.43227750062942505,0.39517733454704285,False,4.906827882592325,0.003630870021879673,False,SEASPAN SWIFT,Cargo-20171215-214529-110,False,Cargo/110.wav,Cargo
class_vessel_balanced_sampling,small_cnn,cargo-110-000160000ms,Cargo/110.wav,Cargo,0,seaspan swift,train,160.0,165.0,2,Tanker,0.40343141555786133,0.1661951243877411,0.4186473488807678,0.011726148426532745,0.4186473488807678,0.40343141555786133,False,4.827073106295845,0.0032309251837432384,False,SEASPAN SWIFT,Cargo-20171215-214529-110,False,Cargo/110.wav,Cargo
class_vessel_balanced_sampling,small_cnn,cargo-110-000165000ms,Cargo/110.wav,Cargo,0,seaspan swift,train,165.0,170.0,2,Tanker,0.40272748470306396,0.1545458883047104,0.430897057056427,0.01182959321886301,0.430897057056427,0.40272748470306396,False,5.0701707991102065,0.0028330283239483833,False,SEASPAN SWIFT,Cargo-20171215-214529-110,False,Cargo/110.wav,Cargo
class_vessel_balanced_sampling,small_cnn,cargo-110-000170000ms,Cargo/110.wav,Cargo,0,seaspan swift,train,170.0,175.0,2,Tanker,0.3853682577610016,0.13531149923801422,0.46807682514190674,0.011243430897593498,0.46807682514190674,0.3853682577610016,False,5.869258520606046,0.0032636914402246475,False,SEASPAN SWIFT,Cargo-20171215-214529-110,False,Cargo/110.wav,Cargo
class_vessel_balanced_sampling,small_cnn,cargo-110-000175000ms,Cargo/110.wav,Cargo,0,seaspan swift,train,175.0,180.0,2,Tanker,0.3877177834510803,0.1405932456254959,0.45976710319519043,0.01192181184887886,0.45976710319519043,0.3877177834510803,False,5.4102592879407005,0.0028182612732052803,False,SEASPAN SWIFT,Cargo-20171215-214529-110,False,Cargo/110.wav,Cargo
class_vessel_balanced_sampling,small_cnn,cargo-110-000180000ms,Cargo/110.wav,Cargo,0,seaspan swift,train,180.0,185.0,2,Tanker,0.379600465297699,0.1313697248697281,0.4768747389316559,0.012155112810432911,0.4768747389316559,0.379600465297699,False,5.69649648276272,0.00270615192130208,False,SEASPAN SWIFT,Cargo-20171215-214529-110,False,Cargo/110.wav,Cargo
class_vessel_balanced_sampling,small_cnn,cargo-110-000185000ms,Cargo/110.wav,Cargo,0,seaspan swift,train,185.0,190.0,2,Tanker,0.378976970911026,0.12934261560440063,0.47885867953300476,0.01282179169356823,0.47885867953300476,0.378976970911026,False,5.671538031169946,0.002619150560349226,False,SEASPAN SWIFT,Cargo-20171215-214529-110,False,Cargo/110.wav,Cargo
class_vessel_balanced_sampling,small_cnn,cargo-110-000190000ms,Cargo/110.wav,Cargo,0,seaspan swift,train,190.0,195.0,2,Tanker,0.37516066431999207,0.13029438257217407,0.4825391471385956,0.012005817145109177,0.4825391471385956,0.37516066431999207,False,5.76187941740088,0.002835839753970504,False,SEASPAN SWIFT,Cargo-20171215-214529-110,False,Cargo/110.wav,Cargo
class_vessel_balanced_sampling,small_cnn,cargo-110-000195000ms,Cargo/110.wav,Cargo,0,seaspan swift,train,195.0,200.0,2,Tanker,0.37535932660102844,0.13223694264888763,0.4781590402126312,0.014244687743484974,0.4781590402126312,0.37535932660102844,False,5.272418658904607,0.002219997113570571,False,SEASPAN SWIFT,Cargo-20171215-214529-110,True,Cargo/110.wav,Cargo
class_vessel_balanced_sampling,small_cnn,cargo-27-000000000ms,Cargo/27.wav,Cargo,0,seaspan reliant,train,0.0,5.0,0,Cargo,0.4218811094760895,0.189243346452713,0.29153722524642944,0.09733830392360687,0.4218811094760895,0.4218811094760895,True,8.10544138298338,0.0051395948976278305,False,SEASPAN RELIANT,Cargo-20171118-055532-27,True,Cargo/27.wav,Cargo
class_vessel_balanced_sampling,small_cnn,cargo-27-000005000ms,Cargo/27.wav,Cargo,0,seaspan reliant,train,5.0,10.0,0,Cargo,0.4367924630641937,0.19780859351158142,0.28504544496536255,0.08035345375537872,0.4367924630641937,0.4367924630641937,True,7.454807927265536,0.005322941113263369,False,SEASPAN RELIANT,Cargo-20171118-055532-27,False,Cargo/27.wav,Cargo
class_vessel_balanced_sampling,small_cnn,cargo-27-000010000ms,Cargo/27.wav,Cargo,0,seaspan reliant,train,10.0,15.0,0,Cargo,0.4131241738796234,0.18657658994197845,0.2957177460193634,0.10458148270845413,0.4131241738796234,0.4131241738796234,True,8.400941511793231,0.005348518490791321,False,SEASPAN RELIANT,Cargo-20171118-055532-27,False,Cargo/27.wav,Cargo
class_vessel_balanced_sampling,small_cnn,cargo-27-000015000ms,Cargo/27.wav,Cargo,0,seaspan reliant,train,15.0,20.0,0,Cargo,0.3909943997859955,0.18682833015918732,0.2885727882385254,0.133604496717453,0.3909943997859955,0.3909943997859955,True,9.46761093581065,0.005302867386490107,False,SEASPAN RELIANT,Cargo-20171118-055532-27,False,Cargo/27.wav,Cargo
class_vessel_balanced_sampling,small_cnn,cargo-27-000020000ms,Cargo/27.wav,Cargo,0,seaspan reliant,train,20.0,25.0,0,Cargo,0.3763313591480255,0.18330076336860657,0.2881530225276947,0.1522148698568344,0.3763313591480255,0.3763313591480255,True,9.941753856432928,0.005035678390413523,False,SEASPAN RELIANT,Cargo-20171118-055532-27,False,Cargo/27.wav,Cargo
class_vessel_balanced_sampling,small_cnn,cargo-27-000025000ms,Cargo/27.wav,Cargo,0,seaspan reliant,train,25.0,30.0,0,Cargo,0.3386266231536865,0.16169652342796326,0.2855665981769562,0.21411019563674927,0.3386266231536865,0.3386266231536865,True,11.547900042876922,0.004788809455931187,False,SEASPAN RELIANT,Cargo-20171118-055532-27,False,Cargo/27.wav,Cargo
class_vessel_balanced_sampling,small_cnn,cargo-27-000030000ms,Cargo/27.wav,Cargo,0,seaspan reliant,train,30.0,35.0,0,Cargo,0.3738584518432617,0.20734502375125885,0.2737271785736084,0.1450694054365158,0.3738584518432617,0.3738584518432617,True,9.722412011701072,0.004442640580236912,False,SEASPAN RELIANT,Cargo-20171118-055532-27,False,Cargo/27.wav,Cargo
class_vessel_balanced_sampling,small_cnn,cargo-27-000035000ms,Cargo/27.wav,Cargo,0,seaspan reliant,train,35.0,40.0,0,Cargo,0.385855495929718,0.1967734396457672,0.2929963171482086,0.12437476962804794,0.385855495929718,0.385855495929718,True,8.711398126912771,0.004320328589528799,False,SEASPAN RELIANT,Cargo-20171118-055532-27,False,Cargo/27.wav,Cargo
class_vessel_balanced_sampling,small_cnn,cargo-27-000040000ms,Cargo/27.wav,Cargo,0,seaspan reliant,train,40.0,45.0,0,Cargo,0.37736526131629944,0.1820572167634964,0.28317996859550476,0.1573975533246994,0.37736526131629944,0.37736526131629944,True,9.901085597944336,0.004182901233434677,False,SEASPAN RELIANT,Cargo-20171118-055532-27,False,Cargo/27.wav,Cargo
class_vessel_balanced_sampling,small_cnn,cargo-27-000045000ms,Cargo/27.wav,Cargo,0,seaspan reliant,train,45.0,50.0,0,Cargo,0.36365485191345215,0.17139682173728943,0.2859800159931183,0.17896831035614014,0.36365485191345215,0.36365485191345215,True,10.518128103639931,0.0040647066198289394,False,SEASPAN RELIANT,Cargo-20171118-055532-27,False,Cargo/27.wav,Cargo
class_vessel_balanced_sampling,small_cnn,cargo-27-000050000ms,Cargo/27.wav,Cargo,0,seaspan reliant,train,50.0,55.0,0,Cargo,0.31449028849601746,0.15006545186042786,0.2836452126502991,0.2517991364002228,0.31449028849601746,0.31449028849601746,True,12.266328036159615,0.003941795788705349,False,SEASPAN RELIANT,Cargo-20171118-055532-27,False,Cargo/27.wav,Cargo
class_vessel_balanced_sampling,small_cnn,cargo-27-000055000ms,Cargo/27.wav,Cargo,0,seaspan reliant,train,55.0,60.0,0,Cargo,0.32740288972854614,0.15760283172130585,0.2838704288005829,0.23112386465072632,0.32740288972854614,0.32740288972854614,True,11.825773497972772,0.0037928784731775522,False,SEASPAN RELIANT,Cargo-20171118-055532-27,False,Cargo/27.wav,Cargo
class_vessel_balanced_sampling,small_cnn,cargo-27-000060000ms,Cargo/27.wav,Cargo,0,seaspan reliant,train,60.0,65.0,3,Tug,0.2853327989578247,0.1341894119977951,0.2726553678512573,0.30782243609428406,0.30782243609428406,0.2853327989578247,False,13.470590608459636,0.0035799352917820215,False,SEASPAN RELIANT,Cargo-20171118-055532-27,False,Cargo/27.wav,Cargo
class_vessel_balanced_sampling,small_cnn,cargo-27-000065000ms,Cargo/27.wav,Cargo,0,seaspan reliant,train,65.0,70.0,0,Cargo,0.35422956943511963,0.1817988157272339,0.28351664543151855,0.18045495450496674,0.35422956943511963,0.35422956943511963,True,10.665886819269383,0.0032729317899793386,False,SEASPAN RELIANT,Cargo-20171118-055532-27,False,Cargo/27.wav,Cargo
class_vessel_balanced_sampling,small_cnn,cargo-27-000070000ms,Cargo/27.wav,Cargo,0,seaspan reliant,train,70.0,75.0,0,Cargo,0.3660086691379547,0.2161647528409958,0.2717323899269104,0.14609426259994507,0.3660086691379547,0.3660086691379547,True,9.688654346623311,0.0031032199040055275,False,SEASPAN RELIANT,Cargo-20171118-055532-27,False,Cargo/27.wav,Cargo
class_vessel_balanced_sampling,small_cnn,cargo-27-000075000ms,Cargo/27.wav,Cargo,0,seaspan reliant,train,75.0,80.0,0,Cargo,0.40895017981529236,0.29436877369880676,0.24267706274986267,0.05400395393371582,0.40895017981529236,0.40895017981529236,True,6.3187507465023645,0.0028784179594367743,False,SEASPAN RELIANT,Cargo-20171118-055532-27,False,Cargo/27.wav,Cargo
class_vessel_balanced_sampling,small_cnn,cargo-27-000080000ms,Cargo/27.wav,Cargo,0,seaspan reliant,train,80.0,85.0,0,Cargo,0.4090476334095001,0.27921852469444275,0.25310999155044556,0.05862386152148247,0.4090476334095001,0.4090476334095001,True,6.563771811526009,0.002519601956009865,False,SEASPAN RELIANT,Cargo-20171118-055532-27,False,Cargo/27.wav,Cargo
class_vessel_balanced_sampling,small_cnn,cargo-27-000085000ms,Cargo/27.wav,Cargo,0,seaspan reliant,train,85.0,90.0,0,Cargo,0.43236079812049866,0.2849317193031311,0.24968387186527252,0.0330236479640007,0.43236079812049866,0.43236079812049866,True,4.42398556898417,0.0024120600428432226,False,SEASPAN RELIANT,Cargo-20171118-055532-27,False,Cargo/27.wav,Cargo
class_vessel_balanced_sampling,small_cnn,cargo-27-000090000ms,Cargo/27.wav,Cargo,0,seaspan reliant,train,90.0,95.0,0,Cargo,0.4197310209274292,0.3154214322566986,0.23559148609638214,0.029256097972393036,0.4197310209274292,0.4197310209274292,True,4.646652805516811,0.002206808188930154,False,SEASPAN RELIANT,Cargo-20171118-055532-27,False,Cargo/27.wav,Cargo
class_vessel_balanced_sampling,small_cnn,cargo-27-000095000ms,Cargo/27.wav,Cargo,0,seaspan reliant,train,95.0,100.0,0,Cargo,0.41767752170562744,0.3122645616531372,0.2452959567308426,0.024761905893683434,0.41767752170562744,0.41767752170562744,True,4.09706104150243,0.0018687226111069322,False,SEASPAN RELIANT,Cargo-20171118-055532-27,False,Cargo/27.wav,Cargo
class_vessel_balanced_sampling,small_cnn,cargo-27-000100000ms,Cargo/27.wav,Cargo,0,seaspan reliant,train,100.0,105.0,0,Cargo,0.4206258952617645,0.30538150668144226,0.2522478699684143,0.021744659170508385,0.4206258952617645,0.4206258952617645,True,3.6680019930114294,0.0018715807236731052,False,SEASPAN RELIANT,Cargo-20171118-055532-27,False,Cargo/27.wav,Cargo
class_vessel_balanced_sampling,small_cnn,cargo-27-000105000ms,Cargo/27.wav,Cargo,0,seaspan reliant,train,105.0,110.0,0,Cargo,0.42475754022598267,0.3045235276222229,0.2522154748439789,0.018503522500395775,0.42475754022598267,0.42475754022598267,True,3.881101792824185,0.0020380683708935976,False,SEASPAN RELIANT,Cargo-20171118-055532-27,False,Cargo/27.wav,Cargo
class_vessel_balanced_sampling,small_cnn,cargo-27-000110000ms,Cargo/27.wav,Cargo,0,seaspan reliant,train,110.0,115.0,0,Cargo,0.412065714597702,0.3420208692550659,0.2258979231119156,0.020015479996800423,0.412065714597702,0.412065714597702,True,5.2832761183545385,0.0019727847538888454,False,SEASPAN RELIANT,Cargo-20171118-055532-27,False,Cargo/27.wav,Cargo
class_vessel_balanced_sampling,small_cnn,cargo-27-000115000ms,Cargo/27.wav,Cargo,0,seaspan reliant,train,115.0,120.0,0,Cargo,0.4056534767150879,0.344485342502594,0.22931000590324402,0.02055121399462223,0.4056534767150879,0.4056534767150879,True,5.167889224088756,0.0019377610879018903,False,SEASPAN RELIANT,Cargo-20171118-055532-27,False,Cargo/27.wav,Cargo
class_vessel_balanced_sampling,small_cnn,cargo-27-000120000ms,Cargo/27.wav,Cargo,0,seaspan reliant,train,120.0,125.0,0,Cargo,0.41526105999946594,0.32165470719337463,0.24178926646709442,0.021295009180903435,0.41526105999946594,0.41526105999946594,True,4.292653081333154,0.00176936702337116,False,SEASPAN RELIANT,Cargo-20171118-055532-27,False,Cargo/27.wav,Cargo
class_vessel_balanced_sampling,small_cnn,cargo-27-000125000ms,Cargo/27.wav,Cargo,0,seaspan reliant,train,125.0,130.0,0,Cargo,0.4248732924461365,0.317961186170578,0.23567311465740204,0.02149246819317341,0.4248732924461365,0.4248732924461365,True,4.456256241167577,0.0017017873469740152,False,SEASPAN RELIANT,Cargo-20171118-055532-27,False,Cargo/27.wav,Cargo
class_vessel_balanced_sampling,small_cnn,cargo-27-000130000ms,Cargo/27.wav,Cargo,0,seaspan reliant,train,130.0,135.0,0,Cargo,0.4251580536365509,0.3052787482738495,0.2436365783214569,0.025926664471626282,0.4251580536365509,0.4251580536365509,True,4.248425326983415,0.0016030750703066587,False,SEASPAN RELIANT,Cargo-20171118-055532-27,False,Cargo/27.wav,Cargo
class_vessel_balanced_sampling,small_cnn,cargo-27-000135000ms,Cargo/27.wav,Cargo,0,seaspan reliant,train,135.0,140.0,0,Cargo,0.4068344831466675,0.3269166052341461,0.23595543205738068,0.03029351681470871,0.4068344831466675,0.4068344831466675,True,4.900242907167152,0.001603779150173068,False,SEASPAN RELIANT,Cargo-20171118-055532-27,False,Cargo/27.wav,Cargo
class_vessel_balanced_sampling,small_cnn,cargo-27-000140000ms,Cargo/27.wav,Cargo,0,seaspan reliant,train,140.0,145.0,0,Cargo,0.40303122997283936,0.2845252752304077,0.2747344970703125,0.03770908713340759,0.40303122997283936,0.40303122997283936,True,4.153929473641379,0.0016682425048202276,False,SEASPAN RELIANT,Cargo-20171118-055532-27,False,Cargo/27.wav,Cargo
class_vessel_balanced_sampling,small_cnn,cargo-27-000145000ms,Cargo/27.wav,Cargo,0,seaspan reliant,train,145.0,150.0,0,Cargo,0.41476970911026,0.26897290349006653,0.2604585289955139,0.05579880625009537,0.41476970911026,0.41476970911026,True,6.040212971783019,0.0014928750460967422,False,SEASPAN RELIANT,Cargo-20171118-055532-27,False,Cargo/27.wav,Cargo
class_vessel_balanced_sampling,small_cnn,cargo-27-000150000ms,Cargo/27.wav,Cargo,0,seaspan reliant,train,150.0,155.0,0,Cargo,0.4229653775691986,0.28159835934638977,0.258257657289505,0.037178557366132736,0.4229653775691986,0.4229653775691986,True,4.709714507467483,0.0015647697728127241,False,SEASPAN RELIANT,Cargo-20171118-055532-27,False,Cargo/27.wav,Cargo
class_vessel_balanced_sampling,small_cnn,cargo-27-000155000ms,Cargo/27.wav,Cargo,0,seaspan reliant,train,155.0,160.0,0,Cargo,0.42367956042289734,0.2993171811103821,0.2388317883014679,0.03817145526409149,0.42367956042289734,0.42367956042289734,True,5.1168821344268265,0.0017852631863206625,False,SEASPAN RELIANT,Cargo-20171118-055532-27,False,Cargo/27.wav,Cargo
class_vessel_balanced_sampling,small_cnn,cargo-27-000160000ms,Cargo/27.wav,Cargo,0,seaspan reliant,train,160.0,165.0,0,Cargo,0.43478843569755554,0.2529537081718445,0.2716127038002014,0.04064512625336647,0.43478843569755554,0.43478843569755554,True,4.642216567542426,0.0017428022110834718,False,SEASPAN RELIANT,Cargo-20171118-055532-27,False,Cargo/27.wav,Cargo
class_vessel_balanced_sampling,small_cnn,cargo-27-000165000ms,Cargo/27.wav,Cargo,0,seaspan reliant,train,165.0,170.0,0,Cargo,0.4384761452674866,0.29144200682640076,0.23443172872066498,0.035650160163640976,0.4384761452674866,0.4384761452674866,True,5.140527454627312,0.00179971510078758,False,SEASPAN RELIANT,Cargo-20171118-055532-27,False,Cargo/27.wav,Cargo
class_vessel_balanced_sampling,small_cnn,cargo-27-000170000ms,Cargo/27.wav,Cargo,0,seaspan reliant,train,170.0,175.0,0,Cargo,0.4040156304836273,0.32436612248420715,0.22979649901390076,0.04182176664471626,0.4040156304836273,0.4040156304836273,True,5.969633305523099,0.0020335549488663673,False,SEASPAN RELIANT,Cargo-20171118-055532-27,False,Cargo/27.wav,Cargo
class_vessel_balanced_sampling,small_cnn,cargo-27-000175000ms,Cargo/27.wav,Cargo,0,seaspan reliant,train,175.0,180.0,0,Cargo,0.3979739546775818,0.29076847434043884,0.24145865440368652,0.06979889422655106,0.3979739546775818,0.3979739546775818,True,7.279557988806421,0.0017757212044671178,False,SEASPAN RELIANT,Cargo-20171118-055532-27,False,Cargo/27.wav,Cargo
class_vessel_balanced_sampling,small_cnn,cargo-27-000180000ms,Cargo/27.wav,Cargo,0,seaspan reliant,train,180.0,185.0,0,Cargo,0.43856287002563477,0.2470785230398178,0.2565554082393646,0.05780309438705444,0.43856287002563477,0.43856287002563477,True,6.3482353233314965,0.0015164774376899004,False,SEASPAN RELIANT,Cargo-20171118-055532-27,False,Cargo/27.wav,Cargo
class_vessel_balanced_sampling,small_cnn,cargo-27-000185000ms,Cargo/27.wav,Cargo,0,seaspan reliant,train,185.0,190.0,0,Cargo,0.41004204750061035,0.24151432514190674,0.27154120802879333,0.07690248638391495,0.41004204750061035,0.41004204750061035,True,6.941050841139564,0.0015437932452186942,False,SEASPAN RELIANT,Cargo-20171118-055532-27,False,Cargo/27.wav,Cargo
class_vessel_balanced_sampling,small_cnn,cargo-27-000190000ms,Cargo/27.wav,Cargo,0,seaspan reliant,train,190.0,195.0,0,Cargo,0.40790513157844543,0.26602596044540405,0.26760685443878174,0.058462079614400864,0.40790513157844543,0.40790513157844543,True,5.752844093237555,0.001679520239122212,False,SEASPAN RELIANT,Cargo-20171118-055532-27,True,Cargo/27.wav,Cargo
class_vessel_balanced_sampling,small_cnn,cargo-38-000000000ms,Cargo/38.wav,Cargo,0,aries leader,train,0.0,5.0,2,Tanker,0.3387407958507538,0.20939794182777405,0.3505050539970398,0.1013561487197876,0.3505050539970398,0.3387407958507538,False,7.619038089641307,0.010114084929227829,False,ARIES LEADER,Cargo-20171123-004508-38,True,Cargo/38.wav,Cargo
class_vessel_balanced_sampling,small_cnn,cargo-38-000005000ms,Cargo/38.wav,Cargo,0,aries leader,train,5.0,10.0,2,Tanker,0.3308870792388916,0.1960494965314865,0.33730238676071167,0.13576096296310425,0.33730238676071167,0.3308870792388916,False,8.807817017376484,0.007620855234563351,False,ARIES LEADER,Cargo-20171123-004508-38,False,Cargo/38.wav,Cargo
class_vessel_balanced_sampling,small_cnn,cargo-38-000010000ms,Cargo/38.wav,Cargo,0,aries leader,train,10.0,15.0,2,Tanker,0.3384860157966614,0.18921278417110443,0.3437005877494812,0.12860062718391418,0.3437005877494812,0.3384860157966614,False,8.751393623610408,0.011336187832057476,False,ARIES LEADER,Cargo-20171123-004508-38,False,Cargo/38.wav,Cargo
class_vessel_balanced_sampling,small_cnn,cargo-38-000015000ms,Cargo/38.wav,Cargo,0,aries leader,train,15.0,20.0,2,Tanker,0.33033037185668945,0.19124282896518707,0.3596668541431427,0.11875996738672256,0.3596668541431427,0.33033037185668945,False,8.248116888580297,0.010897855274379253,False,ARIES LEADER,Cargo-20171123-004508-38,False,Cargo/38.wav,Cargo
class_vessel_balanced_sampling,small_cnn,cargo-38-000020000ms,Cargo/38.wav,Cargo,0,aries leader,train,20.0,25.0,0,Cargo,0.35571736097335815,0.2247888743877411,0.34365740418434143,0.07583639025688171,0.35571736097335815,0.35571736097335815,True,6.582297540965654,0.010505287908017635,False,ARIES LEADER,Cargo-20171123-004508-38,False,Cargo/38.wav,Cargo
class_vessel_balanced_sampling,small_cnn,cargo-38-000025000ms,Cargo/38.wav,Cargo,0,aries leader,train,25.0,30.0,0,Cargo,0.3611070513725281,0.2494003027677536,0.3208780586719513,0.06861457973718643,0.3611070513725281,0.3611070513725281,True,5.870443189623761,0.008677968755364418,False,ARIES LEADER,Cargo-20171123-004508-38,False,Cargo/38.wav,Cargo
class_vessel_balanced_sampling,small_cnn,cargo-38-000030000ms,Cargo/38.wav,Cargo,0,aries leader,train,30.0,35.0,0,Cargo,0.36373332142829895,0.23537364602088928,0.33072030544281006,0.07017271965742111,0.36373332142829895,0.36373332142829895,True,6.1160019467302895,0.008772333152592182,False,ARIES LEADER,Cargo-20171123-004508-38,False,Cargo/38.wav,Cargo
class_vessel_balanced_sampling,small_cnn,cargo-38-000035000ms,Cargo/38.wav,Cargo,0,aries leader,train,35.0,40.0,0,Cargo,0.3695563077926636,0.2310008704662323,0.33556845784187317,0.06387437880039215,0.3695563077926636,0.3695563077926636,True,5.85503867453688,0.012282595969736576,False,ARIES LEADER,Cargo-20171123-004508-38,False,Cargo/38.wav,Cargo
class_vessel_balanced_sampling,small_cnn,cargo-38-000040000ms,Cargo/38.wav,Cargo,0,aries leader,train,40.0,45.0,0,Cargo,0.38128799200057983,0.25692930817604065,0.32318314909935,0.03859953582286835,0.38128799200057983,0.38128799200057983,True,3.6825214431920426,0.011267862282693386,False,ARIES LEADER,Cargo-20171123-004508-38,False,Cargo/38.wav,Cargo
class_vessel_balanced_sampling,small_cnn,cargo-38-000045000ms,Cargo/38.wav,Cargo,0,aries leader,train,45.0,50.0,0,Cargo,0.357573926448822,0.2421294003725052,0.328570157289505,0.071726493537426,0.357573926448822,0.357573926448822,True,6.224621333233254,0.00926489382982254,False,ARIES LEADER,Cargo-20171123-004508-38,False,Cargo/38.wav,Cargo
class_vessel_balanced_sampling,small_cnn,cargo-38-000050000ms,Cargo/38.wav,Cargo,0,aries leader,train,50.0,55.0,0,Cargo,0.34846508502960205,0.21176905930042267,0.3414217531681061,0.09834416955709457,0.34846508502960205,0.34846508502960205,True,7.761044284492141,0.0077096871100366116,False,ARIES LEADER,Cargo-20171123-004508-38,False,Cargo/38.wav,Cargo
class_vessel_balanced_sampling,small_cnn,cargo-38-000055000ms,Cargo/38.wav,Cargo,0,aries leader,train,55.0,60.0,0,Cargo,0.36071446537971497,0.20406927168369293,0.35297921299934387,0.08223706483840942,0.36071446537971497,0.36071446537971497,True,6.961481767182802,0.008526420220732689,False,ARIES LEADER,Cargo-20171123-004508-38,False,Cargo/38.wav,Cargo
class_vessel_balanced_sampling,small_cnn,cargo-38-000060000ms,Cargo/38.wav,Cargo,0,aries leader,train,60.0,65.0,0,Cargo,0.37140366435050964,0.2256276160478592,0.34662318229675293,0.056345563381910324,0.37140366435050964,0.37140366435050964,True,5.582111914664858,0.009126237593591213,False,ARIES LEADER,Cargo-20171123-004508-38,False,Cargo/38.wav,Cargo
class_vessel_balanced_sampling,small_cnn,cargo-38-000065000ms,Cargo/38.wav,Cargo,0,aries leader,train,65.0,70.0,2,Tanker,0.36660975217819214,0.21357661485671997,0.36782950162887573,0.051984112709760666,0.36782950162887573,0.36660975217819214,False,4.65269993607633,0.00798027403652668,False,ARIES LEADER,Cargo-20171123-004508-38,False,Cargo/38.wav,Cargo
class_vessel_balanced_sampling,small_cnn,cargo-38-000070000ms,Cargo/38.wav,Cargo,0,aries leader,train,70.0,75.0,2,Tanker,0.3583090901374817,0.2257300168275833,0.36325907707214355,0.05270182341337204,0.36325907707214355,0.3583090901374817,False,4.493449950399276,0.010401715524494648,False,ARIES LEADER,Cargo-20171123-004508-38,False,Cargo/38.wav,Cargo
class_vessel_balanced_sampling,small_cnn,cargo-38-000075000ms,Cargo/38.wav,Cargo,0,aries leader,train,75.0,80.0,0,Cargo,0.35747796297073364,0.22774627804756165,0.35419994592666626,0.06057583540678024,0.35747796297073364,0.35747796297073364,True,5.393158130717883,0.006861536297947168,False,ARIES LEADER,Cargo-20171123-004508-38,False,Cargo/38.wav,Cargo
class_vessel_balanced_sampling,small_cnn,cargo-38-000080000ms,Cargo/38.wav,Cargo,0,aries leader,train,80.0,85.0,0,Cargo,0.3634951114654541,0.22630144655704498,0.3630981147289276,0.04710528999567032,0.3634951114654541,0.3634951114654541,True,4.350958375755513,0.006795853842049837,False,ARIES LEADER,Cargo-20171123-004508-38,False,Cargo/38.wav,Cargo
class_vessel_balanced_sampling,small_cnn,cargo-38-000085000ms,Cargo/38.wav,Cargo,0,aries leader,train,85.0,90.0,2,Tanker,0.3526216447353363,0.20985828340053558,0.3809702396392822,0.05654988810420036,0.3809702396392822,0.3526216447353363,False,4.589162389265671,0.007782043423503637,False,ARIES LEADER,Cargo-20171123-004508-38,False,Cargo/38.wav,Cargo
class_vessel_balanced_sampling,small_cnn,cargo-38-000090000ms,Cargo/38.wav,Cargo,0,aries leader,train,90.0,95.0,2,Tanker,0.3511016368865967,0.22073720395565033,0.3710687756538391,0.0570923313498497,0.3710687756538391,0.3511016368865967,False,4.952277224602783,0.007769753225147724,False,ARIES LEADER,Cargo-20171123-004508-38,False,Cargo/38.wav,Cargo
class_vessel_balanced_sampling,small_cnn,cargo-38-000095000ms,Cargo/38.wav,Cargo,0,aries leader,train,95.0,100.0,2,Tanker,0.36366939544677734,0.20955553650856018,0.3856067955493927,0.04116828739643097,0.3856067955493927,0.36366939544677734,False,3.5198840384111314,0.007999023422598839,False,ARIES LEADER,Cargo-20171123-004508-38,False,Cargo/38.wav,Cargo
class_vessel_balanced_sampling,small_cnn,cargo-38-000100000ms,Cargo/38.wav,Cargo,0,aries leader,train,100.0,105.0,2,Tanker,0.3598099648952484,0.2416534274816513,0.36847177147865295,0.030064839869737625,0.36847177147865295,0.3598099648952484,False,2.840862208513567,0.010746062733232975,False,ARIES LEADER,Cargo-20171123-004508-38,False,Cargo/38.wav,Cargo
class_vessel_balanced_sampling,small_cnn,cargo-38-000105000ms,Cargo/38.wav,Cargo,0,aries leader,train,105.0,110.0,0,Cargo,0.37161922454833984,0.25513792037963867,0.3449482321739197,0.028294637799263,0.37161922454833984,0.37161922454833984,True,2.8674667188920706,0.010738084092736244,False,ARIES LEADER,Cargo-20171123-004508-38,False,Cargo/38.wav,Cargo
class_vessel_balanced_sampling,small_cnn,cargo-38-000110000ms,Cargo/38.wav,Cargo,0,aries leader,train,110.0,115.0,0,Cargo,0.3752550482749939,0.2496773898601532,0.3484424650669098,0.026625150814652443,0.3752550482749939,0.3752550482749939,True,2.4376948710582984,0.010670248419046402,False,ARIES LEADER,Cargo-20171123-004508-38,False,Cargo/38.wav,Cargo
class_vessel_balanced_sampling,small_cnn,cargo-38-000115000ms,Cargo/38.wav,Cargo,0,aries leader,train,115.0,120.0,0,Cargo,0.38360270857810974,0.2592967748641968,0.33307552337646484,0.024024944752454758,0.38360270857810974,0.38360270857810974,True,2.1990506757075843,0.010138265788555145,False,ARIES LEADER,Cargo-20171123-004508-38,False,Cargo/38.wav,Cargo
class_vessel_balanced_sampling,small_cnn,cargo-38-000120000ms,Cargo/38.wav,Cargo,0,aries leader,train,120.0,125.0,0,Cargo,0.38350456953048706,0.23105056583881378,0.3573760688304901,0.028068777173757553,0.38350456953048706,0.38350456953048706,True,2.4756581123531176,0.00825553946197033,False,ARIES LEADER,Cargo-20171123-004508-38,False,Cargo/38.wav,Cargo
class_vessel_balanced_sampling,small_cnn,cargo-38-000125000ms,Cargo/38.wav,Cargo,0,aries leader,train,125.0,130.0,0,Cargo,0.38971900939941406,0.25184303522109985,0.3352586030960083,0.02317935787141323,0.38971900939941406,0.38971900939941406,True,2.2734284408767844,0.009148092940449715,False,ARIES LEADER,Cargo-20171123-004508-38,False,Cargo/38.wav,Cargo
class_vessel_balanced_sampling,small_cnn,cargo-38-000130000ms,Cargo/38.wav,Cargo,0,aries leader,train,130.0,135.0,0,Cargo,0.38667842745780945,0.21613866090774536,0.3740465044975281,0.0231364406645298,0.38667842745780945,0.38667842745780945,True,2.5024828848050125,0.014347129501402378,False,ARIES LEADER,Cargo-20171123-004508-38,False,Cargo/38.wav,Cargo
class_vessel_balanced_sampling,small_cnn,cargo-38-000135000ms,Cargo/38.wav,Cargo,0,aries leader,train,135.0,140.0,0,Cargo,0.388036847114563,0.2277415543794632,0.36021503806114197,0.024006517603993416,0.388036847114563,0.388036847114563,True,2.390259266066835,0.01850409246981144,False,ARIES LEADER,Cargo-20171123-004508-38,False,Cargo/38.wav,Cargo
class_vessel_balanced_sampling,small_cnn,cargo-38-000140000ms,Cargo/38.wav,Cargo,0,aries leader,train,140.0,145.0,0,Cargo,0.40030643343925476,0.22537104785442352,0.3527815043926239,0.02154100500047207,0.40030643343925476,0.40030643343925476,True,2.1465909578093547,0.015855928882956505,False,ARIES LEADER,Cargo-20171123-004508-38,False,Cargo/38.wav,Cargo
class_vessel_balanced_sampling,small_cnn,cargo-38-000145000ms,Cargo/38.wav,Cargo,0,aries leader,train,145.0,150.0,0,Cargo,0.3921525478363037,0.22564375400543213,0.3598954677581787,0.022308247163891792,0.3921525478363037,0.3921525478363037,True,2.220783090686299,0.013205241411924362,False,ARIES LEADER,Cargo-20171123-004508-38,False,Cargo/38.wav,Cargo
class_vessel_balanced_sampling,small_cnn,cargo-38-000150000ms,Cargo/38.wav,Cargo,0,aries leader,train,150.0,155.0,0,Cargo,0.39010682702064514,0.24447880685329437,0.33890771865844727,0.02650666981935501,0.39010682702064514,0.39010682702064514,True,2.6424335769825666,0.00968223251402378,False,ARIES LEADER,Cargo-20171123-004508-38,False,Cargo/38.wav,Cargo
class_vessel_balanced_sampling,small_cnn,cargo-38-000155000ms,Cargo/38.wav,Cargo,0,aries leader,train,155.0,160.0,0,Cargo,0.3944898843765259,0.2187158316373825,0.365240216255188,0.021554021164774895,0.3944898843765259,0.3944898843765259,True,2.2077590038592962,0.012628396973013878,False,ARIES LEADER,Cargo-20171123-004508-38,False,Cargo/38.wav,Cargo
class_vessel_balanced_sampling,small_cnn,cargo-38-000160000ms,Cargo/38.wav,Cargo,0,aries leader,train,160.0,165.0,0,Cargo,0.3944127857685089,0.22417110204696655,0.3603193163871765,0.021096711978316307,0.3944127857685089,0.3944127857685089,True,2.120483928243293,0.010979795828461647,False,ARIES LEADER,Cargo-20171123-004508-38,False,Cargo/38.wav,Cargo
class_vessel_balanced_sampling,small_cnn,cargo-38-000165000ms,Cargo/38.wav,Cargo,0,aries leader,train,165.0,170.0,0,Cargo,0.39091160893440247,0.21381373703479767,0.36856383085250854,0.026710806414484978,0.39091160893440247,0.39091160893440247,True,2.9888206150742467,0.010307147167623043,False,ARIES LEADER,Cargo-20171123-004508-38,False,Cargo/38.wav,Cargo
class_vessel_balanced_sampling,small_cnn,cargo-38-000170000ms,Cargo/38.wav,Cargo,0,aries leader,train,170.0,175.0,0,Cargo,0.38317006826400757,0.20509210228919983,0.37435901165008545,0.03737887367606163,0.38317006826400757,0.38317006826400757,True,4.2320484065223045,0.01118448656052351,False,ARIES LEADER,Cargo-20171123-004508-38,False,Cargo/38.wav,Cargo
class_vessel_balanced_sampling,small_cnn,cargo-38-000175000ms,Cargo/38.wav,Cargo,0,aries leader,train,175.0,180.0,0,Cargo,0.3891890048980713,0.2321522831916809,0.346543550491333,0.032115161418914795,0.3891890048980713,0.3891890048980713,True,2.793928737550598,0.016125766560435295,False,ARIES LEADER,Cargo-20171123-004508-38,False,Cargo/38.wav,Cargo
class_vessel_balanced_sampling,small_cnn,cargo-38-000180000ms,Cargo/38.wav,Cargo,0,aries leader,train,180.0,185.0,2,Tanker,0.3646159768104553,0.20798005163669586,0.3679772913455963,0.059426695108413696,0.3679772913455963,0.3646159768104553,False,5.101562626590588,0.016085483133792877,False,ARIES LEADER,Cargo-20171123-004508-38,False,Cargo/38.wav,Cargo
class_vessel_balanced_sampling,small_cnn,cargo-38-000185000ms,Cargo/38.wav,Cargo,0,aries leader,train,185.0,190.0,0,Cargo,0.36694031953811646,0.21250440180301666,0.3656601905822754,0.054895129054784775,0.36694031953811646,0.36694031953811646,True,5.488563652252477,0.016108427196741104,False,ARIES LEADER,Cargo-20171123-004508-38,False,Cargo/38.wav,Cargo
class_vessel_balanced_sampling,small_cnn,cargo-38-000190000ms,Cargo/38.wav,Cargo,0,aries leader,train,190.0,195.0,0,Cargo,0.37994760274887085,0.23524799942970276,0.34710538387298584,0.03769906237721443,0.37994760274887085,0.37994760274887085,True,3.539822153514963,0.014402380213141441,False,ARIES LEADER,Cargo-20171123-004508-38,True,Cargo/38.wav,Cargo
class_vessel_balanced_sampling,small_cnn,cargo-41-000000000ms,Cargo/41.wav,Cargo,0,princess superior,train,0.0,5.0,0,Cargo,0.39118412137031555,0.20138642191886902,0.27641430497169495,0.1310151368379593,0.39118412137031555,0.39118412137031555,True,9.515134701644747,0.0037089218385517597,False,PRINCESS SUPERIOR,Cargo-20171124-134001-41,True,Cargo/41.wav,Cargo
class_vessel_balanced_sampling,small_cnn,cargo-41-000005000ms,Cargo/41.wav,Cargo,0,princess superior,train,5.0,10.0,0,Cargo,0.3876296877861023,0.22738200426101685,0.2651606500148773,0.11982767283916473,0.3876296877861023,0.3876296877861023,True,9.024752624403035,0.004100608639419079,False,PRINCESS SUPERIOR,Cargo-20171124-134001-41,False,Cargo/41.wav,Cargo
class_vessel_balanced_sampling,small_cnn,cargo-41-000010000ms,Cargo/41.wav,Cargo,0,princess superior,train,10.0,15.0,0,Cargo,0.42088302969932556,0.22942528128623962,0.27274468541145325,0.07694697380065918,0.42088302969932556,0.42088302969932556,True,7.164794094075952,0.003928227815777063,False,PRINCESS SUPERIOR,Cargo-20171124-134001-41,False,Cargo/41.wav,Cargo
class_vessel_balanced_sampling,small_cnn,cargo-41-000015000ms,Cargo/41.wav,Cargo,0,princess superior,train,15.0,20.0,0,Cargo,0.42678600549697876,0.2112138271331787,0.28480350971221924,0.0771966278553009,0.42678600549697876,0.42678600549697876,True,7.257789009588496,0.0036660628393292427,False,PRINCESS SUPERIOR,Cargo-20171124-134001-41,False,Cargo/41.wav,Cargo
class_vessel_balanced_sampling,small_cnn,cargo-41-000020000ms,Cargo/41.wav,Cargo,0,princess superior,train,20.0,25.0,0,Cargo,0.4339618384838104,0.22780998051166534,0.268533319234848,0.069694884121418,0.4339618384838104,0.4339618384838104,True,6.87950942250468,0.003822237951681018,False,PRINCESS SUPERIOR,Cargo-20171124-134001-41,False,Cargo/41.wav,Cargo
class_vessel_balanced_sampling,small_cnn,cargo-41-000025000ms,Cargo/41.wav,Cargo,0,princess superior,train,25.0,30.0,0,Cargo,0.43048420548439026,0.21508578956127167,0.2808452844619751,0.07358469814062119,0.43048420548439026,0.43048420548439026,True,7.2092525702160755,0.0036795535124838352,False,PRINCESS SUPERIOR,Cargo-20171124-134001-41,False,Cargo/41.wav,Cargo
class_vessel_balanced_sampling,small_cnn,cargo-41-000030000ms,Cargo/41.wav,Cargo,0,princess superior,train,30.0,35.0,0,Cargo,0.43554019927978516,0.21456263959407806,0.28220614790916443,0.06769101321697235,0.43554019927978516,0.43554019927978516,True,6.535876076863589,0.0037501566112041473,False,PRINCESS SUPERIOR,Cargo-20171124-134001-41,False,Cargo/41.wav,Cargo
class_vessel_balanced_sampling,small_cnn,cargo-41-000035000ms,Cargo/41.wav,Cargo,0,princess superior,train,35.0,40.0,0,Cargo,0.4209659993648529,0.252498596906662,0.2630993723869324,0.06343603879213333,0.4209659993648529,0.4209659993648529,True,6.4589591665420265,0.0039685009978711605,False,PRINCESS SUPERIOR,Cargo-20171124-134001-41,False,Cargo/41.wav,Cargo
class_vessel_balanced_sampling,small_cnn,cargo-41-000040000ms,Cargo/41.wav,Cargo,0,princess superior,train,40.0,45.0,0,Cargo,0.378470242023468,0.2170647233724594,0.26913443207740784,0.1353306770324707,0.378470242023468,0.378470242023468,True,9.332584234726918,0.004192576743662357,False,PRINCESS SUPERIOR,Cargo-20171124-134001-41,False,Cargo/41.wav,Cargo
class_vessel_balanced_sampling,small_cnn,cargo-41-000045000ms,Cargo/41.wav,Cargo,0,princess superior,train,45.0,50.0,0,Cargo,0.36241060495376587,0.1908538043498993,0.2964382469654083,0.1502974033355713,0.36241060495376587,0.36241060495376587,True,9.415711077503405,0.004636712837964296,False,PRINCESS SUPERIOR,Cargo-20171124-134001-41,False,Cargo/41.wav,Cargo
class_vessel_balanced_sampling,small_cnn,cargo-41-000050000ms,Cargo/41.wav,Cargo,0,princess superior,train,50.0,55.0,0,Cargo,0.377262145280838,0.1934911161661148,0.3032514452934265,0.12599529325962067,0.377262145280838,0.377262145280838,True,8.700351615666719,0.004975463263690472,False,PRINCESS SUPERIOR,Cargo-20171124-134001-41,False,Cargo/41.wav,Cargo
class_vessel_balanced_sampling,small_cnn,cargo-41-000055000ms,Cargo/41.wav,Cargo,0,princess superior,train,55.0,60.0,0,Cargo,0.43972253799438477,0.2229430079460144,0.28577303886413574,0.051561471074819565,0.43972253799438477,0.43972253799438477,True,5.325347577902471,0.0044648353941738605,False,PRINCESS SUPERIOR,Cargo-20171124-134001-41,False,Cargo/41.wav,Cargo
class_vessel_balanced_sampling,small_cnn,cargo-41-000060000ms,Cargo/41.wav,Cargo,0,princess superior,train,60.0,65.0,0,Cargo,0.4169079065322876,0.20298515260219574,0.29782411456108093,0.08228281140327454,0.4169079065322876,0.4169079065322876,True,7.00258406822095,0.0040549468249082565,False,PRINCESS SUPERIOR,Cargo-20171124-134001-41,False,Cargo/41.wav,Cargo
class_vessel_balanced_sampling,small_cnn,cargo-41-000065000ms,Cargo/41.wav,Cargo,0,princess superior,train,65.0,70.0,0,Cargo,0.41157588362693787,0.21269875764846802,0.2921777665615082,0.08354759961366653,0.41157588362693787,0.41157588362693787,True,6.956988850042555,0.0042305560782551765,False,PRINCESS SUPERIOR,Cargo-20171124-134001-41,False,Cargo/41.wav,Cargo
class_vessel_balanced_sampling,small_cnn,cargo-41-000070000ms,Cargo/41.wav,Cargo,0,princess superior,train,70.0,75.0,0,Cargo,0.3519812822341919,0.2104087918996811,0.275600403547287,0.16200952231884003,0.3519812822341919,0.3519812822341919,True,10.02183062306184,0.004455272573977709,False,PRINCESS SUPERIOR,Cargo-20171124-134001-41,False,Cargo/41.wav,Cargo
class_vessel_balanced_sampling,small_cnn,cargo-41-000075000ms,Cargo/41.wav,Cargo,0,princess superior,train,75.0,80.0,0,Cargo,0.34466493129730225,0.1982874870300293,0.2779294550418854,0.17911815643310547,0.34466493129730225,0.34466493129730225,True,10.468904744833324,0.0047587500885128975,False,PRINCESS SUPERIOR,Cargo-20171124-134001-41,False,Cargo/41.wav,Cargo
class_vessel_balanced_sampling,small_cnn,cargo-41-000080000ms,Cargo/41.wav,Cargo,0,princess superior,train,80.0,85.0,0,Cargo,0.3902665972709656,0.22242306172847748,0.2843683362007141,0.10294199734926224,0.3902665972709656,0.3902665972709656,True,7.890286492753912,0.004263607319444418,False,PRINCESS SUPERIOR,Cargo-20171124-134001-41,False,Cargo/41.wav,Cargo
class_vessel_balanced_sampling,small_cnn,cargo-41-000085000ms,Cargo/41.wav,Cargo,0,princess superior,train,85.0,90.0,0,Cargo,0.3863583505153656,0.21575695276260376,0.2733229994773865,0.12456168979406357,0.3863583505153656,0.3863583505153656,True,9.088417212278724,0.003925398923456669,False,PRINCESS SUPERIOR,Cargo-20171124-134001-41,False,Cargo/41.wav,Cargo
class_vessel_balanced_sampling,small_cnn,cargo-41-000090000ms,Cargo/41.wav,Cargo,0,princess superior,train,90.0,95.0,0,Cargo,0.38350972533226013,0.216929093003273,0.2846371829509735,0.11492397636175156,0.38350972533226013,0.38350972533226013,True,8.306795727694384,0.004615863785147667,False,PRINCESS SUPERIOR,Cargo-20171124-134001-41,False,Cargo/41.wav,Cargo
class_vessel_balanced_sampling,small_cnn,cargo-41-000095000ms,Cargo/41.wav,Cargo,0,princess superior,train,95.0,100.0,0,Cargo,0.4003770053386688,0.22245685756206512,0.27797579765319824,0.09919033944606781,0.4003770053386688,0.4003770053386688,True,7.906771126356962,0.004403895232826471,False,PRINCESS SUPERIOR,Cargo-20171124-134001-41,False,Cargo/41.wav,Cargo
class_vessel_balanced_sampling,small_cnn,cargo-41-000100000ms,Cargo/41.wav,Cargo,0,princess superior,train,100.0,105.0,0,Cargo,0.4060346186161041,0.20687469840049744,0.28526610136032104,0.1018245592713356,0.4060346186161041,0.4060346186161041,True,8.097009012638049,0.004405856132507324,False,PRINCESS SUPERIOR,Cargo-20171124-134001-41,False,Cargo/41.wav,Cargo
class_vessel_balanced_sampling,small_cnn,cargo-41-000105000ms,Cargo/41.wav,Cargo,0,princess superior,train,105.0,110.0,0,Cargo,0.428757905960083,0.2009836584329605,0.28951001167297363,0.08074847608804703,0.428757905960083,0.428757905960083,True,7.329167659540547,0.004414582625031471,False,PRINCESS SUPERIOR,Cargo-20171124-134001-41,False,Cargo/41.wav,Cargo
class_vessel_balanced_sampling,small_cnn,cargo-41-000110000ms,Cargo/41.wav,Cargo,0,princess superior,train,110.0,115.0,0,Cargo,0.4300236999988556,0.22604022920131683,0.2873806059360504,0.05655548721551895,0.4300236999988556,0.4300236999988556,True,5.977570044193468,0.004319589119404554,False,PRINCESS SUPERIOR,Cargo-20171124-134001-41,False,Cargo/41.wav,Cargo
class_vessel_balanced_sampling,small_cnn,cargo-41-000115000ms,Cargo/41.wav,Cargo,0,princess superior,train,115.0,120.0,0,Cargo,0.4345753490924835,0.2376895248889923,0.2811446487903595,0.04659045860171318,0.4345753490924835,0.4345753490924835,True,5.377790412759719,0.004450476262718439,False,PRINCESS SUPERIOR,Cargo-20171124-134001-41,False,Cargo/41.wav,Cargo
class_vessel_balanced_sampling,small_cnn,cargo-41-000120000ms,Cargo/41.wav,Cargo,0,princess superior,train,120.0,125.0,0,Cargo,0.4221518933773041,0.237857848405838,0.28351646661758423,0.05647380277514458,0.4221518933773041,0.4221518933773041,True,5.647618409069542,0.0044735390692949295,False,PRINCESS SUPERIOR,Cargo-20171124-134001-41,False,Cargo/41.wav,Cargo
class_vessel_balanced_sampling,small_cnn,cargo-41-000125000ms,Cargo/41.wav,Cargo,0,princess superior,train,125.0,130.0,0,Cargo,0.41474613547325134,0.2790122628211975,0.24564634263515472,0.06059527024626732,0.41474613547325134,0.41474613547325134,True,6.6428836238396265,0.004169805906713009,False,PRINCESS SUPERIOR,Cargo-20171124-134001-41,False,Cargo/41.wav,Cargo
class_vessel_balanced_sampling,small_cnn,cargo-41-000130000ms,Cargo/41.wav,Cargo,0,princess superior,train,130.0,135.0,0,Cargo,0.43597620725631714,0.29339003562927246,0.23187552392482758,0.038758181035518646,0.43597620725631714,0.43597620725631714,True,5.678768397964742,0.004300090484321117,False,PRINCESS SUPERIOR,Cargo-20171124-134001-41,False,Cargo/41.wav,Cargo
class_vessel_balanced_sampling,small_cnn,cargo-41-000135000ms,Cargo/41.wav,Cargo,0,princess superior,train,135.0,140.0,0,Cargo,0.4448196291923523,0.2887827754020691,0.22868798673152924,0.037709612399339676,0.4448196291923523,0.4448196291923523,True,5.852280385092183,0.004094382748007774,False,PRINCESS SUPERIOR,Cargo-20171124-134001-41,False,Cargo/41.wav,Cargo
class_vessel_balanced_sampling,small_cnn,cargo-41-000140000ms,Cargo/41.wav,Cargo,0,princess superior,train,140.0,145.0,0,Cargo,0.4385317862033844,0.30082374811172485,0.22795052826404572,0.032693859189748764,0.4385317862033844,0.4385317862033844,True,5.4284105799369,0.003910430241376162,False,PRINCESS SUPERIOR,Cargo-20171124-134001-41,False,Cargo/41.wav,Cargo
class_vessel_balanced_sampling,small_cnn,cargo-41-000145000ms,Cargo/41.wav,Cargo,0,princess superior,train,145.0,150.0,0,Cargo,0.4180481731891632,0.31215086579322815,0.23288285732269287,0.03691810369491577,0.4180481731891632,0.4180481731891632,True,5.50677600552371,0.003929822705686092,False,PRINCESS SUPERIOR,Cargo-20171124-134001-41,False,Cargo/41.wav,Cargo
class_vessel_balanced_sampling,small_cnn,cargo-41-000150000ms,Cargo/41.wav,Cargo,0,princess superior,train,150.0,155.0,0,Cargo,0.4278089106082916,0.3060847520828247,0.2322801947593689,0.03382615000009537,0.4278089106082916,0.4278089106082916,True,5.066329367093265,0.0035986946895718575,False,PRINCESS SUPERIOR,Cargo-20171124-134001-41,False,Cargo/41.wav,Cargo
class_vessel_balanced_sampling,small_cnn,cargo-41-000155000ms,Cargo/41.wav,Cargo,0,princess superior,train,155.0,160.0,0,Cargo,0.3922184705734253,0.3154362738132477,0.23309656977653503,0.05924868583679199,0.3922184705734253,0.3922184705734253,True,7.029254517045594,0.003372367238625884,False,PRINCESS SUPERIOR,Cargo-20171124-134001-41,False,Cargo/41.wav,Cargo
class_vessel_balanced_sampling,small_cnn,cargo-41-000160000ms,Cargo/41.wav,Cargo,0,princess superior,train,160.0,165.0,0,Cargo,0.38478171825408936,0.3216225206851959,0.23499463498592377,0.058601073920726776,0.38478171825408936,0.38478171825408936,True,6.953913265005647,0.003244411665946245,False,PRINCESS SUPERIOR,Cargo-20171124-134001-41,False,Cargo/41.wav,Cargo
class_vessel_balanced_sampling,small_cnn,cargo-41-000165000ms,Cargo/41.wav,Cargo,0,princess superior,train,165.0,170.0,0,Cargo,0.3854803740978241,0.3374067544937134,0.2327296882867813,0.04438326507806778,0.3854803740978241,0.3854803740978241,True,6.239795396285734,0.0032920860685408115,False,PRINCESS SUPERIOR,Cargo-20171124-134001-41,False,Cargo/41.wav,Cargo
class_vessel_balanced_sampling,small_cnn,cargo-41-000170000ms,Cargo/41.wav,Cargo,0,princess superior,train,170.0,175.0,0,Cargo,0.38593602180480957,0.3455979526042938,0.22412824630737305,0.04433785006403923,0.38593602180480957,0.38593602180480957,True,6.580713906382747,0.0030118629802018404,False,PRINCESS SUPERIOR,Cargo-20171124-134001-41,False,Cargo/41.wav,Cargo
class_vessel_balanced_sampling,small_cnn,cargo-41-000175000ms,Cargo/41.wav,Cargo,0,princess superior,train,175.0,180.0,0,Cargo,0.39205580949783325,0.3515937924385071,0.22040912508964539,0.03594130277633667,0.39205580949783325,0.39205580949783325,True,6.184332061502958,0.0029646065086126328,False,PRINCESS SUPERIOR,Cargo-20171124-134001-41,True,Cargo/41.wav,Cargo
class_vessel_balanced_sampling,small_cnn,cargo-44-000000000ms,Cargo/44.wav,Cargo,0,westwood columbia,train,0.0,5.0,0,Cargo,0.37810200452804565,0.2196393460035324,0.37637072801589966,0.025887934491038322,0.37810200452804565,0.37810200452804565,True,2.1398947472526264,0.0331626757979393,False,WESTWOOD COLUMBIA,Cargo-20171125-120743-44,True,Cargo/44.wav,Cargo
class_vessel_balanced_sampling,small_cnn,cargo-44-000005000ms,Cargo/44.wav,Cargo,0,westwood columbia,train,5.0,10.0,0,Cargo,0.3812240958213806,0.23655261099338531,0.35609471797943115,0.0261286161839962,0.3812240958213806,0.3812240958213806,True,1.899888154250422,0.03053567372262478,False,WESTWOOD COLUMBIA,Cargo-20171125-120743-44,False,Cargo/44.wav,Cargo
class_vessel_balanced_sampling,small_cnn,cargo-44-000010000ms,Cargo/44.wav,Cargo,0,westwood columbia,train,10.0,15.0,0,Cargo,0.3744848668575287,0.2605457007884979,0.3410041034221649,0.023965297266840935,0.3744848668575287,0.3744848668575287,True,2.4306061991931194,0.028347404673695564,False,WESTWOOD COLUMBIA,Cargo-20171125-120743-44,False,Cargo/44.wav,Cargo
class_vessel_balanced_sampling,small_cnn,cargo-44-000015000ms,Cargo/44.wav,Cargo,0,westwood columbia,train,15.0,20.0,0,Cargo,0.3727077543735504,0.25598976016044617,0.35114482045173645,0.020157666876912117,0.3727077543735504,0.3727077543735504,True,2.486488978209609,0.026184232905507088,False,WESTWOOD COLUMBIA,Cargo-20171125-120743-44,False,Cargo/44.wav,Cargo
class_vessel_balanced_sampling,small_cnn,cargo-44-000020000ms,Cargo/44.wav,Cargo,0,westwood columbia,train,20.0,25.0,0,Cargo,0.3691326677799225,0.2623305916786194,0.3453581631183624,0.023178566247224808,0.3691326677799225,0.3691326677799225,True,2.480307498443385,0.02172347903251648,False,WESTWOOD COLUMBIA,Cargo-20171125-120743-44,False,Cargo/44.wav,Cargo
class_vessel_balanced_sampling,small_cnn,cargo-44-000025000ms,Cargo/44.wav,Cargo,0,westwood columbia,train,25.0,30.0,2,Tanker,0.36254462599754333,0.2441190779209137,0.3647873103618622,0.02854902856051922,0.3647873103618622,0.36254462599754333,False,2.85422689896768,0.01935471035540104,False,WESTWOOD COLUMBIA,Cargo-20171125-120743-44,False,Cargo/44.wav,Cargo
class_vessel_balanced_sampling,small_cnn,cargo-44-000030000ms,Cargo/44.wav,Cargo,0,westwood columbia,train,30.0,35.0,2,Tanker,0.3586190938949585,0.23045094311237335,0.38117682933807373,0.029753103852272034,0.38117682933807373,0.3586190938949585,False,2.8860069479788586,0.01684151217341423,False,WESTWOOD COLUMBIA,Cargo-20171125-120743-44,False,Cargo/44.wav,Cargo
class_vessel_balanced_sampling,small_cnn,cargo-44-000035000ms,Cargo/44.wav,Cargo,0,westwood columbia,train,35.0,40.0,2,Tanker,0.3575769364833832,0.21902133524417877,0.3907584249973297,0.032643359154462814,0.3907584249973297,0.3575769364833832,False,2.735995497286667,0.014964495785534382,False,WESTWOOD COLUMBIA,Cargo-20171125-120743-44,False,Cargo/44.wav,Cargo
class_vessel_balanced_sampling,small_cnn,cargo-44-000040000ms,Cargo/44.wav,Cargo,0,westwood columbia,train,40.0,45.0,2,Tanker,0.36519554257392883,0.2317594438791275,0.375478595495224,0.027566349133849144,0.375478595495224,0.36519554257392883,False,2.4109475016863655,0.012601193971931934,False,WESTWOOD COLUMBIA,Cargo-20171125-120743-44,False,Cargo/44.wav,Cargo
class_vessel_balanced_sampling,small_cnn,cargo-44-000045000ms,Cargo/44.wav,Cargo,0,westwood columbia,train,45.0,50.0,0,Cargo,0.37732192873954773,0.2288612723350525,0.36884787678718567,0.02496894635260105,0.37732192873954773,0.37732192873954773,True,2.5159443658954594,0.011381084099411964,False,WESTWOOD COLUMBIA,Cargo-20171125-120743-44,False,Cargo/44.wav,Cargo
class_vessel_balanced_sampling,small_cnn,cargo-44-000050000ms,Cargo/44.wav,Cargo,0,westwood columbia,train,50.0,55.0,0,Cargo,0.3909756541252136,0.23814980685710907,0.34811219573020935,0.022762298583984375,0.3909756541252136,0.3909756541252136,True,1.7342912259068342,0.010210579261183739,False,WESTWOOD COLUMBIA,Cargo-20171125-120743-44,False,Cargo/44.wav,Cargo
class_vessel_balanced_sampling,small_cnn,cargo-44-000055000ms,Cargo/44.wav,Cargo,0,westwood columbia,train,55.0,60.0,0,Cargo,0.3898078501224518,0.2458028346300125,0.3341120183467865,0.030277328565716743,0.3898078501224518,0.3898078501224518,True,2.470893769574737,0.008657332509756088,False,WESTWOOD COLUMBIA,Cargo-20171125-120743-44,False,Cargo/44.wav,Cargo
class_vessel_balanced_sampling,small_cnn,cargo-44-000060000ms,Cargo/44.wav,Cargo,0,westwood columbia,train,60.0,65.0,0,Cargo,0.38153770565986633,0.23889431357383728,0.34798741340637207,0.031580597162246704,0.38153770565986633,0.38153770565986633,True,2.80900432847475,0.008146555162966251,False,WESTWOOD COLUMBIA,Cargo-20171125-120743-44,False,Cargo/44.wav,Cargo
class_vessel_balanced_sampling,small_cnn,cargo-44-000065000ms,Cargo/44.wav,Cargo,0,westwood columbia,train,65.0,70.0,0,Cargo,0.3970808684825897,0.2424125075340271,0.3361675441265106,0.024339059367775917,0.3970808684825897,0.3970808684825897,True,2.040813424027052,0.00783709529787302,False,WESTWOOD COLUMBIA,Cargo-20171125-120743-44,False,Cargo/44.wav,Cargo
class_vessel_balanced_sampling,small_cnn,cargo-44-000070000ms,Cargo/44.wav,Cargo,0,westwood columbia,train,70.0,75.0,0,Cargo,0.39892250299453735,0.23927821218967438,0.33334416151046753,0.028455065563321114,0.39892250299453735,0.39892250299453735,True,2.448640464801904,0.007183746434748173,False,WESTWOOD COLUMBIA,Cargo-20171125-120743-44,False,Cargo/44.wav,Cargo
class_vessel_balanced_sampling,small_cnn,cargo-44-000075000ms,Cargo/44.wav,Cargo,0,westwood columbia,train,75.0,80.0,0,Cargo,0.39549317955970764,0.251812607049942,0.32884106040000916,0.023853154852986336,0.39549317955970764,0.39549317955970764,True,2.312045635622263,0.006861737463623285,False,WESTWOOD COLUMBIA,Cargo-20171125-120743-44,False,Cargo/44.wav,Cargo
class_vessel_balanced_sampling,small_cnn,cargo-44-000080000ms,Cargo/44.wav,Cargo,0,westwood columbia,train,80.0,85.0,0,Cargo,0.39042675495147705,0.2601684629917145,0.32172366976737976,0.027680998668074608,0.39042675495147705,0.39042675495147705,True,2.592372337815341,0.006610489916056395,False,WESTWOOD COLUMBIA,Cargo-20171125-120743-44,False,Cargo/44.wav,Cargo
class_vessel_balanced_sampling,small_cnn,cargo-44-000085000ms,Cargo/44.wav,Cargo,0,westwood columbia,train,85.0,90.0,0,Cargo,0.39232534170150757,0.25811567902565,0.31855955719947815,0.03099942021071911,0.39232534170150757,0.39232534170150757,True,3.1097612654686957,0.006270844954997301,False,WESTWOOD COLUMBIA,Cargo-20171125-120743-44,False,Cargo/44.wav,Cargo
class_vessel_balanced_sampling,small_cnn,cargo-44-000090000ms,Cargo/44.wav,Cargo,0,westwood columbia,train,90.0,95.0,0,Cargo,0.39226457476615906,0.2648742198944092,0.31275004148483276,0.030111117288470268,0.39226457476615906,0.39226457476615906,True,3.159484481651945,0.005837234668433666,False,WESTWOOD COLUMBIA,Cargo-20171125-120743-44,False,Cargo/44.wav,Cargo
class_vessel_balanced_sampling,small_cnn,cargo-44-000095000ms,Cargo/44.wav,Cargo,0,westwood columbia,train,95.0,100.0,0,Cargo,0.39515790343284607,0.28385722637176514,0.2902010977268219,0.030783822759985924,0.39515790343284607,0.39515790343284607,True,3.5036284502462762,0.005469342228025198,False,WESTWOOD COLUMBIA,Cargo-20171125-120743-44,False,Cargo/44.wav,Cargo
class_vessel_balanced_sampling,small_cnn,cargo-44-000100000ms,Cargo/44.wav,Cargo,0,westwood columbia,train,100.0,105.0,0,Cargo,0.4010414183139801,0.278874933719635,0.28695249557495117,0.033131204545497894,0.4010414183139801,0.4010414183139801,True,3.4403280043320885,0.004961381200700998,False,WESTWOOD COLUMBIA,Cargo-20171125-120743-44,False,Cargo/44.wav,Cargo
class_vessel_balanced_sampling,small_cnn,cargo-44-000105000ms,Cargo/44.wav,Cargo,0,westwood columbia,train,105.0,110.0,0,Cargo,0.39466723799705505,0.28305694460868835,0.2885766625404358,0.03369919955730438,0.39466723799705505,0.39466723799705505,True,3.5488537894218535,0.004926776979118586,False,WESTWOOD COLUMBIA,Cargo-20171125-120743-44,False,Cargo/44.wav,Cargo
class_vessel_balanced_sampling,small_cnn,cargo-44-000110000ms,Cargo/44.wav,Cargo,0,westwood columbia,train,110.0,115.0,0,Cargo,0.4020040035247803,0.2899818420410156,0.2815134525299072,0.02650066465139389,0.4020040035247803,0.4020040035247803,True,3.066702524121587,0.00506336847320199,False,WESTWOOD COLUMBIA,Cargo-20171125-120743-44,False,Cargo/44.wav,Cargo
class_vessel_balanced_sampling,small_cnn,cargo-44-000115000ms,Cargo/44.wav,Cargo,0,westwood columbia,train,115.0,120.0,0,Cargo,0.4103941023349762,0.2952999174594879,0.2698286473751068,0.02447739616036415,0.4103941023349762,0.4103941023349762,True,3.1953917797449773,0.00445038266479969,False,WESTWOOD COLUMBIA,Cargo-20171125-120743-44,False,Cargo/44.wav,Cargo
class_vessel_balanced_sampling,small_cnn,cargo-44-000120000ms,Cargo/44.wav,Cargo,0,westwood columbia,train,120.0,125.0,0,Cargo,0.41136282682418823,0.300565630197525,0.2617887854576111,0.026282766833901405,0.41136282682418823,0.41136282682418823,True,3.668549075379401,0.004249674268066883,False,WESTWOOD COLUMBIA,Cargo-20171125-120743-44,False,Cargo/44.wav,Cargo
class_vessel_balanced_sampling,small_cnn,cargo-44-000125000ms,Cargo/44.wav,Cargo,0,westwood columbia,train,125.0,130.0,0,Cargo,0.40573200583457947,0.29676637053489685,0.27192336320877075,0.025578314438462257,0.40573200583457947,0.40573200583457947,True,3.285576654755108,0.0045851063914597034,False,WESTWOOD COLUMBIA,Cargo-20171125-120743-44,False,Cargo/44.wav,Cargo
class_vessel_balanced_sampling,small_cnn,cargo-44-000130000ms,Cargo/44.wav,Cargo,0,westwood columbia,train,130.0,135.0,0,Cargo,0.4052498936653137,0.2866564393043518,0.2846277058124542,0.023465966805815697,0.4052498936653137,0.4052498936653137,True,2.840594161525727,0.003243471262976527,False,WESTWOOD COLUMBIA,Cargo-20171125-120743-44,False,Cargo/44.wav,Cargo
class_vessel_balanced_sampling,small_cnn,cargo-44-000135000ms,Cargo/44.wav,Cargo,0,westwood columbia,train,135.0,140.0,0,Cargo,0.40546637773513794,0.2769922614097595,0.291694313287735,0.02584698237478733,0.40546637773513794,0.40546637773513794,True,2.7293872972612565,0.002986341016367078,False,WESTWOOD COLUMBIA,Cargo-20171125-120743-44,False,Cargo/44.wav,Cargo
class_vessel_balanced_sampling,small_cnn,cargo-44-000140000ms,Cargo/44.wav,Cargo,0,westwood columbia,train,140.0,145.0,0,Cargo,0.4119599163532257,0.28665435314178467,0.276220440864563,0.025165311992168427,0.4119599163532257,0.4119599163532257,True,2.9381989115808227,0.0032562038395553827,False,WESTWOOD COLUMBIA,Cargo-20171125-120743-44,False,Cargo/44.wav,Cargo
class_vessel_balanced_sampling,small_cnn,cargo-44-000145000ms,Cargo/44.wav,Cargo,0,westwood columbia,train,145.0,150.0,0,Cargo,0.41521498560905457,0.28370213508605957,0.2692113518714905,0.03187151253223419,0.41521498560905457,0.41521498560905457,True,3.6142549187187933,0.0029877261258661747,False,WESTWOOD COLUMBIA,Cargo-20171125-120743-44,False,Cargo/44.wav,Cargo
class_vessel_balanced_sampling,small_cnn,cargo-44-000150000ms,Cargo/44.wav,Cargo,0,westwood columbia,train,150.0,155.0,0,Cargo,0.4129992723464966,0.2964812219142914,0.2631164789199829,0.027403058484196663,0.4129992723464966,0.4129992723464966,True,3.4855961369722768,0.0027792826294898987,False,WESTWOOD COLUMBIA,Cargo-20171125-120743-44,False,Cargo/44.wav,Cargo
class_vessel_balanced_sampling,small_cnn,cargo-44-000155000ms,Cargo/44.wav,Cargo,0,westwood columbia,train,155.0,160.0,0,Cargo,0.41164201498031616,0.30774402618408203,0.25931316614151,0.02130080759525299,0.41164201498031616,0.41164201498031616,True,3.510101026844443,0.0030129968654364347,False,WESTWOOD COLUMBIA,Cargo-20171125-120743-44,False,Cargo/44.wav,Cargo
class_vessel_balanced_sampling,small_cnn,cargo-44-000160000ms,Cargo/44.wav,Cargo,0,westwood columbia,train,160.0,165.0,0,Cargo,0.4100830852985382,0.3043276071548462,0.26756343245506287,0.01802581548690796,0.4100830852985382,0.4100830852985382,True,3.6409139800967605,0.0038195017259567976,False,WESTWOOD COLUMBIA,Cargo-20171125-120743-44,False,Cargo/44.wav,Cargo
class_vessel_balanced_sampling,small_cnn,cargo-44-000165000ms,Cargo/44.wav,Cargo,0,westwood columbia,train,165.0,170.0,0,Cargo,0.4083891808986664,0.2947220504283905,0.2791527807712555,0.01773599162697792,0.4083891808986664,0.4083891808986664,True,3.135063536581836,0.0044065192341804504,False,WESTWOOD COLUMBIA,Cargo-20171125-120743-44,False,Cargo/44.wav,Cargo
class_vessel_balanced_sampling,small_cnn,cargo-44-000170000ms,Cargo/44.wav,Cargo,0,westwood columbia,train,170.0,175.0,0,Cargo,0.41001442074775696,0.2982434928417206,0.2731405198574066,0.018601620569825172,0.41001442074775696,0.41001442074775696,True,3.370155977267041,0.0037013154942542315,False,WESTWOOD COLUMBIA,Cargo-20171125-120743-44,False,Cargo/44.wav,Cargo
class_vessel_balanced_sampling,small_cnn,cargo-44-000175000ms,Cargo/44.wav,Cargo,0,westwood columbia,train,175.0,180.0,0,Cargo,0.4142414927482605,0.3055092394351959,0.2617376148700714,0.018511692062020302,0.4142414927482605,0.4142414927482605,True,3.840058506706005,0.0030488434713333845,False,WESTWOOD COLUMBIA,Cargo-20171125-120743-44,False,Cargo/44.wav,Cargo
class_vessel_balanced_sampling,small_cnn,cargo-44-000180000ms,Cargo/44.wav,Cargo,0,westwood columbia,train,180.0,185.0,0,Cargo,0.4090937077999115,0.30087846517562866,0.26815205812454224,0.021875813603401184,0.4090937077999115,0.4090937077999115,True,3.6219090842237587,0.003352506784722209,False,WESTWOOD COLUMBIA,Cargo-20171125-120743-44,False,Cargo/44.wav,Cargo
class_vessel_balanced_sampling,small_cnn,cargo-44-000185000ms,Cargo/44.wav,Cargo,0,westwood columbia,train,185.0,190.0,0,Cargo,0.4157836437225342,0.2943664491176605,0.26751387119293213,0.022336039692163467,0.4157836437225342,0.4157836437225342,True,3.4302799126555894,0.0035216889809817076,False,WESTWOOD COLUMBIA,Cargo-20171125-120743-44,False,Cargo/44.wav,Cargo
class_vessel_balanced_sampling,small_cnn,cargo-44-000190000ms,Cargo/44.wav,Cargo,0,westwood columbia,train,190.0,195.0,0,Cargo,0.4172164499759674,0.2872656583786011,0.2729821801185608,0.022535715252161026,0.4172164499759674,0.4172164499759674,True,3.1222026982550015,0.0031861108727753162,False,WESTWOOD COLUMBIA,Cargo-20171125-120743-44,False,Cargo/44.wav,Cargo
class_vessel_balanced_sampling,small_cnn,cargo-44-000195000ms,Cargo/44.wav,Cargo,0,westwood columbia,train,195.0,200.0,0,Cargo,0.41028621792793274,0.27576494216918945,0.2915585935115814,0.022390220314264297,0.41028621792793274,0.41028621792793274,True,2.7498743460675144,0.00459561450406909,False,WESTWOOD COLUMBIA,Cargo-20171125-120743-44,True,Cargo/44.wav,Cargo
class_vessel_balanced_sampling,small_cnn,cargo-69-000000000ms,Cargo/69.wav,Cargo,0,princess superior,train,0.0,5.0,0,Cargo,0.39339423179626465,0.221229687333107,0.36026495695114136,0.025111166760325432,0.39339423179626465,0.39339423179626465,True,2.3660838493912855,0.0028739366680383682,False,PRINCESS SUPERIOR,Cargo-20171205-030344-69,True,Cargo/69.wav,Cargo
class_vessel_balanced_sampling,small_cnn,cargo-69-000005000ms,Cargo/69.wav,Cargo,0,princess superior,train,5.0,10.0,0,Cargo,0.4022257626056671,0.21444153785705566,0.3610866665840149,0.022246064618229866,0.4022257626056671,0.4022257626056671,True,2.2194552618833407,0.0031842475291341543,False,PRINCESS SUPERIOR,Cargo-20171205-030344-69,False,Cargo/69.wav,Cargo
class_vessel_balanced_sampling,small_cnn,cargo-69-000010000ms,Cargo/69.wav,Cargo,0,princess superior,train,10.0,15.0,0,Cargo,0.39740750193595886,0.2198203206062317,0.3626582622528076,0.020113911479711533,0.39740750193595886,0.39740750193595886,True,2.085489891288605,0.0033166573848575354,False,PRINCESS SUPERIOR,Cargo-20171205-030344-69,False,Cargo/69.wav,Cargo
class_vessel_balanced_sampling,small_cnn,cargo-69-000015000ms,Cargo/69.wav,Cargo,0,princess superior,train,15.0,20.0,0,Cargo,0.39015278220176697,0.23170070350170135,0.3516891300678253,0.026457404717803,0.39015278220176697,0.39015278220176697,True,2.08961706584481,0.0030685311648994684,False,PRINCESS SUPERIOR,Cargo-20171205-030344-69,False,Cargo/69.wav,Cargo
class_vessel_balanced_sampling,small_cnn,cargo-69-000020000ms,Cargo/69.wav,Cargo,0,princess superior,train,20.0,25.0,0,Cargo,0.3903813064098358,0.24705548584461212,0.337409645318985,0.025153547525405884,0.3903813064098358,0.3903813064098358,True,1.7920389249137734,0.003023930825293064,False,PRINCESS SUPERIOR,Cargo-20171205-030344-69,False,Cargo/69.wav,Cargo
class_vessel_balanced_sampling,small_cnn,cargo-69-000025000ms,Cargo/69.wav,Cargo,0,princess superior,train,25.0,30.0,0,Cargo,0.3890843391418457,0.24189350008964539,0.34527456760406494,0.023747576400637627,0.3890843391418457,0.3890843391418457,True,1.817836566985958,0.003147434676066041,False,PRINCESS SUPERIOR,Cargo-20171205-030344-69,False,Cargo/69.wav,Cargo
class_vessel_balanced_sampling,small_cnn,cargo-69-000030000ms,Cargo/69.wav,Cargo,0,princess superior,train,30.0,35.0,0,Cargo,0.3886011242866516,0.24188068509101868,0.34793955087661743,0.021578611806035042,0.3886011242866516,0.3886011242866516,True,1.9313795472610813,0.0032437345944344997,False,PRINCESS SUPERIOR,Cargo-20171205-030344-69,False,Cargo/69.wav,Cargo
class_vessel_balanced_sampling,small_cnn,cargo-69-000035000ms,Cargo/69.wav,Cargo,0,princess superior,train,35.0,40.0,0,Cargo,0.38806790113449097,0.2599216401576996,0.3314521014690399,0.02055829018354416,0.38806790113449097,0.38806790113449097,True,1.9241929658596106,0.003520543919876218,False,PRINCESS SUPERIOR,Cargo-20171205-030344-69,False,Cargo/69.wav,Cargo
class_vessel_balanced_sampling,small_cnn,cargo-69-000040000ms,Cargo/69.wav,Cargo,0,princess superior,train,40.0,45.0,0,Cargo,0.387650728225708,0.2773292660713196,0.31620603799819946,0.018813934177160263,0.387650728225708,0.387650728225708,True,2.977804310459137,0.0038023681845515966,False,PRINCESS SUPERIOR,Cargo-20171205-030344-69,False,Cargo/69.wav,Cargo
class_vessel_balanced_sampling,small_cnn,cargo-69-000045000ms,Cargo/69.wav,Cargo,0,princess superior,train,45.0,50.0,0,Cargo,0.38035789132118225,0.2793542444705963,0.32341131567955017,0.01687655784189701,0.38035789132118225,0.38035789132118225,True,3.103146676251098,0.003754812991246581,False,PRINCESS SUPERIOR,Cargo-20171205-030344-69,False,Cargo/69.wav,Cargo
class_vessel_balanced_sampling,small_cnn,cargo-69-000050000ms,Cargo/69.wav,Cargo,0,princess superior,train,50.0,55.0,0,Cargo,0.38645046949386597,0.2847883403301239,0.3117046654224396,0.017056463286280632,0.38645046949386597,0.38645046949386597,True,3.3226573258393586,0.004261671099811792,False,PRINCESS SUPERIOR,Cargo-20171205-030344-69,False,Cargo/69.wav,Cargo
class_vessel_balanced_sampling,small_cnn,cargo-69-000055000ms,Cargo/69.wav,Cargo,0,princess superior,train,55.0,60.0,0,Cargo,0.39081695675849915,0.2592321038246155,0.3336341679096222,0.016316715627908707,0.39081695675849915,0.39081695675849915,True,2.625510542741579,0.0046091810800135136,False,PRINCESS SUPERIOR,Cargo-20171205-030344-69,False,Cargo/69.wav,Cargo
class_vessel_balanced_sampling,small_cnn,cargo-69-000060000ms,Cargo/69.wav,Cargo,0,princess superior,train,60.0,65.0,0,Cargo,0.3887324631214142,0.2617059648036957,0.33048954606056213,0.01907200738787651,0.3887324631214142,0.3887324631214142,True,2.0597337948181083,0.004958014469593763,False,PRINCESS SUPERIOR,Cargo-20171205-030344-69,False,Cargo/69.wav,Cargo
class_vessel_balanced_sampling,small_cnn,cargo-69-000065000ms,Cargo/69.wav,Cargo,0,princess superior,train,65.0,70.0,0,Cargo,0.37973254919052124,0.27995315194129944,0.3206208348274231,0.019693411886692047,0.37973254919052124,0.37973254919052124,True,2.9803553932072364,0.004378494340926409,False,PRINCESS SUPERIOR,Cargo-20171205-030344-69,False,Cargo/69.wav,Cargo
class_vessel_balanced_sampling,small_cnn,cargo-69-000070000ms,Cargo/69.wav,Cargo,0,princess superior,train,70.0,75.0,0,Cargo,0.38299646973609924,0.2765616178512573,0.31904739141464233,0.021394498646259308,0.38299646973609924,0.38299646973609924,True,2.6611203121037463,0.004798852372914553,False,PRINCESS SUPERIOR,Cargo-20171205-030344-69,False,Cargo/69.wav,Cargo
class_vessel_balanced_sampling,small_cnn,cargo-69-000075000ms,Cargo/69.wav,Cargo,0,princess superior,train,75.0,80.0,0,Cargo,0.39165881276130676,0.2710203528404236,0.3171042799949646,0.0202165674418211,0.39165881276130676,0.39165881276130676,True,2.8040334177412465,0.005374005064368248,False,PRINCESS SUPERIOR,Cargo-20171205-030344-69,False,Cargo/69.wav,Cargo
class_vessel_balanced_sampling,small_cnn,cargo-69-000080000ms,Cargo/69.wav,Cargo,0,princess superior,train,80.0,85.0,0,Cargo,0.3855791687965393,0.2581847906112671,0.3402824401855469,0.015953581780195236,0.3855791687965393,0.3855791687965393,True,2.8959492042890225,0.0058275493793189526,False,PRINCESS SUPERIOR,Cargo-20171205-030344-69,False,Cargo/69.wav,Cargo
class_vessel_balanced_sampling,small_cnn,cargo-69-000085000ms,Cargo/69.wav,Cargo,0,princess superior,train,85.0,90.0,0,Cargo,0.38228270411491394,0.26881441473960876,0.33407655358314514,0.014826320111751556,0.38228270411491394,0.38228270411491394,True,3.629674990161415,0.0055539533495903015,False,PRINCESS SUPERIOR,Cargo-20171205-030344-69,False,Cargo/69.wav,Cargo
class_vessel_balanced_sampling,small_cnn,cargo-69-000090000ms,Cargo/69.wav,Cargo,0,princess superior,train,90.0,95.0,0,Cargo,0.3869693875312805,0.2929256558418274,0.3022920787334442,0.01781286858022213,0.3869693875312805,0.3869693875312805,True,3.468083141034993,0.005241140723228455,False,PRINCESS SUPERIOR,Cargo-20171205-030344-69,False,Cargo/69.wav,Cargo
class_vessel_balanced_sampling,small_cnn,cargo-69-000095000ms,Cargo/69.wav,Cargo,0,princess superior,train,95.0,100.0,0,Cargo,0.38424792885780334,0.2969948947429657,0.29383373260498047,0.02492344379425049,0.38424792885780334,0.38424792885780334,True,3.5129733249175823,0.005772469099611044,False,PRINCESS SUPERIOR,Cargo-20171205-030344-69,False,Cargo/69.wav,Cargo
class_vessel_balanced_sampling,small_cnn,cargo-69-000100000ms,Cargo/69.wav,Cargo,0,princess superior,train,100.0,105.0,0,Cargo,0.3860268294811249,0.276530385017395,0.3125620186328888,0.024880755692720413,0.3860268294811249,0.3860268294811249,True,2.964241802486376,0.006648348644375801,False,PRINCESS SUPERIOR,Cargo-20171205-030344-69,False,Cargo/69.wav,Cargo
class_vessel_balanced_sampling,small_cnn,cargo-69-000105000ms,Cargo/69.wav,Cargo,0,princess superior,train,105.0,110.0,0,Cargo,0.385160893201828,0.2713317275047302,0.322337806224823,0.021169595420360565,0.385160893201828,0.385160893201828,True,2.6989865256420122,0.007216246332973242,False,PRINCESS SUPERIOR,Cargo-20171205-030344-69,False,Cargo/69.wav,Cargo
class_vessel_balanced_sampling,small_cnn,cargo-69-000110000ms,Cargo/69.wav,Cargo,0,princess superior,train,110.0,115.0,0,Cargo,0.3929213285446167,0.2810804545879364,0.3096686899662018,0.01632949523627758,0.3929213285446167,0.3929213285446167,True,3.12129618003789,0.00743024330586195,False,PRINCESS SUPERIOR,Cargo-20171205-030344-69,False,Cargo/69.wav,Cargo
class_vessel_balanced_sampling,small_cnn,cargo-69-000115000ms,Cargo/69.wav,Cargo,0,princess superior,train,115.0,120.0,0,Cargo,0.393884539604187,0.28847670555114746,0.3014862537384033,0.01615247130393982,0.393884539604187,0.393884539604187,True,3.478909382432842,0.007050410378724337,False,PRINCESS SUPERIOR,Cargo-20171205-030344-69,False,Cargo/69.wav,Cargo
class_vessel_balanced_sampling,small_cnn,cargo-69-000120000ms,Cargo/69.wav,Cargo,0,princess superior,train,120.0,125.0,0,Cargo,0.38723641633987427,0.2985256612300873,0.2967420220375061,0.017495930194854736,0.38723641633987427,0.38723641633987427,True,3.676146969130224,0.007353987079113722,False,PRINCESS SUPERIOR,Cargo-20171205-030344-69,False,Cargo/69.wav,Cargo
class_vessel_balanced_sampling,small_cnn,cargo-69-000125000ms,Cargo/69.wav,Cargo,0,princess superior,train,125.0,130.0,0,Cargo,0.3782380521297455,0.3032836318016052,0.2985790967941284,0.01989927515387535,0.3782380521297455,0.3782380521297455,True,3.401432457806377,0.00791074987500906,False,PRINCESS SUPERIOR,Cargo-20171205-030344-69,False,Cargo/69.wav,Cargo
class_vessel_balanced_sampling,small_cnn,cargo-69-000130000ms,Cargo/69.wav,Cargo,0,princess superior,train,130.0,135.0,0,Cargo,0.3798122704029083,0.3067828118801117,0.29776978492736816,0.015635142102837563,0.3798122704029083,0.3798122704029083,True,3.983588047964414,0.007957433350384235,False,PRINCESS SUPERIOR,Cargo-20171205-030344-69,False,Cargo/69.wav,Cargo
class_vessel_balanced_sampling,small_cnn,cargo-69-000135000ms,Cargo/69.wav,Cargo,0,princess superior,train,135.0,140.0,0,Cargo,0.3847877085208893,0.30213144421577454,0.2991653382778168,0.013915575109422207,0.3847877085208893,0.3847877085208893,True,4.228997104232549,0.008453423157334328,False,PRINCESS SUPERIOR,Cargo-20171205-030344-69,False,Cargo/69.wav,Cargo
class_vessel_balanced_sampling,small_cnn,cargo-69-000140000ms,Cargo/69.wav,Cargo,0,princess superior,train,140.0,145.0,0,Cargo,0.38139599561691284,0.29964813590049744,0.30337053537368774,0.015585419721901417,0.38139599561691284,0.38139599561691284,True,4.028550654504803,0.00832334067672491,False,PRINCESS SUPERIOR,Cargo-20171205-030344-69,False,Cargo/69.wav,Cargo
class_vessel_balanced_sampling,small_cnn,cargo-69-000145000ms,Cargo/69.wav,Cargo,0,princess superior,train,145.0,150.0,0,Cargo,0.38885241746902466,0.2943241000175476,0.30384156107902527,0.012981976382434368,0.38885241746902466,0.38885241746902466,True,4.268845895433678,0.008303919807076454,False,PRINCESS SUPERIOR,Cargo-20171205-030344-69,False,Cargo/69.wav,Cargo
class_vessel_balanced_sampling,small_cnn,cargo-69-000150000ms,Cargo/69.wav,Cargo,0,princess superior,train,150.0,155.0,0,Cargo,0.39839398860931396,0.27541452646255493,0.31263160705566406,0.013559863902628422,0.39839398860931396,0.39839398860931396,True,3.4800214334863058,0.008536896668374538,False,PRINCESS SUPERIOR,Cargo-20171205-030344-69,False,Cargo/69.wav,Cargo
class_vessel_balanced_sampling,small_cnn,cargo-69-000155000ms,Cargo/69.wav,Cargo,0,princess superior,train,155.0,160.0,0,Cargo,0.4003988802433014,0.2847481369972229,0.3019515573978424,0.012901457026600838,0.4003988802433014,0.4003988802433014,True,4.091492348085718,0.0077429055236279964,False,PRINCESS SUPERIOR,Cargo-20171205-030344-69,False,Cargo/69.wav,Cargo
class_vessel_balanced_sampling,small_cnn,cargo-69-000160000ms,Cargo/69.wav,Cargo,0,princess superior,train,160.0,165.0,0,Cargo,0.4028211832046509,0.26692521572113037,0.31720641255378723,0.013047105632722378,0.4028211832046509,0.4028211832046509,True,3.7292283349251028,0.007592041045427322,False,PRINCESS SUPERIOR,Cargo-20171205-030344-69,False,Cargo/69.wav,Cargo
class_vessel_balanced_sampling,small_cnn,cargo-69-000165000ms,Cargo/69.wav,Cargo,0,princess superior,train,165.0,170.0,0,Cargo,0.41129809617996216,0.273681640625,0.3024114966392517,0.012608787044882774,0.41129809617996216,0.41129809617996216,True,4.071499614061214,0.007428042124956846,False,PRINCESS SUPERIOR,Cargo-20171205-030344-69,False,Cargo/69.wav,Cargo
class_vessel_balanced_sampling,small_cnn,cargo-69-000170000ms,Cargo/69.wav,Cargo,0,princess superior,train,170.0,175.0,0,Cargo,0.40348345041275024,0.2760297656059265,0.3072003126144409,0.01328649278730154,0.40348345041275024,0.40348345041275024,True,3.6447691220144285,0.007626529783010483,False,PRINCESS SUPERIOR,Cargo-20171205-030344-69,False,Cargo/69.wav,Cargo
class_vessel_balanced_sampling,small_cnn,cargo-69-000175000ms,Cargo/69.wav,Cargo,0,princess superior,train,175.0,180.0,0,Cargo,0.40469855070114136,0.2730216681957245,0.309667706489563,0.012612024322152138,0.40469855070114136,0.40469855070114136,True,3.930292183942034,0.006818309426307678,False,PRINCESS SUPERIOR,Cargo-20171205-030344-69,True,Cargo/69.wav,Cargo
class_vessel_balanced_sampling,small_cnn,cargo-96-000000000ms,Cargo/96.wav,Cargo,0,star harmonia,train,0.0,5.0,0,Cargo,0.39081522822380066,0.32502833008766174,0.2542014718055725,0.029954956844449043,0.39081522822380066,0.39081522822380066,True,4.733437095831836,0.0031840058509260416,False,STAR HARMONIA,Cargo-20171213-154210-96,True,Cargo/96.wav,Cargo
class_vessel_balanced_sampling,small_cnn,cargo-96-000005000ms,Cargo/96.wav,Cargo,0,star harmonia,train,5.0,10.0,0,Cargo,0.39864382147789,0.32400721311569214,0.2532789409160614,0.02407003752887249,0.39864382147789,0.39864382147789,True,4.3843048002146405,0.0031037216540426016,False,STAR HARMONIA,Cargo-20171213-154210-96,False,Cargo/96.wav,Cargo
class_vessel_balanced_sampling,small_cnn,cargo-96-000010000ms,Cargo/96.wav,Cargo,0,star harmonia,train,10.0,15.0,0,Cargo,0.397827684879303,0.3151872456073761,0.2651122212409973,0.02187289111316204,0.397827684879303,0.397827684879303,True,3.847235946403624,0.002923553343862295,False,STAR HARMONIA,Cargo-20171213-154210-96,False,Cargo/96.wav,Cargo
class_vessel_balanced_sampling,small_cnn,cargo-96-000015000ms,Cargo/96.wav,Cargo,0,star harmonia,train,15.0,20.0,0,Cargo,0.39784976840019226,0.30592599511146545,0.2758488953113556,0.020375428721308708,0.39784976840019226,0.39784976840019226,True,3.6257458256253194,0.0029472606256604195,False,STAR HARMONIA,Cargo-20171213-154210-96,False,Cargo/96.wav,Cargo
class_vessel_balanced_sampling,small_cnn,cargo-96-000020000ms,Cargo/96.wav,Cargo,0,star harmonia,train,20.0,25.0,0,Cargo,0.4021425247192383,0.2937553822994232,0.28647926449775696,0.01762283220887184,0.4021425247192383,0.4021425247192383,True,3.3586574038208847,0.003271072171628475,False,STAR HARMONIA,Cargo-20171213-154210-96,False,Cargo/96.wav,Cargo
class_vessel_balanced_sampling,small_cnn,cargo-96-000025000ms,Cargo/96.wav,Cargo,0,star harmonia,train,25.0,30.0,0,Cargo,0.3898822069168091,0.3121459484100342,0.2788679003715515,0.019103946164250374,0.3898822069168091,0.3898822069168091,True,3.6666716430814406,0.0031408031936734915,False,STAR HARMONIA,Cargo-20171213-154210-96,False,Cargo/96.wav,Cargo
class_vessel_balanced_sampling,small_cnn,cargo-96-000030000ms,Cargo/96.wav,Cargo,0,star harmonia,train,30.0,35.0,0,Cargo,0.385707825422287,0.3248542845249176,0.2673097848892212,0.022128185257315636,0.385707825422287,0.385707825422287,True,4.044176112236616,0.0028485041111707687,False,STAR HARMONIA,Cargo-20171213-154210-96,False,Cargo/96.wav,Cargo
class_vessel_balanced_sampling,small_cnn,cargo-96-000035000ms,Cargo/96.wav,Cargo,0,star harmonia,train,35.0,40.0,0,Cargo,0.39474862813949585,0.30733391642570496,0.2756364941596985,0.022280976176261902,0.39474862813949585,0.39474862813949585,True,3.375295379210169,0.002941844752058387,False,STAR HARMONIA,Cargo-20171213-154210-96,False,Cargo/96.wav,Cargo
class_vessel_balanced_sampling,small_cnn,cargo-96-000040000ms,Cargo/96.wav,Cargo,0,star harmonia,train,40.0,45.0,0,Cargo,0.3925342559814453,0.31336885690689087,0.27219870686531067,0.021898144856095314,0.3925342559814453,0.3925342559814453,True,3.672096288081926,0.0028773637022823095,False,STAR HARMONIA,Cargo-20171213-154210-96,False,Cargo/96.wav,Cargo
class_vessel_balanced_sampling,small_cnn,cargo-96-000045000ms,Cargo/96.wav,Cargo,0,star harmonia,train,45.0,50.0,0,Cargo,0.38681480288505554,0.30371057987213135,0.2858724594116211,0.02360217273235321,0.38681480288505554,0.38681480288505554,True,3.5715810251332503,0.0033762522507458925,False,STAR HARMONIA,Cargo-20171213-154210-96,False,Cargo/96.wav,Cargo
class_vessel_balanced_sampling,small_cnn,cargo-96-000050000ms,Cargo/96.wav,Cargo,0,star harmonia,train,50.0,55.0,0,Cargo,0.38722720742225647,0.299343466758728,0.2894769310951233,0.02395247109234333,0.38722720742225647,0.38722720742225647,True,3.22624699474681,0.002884487621486187,False,STAR HARMONIA,Cargo-20171213-154210-96,False,Cargo/96.wav,Cargo
class_vessel_balanced_sampling,small_cnn,cargo-96-000055000ms,Cargo/96.wav,Cargo,0,star harmonia,train,55.0,60.0,0,Cargo,0.386711984872818,0.30284878611564636,0.28551429510116577,0.02492496371269226,0.386711984872818,0.386711984872818,True,3.416426881348641,0.0029335266444832087,False,STAR HARMONIA,Cargo-20171213-154210-96,False,Cargo/96.wav,Cargo
class_vessel_balanced_sampling,small_cnn,cargo-96-000060000ms,Cargo/96.wav,Cargo,0,star harmonia,train,60.0,65.0,0,Cargo,0.38402995467185974,0.2999711334705353,0.29233309626579285,0.023665830492973328,0.38402995467185974,0.38402995467185974,True,3.1759811785168917,0.0029267016798257828,False,STAR HARMONIA,Cargo-20171213-154210-96,False,Cargo/96.wav,Cargo
class_vessel_balanced_sampling,small_cnn,cargo-96-000065000ms,Cargo/96.wav,Cargo,0,star harmonia,train,65.0,70.0,0,Cargo,0.3893411159515381,0.2968067228794098,0.28966468572616577,0.024187520146369934,0.3893411159515381,0.3893411159515381,True,3.1618790756650297,0.002966830274090171,False,STAR HARMONIA,Cargo-20171213-154210-96,False,Cargo/96.wav,Cargo
class_vessel_balanced_sampling,small_cnn,cargo-96-000070000ms,Cargo/96.wav,Cargo,0,star harmonia,train,70.0,75.0,0,Cargo,0.3884488344192505,0.2883699834346771,0.30349329113960266,0.01968786120414734,0.3884488344192505,0.3884488344192505,True,2.950920142521834,0.0035457448102533817,False,STAR HARMONIA,Cargo-20171213-154210-96,False,Cargo/96.wav,Cargo
class_vessel_balanced_sampling,small_cnn,cargo-96-000075000ms,Cargo/96.wav,Cargo,0,star harmonia,train,75.0,80.0,0,Cargo,0.37910664081573486,0.28492698073387146,0.311496376991272,0.02446998469531536,0.37910664081573486,0.37910664081573486,True,2.9790625209173656,0.003141283756121993,False,STAR HARMONIA,Cargo-20171213-154210-96,False,Cargo/96.wav,Cargo
class_vessel_balanced_sampling,small_cnn,cargo-96-000080000ms,Cargo/96.wav,Cargo,0,star harmonia,train,80.0,85.0,0,Cargo,0.3805517852306366,0.28892967104911804,0.31052926182746887,0.019989270716905594,0.3805517852306366,0.3805517852306366,True,2.7793407282357654,0.0029990964103490114,False,STAR HARMONIA,Cargo-20171213-154210-96,False,Cargo/96.wav,Cargo
class_vessel_balanced_sampling,small_cnn,cargo-96-000085000ms,Cargo/96.wav,Cargo,0,star harmonia,train,85.0,90.0,0,Cargo,0.3826786279678345,0.29212939739227295,0.3039204180240631,0.02127149887382984,0.3826786279678345,0.3826786279678345,True,3.0750714037665827,0.0026509128510951996,False,STAR HARMONIA,Cargo-20171213-154210-96,False,Cargo/96.wav,Cargo
class_vessel_balanced_sampling,small_cnn,cargo-96-000090000ms,Cargo/96.wav,Cargo,0,star harmonia,train,90.0,95.0,0,Cargo,0.3817528188228607,0.3064303994178772,0.28708070516586304,0.024736106395721436,0.3817528188228607,0.3817528188228607,True,3.54557838451715,0.0026697651483118534,False,STAR HARMONIA,Cargo-20171213-154210-96,False,Cargo/96.wav,Cargo
class_vessel_balanced_sampling,small_cnn,cargo-96-000095000ms,Cargo/96.wav,Cargo,0,star harmonia,train,95.0,100.0,0,Cargo,0.388304740190506,0.3122636377811432,0.27480536699295044,0.02462620474398136,0.388304740190506,0.388304740190506,True,3.683241782363177,0.0024355819914489985,False,STAR HARMONIA,Cargo-20171213-154210-96,False,Cargo/96.wav,Cargo
class_vessel_balanced_sampling,small_cnn,cargo-96-000100000ms,Cargo/96.wav,Cargo,0,star harmonia,train,100.0,105.0,0,Cargo,0.3824740946292877,0.31848832964897156,0.2743471562862396,0.024690380319952965,0.3824740946292877,0.3824740946292877,True,3.8977578507423387,0.0032609044574201107,False,STAR HARMONIA,Cargo-20171213-154210-96,False,Cargo/96.wav,Cargo
class_vessel_balanced_sampling,small_cnn,cargo-96-000105000ms,Cargo/96.wav,Cargo,0,star harmonia,train,105.0,110.0,0,Cargo,0.38804227113723755,0.3058842122554779,0.2847001850605011,0.021373294293880463,0.38804227113723755,0.38804227113723755,True,3.30919671510896,0.0028329123742878437,False,STAR HARMONIA,Cargo-20171213-154210-96,False,Cargo/96.wav,Cargo
class_vessel_balanced_sampling,small_cnn,cargo-96-000110000ms,Cargo/96.wav,Cargo,0,star harmonia,train,110.0,115.0,0,Cargo,0.39492762088775635,0.2764604389667511,0.31037694215774536,0.01823498122394085,0.39492762088775635,0.39492762088775635,True,2.4805572970966416,0.002811506623402238,False,STAR HARMONIA,Cargo-20171213-154210-96,False,Cargo/96.wav,Cargo
class_vessel_balanced_sampling,small_cnn,cargo-96-000115000ms,Cargo/96.wav,Cargo,0,star harmonia,train,115.0,120.0,0,Cargo,0.3936411440372467,0.29923203587532043,0.28568175435066223,0.02144506946206093,0.3936411440372467,0.3936411440372467,True,3.062201424268824,0.002558966400101781,False,STAR HARMONIA,Cargo-20171213-154210-96,False,Cargo/96.wav,Cargo
class_vessel_balanced_sampling,small_cnn,cargo-96-000120000ms,Cargo/96.wav,Cargo,0,star harmonia,train,120.0,125.0,0,Cargo,0.3931215703487396,0.30769434571266174,0.2781497538089752,0.021034354344010353,0.3931215703487396,0.3931215703487396,True,3.4278580035849937,0.002602261258289218,False,STAR HARMONIA,Cargo-20171213-154210-96,False,Cargo/96.wav,Cargo
class_vessel_balanced_sampling,small_cnn,cargo-96-000125000ms,Cargo/96.wav,Cargo,0,star harmonia,train,125.0,130.0,0,Cargo,0.39479878544807434,0.30037474632263184,0.28258267045021057,0.022243782877922058,0.39479878544807434,0.39479878544807434,True,3.1255501639923717,0.0025703939609229565,False,STAR HARMONIA,Cargo-20171213-154210-96,False,Cargo/96.wav,Cargo
class_vessel_balanced_sampling,small_cnn,cargo-96-000130000ms,Cargo/96.wav,Cargo,0,star harmonia,train,130.0,135.0,0,Cargo,0.38579103350639343,0.31833451986312866,0.275630921125412,0.020243484526872635,0.38579103350639343,0.38579103350639343,True,3.7225123587990514,0.00257757306098938,False,STAR HARMONIA,Cargo-20171213-154210-96,False,Cargo/96.wav,Cargo
class_vessel_balanced_sampling,small_cnn,cargo-96-000135000ms,Cargo/96.wav,Cargo,0,star harmonia,train,135.0,140.0,0,Cargo,0.387447714805603,0.31138330698013306,0.278572142124176,0.022596854716539383,0.387447714805603,0.387447714805603,True,3.5089968146038752,0.0026452396996319294,False,STAR HARMONIA,Cargo-20171213-154210-96,False,Cargo/96.wav,Cargo
class_vessel_balanced_sampling,small_cnn,cargo-96-000140000ms,Cargo/96.wav,Cargo,0,star harmonia,train,140.0,145.0,0,Cargo,0.3858409821987152,0.3057788908481598,0.28540274500846863,0.022977370768785477,0.3858409821987152,0.3858409821987152,True,3.5517016154695304,0.0026332326233386993,False,STAR HARMONIA,Cargo-20171213-154210-96,False,Cargo/96.wav,Cargo
class_vessel_balanced_sampling,small_cnn,cargo-96-000145000ms,Cargo/96.wav,Cargo,0,star harmonia,train,145.0,150.0,0,Cargo,0.38924795389175415,0.2980881333351135,0.28845423460006714,0.024209612980484962,0.38924795389175415,0.38924795389175415,True,3.2082881161410306,0.003080836497247219,False,STAR HARMONIA,Cargo-20171213-154210-96,False,Cargo/96.wav,Cargo
class_vessel_balanced_sampling,small_cnn,cargo-96-000150000ms,Cargo/96.wav,Cargo,0,star harmonia,train,150.0,155.0,0,Cargo,0.4000290334224701,0.28773683309555054,0.292646586894989,0.01958753913640976,0.4000290334224701,0.4000290334224701,True,2.7239602910668372,0.00294772838242352,False,STAR HARMONIA,Cargo-20171213-154210-96,False,Cargo/96.wav,Cargo
class_vessel_balanced_sampling,small_cnn,cargo-96-000155000ms,Cargo/96.wav,Cargo,0,star harmonia,train,155.0,160.0,0,Cargo,0.39986857771873474,0.287808895111084,0.29175397753715515,0.020568430423736572,0.39986857771873474,0.39986857771873474,True,2.9157162578269893,0.0029520043171942234,False,STAR HARMONIA,Cargo-20171213-154210-96,False,Cargo/96.wav,Cargo
class_vessel_balanced_sampling,small_cnn,cargo-96-000160000ms,Cargo/96.wav,Cargo,0,star harmonia,train,160.0,165.0,0,Cargo,0.4046891927719116,0.2858070433139801,0.28768041729927063,0.021823303773999214,0.4046891927719116,0.4046891927719116,True,2.8346395600342853,0.0030902870930731297,False,STAR HARMONIA,Cargo-20171213-154210-96,False,Cargo/96.wav,Cargo
class_vessel_balanced_sampling,small_cnn,cargo-96-000165000ms,Cargo/96.wav,Cargo,0,star harmonia,train,165.0,170.0,0,Cargo,0.40241289138793945,0.2871076464653015,0.2866017818450928,0.02387770637869835,0.40241289138793945,0.40241289138793945,True,2.9670928411725326,0.0027355398051440716,False,STAR HARMONIA,Cargo-20171213-154210-96,False,Cargo/96.wav,Cargo
class_vessel_balanced_sampling,small_cnn,cargo-96-000170000ms,Cargo/96.wav,Cargo,0,star harmonia,train,170.0,175.0,0,Cargo,0.4071817696094513,0.29736605286598206,0.2749040722846985,0.02054809033870697,0.4071817696094513,0.4071817696094513,True,3.236701961759978,0.0027291420847177505,False,STAR HARMONIA,Cargo-20171213-154210-96,False,Cargo/96.wav,Cargo
class_vessel_balanced_sampling,small_cnn,cargo-96-000175000ms,Cargo/96.wav,Cargo,0,star harmonia,train,175.0,180.0,0,Cargo,0.4089435636997223,0.2894035577774048,0.27783888578414917,0.02381397783756256,0.4089435636997223,0.4089435636997223,True,3.0710294340067255,0.002595019992440939,False,STAR HARMONIA,Cargo-20171213-154210-96,False,Cargo/96.wav,Cargo
class_vessel_balanced_sampling,small_cnn,cargo-96-000180000ms,Cargo/96.wav,Cargo,0,star harmonia,train,180.0,185.0,0,Cargo,0.40861716866493225,0.28033581376075745,0.29001790285110474,0.02102915570139885,0.40861716866493225,0.40861716866493225,True,2.649373562081314,0.0029747034423053265,False,STAR HARMONIA,Cargo-20171213-154210-96,False,Cargo/96.wav,Cargo
class_vessel_balanced_sampling,small_cnn,cargo-96-000185000ms,Cargo/96.wav,Cargo,0,star harmonia,train,185.0,190.0,0,Cargo,0.4020034968852997,0.28415897488594055,0.2917228937149048,0.022114630788564682,0.4020034968852997,0.4020034968852997,True,2.4660372993990487,0.0026511282194405794,False,STAR HARMONIA,Cargo-20171213-154210-96,False,Cargo/96.wav,Cargo
class_vessel_balanced_sampling,small_cnn,cargo-96-000190000ms,Cargo/96.wav,Cargo,0,star harmonia,train,190.0,195.0,0,Cargo,0.4109950661659241,0.2754378020763397,0.29296720027923584,0.0205999743193388,0.4109950661659241,0.4109950661659241,True,2.229559328684606,0.00267006061039865,False,STAR HARMONIA,Cargo-20171213-154210-96,True,Cargo/96.wav,Cargo
class_vessel_balanced_sampling,small_cnn,cargo-99-000000000ms,Cargo/99.wav,Cargo,0,brazen,train,0.0,5.0,0,Cargo,0.4366409182548523,0.23076584935188293,0.32445186376571655,0.008141363970935345,0.4366409182548523,0.4366409182548523,True,6.828866688810602,0.0076767937280237675,False,BRAZEN,Cargo-20171213-234857-99,True,Cargo/99.wav,Cargo
class_vessel_balanced_sampling,small_cnn,cargo-99-000005000ms,Cargo/99.wav,Cargo,0,brazen,train,5.0,10.0,0,Cargo,0.43393853306770325,0.2326400727033615,0.3249191343784332,0.008502263575792313,0.43393853306770325,0.43393853306770325,True,6.58237181564191,0.00836911890655756,False,BRAZEN,Cargo-20171213-234857-99,False,Cargo/99.wav,Cargo
class_vessel_balanced_sampling,small_cnn,cargo-99-000010000ms,Cargo/99.wav,Cargo,0,brazen,train,10.0,15.0,0,Cargo,0.4304659068584442,0.2388881891965866,0.32247108221054077,0.00817486084997654,0.4304659068584442,0.4304659068584442,True,6.96094070665537,0.007581125944852829,False,BRAZEN,Cargo-20171213-234857-99,False,Cargo/99.wav,Cargo
class_vessel_balanced_sampling,small_cnn,cargo-99-000015000ms,Cargo/99.wav,Cargo,0,brazen,train,15.0,20.0,0,Cargo,0.4256722927093506,0.24329794943332672,0.3228961229324341,0.008133663795888424,0.4256722927093506,0.4256722927093506,True,6.983037260419721,0.008260130882263184,False,BRAZEN,Cargo-20171213-234857-99,False,Cargo/99.wav,Cargo
class_vessel_balanced_sampling,small_cnn,cargo-99-000020000ms,Cargo/99.wav,Cargo,0,brazen,train,20.0,25.0,0,Cargo,0.4287795126438141,0.23284722864627838,0.3301800489425659,0.008193188346922398,0.4287795126438141,0.4287795126438141,True,6.895265875854051,0.009689592756330967,False,BRAZEN,Cargo-20171213-234857-99,False,Cargo/99.wav,Cargo
class_vessel_balanced_sampling,small_cnn,cargo-99-000025000ms,Cargo/99.wav,Cargo,0,brazen,train,25.0,30.0,0,Cargo,0.4262242913246155,0.2276412844657898,0.337838739156723,0.008295651525259018,0.4262242913246155,0.4262242913246155,True,6.7343415273213845,0.010160223580896854,False,BRAZEN,Cargo-20171213-234857-99,False,Cargo/99.wav,Cargo
class_vessel_balanced_sampling,small_cnn,cargo-99-000030000ms,Cargo/99.wav,Cargo,0,brazen,train,30.0,35.0,0,Cargo,0.4210895001888275,0.2279355674982071,0.3412438929080963,0.009731095284223557,0.4210895001888275,0.4210895001888275,True,5.774466231244401,0.010061283595860004,False,BRAZEN,Cargo-20171213-234857-99,False,Cargo/99.wav,Cargo
class_vessel_balanced_sampling,small_cnn,cargo-99-000035000ms,Cargo/99.wav,Cargo,0,brazen,train,35.0,40.0,0,Cargo,0.42482736706733704,0.23624615371227264,0.32900699973106384,0.009919497184455395,0.42482736706733704,0.42482736706733704,True,5.564510717713749,0.011044864542782307,False,BRAZEN,Cargo-20171213-234857-99,False,Cargo/99.wav,Cargo
class_vessel_balanced_sampling,small_cnn,cargo-99-000040000ms,Cargo/99.wav,Cargo,0,brazen,train,40.0,45.0,0,Cargo,0.4155607521533966,0.226700097322464,0.3483172059059143,0.009421960450708866,0.4155607521533966,0.4155607521533966,True,5.41819817583775,0.012216386385262012,False,BRAZEN,Cargo-20171213-234857-99,False,Cargo/99.wav,Cargo
class_vessel_balanced_sampling,small_cnn,cargo-99-000045000ms,Cargo/99.wav,Cargo,0,brazen,train,45.0,50.0,0,Cargo,0.42880603671073914,0.2123042494058609,0.350739061832428,0.008150709792971611,0.42880603671073914,0.42880603671073914,True,6.624886207964299,0.014071156270802021,False,BRAZEN,Cargo-20171213-234857-99,False,Cargo/99.wav,Cargo
class_vessel_balanced_sampling,small_cnn,cargo-99-000050000ms,Cargo/99.wav,Cargo,0,brazen,train,50.0,55.0,0,Cargo,0.43493884801864624,0.21588683128356934,0.34129318594932556,0.007881119847297668,0.43493884801864624,0.43493884801864624,True,6.907760759709875,0.014314768835902214,False,BRAZEN,Cargo-20171213-234857-99,False,Cargo/99.wav,Cargo
class_vessel_balanced_sampling,small_cnn,cargo-99-000055000ms,Cargo/99.wav,Cargo,0,brazen,train,55.0,60.0,0,Cargo,0.4361144006252289,0.21237944066524506,0.34344062209129333,0.008065620437264442,0.4361144006252289,0.4361144006252289,True,6.735182658916223,0.015985483303666115,False,BRAZEN,Cargo-20171213-234857-99,False,Cargo/99.wav,Cargo
class_vessel_balanced_sampling,small_cnn,cargo-99-000060000ms,Cargo/99.wav,Cargo,0,brazen,train,60.0,65.0,0,Cargo,0.41438594460487366,0.18797025084495544,0.38877052068710327,0.008873260580003262,0.41438594460487366,0.41438594460487366,True,6.15502868288754,0.01927253231406212,False,BRAZEN,Cargo-20171213-234857-99,False,Cargo/99.wav,Cargo
class_vessel_balanced_sampling,small_cnn,cargo-99-000065000ms,Cargo/99.wav,Cargo,0,brazen,train,65.0,70.0,0,Cargo,0.41702353954315186,0.19398188591003418,0.38022100925445557,0.008773531764745712,0.41702353954315186,0.41702353954315186,True,6.079838993179721,0.018999699503183365,False,BRAZEN,Cargo-20171213-234857-99,False,Cargo/99.wav,Cargo
class_vessel_balanced_sampling,small_cnn,cargo-99-000070000ms,Cargo/99.wav,Cargo,0,brazen,train,70.0,75.0,0,Cargo,0.4351874589920044,0.19585350155830383,0.36059466004371643,0.008364424109458923,0.4351874589920044,0.4351874589920044,True,6.280841768876055,0.01905357465147972,False,BRAZEN,Cargo-20171213-234857-99,False,Cargo/99.wav,Cargo
class_vessel_balanced_sampling,small_cnn,cargo-99-000075000ms,Cargo/99.wav,Cargo,0,brazen,train,75.0,80.0,0,Cargo,0.44378820061683655,0.2082921415567398,0.3395196795463562,0.008399906568229198,0.44378820061683655,0.44378820061683655,True,6.453314847337795,0.019328389316797256,False,BRAZEN,Cargo-20171213-234857-99,False,Cargo/99.wav,Cargo
class_vessel_balanced_sampling,small_cnn,cargo-99-000080000ms,Cargo/99.wav,Cargo,0,brazen,train,80.0,85.0,0,Cargo,0.43557506799697876,0.20863255858421326,0.34708985686302185,0.008702457882463932,0.43557506799697876,0.43557506799697876,True,6.064068897394878,0.021471459418535233,False,BRAZEN,Cargo-20171213-234857-99,False,Cargo/99.wav,Cargo
class_vessel_balanced_sampling,small_cnn,cargo-99-000085000ms,Cargo/99.wav,Cargo,0,brazen,train,85.0,90.0,0,Cargo,0.43733978271484375,0.19746288657188416,0.35633668303489685,0.008860757574439049,0.43733978271484375,0.43733978271484375,True,6.0330687003371875,0.024690480902791023,False,BRAZEN,Cargo-20171213-234857-99,False,Cargo/99.wav,Cargo
class_vessel_balanced_sampling,small_cnn,cargo-99-000090000ms,Cargo/99.wav,Cargo,0,brazen,train,90.0,95.0,0,Cargo,0.4290847182273865,0.18752366304397583,0.3747637867927551,0.008627775125205517,0.4290847182273865,0.4290847182273865,True,6.110436916190071,0.026917070150375366,False,BRAZEN,Cargo-20171213-234857-99,False,Cargo/99.wav,Cargo
class_vessel_balanced_sampling,small_cnn,cargo-99-000095000ms,Cargo/99.wav,Cargo,0,brazen,train,95.0,100.0,0,Cargo,0.42518582940101624,0.19064059853553772,0.37594011425971985,0.008233420550823212,0.42518582940101624,0.42518582940101624,True,6.346134225128617,0.02763834223151207,False,BRAZEN,Cargo-20171213-234857-99,False,Cargo/99.wav,Cargo
class_vessel_balanced_sampling,small_cnn,cargo-99-000100000ms,Cargo/99.wav,Cargo,0,brazen,train,100.0,105.0,0,Cargo,0.4161493182182312,0.18933022022247314,0.3866034150123596,0.007917013950645924,0.4161493182182312,0.4161493182182312,True,6.499779597672765,0.02940177731215954,False,BRAZEN,Cargo-20171213-234857-99,False,Cargo/99.wav,Cargo
class_vessel_balanced_sampling,small_cnn,cargo-99-000105000ms,Cargo/99.wav,Cargo,0,brazen,train,105.0,110.0,0,Cargo,0.40679359436035156,0.19458866119384766,0.3891002833843231,0.009517514146864414,0.40679359436035156,0.40679359436035156,True,5.265967112148855,0.029085392132401466,False,BRAZEN,Cargo-20171213-234857-99,False,Cargo/99.wav,Cargo
class_vessel_balanced_sampling,small_cnn,cargo-99-000110000ms,Cargo/99.wav,Cargo,0,brazen,train,110.0,115.0,0,Cargo,0.40354323387145996,0.18861094117164612,0.3982795178890228,0.009566362015902996,0.40354323387145996,0.40354323387145996,True,5.362653441208792,0.03118629939854145,False,BRAZEN,Cargo-20171213-234857-99,False,Cargo/99.wav,Cargo
class_vessel_balanced_sampling,small_cnn,cargo-99-000115000ms,Cargo/99.wav,Cargo,0,brazen,train,115.0,120.0,0,Cargo,0.41407787799835205,0.19261431694030762,0.38510701060295105,0.008200853131711483,0.41407787799835205,0.41407787799835205,True,6.16795627623196,0.029282957315444946,False,BRAZEN,Cargo-20171213-234857-99,False,Cargo/99.wav,Cargo
class_vessel_balanced_sampling,small_cnn,cargo-99-000120000ms,Cargo/99.wav,Cargo,0,brazen,train,120.0,125.0,0,Cargo,0.4101184010505676,0.20772401988506317,0.3740164637565613,0.008141055703163147,0.4101184010505676,0.4101184010505676,True,6.056816839641781,0.027439767494797707,False,BRAZEN,Cargo-20171213-234857-99,False,Cargo/99.wav,Cargo
class_vessel_balanced_sampling,small_cnn,cargo-99-000125000ms,Cargo/99.wav,Cargo,0,brazen,train,125.0,130.0,0,Cargo,0.4097101092338562,0.19887737929821014,0.38326629996299744,0.008146189153194427,0.4097101092338562,0.4097101092338562,True,6.035362444961106,0.030650746077299118,False,BRAZEN,Cargo-20171213-234857-99,False,Cargo/99.wav,Cargo
class_vessel_balanced_sampling,small_cnn,cargo-99-000130000ms,Cargo/99.wav,Cargo,0,brazen,train,130.0,135.0,2,Tanker,0.3965195119380951,0.19049803912639618,0.40376588702201843,0.009216574020683765,0.40376588702201843,0.3965195119380951,False,5.431186140211242,0.034103233367204666,False,BRAZEN,Cargo-20171213-234857-99,False,Cargo/99.wav,Cargo
class_vessel_balanced_sampling,small_cnn,cargo-99-000135000ms,Cargo/99.wav,Cargo,0,brazen,train,135.0,140.0,2,Tanker,0.39502209424972534,0.18452687561511993,0.4110040068626404,0.009447031654417515,0.4110040068626404,0.39502209424972534,False,5.393225770773551,0.03358054906129837,False,BRAZEN,Cargo-20171213-234857-99,False,Cargo/99.wav,Cargo
class_vessel_balanced_sampling,small_cnn,cargo-99-000140000ms,Cargo/99.wav,Cargo,0,brazen,train,140.0,145.0,0,Cargo,0.41117116808891296,0.1918322890996933,0.38868120312690735,0.008315321058034897,0.41117116808891296,0.41117116808891296,True,6.109187891993523,0.02873823791742325,False,BRAZEN,Cargo-20171213-234857-99,False,Cargo/99.wav,Cargo
class_vessel_balanced_sampling,small_cnn,cargo-99-000145000ms,Cargo/99.wav,Cargo,0,brazen,train,145.0,150.0,0,Cargo,0.4113272428512573,0.1964101344347,0.38405728340148926,0.008205299265682697,0.4113272428512573,0.4113272428512573,True,6.155290929445241,0.0236505214124918,False,BRAZEN,Cargo-20171213-234857-99,False,Cargo/99.wav,Cargo
class_vessel_balanced_sampling,small_cnn,cargo-99-000150000ms,Cargo/99.wav,Cargo,0,brazen,train,150.0,155.0,0,Cargo,0.41257816553115845,0.19105085730552673,0.38818708062171936,0.008183893747627735,0.41257816553115845,0.41257816553115845,True,6.259725375468394,0.021263187751173973,False,BRAZEN,Cargo-20171213-234857-99,False,Cargo/99.wav,Cargo
class_vessel_balanced_sampling,small_cnn,cargo-99-000155000ms,Cargo/99.wav,Cargo,0,brazen,train,155.0,160.0,0,Cargo,0.4138069152832031,0.19510912895202637,0.38323453068733215,0.007849376648664474,0.4138069152832031,0.4138069152832031,True,6.526154970371083,0.019701320677995682,False,BRAZEN,Cargo-20171213-234857-99,False,Cargo/99.wav,Cargo
class_vessel_balanced_sampling,small_cnn,cargo-99-000160000ms,Cargo/99.wav,Cargo,0,brazen,train,160.0,165.0,0,Cargo,0.40864619612693787,0.1901245266199112,0.3933776319026947,0.007851666770875454,0.40864619612693787,0.40864619612693787,True,6.599148857621914,0.020732784643769264,False,BRAZEN,Cargo-20171213-234857-99,False,Cargo/99.wav,Cargo
class_vessel_balanced_sampling,small_cnn,cargo-99-000165000ms,Cargo/99.wav,Cargo,0,brazen,train,165.0,170.0,0,Cargo,0.40298134088516235,0.18855848908424377,0.40054500102996826,0.007915155030786991,0.40298134088516235,0.40298134088516235,True,6.57534147244741,0.018616357818245888,False,BRAZEN,Cargo-20171213-234857-99,False,Cargo/99.wav,Cargo
class_vessel_balanced_sampling,small_cnn,cargo-99-000170000ms,Cargo/99.wav,Cargo,0,brazen,train,170.0,175.0,0,Cargo,0.4057849943637848,0.20203353464603424,0.383901983499527,0.008279564790427685,0.4057849943637848,0.4057849943637848,True,6.055296804144046,0.014492442831397057,False,BRAZEN,Cargo-20171213-234857-99,False,Cargo/99.wav,Cargo
class_vessel_balanced_sampling,small_cnn,cargo-99-000175000ms,Cargo/99.wav,Cargo,0,brazen,train,175.0,180.0,0,Cargo,0.40167853236198425,0.21549740433692932,0.37430062890052795,0.008523357100784779,0.40167853236198425,0.40167853236198425,True,5.856888698521638,0.0121994623914361,False,BRAZEN,Cargo-20171213-234857-99,False,Cargo/99.wav,Cargo
class_vessel_balanced_sampling,small_cnn,cargo-99-000180000ms,Cargo/99.wav,Cargo,0,brazen,train,180.0,185.0,0,Cargo,0.4023747444152832,0.20959211885929108,0.3794145882129669,0.008618547581136227,0.4023747444152832,0.4023747444152832,True,5.804157084734475,0.0109159667044878,False,BRAZEN,Cargo-20171213-234857-99,True,Cargo/99.wav,Cargo
class_vessel_balanced_sampling,small_cnn,passengership-1-000000000ms,Passengership/1.wav,Passengership,1,queen of,train,0.0,5.0,1,Passengership,0.3464638590812683,0.38841304183006287,0.23920342326164246,0.025919592007994652,0.38841304183006287,0.38841304183006287,True,3.3063080614951663,0.004543456248939037,False,QUEEN OF,Passengership-20160505-125658-1,True,Passengership/1.wav,Passengership
class_vessel_balanced_sampling,small_cnn,passengership-1-000005000ms,Passengership/1.wav,Passengership,1,queen of,train,5.0,10.0,1,Passengership,0.3442014157772064,0.3819490969181061,0.24666047096252441,0.027189044281840324,0.3819490969181061,0.3819490969181061,True,3.1080820769588438,0.004931679926812649,False,QUEEN OF,Passengership-20160505-125658-1,False,Passengership/1.wav,Passengership
class_vessel_balanced_sampling,small_cnn,passengership-1-000010000ms,Passengership/1.wav,Passengership,1,queen of,train,10.0,15.0,1,Passengership,0.33923253417015076,0.3830094337463379,0.24865779280662537,0.029100267216563225,0.3830094337463379,0.3830094337463379,True,3.2479436463942104,0.005103228613734245,False,QUEEN OF,Passengership-20160505-125658-1,False,Passengership/1.wav,Passengership
class_vessel_balanced_sampling,small_cnn,passengership-1-000015000ms,Passengership/1.wav,Passengership,1,queen of,train,15.0,20.0,0,Cargo,0.3473479747772217,0.33171331882476807,0.2897079288959503,0.03123079612851143,0.3473479747772217,0.33171331882476807,False,5.183292404284329,0.0043089501559734344,False,QUEEN OF,Passengership-20160505-125658-1,False,Passengership/1.wav,Passengership
class_vessel_balanced_sampling,small_cnn,passengership-1-000020000ms,Passengership/1.wav,Passengership,1,queen of,train,20.0,25.0,0,Cargo,0.3529945909976959,0.340908020734787,0.2754324972629547,0.030664898455142975,0.3529945909976959,0.340908020734787,False,5.389569274242279,0.0036838955711573362,False,QUEEN OF,Passengership-20160505-125658-1,False,Passengership/1.wav,Passengership
class_vessel_balanced_sampling,small_cnn,passengership-1-000025000ms,Passengership/1.wav,Passengership,1,queen of,train,25.0,30.0,0,Cargo,0.3653835952281952,0.3332385718822479,0.2754926383495331,0.025885187089443207,0.3653835952281952,0.3332385718822479,False,4.371856819029968,0.004135725554078817,False,QUEEN OF,Passengership-20160505-125658-1,False,Passengership/1.wav,Passengership
class_vessel_balanced_sampling,small_cnn,passengership-1-000030000ms,Passengership/1.wav,Passengership,1,queen of,train,30.0,35.0,0,Cargo,0.3663288950920105,0.3369317650794983,0.2682082951068878,0.028531022369861603,0.3663288950920105,0.3369317650794983,False,4.8411097965795475,0.004035414196550846,False,QUEEN OF,Passengership-20160505-125658-1,True,Passengership/1.wav,Passengership
class_vessel_balanced_sampling,small_cnn,passengership-14-000000000ms,Passengership/14.wav,Passengership,1,queen of,train,0.0,5.0,0,Cargo,0.33503320813179016,0.3035697937011719,0.3265377879142761,0.034859202802181244,0.33503320813179016,0.3035697937011719,False,5.177271544812223,0.006167252082377672,False,QUEEN OF,Passengership-20160601-035047-14,True,Passengership/14.wav,Passengership
class_vessel_balanced_sampling,small_cnn,passengership-14-000005000ms,Passengership/14.wav,Passengership,1,queen of,train,5.0,10.0,0,Cargo,0.3331085443496704,0.2799873352050781,0.3308478891849518,0.056056223809719086,0.3331085443496704,0.2799873352050781,False,6.262554206485242,0.0063637117855250835,False,QUEEN OF,Passengership-20160601-035047-14,False,Passengership/14.wav,Passengership
class_vessel_balanced_sampling,small_cnn,passengership-14-000010000ms,Passengership/14.wav,Passengership,1,queen of,train,10.0,15.0,2,Tanker,0.3308714032173157,0.2966288626194,0.3323875367641449,0.0401122160255909,0.3323875367641449,0.2966288626194,False,5.819247858774446,0.006306556053459644,False,QUEEN OF,Passengership-20160601-035047-14,False,Passengership/14.wav,Passengership
class_vessel_balanced_sampling,small_cnn,passengership-14-000015000ms,Passengership/14.wav,Passengership,1,queen of,train,15.0,20.0,2,Tanker,0.3216274082660675,0.2813586890697479,0.3532199561595917,0.043793972581624985,0.3532199561595917,0.2813586890697479,False,5.66594027886307,0.006055737379938364,False,QUEEN OF,Passengership-20160601-035047-14,False,Passengership/14.wav,Passengership
class_vessel_balanced_sampling,small_cnn,passengership-14-000020000ms,Passengership/14.wav,Passengership,1,queen of,train,20.0,25.0,0,Cargo,0.33439910411834717,0.2922188639640808,0.3275352418422699,0.04584682732820511,0.33439910411834717,0.2922188639640808,False,5.955588240428298,0.005358875263482332,False,QUEEN OF,Passengership-20160601-035047-14,False,Passengership/14.wav,Passengership
class_vessel_balanced_sampling,small_cnn,passengership-14-000025000ms,Passengership/14.wav,Passengership,1,queen of,train,25.0,30.0,0,Cargo,0.3332006633281708,0.29782453179359436,0.33132439851760864,0.03765033558011055,0.3332006633281708,0.29782453179359436,False,5.370683699620356,0.00517528411000967,False,QUEEN OF,Passengership-20160601-035047-14,False,Passengership/14.wav,Passengership
class_vessel_balanced_sampling,small_cnn,passengership-14-000030000ms,Passengership/14.wav,Passengership,1,queen of,train,30.0,35.0,2,Tanker,0.33423954248428345,0.289663165807724,0.34169527888298035,0.034401971846818924,0.34169527888298035,0.289663165807724,False,5.478745234446013,0.00539283687248826,False,QUEEN OF,Passengership-20160601-035047-14,False,Passengership/14.wav,Passengership
class_vessel_balanced_sampling,small_cnn,passengership-14-000035000ms,Passengership/14.wav,Passengership,1,queen of,train,35.0,40.0,2,Tanker,0.3325527310371399,0.28944337368011475,0.34020188450813293,0.03780200332403183,0.34020188450813293,0.28944337368011475,False,5.523548104376378,0.004935511853545904,False,QUEEN OF,Passengership-20160601-035047-14,False,Passengership/14.wav,Passengership
class_vessel_balanced_sampling,small_cnn,passengership-14-000040000ms,Passengership/14.wav,Passengership,1,queen of,train,40.0,45.0,0,Cargo,0.3366128206253052,0.2979370653629303,0.3347069025039673,0.030743297189474106,0.3366128206253052,0.2979370653629303,False,4.673464938709622,0.005176627077162266,False,QUEEN OF,Passengership-20160601-035047-14,True,Passengership/14.wav,Passengership
class_vessel_balanced_sampling,small_cnn,passengership-17-000000000ms,Passengership/17.wav,Passengership,1,coastal renaissance,train,0.0,5.0,0,Cargo,0.39838066697120667,0.26668211817741394,0.30989593267440796,0.025041183456778526,0.39838066697120667,0.26668211817741394,False,2.3538101112115015,0.0030408550519496202,False,COASTAL RENAISSANCE,Passengership-20160606-153056-17,True,Passengership/17.wav,Passengership
class_vessel_balanced_sampling,small_cnn,passengership-17-000005000ms,Passengership/17.wav,Passengership,1,coastal renaissance,train,5.0,10.0,0,Cargo,0.39672815799713135,0.278080552816391,0.30029070377349854,0.02490057609975338,0.39672815799713135,0.278080552816391,False,2.7475388577389674,0.0029711213428527117,False,COASTAL RENAISSANCE,Passengership-20160606-153056-17,False,Passengership/17.wav,Passengership
class_vessel_balanced_sampling,small_cnn,passengership-17-000010000ms,Passengership/17.wav,Passengership,1,coastal renaissance,train,10.0,15.0,0,Cargo,0.3900555968284607,0.2774867117404938,0.2974071800708771,0.03505052626132965,0.3900555968284607,0.2774867117404938,False,3.562500591157742,0.0032872927840799093,False,COASTAL RENAISSANCE,Passengership-20160606-153056-17,False,Passengership/17.wav,Passengership
class_vessel_balanced_sampling,small_cnn,passengership-17-000015000ms,Passengership/17.wav,Passengership,1,coastal renaissance,train,15.0,20.0,0,Cargo,0.38730767369270325,0.2909596562385559,0.29088094830513,0.030851704999804497,0.38730767369270325,0.2909596562385559,False,3.5890274079126674,0.002584846457466483,False,COASTAL RENAISSANCE,Passengership-20160606-153056-17,False,Passengership/17.wav,Passengership
class_vessel_balanced_sampling,small_cnn,passengership-17-000020000ms,Passengership/17.wav,Passengership,1,coastal renaissance,train,20.0,25.0,0,Cargo,0.3866090774536133,0.30766353011131287,0.27639302611351013,0.029334450140595436,0.3866090774536133,0.30766353011131287,False,3.792327179348212,0.0023604510352015495,False,COASTAL RENAISSANCE,Passengership-20160606-153056-17,True,Passengership/17.wav,Passengership
class_vessel_balanced_sampling,small_cnn,passengership-23-000000000ms,Passengership/23.wav,Passengership,1,bowen queen,train,0.0,5.0,0,Cargo,0.39311814308166504,0.27826327085494995,0.31575652956962585,0.0128621282055974,0.39311814308166504,0.27826327085494995,False,3.938732222060298,0.007762312423437834,False,BOWEN QUEEN,Passengership-20160629-135115-23,True,Passengership/23.wav,Passengership
class_vessel_balanced_sampling,small_cnn,passengership-23-000005000ms,Passengership/23.wav,Passengership,1,bowen queen,train,5.0,10.0,0,Cargo,0.3959203362464905,0.28052687644958496,0.31178316473960876,0.011769621632993221,0.3959203362464905,0.28052687644958496,False,4.479405694622597,0.007571517024189234,False,BOWEN QUEEN,Passengership-20160629-135115-23,False,Passengership/23.wav,Passengership
class_vessel_balanced_sampling,small_cnn,passengership-23-000010000ms,Passengership/23.wav,Passengership,1,bowen queen,train,10.0,15.0,0,Cargo,0.3992922306060791,0.28104373812675476,0.30762723088264465,0.01203679945319891,0.3992922306060791,0.28104373812675476,False,4.289409011801273,0.006909829098731279,False,BOWEN QUEEN,Passengership-20160629-135115-23,False,Passengership/23.wav,Passengership
class_vessel_balanced_sampling,small_cnn,passengership-23-000015000ms,Passengership/23.wav,Passengership,1,bowen queen,train,15.0,20.0,0,Cargo,0.4008079171180725,0.28227269649505615,0.30420324206352234,0.012716168537735939,0.4008079171180725,0.28227269649505615,False,3.9598242487146647,0.005260043777525425,False,BOWEN QUEEN,Passengership-20160629-135115-23,False,Passengership/23.wav,Passengership
class_vessel_balanced_sampling,small_cnn,passengership-23-000020000ms,Passengership/23.wav,Passengership,1,bowen queen,train,20.0,25.0,0,Cargo,0.39724791049957275,0.2719174325466156,0.3172091245651245,0.013625480234622955,0.39724791049957275,0.2719174325466156,False,3.30226590410556,0.005303867161273956,False,BOWEN QUEEN,Passengership-20160629-135115-23,False,Passengership/23.wav,Passengership
class_vessel_balanced_sampling,small_cnn,passengership-23-000025000ms,Passengership/23.wav,Passengership,1,bowen queen,train,25.0,30.0,0,Cargo,0.39175868034362793,0.2917563021183014,0.29944857954978943,0.01703644171357155,0.39175868034362793,0.2917563021183014,False,2.9526989118658182,0.005748549476265907,False,BOWEN QUEEN,Passengership-20160629-135115-23,False,Passengership/23.wav,Passengership
class_vessel_balanced_sampling,small_cnn,passengership-23-000030000ms,Passengership/23.wav,Passengership,1,bowen queen,train,30.0,35.0,0,Cargo,0.3859049379825592,0.30510130524635315,0.29141268134117126,0.017581025138497353,0.3859049379825592,0.30510130524635315,False,3.228280304904448,0.006802169606089592,False,BOWEN QUEEN,Passengership-20160629-135115-23,False,Passengership/23.wav,Passengership
class_vessel_balanced_sampling,small_cnn,passengership-23-000035000ms,Passengership/23.wav,Passengership,1,bowen queen,train,35.0,40.0,0,Cargo,0.3860917389392853,0.28752273321151733,0.3064606487751007,0.019924921914935112,0.3860917389392853,0.28752273321151733,False,2.4677068061803538,0.007511816453188658,False,BOWEN QUEEN,Passengership-20160629-135115-23,False,Passengership/23.wav,Passengership
class_vessel_balanced_sampling,small_cnn,passengership-23-000040000ms,Passengership/23.wav,Passengership,1,bowen queen,train,40.0,45.0,0,Cargo,0.3865860402584076,0.274242639541626,0.3141821622848511,0.024989129975438118,0.3865860402584076,0.274242639541626,False,2.0047381776896787,0.007922922261059284,False,BOWEN QUEEN,Passengership-20160629-135115-23,False,Passengership/23.wav,Passengership
class_vessel_balanced_sampling,small_cnn,passengership-23-000045000ms,Passengership/23.wav,Passengership,1,bowen queen,train,45.0,50.0,0,Cargo,0.39482155442237854,0.27115294337272644,0.3137940764427185,0.02023136615753174,0.39482155442237854,0.27115294337272644,False,1.7481417334437959,0.007747882045805454,False,BOWEN QUEEN,Passengership-20160629-135115-23,False,Passengership/23.wav,Passengership
class_vessel_balanced_sampling,small_cnn,passengership-23-000050000ms,Passengership/23.wav,Passengership,1,bowen queen,train,50.0,55.0,0,Cargo,0.3916958272457123,0.2538658678531647,0.33259856700897217,0.021839715540409088,0.3916958272457123,0.2538658678531647,False,1.2910980321018573,0.007408150006085634,False,BOWEN QUEEN,Passengership-20160629-135115-23,False,Passengership/23.wav,Passengership
class_vessel_balanced_sampling,small_cnn,passengership-23-000055000ms,Passengership/23.wav,Passengership,1,bowen queen,train,55.0,60.0,0,Cargo,0.4001356065273285,0.2716403007507324,0.30796679854393005,0.020257314667105675,0.4001356065273285,0.2716403007507324,False,1.885738310425109,0.007088697515428066,False,BOWEN QUEEN,Passengership-20160629-135115-23,False,Passengership/23.wav,Passengership
class_vessel_balanced_sampling,small_cnn,passengership-23-000060000ms,Passengership/23.wav,Passengership,1,bowen queen,train,60.0,65.0,0,Cargo,0.4019072353839874,0.279253214597702,0.29285284876823425,0.02598678506910801,0.4019072353839874,0.279253214597702,False,2.4023697890391613,0.006661302410066128,False,BOWEN QUEEN,Passengership-20160629-135115-23,False,Passengership/23.wav,Passengership
class_vessel_balanced_sampling,small_cnn,passengership-23-000065000ms,Passengership/23.wav,Passengership,1,bowen queen,train,65.0,70.0,0,Cargo,0.39889052510261536,0.28876492381095886,0.284060001373291,0.028284581378102303,0.39889052510261536,0.28876492381095886,False,2.9440542796225233,0.006911539472639561,False,BOWEN QUEEN,Passengership-20160629-135115-23,False,Passengership/23.wav,Passengership
class_vessel_balanced_sampling,small_cnn,passengership-23-000070000ms,Passengership/23.wav,Passengership,1,bowen queen,train,70.0,75.0,0,Cargo,0.39717504382133484,0.29658931493759155,0.2778925895690918,0.028343040496110916,0.39717504382133484,0.29658931493759155,False,3.4583594398326944,0.006605344824492931,False,BOWEN QUEEN,Passengership-20160629-135115-23,False,Passengership/23.wav,Passengership
class_vessel_balanced_sampling,small_cnn,passengership-23-000075000ms,Passengership/23.wav,Passengership,1,bowen queen,train,75.0,80.0,0,Cargo,0.401721715927124,0.3059020936489105,0.266915887594223,0.025460291653871536,0.401721715927124,0.3059020936489105,False,3.6010644065451713,0.006659784819930792,False,BOWEN QUEEN,Passengership-20160629-135115-23,False,Passengership/23.wav,Passengership
class_vessel_balanced_sampling,small_cnn,passengership-23-000080000ms,Passengership/23.wav,Passengership,1,bowen queen,train,80.0,85.0,0,Cargo,0.39574360847473145,0.3074835538864136,0.26541799306869507,0.03135485202074051,0.39574360847473145,0.3074835538864136,False,3.996860856124671,0.008203289471566677,False,BOWEN QUEEN,Passengership-20160629-135115-23,False,Passengership/23.wav,Passengership
class_vessel_balanced_sampling,small_cnn,passengership-23-000085000ms,Passengership/23.wav,Passengership,1,bowen queen,train,85.0,90.0,0,Cargo,0.39957693219184875,0.2853076457977295,0.2831168472766876,0.03199857473373413,0.39957693219184875,0.2853076457977295,False,3.4420066773100744,0.00813779141753912,False,BOWEN QUEEN,Passengership-20160629-135115-23,False,Passengership/23.wav,Passengership
class_vessel_balanced_sampling,small_cnn,passengership-23-000090000ms,Passengership/23.wav,Passengership,1,bowen queen,train,90.0,95.0,0,Cargo,0.39414313435554504,0.28574737906455994,0.289401650428772,0.03070782870054245,0.39414313435554504,0.28574737906455994,False,3.334979360647023,0.010065706446766853,False,BOWEN QUEEN,Passengership-20160629-135115-23,False,Passengership/23.wav,Passengership
class_vessel_balanced_sampling,small_cnn,passengership-23-000095000ms,Passengership/23.wav,Passengership,1,bowen queen,train,95.0,100.0,0,Cargo,0.3944777250289917,0.29820093512535095,0.2779732048511505,0.02934820018708706,0.3944777250289917,0.29820093512535095,False,3.5914948996259466,0.00982221495360136,False,BOWEN QUEEN,Passengership-20160629-135115-23,False,Passengership/23.wav,Passengership
class_vessel_balanced_sampling,small_cnn,passengership-23-000100000ms,Passengership/23.wav,Passengership,1,bowen queen,train,100.0,105.0,0,Cargo,0.39646321535110474,0.2959744334220886,0.2785649299621582,0.028997473418712616,0.39646321535110474,0.2959744334220886,False,3.3647113143125487,0.009293404407799244,False,BOWEN QUEEN,Passengership-20160629-135115-23,False,Passengership/23.wav,Passengership
class_vessel_balanced_sampling,small_cnn,passengership-23-000105000ms,Passengership/23.wav,Passengership,1,bowen queen,train,105.0,110.0,0,Cargo,0.397497296333313,0.30163678526878357,0.27216771245002747,0.028698161244392395,0.397497296333313,0.30163678526878357,False,3.3476014589598697,0.008300862275063992,False,BOWEN QUEEN,Passengership-20160629-135115-23,False,Passengership/23.wav,Passengership
class_vessel_balanced_sampling,small_cnn,passengership-23-000110000ms,Passengership/23.wav,Passengership,1,bowen queen,train,110.0,115.0,0,Cargo,0.3956327438354492,0.3098631203174591,0.2713964581489563,0.023107724264264107,0.3956327438354492,0.3098631203174591,False,3.230401012281094,0.007556856144219637,False,BOWEN QUEEN,Passengership-20160629-135115-23,False,Passengership/23.wav,Passengership
class_vessel_balanced_sampling,small_cnn,passengership-23-000115000ms,Passengership/23.wav,Passengership,1,bowen queen,train,115.0,120.0,0,Cargo,0.3946518301963806,0.32190579175949097,0.2623417377471924,0.021100612357258797,0.3946518301963806,0.32190579175949097,False,3.616333324515282,0.007139678578823805,False,BOWEN QUEEN,Passengership-20160629-135115-23,False,Passengership/23.wav,Passengership
class_vessel_balanced_sampling,small_cnn,passengership-23-000120000ms,Passengership/23.wav,Passengership,1,bowen queen,train,120.0,125.0,0,Cargo,0.39812353253364563,0.31349799036979675,0.26675885915756226,0.021619657054543495,0.39812353253364563,0.31349799036979675,False,3.375249109669071,0.005463057197630405,False,BOWEN QUEEN,Passengership-20160629-135115-23,False,Passengership/23.wav,Passengership
class_vessel_balanced_sampling,small_cnn,passengership-23-000125000ms,Passengership/23.wav,Passengership,1,bowen queen,train,125.0,130.0,0,Cargo,0.39556196331977844,0.31138119101524353,0.271508127450943,0.02154870517551899,0.39556196331977844,0.31138119101524353,False,3.2645202875305244,0.004811670631170273,False,BOWEN QUEEN,Passengership-20160629-135115-23,True,Passengership/23.wav,Passengership
class_vessel_balanced_sampling,small_cnn,passengership-27-000000000ms,Passengership/27.wav,Passengership,1,kennicott,train,0.0,5.0,2,Tanker,0.2651275098323822,0.15888996422290802,0.3560903072357178,0.2198922038078308,0.3560903072357178,0.15888996422290802,False,11.835666751572647,0.0027911856304854155,False,KENNICOTT,Passengership-20160724-035758-27,True,Passengership/27.wav,Passengership
class_vessel_balanced_sampling,small_cnn,passengership-27-000005000ms,Passengership/27.wav,Passengership,1,kennicott,train,5.0,10.0,2,Tanker,0.32421422004699707,0.1986776441335678,0.3680794835090637,0.10902866721153259,0.3680794835090637,0.1986776441335678,False,8.63587618171024,0.002650942886248231,False,KENNICOTT,Passengership-20160724-035758-27,False,Passengership/27.wav,Passengership
class_vessel_balanced_sampling,small_cnn,passengership-27-000010000ms,Passengership/27.wav,Passengership,1,kennicott,train,10.0,15.0,2,Tanker,0.274649977684021,0.14313757419586182,0.4098719358444214,0.1723404973745346,0.4098719358444214,0.14313757419586182,False,10.749668221890929,0.0027305365074425936,False,KENNICOTT,Passengership-20160724-035758-27,False,Passengership/27.wav,Passengership
class_vessel_balanced_sampling,small_cnn,passengership-27-000015000ms,Passengership/27.wav,Passengership,1,kennicott,train,15.0,20.0,2,Tanker,0.29836350679397583,0.13567379117012024,0.4267272651195526,0.1392354667186737,0.4267272651195526,0.13567379117012024,False,9.702157982083355,0.0026387714315205812,False,KENNICOTT,Passengership-20160724-035758-27,False,Passengership/27.wav,Passengership
class_vessel_balanced_sampling,small_cnn,passengership-27-000020000ms,Passengership/27.wav,Passengership,1,kennicott,train,20.0,25.0,2,Tanker,0.3673594295978546,0.17728881537914276,0.41159555315971375,0.04375619813799858,0.41159555315971375,0.17728881537914276,False,4.574426546344746,0.002509426325559616,False,KENNICOTT,Passengership-20160724-035758-27,False,Passengership/27.wav,Passengership
class_vessel_balanced_sampling,small_cnn,passengership-27-000025000ms,Passengership/27.wav,Passengership,1,kennicott,train,25.0,30.0,2,Tanker,0.3336786925792694,0.16378472745418549,0.4258579909801483,0.076678566634655,0.4258579909801483,0.16378472745418549,False,6.344094122867037,0.002177150221541524,False,KENNICOTT,Passengership-20160724-035758-27,True,Passengership/27.wav,Passengership
class_vessel_balanced_sampling,small_cnn,passengership-30-000000000ms,Passengership/30.wav,Passengership,1,columbia,train,0.0,5.0,2,Tanker,0.31139424443244934,0.1527411788702011,0.43860387802124023,0.09726068377494812,0.43860387802124023,0.1527411788702011,False,7.753261146522063,0.007467804942280054,False,COLUMBIA,Passengership-20160806-035410-30,True,Passengership/30.wav,Passengership
class_vessel_balanced_sampling,small_cnn,passengership-31-000000000ms,Passengership/31.wav,Passengership,1,kennicott,train,0.0,5.0,0,Cargo,0.3937549293041229,0.25938135385513306,0.3224422335624695,0.024421464651823044,0.3937549293041229,0.25938135385513306,False,2.3132090191964068,0.0019479416077956557,False,KENNICOTT,Passengership-20160807-043508-31,True,Passengership/31.wav,Passengership
class_vessel_balanced_sampling,small_cnn,passengership-31-000005000ms,Passengership/31.wav,Passengership,1,kennicott,train,5.0,10.0,0,Cargo,0.3681351840496063,0.273497611284256,0.3133961856365204,0.04497101530432701,0.3681351840496063,0.273497611284256,False,4.680400971105449,0.0018107995856553316,False,KENNICOTT,Passengership-20160807-043508-31,False,Passengership/31.wav,Passengership
class_vessel_balanced_sampling,small_cnn,passengership-31-000010000ms,Passengership/31.wav,Passengership,1,kennicott,train,10.0,15.0,0,Cargo,0.39019250869750977,0.2519601583480835,0.32287630438804626,0.03497104346752167,0.39019250869750977,0.2519601583480835,False,3.746220493125029,0.0019218736561015248,False,KENNICOTT,Passengership-20160807-043508-31,True,Passengership/31.wav,Passengership
class_vessel_balanced_sampling,small_cnn,passengership-32-000000000ms,Passengership/32.wav,Passengership,1,columbia,train,0.0,5.0,0,Cargo,0.3971644341945648,0.20957453548908234,0.3792545199394226,0.014006497338414192,0.3971644341945648,0.20957453548908234,False,2.95419700315053,0.0020921018440276384,False,COLUMBIA,Passengership-20160813-040611-32,True,Passengership/32.wav,Passengership
class_vessel_balanced_sampling,small_cnn,passengership-32-000005000ms,Passengership/32.wav,Passengership,1,columbia,train,5.0,10.0,0,Cargo,0.4009782373905182,0.211332768201828,0.3728727400302887,0.014816276729106903,0.4009782373905182,0.211332768201828,False,2.7152059590127147,0.0018953294493258,False,COLUMBIA,Passengership-20160813-040611-32,False,Passengership/32.wav,Passengership
class_vessel_balanced_sampling,small_cnn,passengership-32-000010000ms,Passengership/32.wav,Passengership,1,columbia,train,10.0,15.0,2,Tanker,0.38712143898010254,0.1923198252916336,0.404960036277771,0.015598676167428493,0.404960036277771,0.1923198252916336,False,2.6253446057107235,0.0022422720212489367,False,COLUMBIA,Passengership-20160813-040611-32,False,Passengership/32.wav,Passengership
class_vessel_balanced_sampling,small_cnn,passengership-32-000015000ms,Passengership/32.wav,Passengership,1,columbia,train,15.0,20.0,2,Tanker,0.3922230303287506,0.1786147505044937,0.4134862720966339,0.01567590795457363,0.4134862720966339,0.1786147505044937,False,2.942174335906671,0.002263688249513507,False,COLUMBIA,Passengership-20160813-040611-32,False,Passengership/32.wav,Passengership
class_vessel_balanced_sampling,small_cnn,passengership-32-000020000ms,Passengership/32.wav,Passengership,1,columbia,train,20.0,25.0,2,Tanker,0.3884851038455963,0.1724555790424347,0.4185144305229187,0.020544832572340965,0.4185144305229187,0.1724555790424347,False,3.175095603979434,0.0021881163120269775,False,COLUMBIA,Passengership-20160813-040611-32,False,Passengership/32.wav,Passengership
class_vessel_balanced_sampling,small_cnn,passengership-32-000025000ms,Passengership/32.wav,Passengership,1,columbia,train,25.0,30.0,0,Cargo,0.3974882662296295,0.1859874576330185,0.39712628722190857,0.01939801312983036,0.3974882662296295,0.1859874576330185,False,3.4613847649419194,0.001996672013774514,False,COLUMBIA,Passengership-20160813-040611-32,False,Passengership/32.wav,Passengership
class_vessel_balanced_sampling,small_cnn,passengership-32-000030000ms,Passengership/32.wav,Passengership,1,columbia,train,30.0,35.0,0,Cargo,0.40306177735328674,0.18477655947208405,0.3937283754348755,0.018433259800076485,0.40306177735328674,0.18477655947208405,False,3.348408916062511,0.0019966401159763336,False,COLUMBIA,Passengership-20160813-040611-32,False,Passengership/32.wav,Passengership
class_vessel_balanced_sampling,small_cnn,passengership-32-000035000ms,Passengership/32.wav,Passengership,1,columbia,train,35.0,40.0,0,Cargo,0.40662503242492676,0.19370804727077484,0.3853911757469177,0.014275746420025826,0.40662503242492676,0.19370804727077484,False,3.4150799264573197,0.0022039776667952538,False,COLUMBIA,Passengership-20160813-040611-32,False,Passengership/32.wav,Passengership
class_vessel_balanced_sampling,small_cnn,passengership-32-000040000ms,Passengership/32.wav,Passengership,1,columbia,train,40.0,45.0,0,Cargo,0.4039049744606018,0.1835157871246338,0.3949348032474518,0.01764441654086113,0.4039049744606018,0.1835157871246338,False,3.5915007375409145,0.0022663441486656666,False,COLUMBIA,Passengership-20160813-040611-32,False,Passengership/32.wav,Passengership
class_vessel_balanced_sampling,small_cnn,passengership-32-000045000ms,Passengership/32.wav,Passengership,1,columbia,train,45.0,50.0,2,Tanker,0.39253368973731995,0.181274875998497,0.4113638401031494,0.014827560633420944,0.4113638401031494,0.181274875998497,False,3.137829393199072,0.0023674662224948406,False,COLUMBIA,Passengership-20160813-040611-32,True,Passengership/32.wav,Passengership
class_vessel_balanced_sampling,small_cnn,passengership-33-000000000ms,Passengership/33.wav,Passengership,1,coastal inspiration,train,0.0,5.0,1,Passengership,0.34298035502433777,0.4070940911769867,0.2280503362417221,0.021875210106372833,0.4070940911769867,0.4070940911769867,True,3.8604978243617305,0.005243021063506603,False,COASTAL INSPIRATION,Passengership-20160820-202935-33,True,Passengership/33.wav,Passengership
class_vessel_balanced_sampling,small_cnn,passengership-33-000005000ms,Passengership/33.wav,Passengership,1,coastal inspiration,train,5.0,10.0,1,Passengership,0.34155991673469543,0.4107476472854614,0.22263646125793457,0.02505594678223133,0.4107476472854614,0.4107476472854614,True,3.885622381797606,0.004892165772616863,False,COASTAL INSPIRATION,Passengership-20160820-202935-33,False,Passengership/33.wav,Passengership
class_vessel_balanced_sampling,small_cnn,passengership-33-000010000ms,Passengership/33.wav,Passengership,1,coastal inspiration,train,10.0,15.0,1,Passengership,0.3473731279373169,0.389714777469635,0.24030520021915436,0.022606950253248215,0.389714777469635,0.389714777469635,True,3.2649214721103457,0.005021208431571722,False,COASTAL INSPIRATION,Passengership-20160820-202935-33,False,Passengership/33.wav,Passengership
class_vessel_balanced_sampling,small_cnn,passengership-33-000015000ms,Passengership/33.wav,Passengership,1,coastal inspiration,train,15.0,20.0,1,Passengership,0.3354775309562683,0.4110676348209381,0.23302778601646423,0.020426999777555466,0.4110676348209381,0.4110676348209381,True,4.210239182110396,0.005141265224665403,False,COASTAL INSPIRATION,Passengership-20160820-202935-33,False,Passengership/33.wav,Passengership
class_vessel_balanced_sampling,small_cnn,passengership-33-000020000ms,Passengership/33.wav,Passengership,1,coastal inspiration,train,20.0,25.0,1,Passengership,0.34114551544189453,0.39949753880500793,0.2333337515592575,0.02602318301796913,0.39949753880500793,0.39949753880500793,True,3.509879548993924,0.005293320864439011,False,COASTAL INSPIRATION,Passengership-20160820-202935-33,False,Passengership/33.wav,Passengership
class_vessel_balanced_sampling,small_cnn,passengership-33-000025000ms,Passengership/33.wav,Passengership,1,coastal inspiration,train,25.0,30.0,1,Passengership,0.339784175157547,0.3952282667160034,0.23768380284309387,0.0273036677390337,0.3952282667160034,0.3952282667160034,True,3.712129431985974,0.005078568588942289,False,COASTAL INSPIRATION,Passengership-20160820-202935-33,False,Passengership/33.wav,Passengership
class_vessel_balanced_sampling,small_cnn,passengership-33-000030000ms,Passengership/33.wav,Passengership,1,coastal inspiration,train,30.0,35.0,1,Passengership,0.3500839173793793,0.37795743346214294,0.2504628300666809,0.02149577997624874,0.37795743346214294,0.37795743346214294,True,3.3531293991934907,0.0047882855869829655,False,COASTAL INSPIRATION,Passengership-20160820-202935-33,False,Passengership/33.wav,Passengership
class_vessel_balanced_sampling,small_cnn,passengership-33-000035000ms,Passengership/33.wav,Passengership,1,coastal inspiration,train,35.0,40.0,1,Passengership,0.3386884927749634,0.380453497171402,0.25665566325187683,0.024202292785048485,0.380453497171402,0.380453497171402,True,3.5517612573507096,0.005246915388852358,False,COASTAL INSPIRATION,Passengership-20160820-202935-33,False,Passengership/33.wav,Passengership
class_vessel_balanced_sampling,small_cnn,passengership-33-000040000ms,Passengership/33.wav,Passengership,1,coastal inspiration,train,40.0,45.0,1,Passengership,0.3289620876312256,0.38505059480667114,0.24926374852657318,0.036723583936691284,0.38505059480667114,0.38505059480667114,True,4.083338706951442,0.0048687453381717205,False,COASTAL INSPIRATION,Passengership-20160820-202935-33,False,Passengership/33.wav,Passengership
class_vessel_balanced_sampling,small_cnn,passengership-33-000045000ms,Passengership/33.wav,Passengership,1,coastal inspiration,train,45.0,50.0,1,Passengership,0.33944353461265564,0.3905772864818573,0.24224990606307983,0.027729308232665062,0.3905772864818573,0.3905772864818573,True,3.3054904189890975,0.0050985910929739475,False,COASTAL INSPIRATION,Passengership-20160820-202935-33,False,Passengership/33.wav,Passengership
class_vessel_balanced_sampling,small_cnn,passengership-33-000050000ms,Passengership/33.wav,Passengership,1,coastal inspiration,train,50.0,55.0,1,Passengership,0.34262755513191223,0.38533300161361694,0.24456150829792023,0.02747793309390545,0.38533300161361694,0.38533300161361694,True,3.3179416186553423,0.0056335097178816795,False,COASTAL INSPIRATION,Passengership-20160820-202935-33,False,Passengership/33.wav,Passengership
class_vessel_balanced_sampling,small_cnn,passengership-33-000055000ms,Passengership/33.wav,Passengership,1,coastal inspiration,train,55.0,60.0,1,Passengership,0.35033464431762695,0.37780871987342834,0.24724647402763367,0.024610145017504692,0.37780871987342834,0.37780871987342834,True,2.9213130698499814,0.0054269456304609776,False,COASTAL INSPIRATION,Passengership-20160820-202935-33,False,Passengership/33.wav,Passengership
class_vessel_balanced_sampling,small_cnn,passengership-33-000060000ms,Passengership/33.wav,Passengership,1,coastal inspiration,train,60.0,65.0,1,Passengership,0.33863404393196106,0.37926751375198364,0.2520979046821594,0.030000505968928337,0.37926751375198364,0.37926751375198364,True,3.443241391136786,0.004946592263877392,False,COASTAL INSPIRATION,Passengership-20160820-202935-33,False,Passengership/33.wav,Passengership
class_vessel_balanced_sampling,small_cnn,passengership-33-000065000ms,Passengership/33.wav,Passengership,1,coastal inspiration,train,65.0,70.0,1,Passengership,0.34279048442840576,0.3732750117778778,0.2542291283607483,0.02970539592206478,0.3732750117778778,0.3732750117778778,True,2.991755770944862,0.004304189234972,False,COASTAL INSPIRATION,Passengership-20160820-202935-33,False,Passengership/33.wav,Passengership
class_vessel_balanced_sampling,small_cnn,passengership-33-000070000ms,Passengership/33.wav,Passengership,1,coastal inspiration,train,70.0,75.0,1,Passengership,0.35244008898735046,0.3534129858016968,0.26169660687446594,0.03245030343532562,0.3534129858016968,0.3534129858016968,True,2.2438754857510657,0.0045085689052939415,False,COASTAL INSPIRATION,Passengership-20160820-202935-33,False,Passengership/33.wav,Passengership
class_vessel_balanced_sampling,small_cnn,passengership-33-000075000ms,Passengership/33.wav,Passengership,1,coastal inspiration,train,75.0,80.0,1,Passengership,0.34481754899024963,0.3644998371601105,0.2530170679092407,0.03766561672091484,0.3644998371601105,0.3644998371601105,True,3.282270768026034,0.004231590311974287,False,COASTAL INSPIRATION,Passengership-20160820-202935-33,False,Passengership/33.wav,Passengership
class_vessel_balanced_sampling,small_cnn,passengership-33-000080000ms,Passengership/33.wav,Passengership,1,coastal inspiration,train,80.0,85.0,0,Cargo,0.3513469398021698,0.3401760160923004,0.27614375948905945,0.03233323618769646,0.3513469398021698,0.3401760160923004,False,5.058032565694477,0.003947016783058643,False,COASTAL INSPIRATION,Passengership-20160820-202935-33,False,Passengership/33.wav,Passengership
class_vessel_balanced_sampling,small_cnn,passengership-33-000085000ms,Passengership/33.wav,Passengership,1,coastal inspiration,train,85.0,90.0,0,Cargo,0.3513323664665222,0.3398003578186035,0.28327926993370056,0.025588015094399452,0.3513323664665222,0.3398003578186035,False,4.629342603660627,0.004710248205810785,False,COASTAL INSPIRATION,Passengership-20160820-202935-33,False,Passengership/33.wav,Passengership
class_vessel_balanced_sampling,small_cnn,passengership-33-000090000ms,Passengership/33.wav,Passengership,1,coastal inspiration,train,90.0,95.0,0,Cargo,0.36532023549079895,0.3176058530807495,0.295407235622406,0.02166670747101307,0.36532023549079895,0.3176058530807495,False,3.901713615051225,0.004055422730743885,False,COASTAL INSPIRATION,Passengership-20160820-202935-33,False,Passengership/33.wav,Passengership
class_vessel_balanced_sampling,small_cnn,passengership-33-000095000ms,Passengership/33.wav,Passengership,1,coastal inspiration,train,95.0,100.0,0,Cargo,0.35799849033355713,0.3221801817417145,0.29626572132110596,0.02355552650988102,0.35799849033355713,0.3221801817417145,False,4.055646294020807,0.004065683577209711,False,COASTAL INSPIRATION,Passengership-20160820-202935-33,False,Passengership/33.wav,Passengership
class_vessel_balanced_sampling,small_cnn,passengership-33-000100000ms,Passengership/33.wav,Passengership,1,coastal inspiration,train,100.0,105.0,0,Cargo,0.36261633038520813,0.3069135844707489,0.31089529395103455,0.019574811682105064,0.36261633038520813,0.3069135844707489,False,3.629994086417001,0.004082253202795982,False,COASTAL INSPIRATION,Passengership-20160820-202935-33,False,Passengership/33.wav,Passengership
class_vessel_balanced_sampling,small_cnn,passengership-33-000105000ms,Passengership/33.wav,Passengership,1,coastal inspiration,train,105.0,110.0,0,Cargo,0.3724684715270996,0.28934380412101746,0.3119678199291229,0.026219910010695457,0.3724684715270996,0.28934380412101746,False,2.964663940349784,0.0032580026891082525,False,COASTAL INSPIRATION,Passengership-20160820-202935-33,True,Passengership/33.wav,Passengership
class_vessel_balanced_sampling,small_cnn,passengership-37-000000000ms,Passengership/37.wav,Passengership,1,columbia,train,0.0,5.0,0,Cargo,0.39782121777534485,0.30918359756469727,0.26384931802749634,0.029145803302526474,0.39782121777534485,0.30918359756469727,False,4.320539164995098,0.005283668637275696,False,COLUMBIA,Passengership-20160827-043733-37,True,Passengership/37.wav,Passengership
class_vessel_balanced_sampling,small_cnn,passengership-37-000005000ms,Passengership/37.wav,Passengership,1,columbia,train,5.0,10.0,0,Cargo,0.3868771493434906,0.31756487488746643,0.2650582194328308,0.03049967996776104,0.3868771493434906,0.31756487488746643,False,4.376247266984901,0.005776220001280308,False,COLUMBIA,Passengership-20160827-043733-37,False,Passengership/37.wav,Passengership
class_vessel_balanced_sampling,small_cnn,passengership-37-000010000ms,Passengership/37.wav,Passengership,1,columbia,train,10.0,15.0,0,Cargo,0.3894152045249939,0.3030802011489868,0.27988409996032715,0.02762044221162796,0.3894152045249939,0.3030802011489868,False,3.6715984448466954,0.0059797014109790325,False,COLUMBIA,Passengership-20160827-043733-37,False,Passengership/37.wav,Passengership
class_vessel_balanced_sampling,small_cnn,passengership-37-000015000ms,Passengership/37.wav,Passengership,1,columbia,train,15.0,20.0,0,Cargo,0.3889898359775543,0.30915510654449463,0.27910056710243225,0.0227544866502285,0.3889898359775543,0.30915510654449463,False,3.667326469199015,0.005731395911425352,False,COLUMBIA,Passengership-20160827-043733-37,False,Passengership/37.wav,Passengership
class_vessel_balanced_sampling,small_cnn,passengership-37-000020000ms,Passengership/37.wav,Passengership,1,columbia,train,20.0,25.0,0,Cargo,0.3842511475086212,0.31816819310188293,0.2758861184120178,0.021694542840123177,0.3842511475086212,0.31816819310188293,False,3.957101494477796,0.00598470913246274,False,COLUMBIA,Passengership-20160827-043733-37,False,Passengership/37.wav,Passengership
class_vessel_balanced_sampling,small_cnn,passengership-37-000025000ms,Passengership/37.wav,Passengership,1,columbia,train,25.0,30.0,0,Cargo,0.3818795382976532,0.3240725100040436,0.27278420329093933,0.021263737231492996,0.3818795382976532,0.3240725100040436,False,3.985777983570221,0.006023331079632044,False,COLUMBIA,Passengership-20160827-043733-37,False,Passengership/37.wav,Passengership
class_vessel_balanced_sampling,small_cnn,passengership-37-000030000ms,Passengership/37.wav,Passengership,1,columbia,train,30.0,35.0,0,Cargo,0.3868386745452881,0.30525320768356323,0.2916789650917053,0.01622917503118515,0.3868386745452881,0.30525320768356323,False,3.876275099437766,0.006782216485589743,False,COLUMBIA,Passengership-20160827-043733-37,False,Passengership/37.wav,Passengership
class_vessel_balanced_sampling,small_cnn,passengership-37-000035000ms,Passengership/37.wav,Passengership,1,columbia,train,35.0,40.0,0,Cargo,0.38929513096809387,0.30777987837791443,0.2870369553565979,0.015888063237071037,0.38929513096809387,0.30777987837791443,False,4.105306364076075,0.006642064545303583,False,COLUMBIA,Passengership-20160827-043733-37,False,Passengership/37.wav,Passengership
class_vessel_balanced_sampling,small_cnn,passengership-37-000040000ms,Passengership/37.wav,Passengership,1,columbia,train,40.0,45.0,0,Cargo,0.3842122256755829,0.32033711671829224,0.27774640917778015,0.01770419254899025,0.3842122256755829,0.32033711671829224,False,4.2204994054252465,0.006372862961143255,False,COLUMBIA,Passengership-20160827-043733-37,False,Passengership/37.wav,Passengership
class_vessel_balanced_sampling,small_cnn,passengership-37-000045000ms,Passengership/37.wav,Passengership,1,columbia,train,45.0,50.0,0,Cargo,0.37421536445617676,0.3409770131111145,0.26723313331604004,0.017574504017829895,0.37421536445617676,0.3409770131111145,False,4.786850828021119,0.006362129468470812,False,COLUMBIA,Passengership-20160827-043733-37,False,Passengership/37.wav,Passengership
class_vessel_balanced_sampling,small_cnn,passengership-37-000050000ms,Passengership/37.wav,Passengership,1,columbia,train,50.0,55.0,0,Cargo,0.38458117842674255,0.3314993381500244,0.267643541097641,0.016275936737656593,0.38458117842674255,0.3314993381500244,False,4.662902664402608,0.0061943852342665195,False,COLUMBIA,Passengership-20160827-043733-37,False,Passengership/37.wav,Passengership
class_vessel_balanced_sampling,small_cnn,passengership-37-000055000ms,Passengership/37.wav,Passengership,1,columbia,train,55.0,60.0,0,Cargo,0.3941695988178253,0.32039883732795715,0.2695651054382324,0.015866464003920555,0.3941695988178253,0.32039883732795715,False,4.44950162918241,0.006706192623823881,False,COLUMBIA,Passengership-20160827-043733-37,False,Passengership/37.wav,Passengership
class_vessel_balanced_sampling,small_cnn,passengership-37-000060000ms,Passengership/37.wav,Passengership,1,columbia,train,60.0,65.0,0,Cargo,0.39516639709472656,0.3123907744884491,0.2773576080799103,0.015085261315107346,0.39516639709472656,0.3123907744884491,False,4.291324643267535,0.006654775235801935,False,COLUMBIA,Passengership-20160827-043733-37,False,Passengership/37.wav,Passengership
class_vessel_balanced_sampling,small_cnn,passengership-37-000065000ms,Passengership/37.wav,Passengership,1,columbia,train,65.0,70.0,0,Cargo,0.3983243405818939,0.3194180727005005,0.26856428384780884,0.013693297281861305,0.3983243405818939,0.3194180727005005,False,5.043052982328529,0.0071122730150818825,False,COLUMBIA,Passengership-20160827-043733-37,False,Passengership/37.wav,Passengership
class_vessel_balanced_sampling,small_cnn,passengership-37-000070000ms,Passengership/37.wav,Passengership,1,columbia,train,70.0,75.0,0,Cargo,0.40546277165412903,0.30746400356292725,0.2743801772594452,0.012692989781498909,0.40546277165412903,0.30746400356292725,False,5.158050293678616,0.007032782305032015,False,COLUMBIA,Passengership-20160827-043733-37,False,Passengership/37.wav,Passengership
class_vessel_balanced_sampling,small_cnn,passengership-37-000075000ms,Passengership/37.wav,Passengership,1,columbia,train,75.0,80.0,0,Cargo,0.40111619234085083,0.31600889563560486,0.27042141556739807,0.012453487142920494,0.40111619234085083,0.31600889563560486,False,5.392558118729031,0.007072966080158949,False,COLUMBIA,Passengership-20160827-043733-37,False,Passengership/37.wav,Passengership
class_vessel_balanced_sampling,small_cnn,passengership-37-000080000ms,Passengership/37.wav,Passengership,1,columbia,train,80.0,85.0,0,Cargo,0.39704999327659607,0.3267298936843872,0.2638494372367859,0.012370632030069828,0.39704999327659607,0.3267298936843872,False,5.833306864029702,0.007201072294265032,False,COLUMBIA,Passengership-20160827-043733-37,False,Passengership/37.wav,Passengership
class_vessel_balanced_sampling,small_cnn,passengership-37-000085000ms,Passengership/37.wav,Passengership,1,columbia,train,85.0,90.0,0,Cargo,0.40366658568382263,0.3142424523830414,0.2701842188835144,0.011906761676073074,0.40366658568382263,0.3142424523830414,False,5.449251030952604,0.0068126702681183815,False,COLUMBIA,Passengership-20160827-043733-37,False,Passengership/37.wav,Passengership
class_vessel_balanced_sampling,small_cnn,passengership-37-000090000ms,Passengership/37.wav,Passengership,1,columbia,train,90.0,95.0,0,Cargo,0.40189629793167114,0.3134916126728058,0.2722913920879364,0.012320667505264282,0.40189629793167114,0.3134916126728058,False,5.2379718530867905,0.00704674469307065,False,COLUMBIA,Passengership-20160827-043733-37,False,Passengership/37.wav,Passengership
class_vessel_balanced_sampling,small_cnn,passengership-37-000095000ms,Passengership/37.wav,Passengership,1,columbia,train,95.0,100.0,0,Cargo,0.3935721218585968,0.317710280418396,0.27683722972869873,0.011880340985953808,0.3935721218585968,0.317710280418396,False,5.4706650600011875,0.006849559489637613,False,COLUMBIA,Passengership-20160827-043733-37,False,Passengership/37.wav,Passengership
class_vessel_balanced_sampling,small_cnn,passengership-37-000100000ms,Passengership/37.wav,Passengership,1,columbia,train,100.0,105.0,0,Cargo,0.3843744397163391,0.3227549195289612,0.28056392073631287,0.012306720949709415,0.3843744397163391,0.3227549195289612,False,5.401451498235524,0.007089293096214533,False,COLUMBIA,Passengership-20160827-043733-37,False,Passengership/37.wav,Passengership
class_vessel_balanced_sampling,small_cnn,passengership-37-000105000ms,Passengership/37.wav,Passengership,1,columbia,train,105.0,110.0,0,Cargo,0.3920102119445801,0.31701183319091797,0.27877429127693176,0.012203577905893326,0.3920102119445801,0.31701183319091797,False,5.345044278948563,0.0070620267651975155,False,COLUMBIA,Passengership-20160827-043733-37,False,Passengership/37.wav,Passengership
class_vessel_balanced_sampling,small_cnn,passengership-37-000110000ms,Passengership/37.wav,Passengership,1,columbia,train,110.0,115.0,0,Cargo,0.3859877586364746,0.32985496520996094,0.27090346813201904,0.013253842480480671,0.3859877586364746,0.32985496520996094,False,5.384937628036846,0.0067710867151618,False,COLUMBIA,Passengership-20160827-043733-37,False,Passengership/37.wav,Passengership
class_vessel_balanced_sampling,small_cnn,passengership-37-000115000ms,Passengership/37.wav,Passengership,1,columbia,train,115.0,120.0,0,Cargo,0.3891293406486511,0.3197208642959595,0.27901050448417664,0.012139366008341312,0.3891293406486511,0.3197208642959595,False,5.521894025632726,0.007212771102786064,False,COLUMBIA,Passengership-20160827-043733-37,False,Passengership/37.wav,Passengership
class_vessel_balanced_sampling,small_cnn,passengership-37-000120000ms,Passengership/37.wav,Passengership,1,columbia,train,120.0,125.0,0,Cargo,0.3903305232524872,0.31732290983200073,0.27887067198753357,0.013475889340043068,0.3903305232524872,0.31732290983200073,False,4.830768107290676,0.0065907323732972145,False,COLUMBIA,Passengership-20160827-043733-37,False,Passengership/37.wav,Passengership
class_vessel_balanced_sampling,small_cnn,passengership-37-000125000ms,Passengership/37.wav,Passengership,1,columbia,train,125.0,130.0,0,Cargo,0.3926611840724945,0.3257497251033783,0.2677127420902252,0.013876331970095634,0.3926611840724945,0.3257497251033783,False,5.02212141123123,0.006811358965933323,False,COLUMBIA,Passengership-20160827-043733-37,False,Passengership/37.wav,Passengership
class_vessel_balanced_sampling,small_cnn,passengership-37-000130000ms,Passengership/37.wav,Passengership,1,columbia,train,130.0,135.0,0,Cargo,0.3868827223777771,0.3469819724559784,0.2512540817260742,0.014881148934364319,0.3868827223777771,0.3469819724559784,False,5.628393223041858,0.0063130236230790615,False,COLUMBIA,Passengership-20160827-043733-37,False,Passengership/37.wav,Passengership
class_vessel_balanced_sampling,small_cnn,passengership-37-000135000ms,Passengership/37.wav,Passengership,1,columbia,train,135.0,140.0,0,Cargo,0.3914298117160797,0.3433583378791809,0.25033268332481384,0.01487913727760315,0.3914298117160797,0.3433583378791809,False,5.413996697106242,0.005951703526079655,False,COLUMBIA,Passengership-20160827-043733-37,False,Passengership/37.wav,Passengership
class_vessel_balanced_sampling,small_cnn,passengership-37-000140000ms,Passengership/37.wav,Passengership,1,columbia,train,140.0,145.0,0,Cargo,0.39536046981811523,0.3396715819835663,0.24949103593826294,0.015476880595088005,0.39536046981811523,0.3396715819835663,False,5.184603197426569,0.006280315108597279,False,COLUMBIA,Passengership-20160827-043733-37,False,Passengership/37.wav,Passengership
class_vessel_balanced_sampling,small_cnn,passengership-37-000145000ms,Passengership/37.wav,Passengership,1,columbia,train,145.0,150.0,0,Cargo,0.38275468349456787,0.351879358291626,0.24759577214717865,0.017770232632756233,0.38275468349456787,0.351879358291626,False,5.114708196194003,0.005793783348053694,False,COLUMBIA,Passengership-20160827-043733-37,False,Passengership/37.wav,Passengership
class_vessel_balanced_sampling,small_cnn,passengership-37-000150000ms,Passengership/37.wav,Passengership,1,columbia,train,150.0,155.0,0,Cargo,0.38769838213920593,0.3503836989402771,0.24610592424869537,0.01581207476556301,0.38769838213920593,0.3503836989402771,False,5.652682114735345,0.0058972956612706184,False,COLUMBIA,Passengership-20160827-043733-37,False,Passengership/37.wav,Passengership
class_vessel_balanced_sampling,small_cnn,passengership-37-000155000ms,Passengership/37.wav,Passengership,1,columbia,train,155.0,160.0,0,Cargo,0.3961632549762726,0.3250233232975006,0.2630445659160614,0.015768835321068764,0.3961632549762726,0.3250233232975006,False,4.592944675490043,0.005556654650717974,False,COLUMBIA,Passengership-20160827-043733-37,True,Passengership/37.wav,Passengership
class_vessel_balanced_sampling,small_cnn,passengership-41-000000000ms,Passengership/41.wav,Passengership,1,celebrity solstice,train,0.0,5.0,1,Passengership,0.3402821123600006,0.41534629464149475,0.22636927664279938,0.018002262338995934,0.41534629464149475,0.41534629464149475,True,5.240495322293704,0.003872461151331663,False,CELEBRITY SOLSTICE,Passengership-20160909-114625-41,True,Passengership/41.wav,Passengership
class_vessel_balanced_sampling,small_cnn,passengership-41-000005000ms,Passengership/41.wav,Passengership,1,celebrity solstice,train,5.0,10.0,1,Passengership,0.343218058347702,0.4161721467971802,0.2256118357181549,0.01499797124415636,0.4161721467971802,0.4161721467971802,True,5.84472419456271,0.0037011054810136557,False,CELEBRITY SOLSTICE,Passengership-20160909-114625-41,False,Passengership/41.wav,Passengership
class_vessel_balanced_sampling,small_cnn,passengership-41-000010000ms,Passengership/41.wav,Passengership,1,celebrity solstice,train,10.0,15.0,1,Passengership,0.34626081585884094,0.4199132025241852,0.218832328915596,0.014993656426668167,0.4199132025241852,0.4199132025241852,True,5.9816370634314096,0.0034636526834219694,False,CELEBRITY SOLSTICE,Passengership-20160909-114625-41,False,Passengership/41.wav,Passengership
class_vessel_balanced_sampling,small_cnn,passengership-41-000015000ms,Passengership/41.wav,Passengership,1,celebrity solstice,train,15.0,20.0,1,Passengership,0.33722740411758423,0.4386815130710602,0.20829369127750397,0.015797527506947517,0.4386815130710602,0.4386815130710602,True,6.363358062521295,0.0034401339944452047,False,CELEBRITY SOLSTICE,Passengership-20160909-114625-41,True,Passengership/41.wav,Passengership
class_vessel_balanced_sampling,small_cnn,passengership-5-000000000ms,Passengership/5.wav,Passengership,1,ruby princess,train,0.0,5.0,0,Cargo,0.3705455958843231,0.3196108937263489,0.292194128036499,0.017649440094828606,0.3705455958843231,0.3196108937263489,False,4.069186187889833,0.0032717199064791203,False,RUBY PRINCESS,Passengership-20160507-115325-5,True,Passengership/5.wav,Passengership
class_vessel_balanced_sampling,small_cnn,passengership-5-000005000ms,Passengership/5.wav,Passengership,1,ruby princess,train,5.0,10.0,0,Cargo,0.3624934256076813,0.30523693561553955,0.3112458884716034,0.021023742854595184,0.3624934256076813,0.30523693561553955,False,3.581734663002503,0.00528049236163497,False,RUBY PRINCESS,Passengership-20160507-115325-5,True,Passengership/5.wav,Passengership
class_vessel_balanced_sampling,small_cnn,passengership-50-000000000ms,Passengership/50.wav,Passengership,1,coastal inspiration,train,0.0,5.0,1,Passengership,0.35734254121780396,0.36362215876579285,0.25169363617897034,0.027341701090335846,0.36362215876579285,0.36362215876579285,True,2.5079871917936964,0.003368959529325366,False,COASTAL INSPIRATION,Passengership-20161214-162017-50,True,Passengership/50.wav,Passengership
class_vessel_balanced_sampling,small_cnn,passengership-50-000005000ms,Passengership/50.wav,Passengership,1,coastal inspiration,train,5.0,10.0,0,Cargo,0.36184239387512207,0.35671859979629517,0.2557539939880371,0.0256850253790617,0.36184239387512207,0.35671859979629517,False,5.331798429023517,0.003281794488430023,False,COASTAL INSPIRATION,Passengership-20161214-162017-50,False,Passengership/50.wav,Passengership
class_vessel_balanced_sampling,small_cnn,passengership-50-000010000ms,Passengership/50.wav,Passengership,1,coastal inspiration,train,10.0,15.0,0,Cargo,0.36268284916877747,0.3473609685897827,0.26448360085487366,0.025472553446888924,0.36268284916877747,0.3473609685897827,False,4.912063344337281,0.004756028763949871,False,COASTAL INSPIRATION,Passengership-20161214-162017-50,False,Passengership/50.wav,Passengership
class_vessel_balanced_sampling,small_cnn,passengership-50-000015000ms,Passengership/50.wav,Passengership,1,coastal inspiration,train,15.0,20.0,1,Passengership,0.35365164279937744,0.3563580811023712,0.2629637122154236,0.02702656202018261,0.3563580811023712,0.3563580811023712,True,2.2982524877466037,0.004092562943696976,False,COASTAL INSPIRATION,Passengership-20161214-162017-50,False,Passengership/50.wav,Passengership
class_vessel_balanced_sampling,small_cnn,passengership-50-000020000ms,Passengership/50.wav,Passengership,1,coastal inspiration,train,20.0,25.0,1,Passengership,0.35099706053733826,0.36521396040916443,0.2544148564338684,0.029374219477176666,0.36521396040916443,0.36521396040916443,True,2.8498364501316114,0.004565419629216194,False,COASTAL INSPIRATION,Passengership-20161214-162017-50,False,Passengership/50.wav,Passengership
class_vessel_balanced_sampling,small_cnn,passengership-50-000025000ms,Passengership/50.wav,Passengership,1,coastal inspiration,train,25.0,30.0,1,Passengership,0.34813952445983887,0.373076856136322,0.252747118473053,0.026036418974399567,0.373076856136322,0.373076856136322,True,3.1033636215846316,0.004378196317702532,False,COASTAL INSPIRATION,Passengership-20161214-162017-50,False,Passengership/50.wav,Passengership
class_vessel_balanced_sampling,small_cnn,passengership-50-000030000ms,Passengership/50.wav,Passengership,1,coastal inspiration,train,30.0,35.0,1,Passengership,0.3488602340221405,0.3908204734325409,0.23677107691764832,0.023548297584056854,0.3908204734325409,0.3908204734325409,True,3.775888561814475,0.004757372662425041,False,COASTAL INSPIRATION,Passengership-20161214-162017-50,False,Passengership/50.wav,Passengership
class_vessel_balanced_sampling,small_cnn,passengership-50-000035000ms,Passengership/50.wav,Passengership,1,coastal inspiration,train,35.0,40.0,1,Passengership,0.34565821290016174,0.3873293995857239,0.23713721334934235,0.029875172302126884,0.3873293995857239,0.3873293995857239,True,3.4913174043690494,0.005037604831159115,False,COASTAL INSPIRATION,Passengership-20161214-162017-50,False,Passengership/50.wav,Passengership
class_vessel_balanced_sampling,small_cnn,passengership-50-000040000ms,Passengership/50.wav,Passengership,1,coastal inspiration,train,40.0,45.0,1,Passengership,0.3444780111312866,0.38865238428115845,0.23820260167121887,0.028667036443948746,0.38865238428115845,0.38865238428115845,True,3.5154445874055953,0.005016794428229332,False,COASTAL INSPIRATION,Passengership-20161214-162017-50,False,Passengership/50.wav,Passengership
class_vessel_balanced_sampling,small_cnn,passengership-50-000045000ms,Passengership/50.wav,Passengership,1,coastal inspiration,train,45.0,50.0,1,Passengership,0.3418091833591461,0.39194250106811523,0.23538526892662048,0.03086310252547264,0.39194250106811523,0.39194250106811523,True,3.8161110902477042,0.004896251019090414,False,COASTAL INSPIRATION,Passengership-20161214-162017-50,False,Passengership/50.wav,Passengership
class_vessel_balanced_sampling,small_cnn,passengership-50-000050000ms,Passengership/50.wav,Passengership,1,coastal inspiration,train,50.0,55.0,1,Passengership,0.35019564628601074,0.381492018699646,0.22986258566379547,0.03844982758164406,0.381492018699646,0.381492018699646,True,4.278466536864072,0.005143508780747652,False,COASTAL INSPIRATION,Passengership-20161214-162017-50,False,Passengership/50.wav,Passengership
class_vessel_balanced_sampling,small_cnn,passengership-50-000055000ms,Passengership/50.wav,Passengership,1,coastal inspiration,train,55.0,60.0,1,Passengership,0.34675300121307373,0.3817897439002991,0.2355559766292572,0.035901304334402084,0.3817897439002991,0.3817897439002991,True,3.8732801354849853,0.004831505473703146,False,COASTAL INSPIRATION,Passengership-20161214-162017-50,False,Passengership/50.wav,Passengership
class_vessel_balanced_sampling,small_cnn,passengership-50-000060000ms,Passengership/50.wav,Passengership,1,coastal inspiration,train,60.0,65.0,1,Passengership,0.3469858467578888,0.3673308491706848,0.24152006208896637,0.044163234531879425,0.3673308491706848,0.3673308491706848,True,4.272984606379607,0.005276903975754976,False,COASTAL INSPIRATION,Passengership-20161214-162017-50,False,Passengership/50.wav,Passengership
class_vessel_balanced_sampling,small_cnn,passengership-50-000065000ms,Passengership/50.wav,Passengership,1,coastal inspiration,train,65.0,70.0,1,Passengership,0.3414861857891083,0.3808763921260834,0.23064082860946655,0.046996600925922394,0.3808763921260834,0.3808763921260834,True,4.6303647191143,0.005051750224083662,False,COASTAL INSPIRATION,Passengership-20161214-162017-50,False,Passengership/50.wav,Passengership
class_vessel_balanced_sampling,small_cnn,passengership-50-000070000ms,Passengership/50.wav,Passengership,1,coastal inspiration,train,70.0,75.0,1,Passengership,0.33702611923217773,0.365480899810791,0.24475093185901642,0.05274216830730438,0.365480899810791,0.365480899810791,True,4.5670913112432485,0.00527358241379261,False,COASTAL INSPIRATION,Passengership-20161214-162017-50,False,Passengership/50.wav,Passengership
class_vessel_balanced_sampling,small_cnn,passengership-50-000075000ms,Passengership/50.wav,Passengership,1,coastal inspiration,train,75.0,80.0,1,Passengership,0.3427521288394928,0.3654969036579132,0.24602681398391724,0.04572414234280586,0.3654969036579132,0.3654969036579132,True,4.13189319905262,0.004838485270738602,False,COASTAL INSPIRATION,Passengership-20161214-162017-50,False,Passengership/50.wav,Passengership
class_vessel_balanced_sampling,small_cnn,passengership-50-000080000ms,Passengership/50.wav,Passengership,1,coastal inspiration,train,80.0,85.0,1,Passengership,0.33880797028541565,0.3739483654499054,0.23704341053962708,0.05020024627447128,0.3739483654499054,0.3739483654499054,True,4.696822382741295,0.0050282105803489685,False,COASTAL INSPIRATION,Passengership-20161214-162017-50,False,Passengership/50.wav,Passengership
class_vessel_balanced_sampling,small_cnn,passengership-50-000085000ms,Passengership/50.wav,Passengership,1,coastal inspiration,train,85.0,90.0,1,Passengership,0.32965877652168274,0.36434227228164673,0.2536315619945526,0.05236728861927986,0.36434227228164673,0.36434227228164673,True,4.679195388755675,0.006495615001767874,False,COASTAL INSPIRATION,Passengership-20161214-162017-50,False,Passengership/50.wav,Passengership
class_vessel_balanced_sampling,small_cnn,passengership-50-000090000ms,Passengership/50.wav,Passengership,1,coastal inspiration,train,90.0,95.0,1,Passengership,0.3279586732387543,0.3381389379501343,0.2652973532676697,0.06860505044460297,0.3381389379501343,0.3381389379501343,True,5.162734000184731,0.005210823379456997,False,COASTAL INSPIRATION,Passengership-20161214-162017-50,False,Passengership/50.wav,Passengership
class_vessel_balanced_sampling,small_cnn,passengership-50-000095000ms,Passengership/50.wav,Passengership,1,coastal inspiration,train,95.0,100.0,0,Cargo,0.3299712836742401,0.32388070225715637,0.2647363841533661,0.08141162246465683,0.3299712836742401,0.32388070225715637,False,8.025111748088525,0.004837960470467806,False,COASTAL INSPIRATION,Passengership-20161214-162017-50,False,Passengership/50.wav,Passengership
class_vessel_balanced_sampling,small_cnn,passengership-50-000100000ms,Passengership/50.wav,Passengership,1,coastal inspiration,train,100.0,105.0,0,Cargo,0.32362648844718933,0.3029576241970062,0.28332436084747314,0.09009147435426712,0.32362648844718933,0.3029576241970062,False,8.173162366741808,0.004516327288001776,False,COASTAL INSPIRATION,Passengership-20161214-162017-50,False,Passengership/50.wav,Passengership
class_vessel_balanced_sampling,small_cnn,passengership-50-000105000ms,Passengership/50.wav,Passengership,1,coastal inspiration,train,105.0,110.0,0,Cargo,0.32905516028404236,0.2899309992790222,0.2833675146102905,0.09764629602432251,0.32905516028404236,0.2899309992790222,False,8.261318848977712,0.0044672428630292416,False,COASTAL INSPIRATION,Passengership-20161214-162017-50,False,Passengership/50.wav,Passengership
class_vessel_balanced_sampling,small_cnn,passengership-50-000110000ms,Passengership/50.wav,Passengership,1,coastal inspiration,train,110.0,115.0,0,Cargo,0.340628445148468,0.28069111704826355,0.29626190662384033,0.08241856843233109,0.340628445148468,0.28069111704826355,False,7.398493100984995,0.004280314780771732,False,COASTAL INSPIRATION,Passengership-20161214-162017-50,False,Passengership/50.wav,Passengership
class_vessel_balanced_sampling,small_cnn,passengership-50-000115000ms,Passengership/50.wav,Passengership,1,coastal inspiration,train,115.0,120.0,0,Cargo,0.34556105732917786,0.25659996271133423,0.31691059470176697,0.08092841506004333,0.34556105732917786,0.25659996271133423,False,7.008244698399648,0.005084759555757046,False,COASTAL INSPIRATION,Passengership-20161214-162017-50,False,Passengership/50.wav,Passengership
class_vessel_balanced_sampling,small_cnn,passengership-50-000120000ms,Passengership/50.wav,Passengership,1,coastal inspiration,train,120.0,125.0,0,Cargo,0.34803128242492676,0.2679910659790039,0.3131125867366791,0.0708649754524231,0.34803128242492676,0.2679910659790039,False,6.587946010285438,0.004880636930465698,False,COASTAL INSPIRATION,Passengership-20161214-162017-50,False,Passengership/50.wav,Passengership
class_vessel_balanced_sampling,small_cnn,passengership-50-000125000ms,Passengership/50.wav,Passengership,1,coastal inspiration,train,125.0,130.0,0,Cargo,0.3490524888038635,0.28746557235717773,0.29199498891830444,0.0714869499206543,0.3490524888038635,0.28746557235717773,False,6.873480846124713,0.004332232754677534,False,COASTAL INSPIRATION,Passengership-20161214-162017-50,False,Passengership/50.wav,Passengership
class_vessel_balanced_sampling,small_cnn,passengership-50-000130000ms,Passengership/50.wav,Passengership,1,coastal inspiration,train,130.0,135.0,0,Cargo,0.34226110577583313,0.2604864537715912,0.31927335262298584,0.07797913998365402,0.34226110577583313,0.2604864537715912,False,6.617996622967537,0.004779058042913675,False,COASTAL INSPIRATION,Passengership-20161214-162017-50,False,Passengership/50.wav,Passengership
class_vessel_balanced_sampling,small_cnn,passengership-50-000135000ms,Passengership/50.wav,Passengership,1,coastal inspiration,train,135.0,140.0,0,Cargo,0.366942435503006,0.2695103585720062,0.31078580021858215,0.05276133120059967,0.366942435503006,0.2695103585720062,False,4.969318439365706,0.004541552159935236,False,COASTAL INSPIRATION,Passengership-20161214-162017-50,False,Passengership/50.wav,Passengership
class_vessel_balanced_sampling,small_cnn,passengership-50-000140000ms,Passengership/50.wav,Passengership,1,coastal inspiration,train,140.0,145.0,0,Cargo,0.35521361231803894,0.2697351276874542,0.3065735399723053,0.06847774237394333,0.35521361231803894,0.2697351276874542,False,5.83137326255607,0.004333845805376768,False,COASTAL INSPIRATION,Passengership-20161214-162017-50,False,Passengership/50.wav,Passengership
class_vessel_balanced_sampling,small_cnn,passengership-50-000145000ms,Passengership/50.wav,Passengership,1,coastal inspiration,train,145.0,150.0,2,Tanker,0.3450535833835602,0.2332371026277542,0.35405099391937256,0.06765835732221603,0.35405099391937256,0.2332371026277542,False,5.489285259105366,0.004203477408736944,False,COASTAL INSPIRATION,Passengership-20161214-162017-50,False,Passengership/50.wav,Passengership
class_vessel_balanced_sampling,small_cnn,passengership-50-000150000ms,Passengership/50.wav,Passengership,1,coastal inspiration,train,150.0,155.0,2,Tanker,0.34784191846847534,0.24335651099681854,0.3615979254245758,0.047203678637742996,0.3615979254245758,0.24335651099681854,False,4.33996235463153,0.004394127521663904,False,COASTAL INSPIRATION,Passengership-20161214-162017-50,False,Passengership/50.wav,Passengership
class_vessel_balanced_sampling,small_cnn,passengership-50-000155000ms,Passengership/50.wav,Passengership,1,coastal inspiration,train,155.0,160.0,0,Cargo,0.3598697781562805,0.2539312541484833,0.3401758670806885,0.04602308198809624,0.3598697781562805,0.2539312541484833,False,4.534473803813206,0.004868430085480213,False,COASTAL INSPIRATION,Passengership-20161214-162017-50,True,Passengership/50.wav,Passengership
class_vessel_balanced_sampling,small_cnn,passengership-6-000000000ms,Passengership/6.wav,Passengership,1,coastal inspiration,train,0.0,5.0,0,Cargo,0.340815007686615,0.30276650190353394,0.2817150354385376,0.07470348477363586,0.340815007686615,0.30276650190353394,False,7.265369113312488,0.006285391747951508,False,COASTAL INSPIRATION,Passengership-20160507-202625-6,True,Passengership/6.wav,Passengership
class_vessel_balanced_sampling,small_cnn,passengership-6-000005000ms,Passengership/6.wav,Passengership,1,coastal inspiration,train,5.0,10.0,0,Cargo,0.33894485235214233,0.26952236890792847,0.29296380281448364,0.09856900572776794,0.33894485235214233,0.26952236890792847,False,7.820783384750694,0.005994635168462992,False,COASTAL INSPIRATION,Passengership-20160507-202625-6,False,Passengership/6.wav,Passengership
class_vessel_balanced_sampling,small_cnn,passengership-6-000010000ms,Passengership/6.wav,Passengership,1,coastal inspiration,train,10.0,15.0,0,Cargo,0.34047627449035645,0.2835470139980316,0.2858526110649109,0.09012411534786224,0.34047627449035645,0.2835470139980316,False,7.843364474402338,0.006444672122597694,False,COASTAL INSPIRATION,Passengership-20160507-202625-6,False,Passengership/6.wav,Passengership
class_vessel_balanced_sampling,small_cnn,passengership-6-000015000ms,Passengership/6.wav,Passengership,1,coastal inspiration,train,15.0,20.0,0,Cargo,0.3418305218219757,0.293296217918396,0.29380425810813904,0.07106899470090866,0.3418305218219757,0.293296217918396,False,6.631225337864244,0.006328550633043051,False,COASTAL INSPIRATION,Passengership-20160507-202625-6,False,Passengership/6.wav,Passengership
class_vessel_balanced_sampling,small_cnn,passengership-6-000020000ms,Passengership/6.wav,Passengership,1,coastal inspiration,train,20.0,25.0,0,Cargo,0.36315062642097473,0.30829647183418274,0.2727092504501343,0.05584361404180527,0.36315062642097473,0.30829647183418274,False,5.936974221710106,0.004379482939839363,False,COASTAL INSPIRATION,Passengership-20160507-202625-6,False,Passengership/6.wav,Passengership
class_vessel_balanced_sampling,small_cnn,passengership-6-000025000ms,Passengership/6.wav,Passengership,1,coastal inspiration,train,25.0,30.0,0,Cargo,0.35248321294784546,0.2928387522697449,0.3016906976699829,0.052987318485975266,0.35248321294784546,0.2928387522697449,False,5.375594249433176,0.005996559746563435,False,COASTAL INSPIRATION,Passengership-20160507-202625-6,True,Passengership/6.wav,Passengership
class_vessel_balanced_sampling,small_cnn,passengership-8-000000000ms,Passengership/8.wav,Passengership,1,kennicott,train,0.0,5.0,1,Passengership,0.3359493017196655,0.37637823820114136,0.2635461688041687,0.024126265197992325,0.37637823820114136,0.37637823820114136,True,3.158209699600288,0.004928600043058395,False,KENNICOTT,Passengership-20160515-062337-8,True,Passengership/8.wav,Passengership
class_vessel_balanced_sampling,small_cnn,passengership-8-000005000ms,Passengership/8.wav,Passengership,1,kennicott,train,5.0,10.0,1,Passengership,0.33910292387008667,0.3728678524494171,0.2688145339488983,0.019214589148759842,0.3728678524494171,0.3728678524494171,True,3.431888199046664,0.004660272505134344,False,KENNICOTT,Passengership-20160515-062337-8,True,Passengership/8.wav,Passengership
class_vessel_balanced_sampling,small_cnn,tanker-10-000000000ms,Tanker/10.wav,Tanker,2,nave orbit,train,0.0,5.0,2,Tanker,0.37669312953948975,0.2154058814048767,0.37702786922454834,0.030873078852891922,0.37702786922454834,0.37702786922454834,True,2.4716723065672714,0.0036054288502782583,False,NAVE ORBIT,Tanker-20160602-225434-10,True,Tanker/10.wav,Tanker
class_vessel_balanced_sampling,small_cnn,tanker-10-000005000ms,Tanker/10.wav,Tanker,2,nave orbit,train,5.0,10.0,2,Tanker,0.36892086267471313,0.20802167057991028,0.39112070202827454,0.03193676844239235,0.39112070202827454,0.39112070202827454,True,2.174544538321553,0.0031165361870080233,False,NAVE ORBIT,Tanker-20160602-225434-10,False,Tanker/10.wav,Tanker
class_vessel_balanced_sampling,small_cnn,tanker-10-000010000ms,Tanker/10.wav,Tanker,2,nave orbit,train,10.0,15.0,2,Tanker,0.3610488474369049,0.18096789717674255,0.42799386382102966,0.029989413917064667,0.42799386382102966,0.42799386382102966,True,2.8269507252275266,0.0024345265701413155,False,NAVE ORBIT,Tanker-20160602-225434-10,False,Tanker/10.wav,Tanker
class_vessel_balanced_sampling,small_cnn,tanker-10-000015000ms,Tanker/10.wav,Tanker,2,nave orbit,train,15.0,20.0,2,Tanker,0.3574674427509308,0.178249791264534,0.43909165263175964,0.025191109627485275,0.43909165263175964,0.43909165263175964,True,2.485787108125531,0.002381707774475217,False,NAVE ORBIT,Tanker-20160602-225434-10,False,Tanker/10.wav,Tanker
class_vessel_balanced_sampling,small_cnn,tanker-10-000020000ms,Tanker/10.wav,Tanker,2,nave orbit,train,20.0,25.0,2,Tanker,0.36483654379844666,0.20105795562267303,0.40933406352996826,0.024771537631750107,0.40933406352996826,0.40933406352996826,True,2.051503280388415,0.002246998716145754,False,NAVE ORBIT,Tanker-20160602-225434-10,False,Tanker/10.wav,Tanker
class_vessel_balanced_sampling,small_cnn,tanker-10-000025000ms,Tanker/10.wav,Tanker,2,nave orbit,train,25.0,30.0,2,Tanker,0.34657028317451477,0.1793651282787323,0.44664525985717773,0.027419358491897583,0.44664525985717773,0.44664525985717773,True,2.42095559032788,0.0023846602998673916,False,NAVE ORBIT,Tanker-20160602-225434-10,True,Tanker/10.wav,Tanker
class_vessel_balanced_sampling,small_cnn,tanker-12-000000000ms,Tanker/12.wav,Tanker,2,kirkeholmen,train,0.0,5.0,2,Tanker,0.3855268061161041,0.1893281638622284,0.39694738388061523,0.028197649866342545,0.39694738388061523,0.39694738388061523,True,2.151093509394303,0.002538640284910798,False,KIRKEHOLMEN,Tanker-20160612-211030-12,True,Tanker/12.wav,Tanker
class_vessel_balanced_sampling,small_cnn,tanker-12-000005000ms,Tanker/12.wav,Tanker,2,kirkeholmen,train,5.0,10.0,2,Tanker,0.3832303583621979,0.18611903488636017,0.4023244380950928,0.028326088562607765,0.4023244380950928,0.4023244380950928,True,2.0775827182451527,0.002545003779232502,False,KIRKEHOLMEN,Tanker-20160612-211030-12,False,Tanker/12.wav,Tanker
class_vessel_balanced_sampling,small_cnn,tanker-12-000010000ms,Tanker/12.wav,Tanker,2,kirkeholmen,train,10.0,15.0,0,Cargo,0.3931993246078491,0.19340308010578156,0.3891187608242035,0.024278849363327026,0.3931993246078491,0.3891187608242035,False,2.4388126782911077,0.002635242184624076,False,KIRKEHOLMEN,Tanker-20160612-211030-12,False,Tanker/12.wav,Tanker
class_vessel_balanced_sampling,small_cnn,tanker-12-000015000ms,Tanker/12.wav,Tanker,2,kirkeholmen,train,15.0,20.0,0,Cargo,0.3992086350917816,0.18533970415592194,0.39510583877563477,0.020345769822597504,0.3992086350917816,0.39510583877563477,False,2.990170850774423,0.0026492548640817404,False,KIRKEHOLMEN,Tanker-20160612-211030-12,False,Tanker/12.wav,Tanker
class_vessel_balanced_sampling,small_cnn,tanker-12-000020000ms,Tanker/12.wav,Tanker,2,kirkeholmen,train,20.0,25.0,2,Tanker,0.38547655940055847,0.17953163385391235,0.41306987404823303,0.021921996027231216,0.41306987404823303,0.41306987404823303,True,2.401984534824359,0.002714661182835698,False,KIRKEHOLMEN,Tanker-20160612-211030-12,False,Tanker/12.wav,Tanker
class_vessel_balanced_sampling,small_cnn,tanker-12-000025000ms,Tanker/12.wav,Tanker,2,kirkeholmen,train,25.0,30.0,2,Tanker,0.39366453886032104,0.18769989907741547,0.3995852470397949,0.01905030943453312,0.3995852470397949,0.3995852470397949,True,2.7284818496514607,0.0026775531005114317,False,KIRKEHOLMEN,Tanker-20160612-211030-12,True,Tanker/12.wav,Tanker
class_vessel_balanced_sampling,small_cnn,tanker-13-000000000ms,Tanker/13.wav,Tanker,2,high endurance,train,0.0,5.0,2,Tanker,0.3384997546672821,0.12923820316791534,0.5117356181144714,0.02052641659975052,0.5117356181144714,0.5117356181144714,True,4.486425995048091,0.007763721514493227,False,HIGH ENDURANCE,Tanker-20160613-061037-13,True,Tanker/13.wav,Tanker
class_vessel_balanced_sampling,small_cnn,tanker-13-000005000ms,Tanker/13.wav,Tanker,2,high endurance,train,5.0,10.0,2,Tanker,0.33333003520965576,0.13156943023204803,0.5149540305137634,0.020146580412983894,0.5149540305137634,0.5149540305137634,True,4.435755729526049,0.005282313097268343,False,HIGH ENDURANCE,Tanker-20160613-061037-13,False,Tanker/13.wav,Tanker
class_vessel_balanced_sampling,small_cnn,tanker-13-000010000ms,Tanker/13.wav,Tanker,2,high endurance,train,10.0,15.0,2,Tanker,0.32961347699165344,0.12364072352647781,0.5276975035667419,0.0190482996404171,0.5276975035667419,0.5276975035667419,True,4.971442477090517,0.0069955564104020596,False,HIGH ENDURANCE,Tanker-20160613-061037-13,False,Tanker/13.wav,Tanker
class_vessel_balanced_sampling,small_cnn,tanker-13-000015000ms,Tanker/13.wav,Tanker,2,high endurance,train,15.0,20.0,2,Tanker,0.3469208776950836,0.14267921447753906,0.49206945300102234,0.018330441787838936,0.49206945300102234,0.49206945300102234,True,4.101184449356474,0.007247268687933683,False,HIGH ENDURANCE,Tanker-20160613-061037-13,False,Tanker/13.wav,Tanker
class_vessel_balanced_sampling,small_cnn,tanker-13-000020000ms,Tanker/13.wav,Tanker,2,high endurance,train,20.0,25.0,2,Tanker,0.3561590909957886,0.14174790680408478,0.4841092824935913,0.017983749508857727,0.4841092824935913,0.4841092824935913,True,4.069524880485511,0.004769513383507729,False,HIGH ENDURANCE,Tanker-20160613-061037-13,False,Tanker/13.wav,Tanker
class_vessel_balanced_sampling,small_cnn,tanker-13-000025000ms,Tanker/13.wav,Tanker,2,high endurance,train,25.0,30.0,2,Tanker,0.3448041081428528,0.13578470051288605,0.497961163520813,0.021450094878673553,0.497961163520813,0.497961163520813,True,4.2026948979287635,0.004642999265342951,False,HIGH ENDURANCE,Tanker-20160613-061037-13,False,Tanker/13.wav,Tanker
class_vessel_balanced_sampling,small_cnn,tanker-13-000030000ms,Tanker/13.wav,Tanker,2,high endurance,train,30.0,35.0,2,Tanker,0.3459671139717102,0.13898572325706482,0.4948635399341583,0.020183654502034187,0.4948635399341583,0.4948635399341583,True,4.059761051449148,0.005543416365981102,False,HIGH ENDURANCE,Tanker-20160613-061037-13,False,Tanker/13.wav,Tanker
class_vessel_balanced_sampling,small_cnn,tanker-13-000035000ms,Tanker/13.wav,Tanker,2,high endurance,train,35.0,40.0,2,Tanker,0.34010064601898193,0.13763797283172607,0.501594066619873,0.02066735550761223,0.501594066619873,0.501594066619873,True,4.1461919952852195,0.004589706193655729,False,HIGH ENDURANCE,Tanker-20160613-061037-13,False,Tanker/13.wav,Tanker
class_vessel_balanced_sampling,small_cnn,tanker-13-000040000ms,Tanker/13.wav,Tanker,2,high endurance,train,40.0,45.0,2,Tanker,0.3270893394947052,0.12982523441314697,0.5217469334602356,0.0213384460657835,0.5217469334602356,0.5217469334602356,True,4.5664497342437205,0.005759106017649174,False,HIGH ENDURANCE,Tanker-20160613-061037-13,False,Tanker/13.wav,Tanker
class_vessel_balanced_sampling,small_cnn,tanker-13-000045000ms,Tanker/13.wav,Tanker,2,high endurance,train,45.0,50.0,2,Tanker,0.33253759145736694,0.13121479749679565,0.5160635709762573,0.020184097811579704,0.5160635709762573,0.5160635709762573,True,4.471532717221108,0.0062036155723035336,False,HIGH ENDURANCE,Tanker-20160613-061037-13,False,Tanker/13.wav,Tanker
class_vessel_balanced_sampling,small_cnn,tanker-13-000050000ms,Tanker/13.wav,Tanker,2,high endurance,train,50.0,55.0,2,Tanker,0.3330034911632538,0.13340014219284058,0.5085315704345703,0.025064712390303612,0.5085315704345703,0.5085315704345703,True,4.131393240061307,0.006391959264874458,False,HIGH ENDURANCE,Tanker-20160613-061037-13,False,Tanker/13.wav,Tanker
class_vessel_balanced_sampling,small_cnn,tanker-13-000055000ms,Tanker/13.wav,Tanker,2,high endurance,train,55.0,60.0,2,Tanker,0.3355156183242798,0.13387122750282288,0.5057705640792847,0.024842625483870506,0.5057705640792847,0.5057705640792847,True,3.975051179186271,0.006172382738441229,False,HIGH ENDURANCE,Tanker-20160613-061037-13,False,Tanker/13.wav,Tanker
class_vessel_balanced_sampling,small_cnn,tanker-13-000060000ms,Tanker/13.wav,Tanker,2,high endurance,train,60.0,65.0,2,Tanker,0.3414658010005951,0.13187912106513977,0.5034253001213074,0.023229802027344704,0.5034253001213074,0.5034253001213074,True,4.156015723325927,0.005605445709079504,False,HIGH ENDURANCE,Tanker-20160613-061037-13,False,Tanker/13.wav,Tanker
class_vessel_balanced_sampling,small_cnn,tanker-13-000065000ms,Tanker/13.wav,Tanker,2,high endurance,train,65.0,70.0,2,Tanker,0.34320950508117676,0.12852203845977783,0.509186327457428,0.019082190468907356,0.509186327457428,0.509186327457428,True,4.651338994423364,0.006275201216340065,False,HIGH ENDURANCE,Tanker-20160613-061037-13,False,Tanker/13.wav,Tanker
class_vessel_balanced_sampling,small_cnn,tanker-13-000070000ms,Tanker/13.wav,Tanker,2,high endurance,train,70.0,75.0,2,Tanker,0.35358911752700806,0.13270443677902222,0.4906231462955475,0.02308329939842224,0.4906231462955475,0.4906231462955475,True,4.328044247721964,0.006615403573960066,False,HIGH ENDURANCE,Tanker-20160613-061037-13,False,Tanker/13.wav,Tanker
class_vessel_balanced_sampling,small_cnn,tanker-13-000075000ms,Tanker/13.wav,Tanker,2,high endurance,train,75.0,80.0,2,Tanker,0.3563697040081024,0.13778840005397797,0.48405683040618896,0.021785033866763115,0.48405683040618896,0.48405683040618896,True,4.109457288454082,0.007959953509271145,False,HIGH ENDURANCE,Tanker-20160613-061037-13,False,Tanker/13.wav,Tanker
class_vessel_balanced_sampling,small_cnn,tanker-13-000080000ms,Tanker/13.wav,Tanker,2,high endurance,train,80.0,85.0,2,Tanker,0.33749568462371826,0.135269895195961,0.5004417300224304,0.026792680844664574,0.5004417300224304,0.5004417300224304,True,4.0483379334951595,0.010949568822979927,False,HIGH ENDURANCE,Tanker-20160613-061037-13,False,Tanker/13.wav,Tanker
class_vessel_balanced_sampling,small_cnn,tanker-13-000085000ms,Tanker/13.wav,Tanker,2,high endurance,train,85.0,90.0,2,Tanker,0.33446359634399414,0.1373615860939026,0.49070608615875244,0.03746871277689934,0.49070608615875244,0.49070608615875244,True,4.4433402773994795,0.010759014636278152,False,HIGH ENDURANCE,Tanker-20160613-061037-13,False,Tanker/13.wav,Tanker
class_vessel_balanced_sampling,small_cnn,tanker-13-000090000ms,Tanker/13.wav,Tanker,2,high endurance,train,90.0,95.0,2,Tanker,0.3248765468597412,0.13282659649848938,0.5101296305656433,0.03216728940606117,0.5101296305656433,0.5101296305656433,True,4.736076742365678,0.013120819814503193,False,HIGH ENDURANCE,Tanker-20160613-061037-13,False,Tanker/13.wav,Tanker
class_vessel_balanced_sampling,small_cnn,tanker-13-000095000ms,Tanker/13.wav,Tanker,2,high endurance,train,95.0,100.0,2,Tanker,0.3225145936012268,0.13338473439216614,0.5152812004089355,0.028819506987929344,0.5152812004089355,0.5152812004089355,True,4.865020010547576,0.01710280403494835,False,HIGH ENDURANCE,Tanker-20160613-061037-13,False,Tanker/13.wav,Tanker
class_vessel_balanced_sampling,small_cnn,tanker-13-000100000ms,Tanker/13.wav,Tanker,2,high endurance,train,100.0,105.0,2,Tanker,0.3105132579803467,0.13654418289661407,0.5109232664108276,0.04201936349272728,0.5109232664108276,0.5109232664108276,True,4.964065680137411,0.01606760546565056,False,HIGH ENDURANCE,Tanker-20160613-061037-13,False,Tanker/13.wav,Tanker
class_vessel_balanced_sampling,small_cnn,tanker-13-000105000ms,Tanker/13.wav,Tanker,2,high endurance,train,105.0,110.0,2,Tanker,0.2907992899417877,0.12827949225902557,0.5348465442657471,0.04607472941279411,0.5348465442657471,0.5348465442657471,True,5.460052335549442,0.020247768610715866,False,HIGH ENDURANCE,Tanker-20160613-061037-13,False,Tanker/13.wav,Tanker
class_vessel_balanced_sampling,small_cnn,tanker-13-000110000ms,Tanker/13.wav,Tanker,2,high endurance,train,110.0,115.0,2,Tanker,0.2762446701526642,0.12033763527870178,0.5515453219413757,0.05187232792377472,0.5515453219413757,0.5515453219413757,True,6.006995065981339,0.025265561416745186,False,HIGH ENDURANCE,Tanker-20160613-061037-13,False,Tanker/13.wav,Tanker
class_vessel_balanced_sampling,small_cnn,tanker-13-000115000ms,Tanker/13.wav,Tanker,2,high endurance,train,115.0,120.0,2,Tanker,0.27980002760887146,0.12242186814546585,0.5549750924110413,0.04280298203229904,0.5549750924110413,0.5549750924110413,True,5.515722941075135,0.02911512926220894,False,HIGH ENDURANCE,Tanker-20160613-061037-13,False,Tanker/13.wav,Tanker
class_vessel_balanced_sampling,small_cnn,tanker-13-000120000ms,Tanker/13.wav,Tanker,2,high endurance,train,120.0,125.0,2,Tanker,0.24868375062942505,0.09909459948539734,0.5879291892051697,0.0642925426363945,0.5879291892051697,0.5879291892051697,True,7.639863791323048,0.03959851711988449,False,HIGH ENDURANCE,Tanker-20160613-061037-13,False,Tanker/13.wav,Tanker
class_vessel_balanced_sampling,small_cnn,tanker-13-000125000ms,Tanker/13.wav,Tanker,2,high endurance,train,125.0,130.0,2,Tanker,0.24025729298591614,0.08992018550634384,0.5890728831291199,0.08074963837862015,0.5890728831291199,0.5890728831291199,True,8.463269335877982,0.04801607131958008,False,HIGH ENDURANCE,Tanker-20160613-061037-13,False,Tanker/13.wav,Tanker
class_vessel_balanced_sampling,small_cnn,tanker-13-000130000ms,Tanker/13.wav,Tanker,2,high endurance,train,130.0,135.0,2,Tanker,0.24580642580986023,0.09172101318836212,0.6008421778678894,0.06163035333156586,0.6008421778678894,0.6008421778678894,True,8.14054463838118,0.055677760392427444,False,HIGH ENDURANCE,Tanker-20160613-061037-13,False,Tanker/13.wav,Tanker
class_vessel_balanced_sampling,small_cnn,tanker-13-000135000ms,Tanker/13.wav,Tanker,2,high endurance,train,135.0,140.0,2,Tanker,0.2604741156101227,0.09868194162845612,0.5839122533798218,0.05693170800805092,0.5839122533798218,0.5839122533798218,True,7.65348137338372,0.06444346159696579,False,HIGH ENDURANCE,Tanker-20160613-061037-13,False,Tanker/13.wav,Tanker
class_vessel_balanced_sampling,small_cnn,tanker-13-000140000ms,Tanker/13.wav,Tanker,2,high endurance,train,140.0,145.0,2,Tanker,0.27371788024902344,0.0919935330748558,0.5764157772064209,0.05787277966737747,0.5764157772064209,0.5764157772064209,True,7.91336213521503,0.08362092822790146,False,HIGH ENDURANCE,Tanker-20160613-061037-13,False,Tanker/13.wav,Tanker
class_vessel_balanced_sampling,small_cnn,tanker-13-000145000ms,Tanker/13.wav,Tanker,2,high endurance,train,145.0,150.0,2,Tanker,0.2697578966617584,0.08008663356304169,0.587241530418396,0.0629139319062233,0.587241530418396,0.587241530418396,True,9.00992825718693,0.08501886576414108,False,HIGH ENDURANCE,Tanker-20160613-061037-13,False,Tanker/13.wav,Tanker
class_vessel_balanced_sampling,small_cnn,tanker-13-000150000ms,Tanker/13.wav,Tanker,2,high endurance,train,150.0,155.0,2,Tanker,0.2501037120819092,0.07106373459100723,0.6318231821060181,0.047009363770484924,0.6318231821060181,0.6318231821060181,True,9.396918521036271,0.08419951051473618,False,HIGH ENDURANCE,Tanker-20160613-061037-13,True,Tanker/13.wav,Tanker
class_vessel_balanced_sampling,small_cnn,tanker-14-000000000ms,Tanker/14.wav,Tanker,2,argent sunrise,train,0.0,5.0,0,Cargo,0.3826284408569336,0.2680927813053131,0.3379797637462616,0.011299057863652706,0.3826284408569336,0.3379797637462616,False,4.914791543686376,0.0034313341602683067,False,ARGENT SUNRISE,Tanker-20160615-063659-14,True,Tanker/14.wav,Tanker
class_vessel_balanced_sampling,small_cnn,tanker-14-000005000ms,Tanker/14.wav,Tanker,2,argent sunrise,train,5.0,10.0,0,Cargo,0.37951135635375977,0.26827290654182434,0.34158772230148315,0.010627999901771545,0.37951135635375977,0.34158772230148315,False,5.360862878639443,0.003452937351539731,False,ARGENT SUNRISE,Tanker-20160615-063659-14,False,Tanker/14.wav,Tanker
class_vessel_balanced_sampling,small_cnn,tanker-14-000010000ms,Tanker/14.wav,Tanker,2,argent sunrise,train,10.0,15.0,0,Cargo,0.3791778087615967,0.2667631208896637,0.34344446659088135,0.010614578612148762,0.3791778087615967,0.34344446659088135,False,5.520191202023658,0.0036795143969357014,False,ARGENT SUNRISE,Tanker-20160615-063659-14,False,Tanker/14.wav,Tanker
class_vessel_balanced_sampling,small_cnn,tanker-14-000015000ms,Tanker/14.wav,Tanker,2,argent sunrise,train,15.0,20.0,0,Cargo,0.3808249235153198,0.25173744559288025,0.3572225570678711,0.010215062648057938,0.3808249235153198,0.3572225570678711,False,5.502144573994687,0.004009634722024202,False,ARGENT SUNRISE,Tanker-20160615-063659-14,False,Tanker/14.wav,Tanker
class_vessel_balanced_sampling,small_cnn,tanker-14-000020000ms,Tanker/14.wav,Tanker,2,argent sunrise,train,20.0,25.0,0,Cargo,0.38127586245536804,0.2638663053512573,0.3433954417705536,0.011462359689176083,0.38127586245536804,0.3433954417705536,False,5.1059213548945355,0.004293394275009632,False,ARGENT SUNRISE,Tanker-20160615-063659-14,True,Tanker/14.wav,Tanker
class_vessel_balanced_sampling,small_cnn,tanker-2-000000000ms,Tanker/2.wav,Tanker,2,cherry galaxy,train,0.0,5.0,0,Cargo,0.40210583806037903,0.2632780373096466,0.3252347409725189,0.009381385520100594,0.40210583806037903,0.3252347409725189,False,6.529884259412157,0.0035831453278660774,False,CHERRY GALAXY,Tanker-20160511-030034-2,True,Tanker/2.wav,Tanker
class_vessel_balanced_sampling,small_cnn,tanker-2-000005000ms,Tanker/2.wav,Tanker,2,cherry galaxy,train,5.0,10.0,0,Cargo,0.40599167346954346,0.2602158784866333,0.32480180263519287,0.008990712463855743,0.40599167346954346,0.32480180263519287,False,6.598477104665645,0.0037581720389425755,False,CHERRY GALAXY,Tanker-20160511-030034-2,False,Tanker/2.wav,Tanker
class_vessel_balanced_sampling,small_cnn,tanker-2-000010000ms,Tanker/2.wav,Tanker,2,cherry galaxy,train,10.0,15.0,0,Cargo,0.40535619854927063,0.25187450647354126,0.3330593705177307,0.009709926322102547,0.40535619854927063,0.3330593705177307,False,5.93020032077799,0.002976482268422842,False,CHERRY GALAXY,Tanker-20160511-030034-2,False,Tanker/2.wav,Tanker
class_vessel_balanced_sampling,small_cnn,tanker-2-000015000ms,Tanker/2.wav,Tanker,2,cherry galaxy,train,15.0,20.0,0,Cargo,0.40860119462013245,0.2313801348209381,0.35015568137168884,0.009862941689789295,0.40860119462013245,0.35015568137168884,False,5.6788427729360444,0.002955279080197215,False,CHERRY GALAXY,Tanker-20160511-030034-2,False,Tanker/2.wav,Tanker
class_vessel_balanced_sampling,small_cnn,tanker-2-000020000ms,Tanker/2.wav,Tanker,2,cherry galaxy,train,20.0,25.0,0,Cargo,0.4016992449760437,0.25789445638656616,0.33050957322120667,0.009896715171635151,0.4016992449760437,0.33050957322120667,False,6.010114821577927,0.002752420026808977,False,CHERRY GALAXY,Tanker-20160511-030034-2,False,Tanker/2.wav,Tanker
class_vessel_balanced_sampling,small_cnn,tanker-2-000025000ms,Tanker/2.wav,Tanker,2,cherry galaxy,train,25.0,30.0,0,Cargo,0.39466196298599243,0.26081669330596924,0.33452627062797546,0.009995074942708015,0.39466196298599243,0.33452627062797546,False,5.6989049682511155,0.00242320797406137,False,CHERRY GALAXY,Tanker-20160511-030034-2,False,Tanker/2.wav,Tanker
class_vessel_balanced_sampling,small_cnn,tanker-2-000030000ms,Tanker/2.wav,Tanker,2,cherry galaxy,train,30.0,35.0,0,Cargo,0.38698920607566833,0.28586897253990173,0.3168598711490631,0.010281934402883053,0.38698920607566833,0.3168598711490631,False,6.054039145066843,0.002648556139320135,False,CHERRY GALAXY,Tanker-20160511-030034-2,False,Tanker/2.wav,Tanker
class_vessel_balanced_sampling,small_cnn,tanker-2-000035000ms,Tanker/2.wav,Tanker,2,cherry galaxy,train,35.0,40.0,0,Cargo,0.398514062166214,0.26595476269721985,0.3251137435436249,0.010417390614748001,0.398514062166214,0.3251137435436249,False,5.480625180300075,0.0027635800652205944,False,CHERRY GALAXY,Tanker-20160511-030034-2,False,Tanker/2.wav,Tanker
class_vessel_balanced_sampling,small_cnn,tanker-2-000040000ms,Tanker/2.wav,Tanker,2,cherry galaxy,train,40.0,45.0,0,Cargo,0.3969295024871826,0.2600002586841583,0.3332245945930481,0.00984562374651432,0.3969295024871826,0.3332245945930481,False,6.004596629063881,0.002670551184564829,False,CHERRY GALAXY,Tanker-20160511-030034-2,False,Tanker/2.wav,Tanker
class_vessel_balanced_sampling,small_cnn,tanker-2-000045000ms,Tanker/2.wav,Tanker,2,cherry galaxy,train,45.0,50.0,0,Cargo,0.39775317907333374,0.24300634860992432,0.34956052899360657,0.0096800047904253,0.39775317907333374,0.34956052899360657,False,6.01303318360751,0.0029374232981354,False,CHERRY GALAXY,Tanker-20160511-030034-2,False,Tanker/2.wav,Tanker
class_vessel_balanced_sampling,small_cnn,tanker-2-000050000ms,Tanker/2.wav,Tanker,2,cherry galaxy,train,50.0,55.0,0,Cargo,0.39596477150917053,0.23256419599056244,0.3609461486339569,0.010524897836148739,0.39596477150917053,0.3609461486339569,False,5.44895598579132,0.0027971542440354824,False,CHERRY GALAXY,Tanker-20160511-030034-2,False,Tanker/2.wav,Tanker
class_vessel_balanced_sampling,small_cnn,tanker-2-000055000ms,Tanker/2.wav,Tanker,2,cherry galaxy,train,55.0,60.0,0,Cargo,0.3948719799518585,0.24660629034042358,0.3482930660247803,0.010228724218904972,0.3948719799518585,0.3482930660247803,False,5.655448331867723,0.002666495041921735,False,CHERRY GALAXY,Tanker-20160511-030034-2,False,Tanker/2.wav,Tanker
class_vessel_balanced_sampling,small_cnn,tanker-2-000060000ms,Tanker/2.wav,Tanker,2,cherry galaxy,train,60.0,65.0,0,Cargo,0.39562496542930603,0.25469425320625305,0.33889973163604736,0.010781063698232174,0.39562496542930603,0.33889973163604736,False,5.402810522172552,0.0022208350710570812,False,CHERRY GALAXY,Tanker-20160511-030034-2,False,Tanker/2.wav,Tanker
class_vessel_balanced_sampling,small_cnn,tanker-2-000065000ms,Tanker/2.wav,Tanker,2,cherry galaxy,train,65.0,70.0,0,Cargo,0.3904595375061035,0.2713337540626526,0.3285317122936249,0.00967498030513525,0.3904595375061035,0.3285317122936249,False,6.260115380570402,0.002063876949250698,False,CHERRY GALAXY,Tanker-20160511-030034-2,False,Tanker/2.wav,Tanker
class_vessel_balanced_sampling,small_cnn,tanker-2-000070000ms,Tanker/2.wav,Tanker,2,cherry galaxy,train,70.0,75.0,0,Cargo,0.3821031153202057,0.27517133951187134,0.3318313956260681,0.010894092731177807,0.3821031153202057,0.3318313956260681,False,5.7377423525584055,0.00208497466519475,False,CHERRY GALAXY,Tanker-20160511-030034-2,False,Tanker/2.wav,Tanker
class_vessel_balanced_sampling,small_cnn,tanker-2-000075000ms,Tanker/2.wav,Tanker,2,cherry galaxy,train,75.0,80.0,0,Cargo,0.3907349705696106,0.24879774451255798,0.3498693108558655,0.01059792935848236,0.3907349705696106,0.3498693108558655,False,5.255076560644138,0.0019343127496540546,False,CHERRY GALAXY,Tanker-20160511-030034-2,False,Tanker/2.wav,Tanker
class_vessel_balanced_sampling,small_cnn,tanker-2-000080000ms,Tanker/2.wav,Tanker,2,cherry galaxy,train,80.0,85.0,0,Cargo,0.38576745986938477,0.26969248056411743,0.33356037735939026,0.010979707352817059,0.38576745986938477,0.33356037735939026,False,5.211499305995333,0.0019444921053946018,False,CHERRY GALAXY,Tanker-20160511-030034-2,False,Tanker/2.wav,Tanker
class_vessel_balanced_sampling,small_cnn,tanker-2-000085000ms,Tanker/2.wav,Tanker,2,cherry galaxy,train,85.0,90.0,0,Cargo,0.3812035024166107,0.26293930411338806,0.3448391854763031,0.011017998680472374,0.3812035024166107,0.3448391854763031,False,5.020119775713235,0.0018034741515293717,False,CHERRY GALAXY,Tanker-20160511-030034-2,False,Tanker/2.wav,Tanker
class_vessel_balanced_sampling,small_cnn,tanker-2-000090000ms,Tanker/2.wav,Tanker,2,cherry galaxy,train,90.0,95.0,0,Cargo,0.38680070638656616,0.2771090269088745,0.3251582384109497,0.010932020843029022,0.38680070638656616,0.3251582384109497,False,5.362855994726265,0.0015920312143862247,False,CHERRY GALAXY,Tanker-20160511-030034-2,False,Tanker/2.wav,Tanker
class_vessel_balanced_sampling,small_cnn,tanker-2-000095000ms,Tanker/2.wav,Tanker,2,cherry galaxy,train,95.0,100.0,0,Cargo,0.3816567659378052,0.27430641651153564,0.33271896839141846,0.011317801661789417,0.3816567659378052,0.33271896839141846,False,5.1910719837187225,0.0015566999791190028,False,CHERRY GALAXY,Tanker-20160511-030034-2,False,Tanker/2.wav,Tanker
class_vessel_balanced_sampling,small_cnn,tanker-2-000100000ms,Tanker/2.wav,Tanker,2,cherry galaxy,train,100.0,105.0,0,Cargo,0.38978469371795654,0.2536170780658722,0.34613314270973206,0.010465041734278202,0.38978469371795654,0.34613314270973206,False,5.138932645355002,0.0016746579203754663,False,CHERRY GALAXY,Tanker-20160511-030034-2,False,Tanker/2.wav,Tanker
class_vessel_balanced_sampling,small_cnn,tanker-2-000105000ms,Tanker/2.wav,Tanker,2,cherry galaxy,train,105.0,110.0,0,Cargo,0.39110854268074036,0.2598786950111389,0.3386041522026062,0.010408570058643818,0.39110854268074036,0.3386041522026062,False,5.235423922489026,0.0015991083346307278,False,CHERRY GALAXY,Tanker-20160511-030034-2,False,Tanker/2.wav,Tanker
class_vessel_balanced_sampling,small_cnn,tanker-2-000110000ms,Tanker/2.wav,Tanker,2,cherry galaxy,train,110.0,115.0,0,Cargo,0.395827978849411,0.2611394226551056,0.33284398913383484,0.010188608430325985,0.395827978849411,0.33284398913383484,False,5.27001799087938,0.0014157695695757866,False,CHERRY GALAXY,Tanker-20160511-030034-2,False,Tanker/2.wav,Tanker
class_vessel_balanced_sampling,small_cnn,tanker-2-000115000ms,Tanker/2.wav,Tanker,2,cherry galaxy,train,115.0,120.0,0,Cargo,0.39272943139076233,0.26759040355682373,0.32887840270996094,0.010801730677485466,0.39272943139076233,0.32887840270996094,False,4.94939445800352,0.0013724276795983315,False,CHERRY GALAXY,Tanker-20160511-030034-2,False,Tanker/2.wav,Tanker
class_vessel_balanced_sampling,small_cnn,tanker-2-000120000ms,Tanker/2.wav,Tanker,2,cherry galaxy,train,120.0,125.0,0,Cargo,0.39266401529312134,0.2665361166000366,0.32961657643318176,0.011183260008692741,0.39266401529312134,0.32961657643318176,False,4.722256110402363,0.0011752990540117025,False,CHERRY GALAXY,Tanker-20160511-030034-2,False,Tanker/2.wav,Tanker
class_vessel_balanced_sampling,small_cnn,tanker-2-000125000ms,Tanker/2.wav,Tanker,2,cherry galaxy,train,125.0,130.0,0,Cargo,0.39593011140823364,0.25351542234420776,0.33750754594802856,0.013046884909272194,0.39593011140823364,0.33750754594802856,False,3.687413735333165,0.0011253922712057829,False,CHERRY GALAXY,Tanker-20160511-030034-2,False,Tanker/2.wav,Tanker
class_vessel_balanced_sampling,small_cnn,tanker-2-000130000ms,Tanker/2.wav,Tanker,2,cherry galaxy,train,130.0,135.0,0,Cargo,0.394249826669693,0.24448981881141663,0.3501959443092346,0.011064387857913971,0.394249826669693,0.3501959443092346,False,4.459130204376586,0.00132335489615798,False,CHERRY GALAXY,Tanker-20160511-030034-2,False,Tanker/2.wav,Tanker
class_vessel_balanced_sampling,small_cnn,tanker-2-000135000ms,Tanker/2.wav,Tanker,2,cherry galaxy,train,135.0,140.0,0,Cargo,0.39062929153442383,0.2441905289888382,0.3536677062511444,0.011512406170368195,0.39062929153442383,0.3536677062511444,False,4.390259168998816,0.0014726441586390138,False,CHERRY GALAXY,Tanker-20160511-030034-2,False,Tanker/2.wav,Tanker
class_vessel_balanced_sampling,small_cnn,tanker-2-000140000ms,Tanker/2.wav,Tanker,2,cherry galaxy,train,140.0,145.0,0,Cargo,0.39691808819770813,0.23926886916160583,0.3518802225589752,0.01193285919725895,0.39691808819770813,0.3518802225589752,False,4.050821021282788,0.0014841514639556408,False,CHERRY GALAXY,Tanker-20160511-030034-2,False,Tanker/2.wav,Tanker
class_vessel_balanced_sampling,small_cnn,tanker-2-000145000ms,Tanker/2.wav,Tanker,2,cherry galaxy,train,145.0,150.0,0,Cargo,0.39620834589004517,0.25362130999565125,0.33762890100479126,0.012541428208351135,0.39620834589004517,0.33762890100479126,False,4.005232121194237,0.001323841279372573,False,CHERRY GALAXY,Tanker-20160511-030034-2,True,Tanker/2.wav,Tanker
class_vessel_balanced_sampling,small_cnn,tanker-20-000000000ms,Tanker/20.wav,Tanker,2,chemical aquarius,train,0.0,5.0,2,Tanker,0.36372825503349304,0.15396754443645477,0.4542960226535797,0.028008123859763145,0.4542960226535797,0.4542960226535797,True,3.806376263434724,0.0064092883840203285,False,CHEMICAL AQUARIUS,Tanker-20160702-225342-20,True,Tanker/20.wav,Tanker
class_vessel_balanced_sampling,small_cnn,tanker-20-000005000ms,Tanker/20.wav,Tanker,2,chemical aquarius,train,5.0,10.0,2,Tanker,0.35933974385261536,0.15278108417987823,0.4536795914173126,0.034199610352516174,0.4536795914173126,0.4536795914173126,True,3.7467006144407136,0.006739558652043343,False,CHEMICAL AQUARIUS,Tanker-20160702-225342-20,False,Tanker/20.wav,Tanker
class_vessel_balanced_sampling,small_cnn,tanker-20-000010000ms,Tanker/20.wav,Tanker,2,chemical aquarius,train,10.0,15.0,2,Tanker,0.37734028697013855,0.1611182987689972,0.4418659210205078,0.019675489515066147,0.4418659210205078,0.4418659210205078,True,3.0754733787085256,0.00661192461848259,False,CHEMICAL AQUARIUS,Tanker-20160702-225342-20,False,Tanker/20.wav,Tanker
class_vessel_balanced_sampling,small_cnn,tanker-20-000015000ms,Tanker/20.wav,Tanker,2,chemical aquarius,train,15.0,20.0,2,Tanker,0.3694972097873688,0.14569273591041565,0.4679088592529297,0.016901258379220963,0.4679088592529297,0.4679088592529297,True,3.9977967482248076,0.006702822167426348,False,CHEMICAL AQUARIUS,Tanker-20160702-225342-20,False,Tanker/20.wav,Tanker
class_vessel_balanced_sampling,small_cnn,tanker-20-000020000ms,Tanker/20.wav,Tanker,2,chemical aquarius,train,20.0,25.0,2,Tanker,0.3865261375904083,0.17472225427627563,0.4226299524307251,0.0161216389387846,0.4226299524307251,0.4226299524307251,True,3.1572895222164474,0.006050637923181057,False,CHEMICAL AQUARIUS,Tanker-20160702-225342-20,False,Tanker/20.wav,Tanker
class_vessel_balanced_sampling,small_cnn,tanker-20-000025000ms,Tanker/20.wav,Tanker,2,chemical aquarius,train,25.0,30.0,0,Cargo,0.39306581020355225,0.20152617990970612,0.3920018970966339,0.013406061567366123,0.39306581020355225,0.3920018970966339,False,3.862830807614596,0.005412094295024872,False,CHEMICAL AQUARIUS,Tanker-20160702-225342-20,False,Tanker/20.wav,Tanker
class_vessel_balanced_sampling,small_cnn,tanker-20-000030000ms,Tanker/20.wav,Tanker,2,chemical aquarius,train,30.0,35.0,0,Cargo,0.3901362419128418,0.2155916690826416,0.3807642161846161,0.013507841154932976,0.3901362419128418,0.3807642161846161,False,3.889304120333602,0.00447840616106987,False,CHEMICAL AQUARIUS,Tanker-20160702-225342-20,False,Tanker/20.wav,Tanker
class_vessel_balanced_sampling,small_cnn,tanker-20-000035000ms,Tanker/20.wav,Tanker,2,chemical aquarius,train,35.0,40.0,2,Tanker,0.3792254626750946,0.22015461325645447,0.3844726085662842,0.016147280111908913,0.3844726085662842,0.3844726085662842,True,3.5672601085492257,0.004328551702201366,False,CHEMICAL AQUARIUS,Tanker-20160702-225342-20,False,Tanker/20.wav,Tanker
class_vessel_balanced_sampling,small_cnn,tanker-20-000040000ms,Tanker/20.wav,Tanker,2,chemical aquarius,train,40.0,45.0,2,Tanker,0.37252122163772583,0.22386151552200317,0.38662561774253845,0.016991645097732544,0.38662561774253845,0.38662561774253845,True,2.7669187953241017,0.005093628540635109,False,CHEMICAL AQUARIUS,Tanker-20160702-225342-20,False,Tanker/20.wav,Tanker
class_vessel_balanced_sampling,small_cnn,tanker-20-000045000ms,Tanker/20.wav,Tanker,2,chemical aquarius,train,45.0,50.0,2,Tanker,0.3782254755496979,0.20965443551540375,0.39438146352767944,0.01773863285779953,0.39438146352767944,0.39438146352767944,True,2.7393036277451728,0.004485145211219788,False,CHEMICAL AQUARIUS,Tanker-20160702-225342-20,False,Tanker/20.wav,Tanker
class_vessel_balanced_sampling,small_cnn,tanker-20-000050000ms,Tanker/20.wav,Tanker,2,chemical aquarius,train,50.0,55.0,2,Tanker,0.3876197636127472,0.1999594271183014,0.39543604850769043,0.016984743997454643,0.39543604850769043,0.39543604850769043,True,2.4445486988784837,0.004403985571116209,False,CHEMICAL AQUARIUS,Tanker-20160702-225342-20,False,Tanker/20.wav,Tanker
class_vessel_balanced_sampling,small_cnn,tanker-20-000055000ms,Tanker/20.wav,Tanker,2,chemical aquarius,train,55.0,60.0,2,Tanker,0.3948545753955841,0.18174131214618683,0.4080664813518524,0.015337550081312656,0.4080664813518524,0.4080664813518524,True,3.1348918003380897,0.0044971914030611515,False,CHEMICAL AQUARIUS,Tanker-20160702-225342-20,False,Tanker/20.wav,Tanker
class_vessel_balanced_sampling,small_cnn,tanker-20-000060000ms,Tanker/20.wav,Tanker,2,chemical aquarius,train,60.0,65.0,2,Tanker,0.37948817014694214,0.1997223198413849,0.40552541613578796,0.01526404358446598,0.40552541613578796,0.40552541613578796,True,3.024365203619006,0.005027550272643566,False,CHEMICAL AQUARIUS,Tanker-20160702-225342-20,False,Tanker/20.wav,Tanker
class_vessel_balanced_sampling,small_cnn,tanker-20-000065000ms,Tanker/20.wav,Tanker,2,chemical aquarius,train,65.0,70.0,0,Cargo,0.39718005061149597,0.2326282560825348,0.3575712740421295,0.012620417401194572,0.39718005061149597,0.3575712740421295,False,3.5025631783756546,0.0052133663557469845,False,CHEMICAL AQUARIUS,Tanker-20160702-225342-20,False,Tanker/20.wav,Tanker
class_vessel_balanced_sampling,small_cnn,tanker-20-000070000ms,Tanker/20.wav,Tanker,2,chemical aquarius,train,70.0,75.0,0,Cargo,0.39585360884666443,0.22309944033622742,0.36578819155693054,0.015258797444403172,0.39585360884666443,0.36578819155693054,False,2.5850919778670716,0.003987996838986874,False,CHEMICAL AQUARIUS,Tanker-20160702-225342-20,False,Tanker/20.wav,Tanker
class_vessel_balanced_sampling,small_cnn,tanker-20-000075000ms,Tanker/20.wav,Tanker,2,chemical aquarius,train,75.0,80.0,0,Cargo,0.39967939257621765,0.20833495259284973,0.3744344413280487,0.01755121909081936,0.39967939257621765,0.3744344413280487,False,2.3843395094913413,0.004071122035384178,False,CHEMICAL AQUARIUS,Tanker-20160702-225342-20,False,Tanker/20.wav,Tanker
class_vessel_balanced_sampling,small_cnn,tanker-20-000080000ms,Tanker/20.wav,Tanker,2,chemical aquarius,train,80.0,85.0,2,Tanker,0.39508089423179626,0.18906307220458984,0.395832896232605,0.02002314105629921,0.395832896232605,0.395832896232605,True,2.498138788666162,0.00415075896307826,False,CHEMICAL AQUARIUS,Tanker-20160702-225342-20,False,Tanker/20.wav,Tanker
class_vessel_balanced_sampling,small_cnn,tanker-20-000085000ms,Tanker/20.wav,Tanker,2,chemical aquarius,train,85.0,90.0,2,Tanker,0.37024441361427307,0.19971506297588348,0.4064822793006897,0.02355830743908882,0.4064822793006897,0.4064822793006897,True,1.6645231660765116,0.0052676028572022915,False,CHEMICAL AQUARIUS,Tanker-20160702-225342-20,False,Tanker/20.wav,Tanker
class_vessel_balanced_sampling,small_cnn,tanker-20-000090000ms,Tanker/20.wav,Tanker,2,chemical aquarius,train,90.0,95.0,2,Tanker,0.37315136194229126,0.2234584391117096,0.38149791955947876,0.02189231477677822,0.38149791955947876,0.38149791955947876,True,1.9482425414527997,0.004487473517656326,False,CHEMICAL AQUARIUS,Tanker-20160702-225342-20,False,Tanker/20.wav,Tanker
class_vessel_balanced_sampling,small_cnn,tanker-20-000095000ms,Tanker/20.wav,Tanker,2,chemical aquarius,train,95.0,100.0,2,Tanker,0.3792777359485626,0.19908978044986725,0.396894633769989,0.024737823754549026,0.396894633769989,0.396894633769989,True,1.7847445466843705,0.003055243520066142,False,CHEMICAL AQUARIUS,Tanker-20160702-225342-20,True,Tanker/20.wav,Tanker
class_vessel_balanced_sampling,small_cnn,tanker-21-000000000ms,Tanker/21.wav,Tanker,2,chemical aquarius,train,0.0,5.0,2,Tanker,0.33801034092903137,0.13528184592723846,0.48999953269958496,0.03670825809240341,0.48999953269958496,0.48999953269958496,True,4.496519639514038,0.004124295897781849,False,CHEMICAL AQUARIUS,Tanker-20160702-225342-21,True,Tanker/21.wav,Tanker
class_vessel_balanced_sampling,small_cnn,tanker-21-000005000ms,Tanker/21.wav,Tanker,2,chemical aquarius,train,5.0,10.0,2,Tanker,0.3464956283569336,0.13953621685504913,0.4769384562969208,0.03702974691987038,0.4769384562969208,0.4769384562969208,True,4.368281150584055,0.003769224975258112,False,CHEMICAL AQUARIUS,Tanker-20160702-225342-21,False,Tanker/21.wav,Tanker
class_vessel_balanced_sampling,small_cnn,tanker-21-000010000ms,Tanker/21.wav,Tanker,2,chemical aquarius,train,10.0,15.0,2,Tanker,0.34276264905929565,0.13918116688728333,0.48193737864494324,0.03611879423260689,0.48193737864494324,0.48193737864494324,True,4.184706260292174,0.005861582234501839,False,CHEMICAL AQUARIUS,Tanker-20160702-225342-21,True,Tanker/21.wav,Tanker
class_vessel_balanced_sampling,small_cnn,tanker-24-000000000ms,Tanker/24.wav,Tanker,2,high endurance,train,0.0,5.0,0,Cargo,0.39767035841941833,0.245828777551651,0.34623879194259644,0.010262145660817623,0.39767035841941833,0.34623879194259644,False,4.937687159646145,0.0075492095202207565,False,HIGH ENDURANCE,Tanker-20160710-104049-24,True,Tanker/24.wav,Tanker
class_vessel_balanced_sampling,small_cnn,tanker-24-000005000ms,Tanker/24.wav,Tanker,2,high endurance,train,5.0,10.0,0,Cargo,0.4034271240234375,0.23331758379936218,0.35384994745254517,0.00940532423555851,0.4034271240234375,0.35384994745254517,False,5.34401019161875,0.007382235024124384,False,HIGH ENDURANCE,Tanker-20160710-104049-24,False,Tanker/24.wav,Tanker
class_vessel_balanced_sampling,small_cnn,tanker-24-000010000ms,Tanker/24.wav,Tanker,2,high endurance,train,10.0,15.0,0,Cargo,0.4116622507572174,0.24096783995628357,0.336768239736557,0.010601705871522427,0.4116622507572174,0.336768239736557,False,4.474467390998909,0.006490396801382303,False,HIGH ENDURANCE,Tanker-20160710-104049-24,False,Tanker/24.wav,Tanker
class_vessel_balanced_sampling,small_cnn,tanker-24-000015000ms,Tanker/24.wav,Tanker,2,high endurance,train,15.0,20.0,0,Cargo,0.4100927412509918,0.2314993441104889,0.3481515645980835,0.01025631744414568,0.4100927412509918,0.3481515645980835,False,4.603940376412684,0.006501734256744385,False,HIGH ENDURANCE,Tanker-20160710-104049-24,True,Tanker/24.wav,Tanker
class_vessel_balanced_sampling,small_cnn,tanker-29-000000000ms,Tanker/29.wav,Tanker,2,high endurance,train,0.0,5.0,2,Tanker,0.36819982528686523,0.1755305826663971,0.44644781947135925,0.00982173066586256,0.44644781947135925,0.44644781947135925,True,5.227227576503062,0.046880144625902176,False,HIGH ENDURANCE,Tanker-20160724-025459-29,True,Tanker/29.wav,Tanker
class_vessel_balanced_sampling,small_cnn,tanker-29-000005000ms,Tanker/29.wav,Tanker,2,high endurance,train,5.0,10.0,2,Tanker,0.3712991774082184,0.17469343543052673,0.4438156187534332,0.010191735811531544,0.4438156187534332,0.4438156187534332,True,4.92951232608729,0.03791870176792145,False,HIGH ENDURANCE,Tanker-20160724-025459-29,False,Tanker/29.wav,Tanker
class_vessel_balanced_sampling,small_cnn,tanker-29-000010000ms,Tanker/29.wav,Tanker,2,high endurance,train,10.0,15.0,2,Tanker,0.3684729039669037,0.1794004887342453,0.44147616624832153,0.010650372132658958,0.44147616624832153,0.44147616624832153,True,4.764734620983422,0.031045012176036835,False,HIGH ENDURANCE,Tanker-20160724-025459-29,False,Tanker/29.wav,Tanker
class_vessel_balanced_sampling,small_cnn,tanker-29-000015000ms,Tanker/29.wav,Tanker,2,high endurance,train,15.0,20.0,2,Tanker,0.3722981810569763,0.17493698000907898,0.44217631220817566,0.01058853231370449,0.44217631220817566,0.44217631220817566,True,4.693202219675644,0.027050897479057312,False,HIGH ENDURANCE,Tanker-20160724-025459-29,False,Tanker/29.wav,Tanker
class_vessel_balanced_sampling,small_cnn,tanker-29-000020000ms,Tanker/29.wav,Tanker,2,high endurance,train,20.0,25.0,2,Tanker,0.3723852336406708,0.17457570135593414,0.4433140456676483,0.00972506869584322,0.4433140456676483,0.4433140456676483,True,5.104184258982074,0.02372407354414463,False,HIGH ENDURANCE,Tanker-20160724-025459-29,False,Tanker/29.wav,Tanker
class_vessel_balanced_sampling,small_cnn,tanker-29-000025000ms,Tanker/29.wav,Tanker,2,high endurance,train,25.0,30.0,2,Tanker,0.37499648332595825,0.17787693440914154,0.43833860754966736,0.008787957951426506,0.43833860754966736,0.43833860754966736,True,5.737841908658348,0.019739314913749695,False,HIGH ENDURANCE,Tanker-20160724-025459-29,False,Tanker/29.wav,Tanker
class_vessel_balanced_sampling,small_cnn,tanker-29-000030000ms,Tanker/29.wav,Tanker,2,high endurance,train,30.0,35.0,2,Tanker,0.37939152121543884,0.1842130720615387,0.42690417170524597,0.009491274133324623,0.42690417170524597,0.42690417170524597,True,5.2507933226640695,0.017223620787262917,False,HIGH ENDURANCE,Tanker-20160724-025459-29,False,Tanker/29.wav,Tanker
class_vessel_balanced_sampling,small_cnn,tanker-29-000035000ms,Tanker/29.wav,Tanker,2,high endurance,train,35.0,40.0,2,Tanker,0.381836473941803,0.20045676827430725,0.4070720076560974,0.010634788312017918,0.4070720076560974,0.4070720076560974,True,4.790763535669945,0.014350437559187412,False,HIGH ENDURANCE,Tanker-20160724-025459-29,False,Tanker/29.wav,Tanker
class_vessel_balanced_sampling,small_cnn,tanker-29-000040000ms,Tanker/29.wav,Tanker,2,high endurance,train,40.0,45.0,2,Tanker,0.3741900324821472,0.19614143669605255,0.41646239161491394,0.013206135481595993,0.41646239161491394,0.41646239161491394,True,3.8631332253972754,0.012895379215478897,False,HIGH ENDURANCE,Tanker-20160724-025459-29,False,Tanker/29.wav,Tanker
class_vessel_balanced_sampling,small_cnn,tanker-29-000045000ms,Tanker/29.wav,Tanker,2,high endurance,train,45.0,50.0,2,Tanker,0.3821960687637329,0.19864918291568756,0.40519383549690247,0.013960931450128555,0.40519383549690247,0.40519383549690247,True,3.6639033318329584,0.011954810470342636,False,HIGH ENDURANCE,Tanker-20160724-025459-29,False,Tanker/29.wav,Tanker
class_vessel_balanced_sampling,small_cnn,tanker-29-000050000ms,Tanker/29.wav,Tanker,2,high endurance,train,50.0,55.0,2,Tanker,0.39115235209465027,0.1986728459596634,0.3985936641693115,0.011581161059439182,0.3985936641693115,0.3985936641693115,True,4.159615335936982,0.011124149896204472,False,HIGH ENDURANCE,Tanker-20160724-025459-29,False,Tanker/29.wav,Tanker
class_vessel_balanced_sampling,small_cnn,tanker-29-000055000ms,Tanker/29.wav,Tanker,2,high endurance,train,55.0,60.0,2,Tanker,0.37671729922294617,0.21192941069602966,0.4012044072151184,0.010148897767066956,0.4012044072151184,0.4012044072151184,True,5.2345648225506265,0.009638391435146332,False,HIGH ENDURANCE,Tanker-20160724-025459-29,False,Tanker/29.wav,Tanker
class_vessel_balanced_sampling,small_cnn,tanker-29-000060000ms,Tanker/29.wav,Tanker,2,high endurance,train,60.0,65.0,2,Tanker,0.3824734091758728,0.22281046211719513,0.3852557837963104,0.009460370056331158,0.3852557837963104,0.3852557837963104,True,5.897830934222074,0.008677937090396881,False,HIGH ENDURANCE,Tanker-20160724-025459-29,False,Tanker/29.wav,Tanker
class_vessel_balanced_sampling,small_cnn,tanker-29-000065000ms,Tanker/29.wav,Tanker,2,high endurance,train,65.0,70.0,0,Cargo,0.38325390219688416,0.2261328399181366,0.3809841573238373,0.009629076346755028,0.38325390219688416,0.3809841573238373,False,5.601949476191399,0.008389880880713463,False,HIGH ENDURANCE,Tanker-20160724-025459-29,False,Tanker/29.wav,Tanker
class_vessel_balanced_sampling,small_cnn,tanker-29-000070000ms,Tanker/29.wav,Tanker,2,high endurance,train,70.0,75.0,2,Tanker,0.37833669781684875,0.19119523465633392,0.42217037081718445,0.008297659456729889,0.42217037081718445,0.42217037081718445,True,6.28427333940243,0.010172802954912186,False,HIGH ENDURANCE,Tanker-20160724-025459-29,False,Tanker/29.wav,Tanker
class_vessel_balanced_sampling,small_cnn,tanker-29-000075000ms,Tanker/29.wav,Tanker,2,high endurance,train,75.0,80.0,2,Tanker,0.38569220900535583,0.19985716044902802,0.40627866983413696,0.008171947672963142,0.40627866983413696,0.40627866983413696,True,6.531591120946273,0.009284458123147488,False,HIGH ENDURANCE,Tanker-20160724-025459-29,False,Tanker/29.wav,Tanker
class_vessel_balanced_sampling,small_cnn,tanker-29-000080000ms,Tanker/29.wav,Tanker,2,high endurance,train,80.0,85.0,2,Tanker,0.38796111941337585,0.19937212765216827,0.40434157848358154,0.008325128816068172,0.40434157848358154,0.40434157848358154,True,6.289684874227228,0.008484091609716415,False,HIGH ENDURANCE,Tanker-20160724-025459-29,False,Tanker/29.wav,Tanker
class_vessel_balanced_sampling,small_cnn,tanker-29-000085000ms,Tanker/29.wav,Tanker,2,high endurance,train,85.0,90.0,2,Tanker,0.38536468148231506,0.19173161685466766,0.4147486388683319,0.008155046962201595,0.4147486388683319,0.4147486388683319,True,6.301867960741014,0.008577239699661732,False,HIGH ENDURANCE,Tanker-20160724-025459-29,False,Tanker/29.wav,Tanker
class_vessel_balanced_sampling,small_cnn,tanker-29-000090000ms,Tanker/29.wav,Tanker,2,high endurance,train,90.0,95.0,2,Tanker,0.3807018995285034,0.1974537968635559,0.4135378897190094,0.008306391537189484,0.4135378897190094,0.4135378897190094,True,6.28879369649705,0.008595195598900318,False,HIGH ENDURANCE,Tanker-20160724-025459-29,False,Tanker/29.wav,Tanker
class_vessel_balanced_sampling,small_cnn,tanker-29-000095000ms,Tanker/29.wav,Tanker,2,high endurance,train,95.0,100.0,2,Tanker,0.3803900480270386,0.18340401351451874,0.42845889925956726,0.007747020572423935,0.42845889925956726,0.42845889925956726,True,6.626590993141394,0.009896916337311268,False,HIGH ENDURANCE,Tanker-20160724-025459-29,False,Tanker/29.wav,Tanker
class_vessel_balanced_sampling,small_cnn,tanker-29-000100000ms,Tanker/29.wav,Tanker,2,high endurance,train,100.0,105.0,2,Tanker,0.38657504320144653,0.17640766501426697,0.42932531237602234,0.0076919482089579105,0.42932531237602234,0.42932531237602234,True,6.727354007913449,0.0095404963940382,False,HIGH ENDURANCE,Tanker-20160724-025459-29,True,Tanker/29.wav,Tanker
class_vessel_balanced_sampling,small_cnn,tanker-30-000000000ms,Tanker/30.wav,Tanker,2,nord steady,train,0.0,5.0,2,Tanker,0.35941562056541443,0.21188393235206604,0.40384888648986816,0.024851512163877487,0.40384888648986816,0.40384888648986816,True,1.954388116878147,0.00285487063229084,False,NORD STEADY,Tanker-20160808-203415-30,True,Tanker/30.wav,Tanker
class_vessel_balanced_sampling,small_cnn,tanker-30-000005000ms,Tanker/30.wav,Tanker,2,nord steady,train,5.0,10.0,2,Tanker,0.3555740714073181,0.19583232700824738,0.42215242981910706,0.026441238820552826,0.42215242981910706,0.42215242981910706,True,1.8404838533747785,0.0029437951743602753,False,NORD STEADY,Tanker-20160808-203415-30,False,Tanker/30.wav,Tanker
class_vessel_balanced_sampling,small_cnn,tanker-30-000010000ms,Tanker/30.wav,Tanker,2,nord steady,train,10.0,15.0,2,Tanker,0.3474939167499542,0.201665461063385,0.41261762380599976,0.03822304680943489,0.41261762380599976,0.41261762380599976,True,2.9090674233634775,0.00281522492878139,False,NORD STEADY,Tanker-20160808-203415-30,False,Tanker/30.wav,Tanker
class_vessel_balanced_sampling,small_cnn,tanker-30-000015000ms,Tanker/30.wav,Tanker,2,nord steady,train,15.0,20.0,2,Tanker,0.32990896701812744,0.20077528059482574,0.4233373701572418,0.045978378504514694,0.4233373701572418,0.4233373701572418,True,3.792906019108299,0.0028758463449776173,False,NORD STEADY,Tanker-20160808-203415-30,False,Tanker/30.wav,Tanker
class_vessel_balanced_sampling,small_cnn,tanker-30-000020000ms,Tanker/30.wav,Tanker,2,nord steady,train,20.0,25.0,2,Tanker,0.29253166913986206,0.16785317659378052,0.45713478326797485,0.08248043060302734,0.45713478326797485,0.45713478326797485,True,6.30847469477306,0.002873324789106846,False,NORD STEADY,Tanker-20160808-203415-30,False,Tanker/30.wav,Tanker
class_vessel_balanced_sampling,small_cnn,tanker-30-000025000ms,Tanker/30.wav,Tanker,2,nord steady,train,25.0,30.0,2,Tanker,0.2770286798477173,0.14878559112548828,0.48280832171440125,0.09137741476297379,0.48280832171440125,0.48280832171440125,True,6.889239591248556,0.0026867541018873453,False,NORD STEADY,Tanker-20160808-203415-30,True,Tanker/30.wav,Tanker
class_vessel_balanced_sampling,small_cnn,tanker-32-000000000ms,Tanker/32.wav,Tanker,2,kirkeholmen,train,0.0,5.0,0,Cargo,0.38721638917922974,0.23595036566257477,0.36256304383277893,0.014270137995481491,0.38721638917922974,0.36256304383277893,False,3.281741122393655,0.0011855988996103406,False,KIRKEHOLMEN,Tanker-20160810-215541-32,True,Tanker/32.wav,Tanker
class_vessel_balanced_sampling,small_cnn,tanker-32-000005000ms,Tanker/32.wav,Tanker,2,kirkeholmen,train,5.0,10.0,0,Cargo,0.38274168968200684,0.2695131003856659,0.3333895206451416,0.014355728402733803,0.38274168968200684,0.3333895206451416,False,3.65155750194219,0.0012582509079948068,False,KIRKEHOLMEN,Tanker-20160810-215541-32,False,Tanker/32.wav,Tanker
class_vessel_balanced_sampling,small_cnn,tanker-32-000010000ms,Tanker/32.wav,Tanker,2,kirkeholmen,train,10.0,15.0,0,Cargo,0.3842333257198334,0.2516697347164154,0.3463238775730133,0.01777310110628605,0.3842333257198334,0.3463238775730133,False,2.8335014711302073,0.001061555347405374,False,KIRKEHOLMEN,Tanker-20160810-215541-32,False,Tanker/32.wav,Tanker
class_vessel_balanced_sampling,small_cnn,tanker-32-000015000ms,Tanker/32.wav,Tanker,2,kirkeholmen,train,15.0,20.0,0,Cargo,0.3880990147590637,0.252259761095047,0.345669150352478,0.013972057029604912,0.3880990147590637,0.345669150352478,False,3.5724103222399606,0.0012354846112430096,False,KIRKEHOLMEN,Tanker-20160810-215541-32,False,Tanker/32.wav,Tanker
class_vessel_balanced_sampling,small_cnn,tanker-32-000020000ms,Tanker/32.wav,Tanker,2,kirkeholmen,train,20.0,25.0,0,Cargo,0.40250733494758606,0.25259461998939514,0.3337778151035309,0.011120177805423737,0.40250733494758606,0.3337778151035309,False,4.573278511666499,0.0014895553467795253,False,KIRKEHOLMEN,Tanker-20160810-215541-32,False,Tanker/32.wav,Tanker
class_vessel_balanced_sampling,small_cnn,tanker-32-000025000ms,Tanker/32.wav,Tanker,2,kirkeholmen,train,25.0,30.0,0,Cargo,0.3937493562698364,0.23425407707691193,0.35820087790489197,0.013795701786875725,0.3937493562698364,0.35820087790489197,False,3.287880285613876,0.0015527763171121478,False,KIRKEHOLMEN,Tanker-20160810-215541-32,False,Tanker/32.wav,Tanker
class_vessel_balanced_sampling,small_cnn,tanker-32-000030000ms,Tanker/32.wav,Tanker,2,kirkeholmen,train,30.0,35.0,2,Tanker,0.3831937909126282,0.21346387267112732,0.38710904121398926,0.016233280301094055,0.38710904121398926,0.38710904121398926,True,2.5966316389922377,0.0016383741749450564,False,KIRKEHOLMEN,Tanker-20160810-215541-32,True,Tanker/32.wav,Tanker
class_vessel_balanced_sampling,small_cnn,tanker-33-000000000ms,Tanker/33.wav,Tanker,2,emma victory,train,0.0,5.0,2,Tanker,0.216790109872818,0.13610343635082245,0.3570603132247925,0.2900460958480835,0.3570603132247925,0.3570603132247925,True,12.201045136197218,0.007180472370237112,False,EMMA VICTORY,Tanker-20160823-041452-33,True,Tanker/33.wav,Tanker
class_vessel_balanced_sampling,small_cnn,tanker-33-000005000ms,Tanker/33.wav,Tanker,2,emma victory,train,5.0,10.0,3,Tug,0.14421898126602173,0.07892484217882156,0.2855880558490753,0.4912680387496948,0.4912680387496948,0.2855880558490753,False,10.001792998059761,0.006712156813591719,False,EMMA VICTORY,Tanker-20160823-041452-33,False,Tanker/33.wav,Tanker
class_vessel_balanced_sampling,small_cnn,tanker-33-000010000ms,Tanker/33.wav,Tanker,2,emma victory,train,10.0,15.0,3,Tug,0.14950361847877502,0.08287418633699417,0.2984159290790558,0.469206303358078,0.469206303358078,0.2984159290790558,False,10.2129025302488,0.007992252707481384,False,EMMA VICTORY,Tanker-20160823-041452-33,True,Tanker/33.wav,Tanker
class_vessel_balanced_sampling,small_cnn,tanker-35-000000000ms,Tanker/35.wav,Tanker,2,kirkeholmen,train,0.0,5.0,2,Tanker,0.242899551987648,0.12310297042131424,0.49827250838279724,0.1357249617576599,0.49827250838279724,0.49827250838279724,True,9.305982546675159,0.03207295760512352,False,KIRKEHOLMEN,Tanker-20160831-210639-35,True,Tanker/35.wav,Tanker
class_vessel_balanced_sampling,small_cnn,tanker-35-000005000ms,Tanker/35.wav,Tanker,2,kirkeholmen,train,5.0,10.0,2,Tanker,0.297259122133255,0.14967219531536102,0.4839313328266144,0.06913736462593079,0.4839313328266144,0.4839313328266144,True,6.379805686851945,0.039862994104623795,False,KIRKEHOLMEN,Tanker-20160831-210639-35,False,Tanker/35.wav,Tanker
class_vessel_balanced_sampling,small_cnn,tanker-35-000010000ms,Tanker/35.wav,Tanker,2,kirkeholmen,train,10.0,15.0,2,Tanker,0.3048463463783264,0.16275177896022797,0.48060908913612366,0.05179277062416077,0.48060908913612366,0.48060908913612366,True,5.106542234130562,0.04579085484147072,False,KIRKEHOLMEN,Tanker-20160831-210639-35,True,Tanker/35.wav,Tanker
class_vessel_balanced_sampling,small_cnn,tanker-38-000000000ms,Tanker/38.wav,Tanker,2,yankul silver,train,0.0,5.0,3,Tug,0.13747061789035797,0.08298935741186142,0.1977119743824005,0.5818280577659607,0.5818280577659607,0.1977119743824005,False,8.52402088390281,0.0019673972856253386,False,YANKUL SILVER,Tanker-20160907-094356-38,True,Tanker/38.wav,Tanker
class_vessel_balanced_sampling,small_cnn,tanker-38-000005000ms,Tanker/38.wav,Tanker,2,yankul silver,train,5.0,10.0,3,Tug,0.1900751143693924,0.1032116636633873,0.3067646622657776,0.3999485373497009,0.3999485373497009,0.3067646622657776,False,11.064892992526158,0.0017069531604647636,False,YANKUL SILVER,Tanker-20160907-094356-38,False,Tanker/38.wav,Tanker
class_vessel_balanced_sampling,small_cnn,tanker-38-000010000ms,Tanker/38.wav,Tanker,2,yankul silver,train,10.0,15.0,3,Tug,0.19985806941986084,0.10676602274179459,0.3217681646347046,0.3716077506542206,0.3716077506542206,0.3217681646347046,False,11.492838311175428,0.0016447773668915033,False,YANKUL SILVER,Tanker-20160907-094356-38,False,Tanker/38.wav,Tanker
class_vessel_balanced_sampling,small_cnn,tanker-38-000015000ms,Tanker/38.wav,Tanker,2,yankul silver,train,15.0,20.0,2,Tanker,0.22076231241226196,0.10057323426008224,0.3608078062534332,0.31785672903060913,0.3608078062534332,0.3608078062534332,True,13.54100577451172,0.0016985780093818903,False,YANKUL SILVER,Tanker-20160907-094356-38,False,Tanker/38.wav,Tanker
class_vessel_balanced_sampling,small_cnn,tanker-38-000020000ms,Tanker/38.wav,Tanker,2,yankul silver,train,20.0,25.0,3,Tug,0.1716267466545105,0.07256153970956802,0.3436090648174286,0.4122025966644287,0.4122025966644287,0.3436090648174286,False,10.64199356246481,0.0020654017571359873,False,YANKUL SILVER,Tanker-20160907-094356-38,False,Tanker/38.wav,Tanker
class_vessel_balanced_sampling,small_cnn,tanker-38-000025000ms,Tanker/38.wav,Tanker,2,yankul silver,train,25.0,30.0,3,Tug,0.1719798594713211,0.07108751684427261,0.34240859746932983,0.4145240783691406,0.4145240783691406,0.34240859746932983,False,10.562720330853708,0.0018226206302642822,False,YANKUL SILVER,Tanker-20160907-094356-38,False,Tanker/38.wav,Tanker
class_vessel_balanced_sampling,small_cnn,tanker-38-000030000ms,Tanker/38.wav,Tanker,2,yankul silver,train,30.0,35.0,2,Tanker,0.21475745737552643,0.09451249241828918,0.37666797637939453,0.31406205892562866,0.37666797637939453,0.37666797637939453,True,13.603372398773297,0.001755797304213047,False,YANKUL SILVER,Tanker-20160907-094356-38,False,Tanker/38.wav,Tanker
class_vessel_balanced_sampling,small_cnn,tanker-38-000035000ms,Tanker/38.wav,Tanker,2,yankul silver,train,35.0,40.0,2,Tanker,0.26926857233047485,0.14564643800258636,0.39148277044296265,0.1936023235321045,0.39148277044296265,0.39148277044296265,True,10.746292984174701,0.001884393859654665,False,YANKUL SILVER,Tanker-20160907-094356-38,False,Tanker/38.wav,Tanker
class_vessel_balanced_sampling,small_cnn,tanker-38-000040000ms,Tanker/38.wav,Tanker,2,yankul silver,train,40.0,45.0,2,Tanker,0.2434682697057724,0.11804082989692688,0.39231374859809875,0.24617713689804077,0.39231374859809875,0.39231374859809875,True,11.952022832777653,0.0019360336009413004,False,YANKUL SILVER,Tanker-20160907-094356-38,False,Tanker/38.wav,Tanker
class_vessel_balanced_sampling,small_cnn,tanker-38-000045000ms,Tanker/38.wav,Tanker,2,yankul silver,train,45.0,50.0,2,Tanker,0.24121280014514923,0.1337156444787979,0.3721200227737427,0.252951443195343,0.3721200227737427,0.3721200227737427,True,12.418359158609567,0.0019830993842333555,False,YANKUL SILVER,Tanker-20160907-094356-38,False,Tanker/38.wav,Tanker
class_vessel_balanced_sampling,small_cnn,tanker-38-000050000ms,Tanker/38.wav,Tanker,2,yankul silver,train,50.0,55.0,2,Tanker,0.26901018619537354,0.1433326005935669,0.3949536681175232,0.19270354509353638,0.3949536681175232,0.3949536681175232,True,10.726428168940949,0.0018365412252023816,False,YANKUL SILVER,Tanker-20160907-094356-38,False,Tanker/38.wav,Tanker
class_vessel_balanced_sampling,small_cnn,tanker-38-000055000ms,Tanker/38.wav,Tanker,2,yankul silver,train,55.0,60.0,2,Tanker,0.222809836268425,0.11101140826940536,0.3754849433898926,0.2906937897205353,0.3754849433898926,0.3754849433898926,True,13.25227120769596,0.0017656716518104076,False,YANKUL SILVER,Tanker-20160907-094356-38,False,Tanker/38.wav,Tanker
class_vessel_balanced_sampling,small_cnn,tanker-38-000060000ms,Tanker/38.wav,Tanker,2,yankul silver,train,60.0,65.0,3,Tug,0.17736543715000153,0.07603517919778824,0.361831396818161,0.38476794958114624,0.38476794958114624,0.361831396818161,False,11.337934853544938,0.0019184787524864078,False,YANKUL SILVER,Tanker-20160907-094356-38,False,Tanker/38.wav,Tanker
class_vessel_balanced_sampling,small_cnn,tanker-38-000065000ms,Tanker/38.wav,Tanker,2,yankul silver,train,65.0,70.0,2,Tanker,0.19992782175540924,0.08352494239807129,0.39252832531929016,0.3240188956260681,0.39252832531929016,0.39252832531929016,True,14.256805782956922,0.0017320229671895504,False,YANKUL SILVER,Tanker-20160907-094356-38,False,Tanker/38.wav,Tanker
class_vessel_balanced_sampling,small_cnn,tanker-38-000070000ms,Tanker/38.wav,Tanker,2,yankul silver,train,70.0,75.0,2,Tanker,0.27284982800483704,0.11529935896396637,0.44068610668182373,0.17116479575634003,0.44068610668182373,0.44068610668182373,True,10.693988800201916,0.0017790733836591244,False,YANKUL SILVER,Tanker-20160907-094356-38,False,Tanker/38.wav,Tanker
class_vessel_balanced_sampling,small_cnn,tanker-38-000075000ms,Tanker/38.wav,Tanker,2,yankul silver,train,75.0,80.0,2,Tanker,0.24894794821739197,0.10288211703300476,0.44145864248275757,0.2067112922668457,0.44145864248275757,0.44145864248275757,True,11.764082582660533,0.0015956200659275055,False,YANKUL SILVER,Tanker-20160907-094356-38,False,Tanker/38.wav,Tanker
class_vessel_balanced_sampling,small_cnn,tanker-38-000080000ms,Tanker/38.wav,Tanker,2,yankul silver,train,80.0,85.0,2,Tanker,0.24873343110084534,0.10605844855308533,0.4154111444950104,0.22979697585105896,0.4154111444950104,0.4154111444950104,True,11.870548632993424,0.0016550779109820724,False,YANKUL SILVER,Tanker-20160907-094356-38,False,Tanker/38.wav,Tanker
class_vessel_balanced_sampling,small_cnn,tanker-38-000085000ms,Tanker/38.wav,Tanker,2,yankul silver,train,85.0,90.0,2,Tanker,0.21302545070648193,0.09036963433027267,0.39031994342803955,0.30628496408462524,0.39031994342803955,0.39031994342803955,True,13.33422492941417,0.0016503005754202604,False,YANKUL SILVER,Tanker-20160907-094356-38,False,Tanker/38.wav,Tanker
class_vessel_balanced_sampling,small_cnn,tanker-38-000090000ms,Tanker/38.wav,Tanker,2,yankul silver,train,90.0,95.0,2,Tanker,0.2755710184574127,0.12442434579133987,0.42716237902641296,0.172842338681221,0.42716237902641296,0.42716237902641296,True,10.207718656232615,0.001759993378072977,False,YANKUL SILVER,Tanker-20160907-094356-38,False,Tanker/38.wav,Tanker
class_vessel_balanced_sampling,small_cnn,tanker-38-000095000ms,Tanker/38.wav,Tanker,2,yankul silver,train,95.0,100.0,2,Tanker,0.27367904782295227,0.12575572729110718,0.42999961972236633,0.1705656796693802,0.42999961972236633,0.42999961972236633,True,10.11658230484313,0.001899649272672832,False,YANKUL SILVER,Tanker-20160907-094356-38,False,Tanker/38.wav,Tanker
class_vessel_balanced_sampling,small_cnn,tanker-38-000100000ms,Tanker/38.wav,Tanker,2,yankul silver,train,100.0,105.0,2,Tanker,0.31298843026161194,0.16162139177322388,0.4026414453983307,0.12274868041276932,0.4026414453983307,0.4026414453983307,True,8.546483449680709,0.0016407949151471257,False,YANKUL SILVER,Tanker-20160907-094356-38,False,Tanker/38.wav,Tanker
class_vessel_balanced_sampling,small_cnn,tanker-38-000105000ms,Tanker/38.wav,Tanker,2,yankul silver,train,105.0,110.0,2,Tanker,0.28678083419799805,0.14626163244247437,0.40947699546813965,0.15748047828674316,0.40947699546813965,0.40947699546813965,True,9.72880966814198,0.0015604671789333224,False,YANKUL SILVER,Tanker-20160907-094356-38,False,Tanker/38.wav,Tanker
class_vessel_balanced_sampling,small_cnn,tanker-38-000110000ms,Tanker/38.wav,Tanker,2,yankul silver,train,110.0,115.0,2,Tanker,0.3049372136592865,0.16890989243984222,0.4060709774494171,0.12008190155029297,0.4060709774494171,0.4060709774494171,True,8.588281803312572,0.001661214861087501,False,YANKUL SILVER,Tanker-20160907-094356-38,False,Tanker/38.wav,Tanker
class_vessel_balanced_sampling,small_cnn,tanker-38-000115000ms,Tanker/38.wav,Tanker,2,yankul silver,train,115.0,120.0,2,Tanker,0.3156816065311432,0.15464432537555695,0.42251020669937134,0.10716385394334793,0.42251020669937134,0.42251020669937134,True,8.189828479834135,0.0017037780489772558,False,YANKUL SILVER,Tanker-20160907-094356-38,False,Tanker/38.wav,Tanker
class_vessel_balanced_sampling,small_cnn,tanker-38-000120000ms,Tanker/38.wav,Tanker,2,yankul silver,train,120.0,125.0,2,Tanker,0.3418889045715332,0.15302111208438873,0.4190051853656769,0.08608480542898178,0.4190051853656769,0.4190051853656769,True,7.696920179194217,0.0016496052267029881,False,YANKUL SILVER,Tanker-20160907-094356-38,False,Tanker/38.wav,Tanker
class_vessel_balanced_sampling,small_cnn,tanker-38-000125000ms,Tanker/38.wav,Tanker,2,yankul silver,train,125.0,130.0,2,Tanker,0.3362029790878296,0.143305703997612,0.43521761894226074,0.08527369797229767,0.43521761894226074,0.43521761894226074,True,7.5584629606789155,0.0016515491297468543,False,YANKUL SILVER,Tanker-20160907-094356-38,False,Tanker/38.wav,Tanker
class_vessel_balanced_sampling,small_cnn,tanker-38-000130000ms,Tanker/38.wav,Tanker,2,yankul silver,train,130.0,135.0,2,Tanker,0.25410211086273193,0.09790996462106705,0.4794834554195404,0.1685045212507248,0.4794834554195404,0.4794834554195404,True,10.872492120880047,0.0020144872833043337,False,YANKUL SILVER,Tanker-20160907-094356-38,False,Tanker/38.wav,Tanker
class_vessel_balanced_sampling,small_cnn,tanker-38-000135000ms,Tanker/38.wav,Tanker,2,yankul silver,train,135.0,140.0,2,Tanker,0.27223536372184753,0.10460308194160461,0.4772821366786957,0.145879328250885,0.4772821366786957,0.4772821366786957,True,10.270791338863834,0.0019366381457075477,False,YANKUL SILVER,Tanker-20160907-094356-38,False,Tanker/38.wav,Tanker
class_vessel_balanced_sampling,small_cnn,tanker-38-000140000ms,Tanker/38.wav,Tanker,2,yankul silver,train,140.0,145.0,2,Tanker,0.30066049098968506,0.11479075253009796,0.4768969714641571,0.10765174776315689,0.4768969714641571,0.4768969714641571,True,8.889676119130113,0.002173996763303876,False,YANKUL SILVER,Tanker-20160907-094356-38,False,Tanker/38.wav,Tanker
class_vessel_balanced_sampling,small_cnn,tanker-38-000145000ms,Tanker/38.wav,Tanker,2,yankul silver,train,145.0,150.0,2,Tanker,0.29170259833335876,0.12120126932859421,0.4636470377445221,0.12344904243946075,0.4636470377445221,0.4636470377445221,True,9.541389336164896,0.0020786121021956205,False,YANKUL SILVER,Tanker-20160907-094356-38,False,Tanker/38.wav,Tanker
class_vessel_balanced_sampling,small_cnn,tanker-38-000150000ms,Tanker/38.wav,Tanker,2,yankul silver,train,150.0,155.0,2,Tanker,0.2839432656764984,0.1115066260099411,0.4692550599575043,0.13529501855373383,0.4692550599575043,0.4692550599575043,True,9.839906632517636,0.0019559578504413366,False,YANKUL SILVER,Tanker-20160907-094356-38,False,Tanker/38.wav,Tanker
class_vessel_balanced_sampling,small_cnn,tanker-38-000155000ms,Tanker/38.wav,Tanker,2,yankul silver,train,155.0,160.0,2,Tanker,0.2550153136253357,0.10627198964357376,0.4412555694580078,0.19745710492134094,0.4412555694580078,0.4412555694580078,True,11.214919593117056,0.001987700117751956,False,YANKUL SILVER,Tanker-20160907-094356-38,False,Tanker/38.wav,Tanker
class_vessel_balanced_sampling,small_cnn,tanker-38-000160000ms,Tanker/38.wav,Tanker,2,yankul silver,train,160.0,165.0,2,Tanker,0.3042777180671692,0.13551855087280273,0.4479106068611145,0.11229309439659119,0.4479106068611145,0.4479106068611145,True,8.463043370743037,0.001889482606202364,False,YANKUL SILVER,Tanker-20160907-094356-38,False,Tanker/38.wav,Tanker
class_vessel_balanced_sampling,small_cnn,tanker-38-000165000ms,Tanker/38.wav,Tanker,2,yankul silver,train,165.0,170.0,2,Tanker,0.3308890163898468,0.14104893803596497,0.458057165145874,0.07000485062599182,0.458057165145874,0.458057165145874,True,6.692744506909184,0.002072479808703065,False,YANKUL SILVER,Tanker-20160907-094356-38,True,Tanker/38.wav,Tanker
class_vessel_balanced_sampling,small_cnn,tanker-39-000000000ms,Tanker/39.wav,Tanker,2,fuji galaxy,train,0.0,5.0,3,Tug,0.1922033578157425,0.08875641226768494,0.3593946397304535,0.3596455752849579,0.3596455752849579,0.3593946397304535,False,12.057572897380098,0.0017541238339617848,False,FUJI GALAXY,Tanker-20160910-190037-39,True,Tanker/39.wav,Tanker
class_vessel_balanced_sampling,small_cnn,tanker-39-000005000ms,Tanker/39.wav,Tanker,2,fuji galaxy,train,5.0,10.0,2,Tanker,0.23106670379638672,0.1114325001835823,0.4086039066314697,0.24889692664146423,0.4086039066314697,0.4086039066314697,True,11.922629016445828,0.0022213151678442955,False,FUJI GALAXY,Tanker-20160910-190037-39,False,Tanker/39.wav,Tanker
class_vessel_balanced_sampling,small_cnn,tanker-39-000010000ms,Tanker/39.wav,Tanker,2,fuji galaxy,train,10.0,15.0,2,Tanker,0.2534032464027405,0.12107177078723907,0.40088289976119995,0.2246420979499817,0.40088289976119995,0.40088289976119995,True,11.288684709632548,0.0015587814850732684,False,FUJI GALAXY,Tanker-20160910-190037-39,False,Tanker/39.wav,Tanker
class_vessel_balanced_sampling,small_cnn,tanker-39-000015000ms,Tanker/39.wav,Tanker,2,fuji galaxy,train,15.0,20.0,2,Tanker,0.24996976554393768,0.1220688670873642,0.4228220283985138,0.20513929426670074,0.4228220283985138,0.4228220283985138,True,10.919873251173927,0.0013137520290911198,False,FUJI GALAXY,Tanker-20160910-190037-39,False,Tanker/39.wav,Tanker
class_vessel_balanced_sampling,small_cnn,tanker-39-000020000ms,Tanker/39.wav,Tanker,2,fuji galaxy,train,20.0,25.0,2,Tanker,0.23789066076278687,0.10942807793617249,0.4302050471305847,0.22247619926929474,0.4302050471305847,0.4302050471305847,True,11.312842508442152,0.001877079950645566,False,FUJI GALAXY,Tanker-20160910-190037-39,False,Tanker/39.wav,Tanker
class_vessel_balanced_sampling,small_cnn,tanker-39-000025000ms,Tanker/39.wav,Tanker,2,fuji galaxy,train,25.0,30.0,2,Tanker,0.2761758863925934,0.12953566014766693,0.4204169511795044,0.1738715022802353,0.4204169511795044,0.4204169511795044,True,9.971908200053427,0.001692982274107635,False,FUJI GALAXY,Tanker-20160910-190037-39,False,Tanker/39.wav,Tanker
class_vessel_balanced_sampling,small_cnn,tanker-39-000030000ms,Tanker/39.wav,Tanker,2,fuji galaxy,train,30.0,35.0,2,Tanker,0.2707078456878662,0.13295242190361023,0.41995909810066223,0.17638063430786133,0.41995909810066223,0.41995909810066223,True,10.028544973566362,0.0017212575767189264,False,FUJI GALAXY,Tanker-20160910-190037-39,False,Tanker/39.wav,Tanker
class_vessel_balanced_sampling,small_cnn,tanker-39-000035000ms,Tanker/39.wav,Tanker,2,fuji galaxy,train,35.0,40.0,2,Tanker,0.2824733257293701,0.13954350352287292,0.41202184557914734,0.16596129536628723,0.41202184557914734,0.41202184557914734,True,9.658243764920849,0.0011916260700672865,False,FUJI GALAXY,Tanker-20160910-190037-39,False,Tanker/39.wav,Tanker
class_vessel_balanced_sampling,small_cnn,tanker-39-000040000ms,Tanker/39.wav,Tanker,2,fuji galaxy,train,40.0,45.0,2,Tanker,0.2762327790260315,0.13891582190990448,0.42032578587532043,0.16452556848526,0.42032578587532043,0.42032578587532043,True,9.713481951135826,0.00145872647408396,False,FUJI GALAXY,Tanker-20160910-190037-39,False,Tanker/39.wav,Tanker
class_vessel_balanced_sampling,small_cnn,tanker-39-000045000ms,Tanker/39.wav,Tanker,2,fuji galaxy,train,45.0,50.0,2,Tanker,0.28876736760139465,0.13745993375778198,0.4242320656776428,0.14954063296318054,0.4242320656776428,0.4242320656776428,True,9.107441002079442,0.0017106679733842611,False,FUJI GALAXY,Tanker-20160910-190037-39,False,Tanker/39.wav,Tanker
class_vessel_balanced_sampling,small_cnn,tanker-39-000050000ms,Tanker/39.wav,Tanker,2,fuji galaxy,train,50.0,55.0,2,Tanker,0.29880306124687195,0.1474160999059677,0.4260585904121399,0.12772221863269806,0.4260585904121399,0.4260585904121399,True,8.220956222903244,0.002096979646012187,False,FUJI GALAXY,Tanker-20160910-190037-39,False,Tanker/39.wav,Tanker
class_vessel_balanced_sampling,small_cnn,tanker-39-000055000ms,Tanker/39.wav,Tanker,2,fuji galaxy,train,55.0,60.0,2,Tanker,0.3114422857761383,0.16500788927078247,0.4065215587615967,0.11702824383974075,0.4065215587615967,0.4065215587615967,True,8.152306698566033,0.0016637317603453994,False,FUJI GALAXY,Tanker-20160910-190037-39,False,Tanker/39.wav,Tanker
class_vessel_balanced_sampling,small_cnn,tanker-39-000060000ms,Tanker/39.wav,Tanker,2,fuji galaxy,train,60.0,65.0,2,Tanker,0.3215257227420807,0.17037391662597656,0.414808452129364,0.0932919830083847,0.414808452129364,0.414808452129364,True,7.077676536587608,0.0019630417227745056,False,FUJI GALAXY,Tanker-20160910-190037-39,False,Tanker/39.wav,Tanker
class_vessel_balanced_sampling,small_cnn,tanker-39-000065000ms,Tanker/39.wav,Tanker,2,fuji galaxy,train,65.0,70.0,2,Tanker,0.31814056634902954,0.16261383891105652,0.4311630427837372,0.08808252960443497,0.4311630427837372,0.4311630427837372,True,6.67571970406655,0.0017489662859588861,False,FUJI GALAXY,Tanker-20160910-190037-39,False,Tanker/39.wav,Tanker
class_vessel_balanced_sampling,small_cnn,tanker-39-000070000ms,Tanker/39.wav,Tanker,2,fuji galaxy,train,70.0,75.0,2,Tanker,0.33639654517173767,0.17145434021949768,0.42550233006477356,0.06664683669805527,0.42550233006477356,0.42550233006477356,True,5.27232342472208,0.0017604029271751642,False,FUJI GALAXY,Tanker-20160910-190037-39,False,Tanker/39.wav,Tanker
class_vessel_balanced_sampling,small_cnn,tanker-39-000075000ms,Tanker/39.wav,Tanker,2,fuji galaxy,train,75.0,80.0,2,Tanker,0.3349372446537018,0.17246456444263458,0.4306687116622925,0.061929501593112946,0.4306687116622925,0.4306687116622925,True,4.786991374283973,0.0018371701007708907,False,FUJI GALAXY,Tanker-20160910-190037-39,False,Tanker/39.wav,Tanker
class_vessel_balanced_sampling,small_cnn,tanker-39-000080000ms,Tanker/39.wav,Tanker,2,fuji galaxy,train,80.0,85.0,2,Tanker,0.3387126922607422,0.1749904751777649,0.4284965395927429,0.057800307869911194,0.4284965395927429,0.4284965395927429,True,4.788085086523818,0.0022146240808069706,False,FUJI GALAXY,Tanker-20160910-190037-39,False,Tanker/39.wav,Tanker
class_vessel_balanced_sampling,small_cnn,tanker-39-000085000ms,Tanker/39.wav,Tanker,2,fuji galaxy,train,85.0,90.0,2,Tanker,0.35592135787010193,0.17895710468292236,0.41667574644088745,0.048445768654346466,0.41667574644088745,0.41667574644088745,True,4.608357764195525,0.0021931224036961794,False,FUJI GALAXY,Tanker-20160910-190037-39,False,Tanker/39.wav,Tanker
class_vessel_balanced_sampling,small_cnn,tanker-39-000090000ms,Tanker/39.wav,Tanker,2,fuji galaxy,train,90.0,95.0,2,Tanker,0.34237465262413025,0.1880618929862976,0.41684454679489136,0.05271894484758377,0.41684454679489136,0.41684454679489136,True,4.443121248781115,0.0026362468488514423,False,FUJI GALAXY,Tanker-20160910-190037-39,False,Tanker/39.wav,Tanker
class_vessel_balanced_sampling,small_cnn,tanker-39-000095000ms,Tanker/39.wav,Tanker,2,fuji galaxy,train,95.0,100.0,2,Tanker,0.3547975420951843,0.20009705424308777,0.3955252468585968,0.049580108374357224,0.3955252468585968,0.3955252468585968,True,4.248669693390279,0.0017712493427097797,False,FUJI GALAXY,Tanker-20160910-190037-39,False,Tanker/39.wav,Tanker
class_vessel_balanced_sampling,small_cnn,tanker-39-000100000ms,Tanker/39.wav,Tanker,2,fuji galaxy,train,100.0,105.0,2,Tanker,0.3586744964122772,0.20041169226169586,0.3939470052719116,0.04696688428521156,0.3939470052719116,0.3939470052719116,True,4.205137875356694,0.0022643471602350473,False,FUJI GALAXY,Tanker-20160910-190037-39,False,Tanker/39.wav,Tanker
class_vessel_balanced_sampling,small_cnn,tanker-39-000105000ms,Tanker/39.wav,Tanker,2,fuji galaxy,train,105.0,110.0,2,Tanker,0.3546942174434662,0.20390728116035461,0.396862268447876,0.044536203145980835,0.396862268447876,0.396862268447876,True,3.90852453348161,0.001949633238837123,False,FUJI GALAXY,Tanker-20160910-190037-39,False,Tanker/39.wav,Tanker
class_vessel_balanced_sampling,small_cnn,tanker-39-000110000ms,Tanker/39.wav,Tanker,2,fuji galaxy,train,110.0,115.0,2,Tanker,0.3640420138835907,0.21537542343139648,0.38428282737731934,0.036299776285886765,0.38428282737731934,0.38428282737731934,True,3.222066267048117,0.001885481528006494,False,FUJI GALAXY,Tanker-20160910-190037-39,False,Tanker/39.wav,Tanker
class_vessel_balanced_sampling,small_cnn,tanker-39-000115000ms,Tanker/39.wav,Tanker,2,fuji galaxy,train,115.0,120.0,2,Tanker,0.3573036193847656,0.1971711367368698,0.4070720970630646,0.038453128188848495,0.4070720970630646,0.4070720970630646,True,3.2340123209074827,0.0020071424078196287,False,FUJI GALAXY,Tanker-20160910-190037-39,False,Tanker/39.wav,Tanker
class_vessel_balanced_sampling,small_cnn,tanker-39-000120000ms,Tanker/39.wav,Tanker,2,fuji galaxy,train,120.0,125.0,2,Tanker,0.3637477159500122,0.20875979959964752,0.3925735652446747,0.03491891175508499,0.3925735652446747,0.3925735652446747,True,2.915327963026908,0.001794446143321693,False,FUJI GALAXY,Tanker-20160910-190037-39,True,Tanker/39.wav,Tanker
class_vessel_balanced_sampling,small_cnn,tanker-42-000000000ms,Tanker/42.wav,Tanker,2,chembulk new,train,0.0,5.0,0,Cargo,0.4102746546268463,0.213992178440094,0.36299073696136475,0.012742416933178902,0.4102746546268463,0.36299073696136475,False,3.4093211543139685,0.007851566188037395,False,CHEMBULK NEW,Tanker-20161002-130331-42,True,Tanker/42.wav,Tanker
class_vessel_balanced_sampling,small_cnn,tanker-42-000005000ms,Tanker/42.wav,Tanker,2,chembulk new,train,5.0,10.0,0,Cargo,0.41375240683555603,0.21677686274051666,0.35844942927360535,0.011021297425031662,0.41375240683555603,0.35844942927360535,False,4.138175009703604,0.008385336957871914,False,CHEMBULK NEW,Tanker-20161002-130331-42,False,Tanker/42.wav,Tanker
class_vessel_balanced_sampling,small_cnn,tanker-42-000010000ms,Tanker/42.wav,Tanker,2,chembulk new,train,10.0,15.0,0,Cargo,0.413451611995697,0.22097958624362946,0.3555181920528412,0.010050647892057896,0.413451611995697,0.3555181920528412,False,4.657962282239662,0.009593423455953598,False,CHEMBULK NEW,Tanker-20161002-130331-42,False,Tanker/42.wav,Tanker
class_vessel_balanced_sampling,small_cnn,tanker-42-000015000ms,Tanker/42.wav,Tanker,2,chembulk new,train,15.0,20.0,0,Cargo,0.40781423449516296,0.22231851518154144,0.3592638671398163,0.010603443719446659,0.40781423449516296,0.3592638671398163,False,4.334209869556355,0.009477080777287483,False,CHEMBULK NEW,Tanker-20161002-130331-42,False,Tanker/42.wav,Tanker
class_vessel_balanced_sampling,small_cnn,tanker-42-000020000ms,Tanker/42.wav,Tanker,2,chembulk new,train,20.0,25.0,0,Cargo,0.41592341661453247,0.22371862828731537,0.35006949305534363,0.010288512334227562,0.41592341661453247,0.35006949305534363,False,4.581419268568172,0.008728171698749065,False,CHEMBULK NEW,Tanker-20161002-130331-42,False,Tanker/42.wav,Tanker
class_vessel_balanced_sampling,small_cnn,tanker-42-000025000ms,Tanker/42.wav,Tanker,2,chembulk new,train,25.0,30.0,0,Cargo,0.40919503569602966,0.2133183777332306,0.36779922246932983,0.0096873315051198,0.40919503569602966,0.36779922246932983,False,5.001244714193649,0.01196215022355318,False,CHEMBULK NEW,Tanker-20161002-130331-42,False,Tanker/42.wav,Tanker
class_vessel_balanced_sampling,small_cnn,tanker-42-000030000ms,Tanker/42.wav,Tanker,2,chembulk new,train,30.0,35.0,0,Cargo,0.4114491939544678,0.21118353307247162,0.3678942024707794,0.009473069570958614,0.4114491939544678,0.3678942024707794,False,5.266170259987315,0.011973054148256779,False,CHEMBULK NEW,Tanker-20161002-130331-42,False,Tanker/42.wav,Tanker
class_vessel_balanced_sampling,small_cnn,tanker-42-000035000ms,Tanker/42.wav,Tanker,2,chembulk new,train,35.0,40.0,0,Cargo,0.4049221873283386,0.20727849006652832,0.3785059452056885,0.009293274022638798,0.4049221873283386,0.3785059452056885,False,5.369824741457907,0.012594202533364296,False,CHEMBULK NEW,Tanker-20161002-130331-42,False,Tanker/42.wav,Tanker
class_vessel_balanced_sampling,small_cnn,tanker-42-000040000ms,Tanker/42.wav,Tanker,2,chembulk new,train,40.0,45.0,0,Cargo,0.4032202959060669,0.20477502048015594,0.3826475739479065,0.00935717299580574,0.4032202959060669,0.3826475739479065,False,5.343916653851232,0.01597665250301361,False,CHEMBULK NEW,Tanker-20161002-130331-42,False,Tanker/42.wav,Tanker
class_vessel_balanced_sampling,small_cnn,tanker-42-000045000ms,Tanker/42.wav,Tanker,2,chembulk new,train,45.0,50.0,0,Cargo,0.3994486927986145,0.20815590023994446,0.38335543870925903,0.009039945900440216,0.3994486927986145,0.38335543870925903,False,5.574910185490915,0.018322233110666275,False,CHEMBULK NEW,Tanker-20161002-130331-42,False,Tanker/42.wav,Tanker
class_vessel_balanced_sampling,small_cnn,tanker-42-000050000ms,Tanker/42.wav,Tanker,2,chembulk new,train,50.0,55.0,0,Cargo,0.40035194158554077,0.21042658388614655,0.3802194595336914,0.00900200568139553,0.40035194158554077,0.3802194595336914,False,5.57885117118026,0.019892187789082527,False,CHEMBULK NEW,Tanker-20161002-130331-42,False,Tanker/42.wav,Tanker
class_vessel_balanced_sampling,small_cnn,tanker-42-000055000ms,Tanker/42.wav,Tanker,2,chembulk new,train,55.0,60.0,0,Cargo,0.4051614999771118,0.20129792392253876,0.38472482562065125,0.00881571602076292,0.4051614999771118,0.38472482562065125,False,5.778297100950846,0.02406097948551178,False,CHEMBULK NEW,Tanker-20161002-130331-42,False,Tanker/42.wav,Tanker
class_vessel_balanced_sampling,small_cnn,tanker-42-000060000ms,Tanker/42.wav,Tanker,2,chembulk new,train,60.0,65.0,0,Cargo,0.40471309423446655,0.19903917610645294,0.3876110017299652,0.008636686950922012,0.40471309423446655,0.3876110017299652,False,5.9085360934558935,0.027928674593567848,False,CHEMBULK NEW,Tanker-20161002-130331-42,False,Tanker/42.wav,Tanker
class_vessel_balanced_sampling,small_cnn,tanker-42-000065000ms,Tanker/42.wav,Tanker,2,chembulk new,train,65.0,70.0,2,Tanker,0.3975791931152344,0.18818391859531403,0.40612557530403137,0.008111376315355301,0.40612557530403137,0.40612557530403137,True,6.262800108724597,0.03981805592775345,False,CHEMBULK NEW,Tanker-20161002-130331-42,True,Tanker/42.wav,Tanker
class_vessel_balanced_sampling,small_cnn,tanker-43-000000000ms,Tanker/43.wav,Tanker,2,kirkeholmen,train,0.0,5.0,0,Cargo,0.4154118597507477,0.23964275419712067,0.33165666460990906,0.013288678601384163,0.4154118597507477,0.33165666460990906,False,2.8114361744943848,0.003175517311319709,False,KIRKEHOLMEN,Tanker-20161005-075627-43,True,Tanker/43.wav,Tanker
class_vessel_balanced_sampling,small_cnn,tanker-43-000005000ms,Tanker/43.wav,Tanker,2,kirkeholmen,train,5.0,10.0,0,Cargo,0.40734389424324036,0.25854307413101196,0.31962427496910095,0.01448876690119505,0.40734389424324036,0.31962427496910095,False,2.4811623774596665,0.0029217666015028954,False,KIRKEHOLMEN,Tanker-20161005-075627-43,False,Tanker/43.wav,Tanker
class_vessel_balanced_sampling,small_cnn,tanker-43-000010000ms,Tanker/43.wav,Tanker,2,kirkeholmen,train,10.0,15.0,0,Cargo,0.40883681178092957,0.2620018422603607,0.31534886360168457,0.013812434859573841,0.40883681178092957,0.31534886360168457,False,2.863177456289967,0.0028859558515250683,False,KIRKEHOLMEN,Tanker-20161005-075627-43,False,Tanker/43.wav,Tanker
class_vessel_balanced_sampling,small_cnn,tanker-43-000015000ms,Tanker/43.wav,Tanker,2,kirkeholmen,train,15.0,20.0,0,Cargo,0.4068126082420349,0.25941193103790283,0.32023048400878906,0.01354491338133812,0.4068126082420349,0.32023048400878906,False,3.008091247907029,0.0029911845922470093,False,KIRKEHOLMEN,Tanker-20161005-075627-43,False,Tanker/43.wav,Tanker
class_vessel_balanced_sampling,small_cnn,tanker-43-000020000ms,Tanker/43.wav,Tanker,2,kirkeholmen,train,20.0,25.0,0,Cargo,0.4143179953098297,0.26815932989120483,0.3023717999458313,0.015150841325521469,0.4143179953098297,0.3023717999458313,False,2.6095600793670912,0.0029410505667328835,False,KIRKEHOLMEN,Tanker-20161005-075627-43,True,Tanker/43.wav,Tanker
class_vessel_balanced_sampling,small_cnn,tanker-47-000000000ms,Tanker/47.wav,Tanker,2,cherry galaxy,train,0.0,5.0,0,Cargo,0.3642422556877136,0.26631754636764526,0.3399268090724945,0.029513344168663025,0.3642422556877136,0.3399268090724945,False,3.2799375275880047,0.007073591463267803,False,CHERRY GALAXY,Tanker-20161024-061514-47,True,Tanker/47.wav,Tanker
class_vessel_balanced_sampling,small_cnn,tanker-47-000005000ms,Tanker/47.wav,Tanker,2,cherry galaxy,train,5.0,10.0,0,Cargo,0.37400195002555847,0.267941415309906,0.33383116126060486,0.024225428700447083,0.37400195002555847,0.33383116126060486,False,2.779716610734727,0.006660103797912598,False,CHERRY GALAXY,Tanker-20161024-061514-47,False,Tanker/47.wav,Tanker
class_vessel_balanced_sampling,small_cnn,tanker-47-000010000ms,Tanker/47.wav,Tanker,2,cherry galaxy,train,10.0,15.0,0,Cargo,0.3715534806251526,0.27001333236694336,0.3330271542072296,0.02540612407028675,0.3715534806251526,0.3330271542072296,False,3.2518866244435016,0.006709537003189325,False,CHERRY GALAXY,Tanker-20161024-061514-47,False,Tanker/47.wav,Tanker
class_vessel_balanced_sampling,small_cnn,tanker-47-000015000ms,Tanker/47.wav,Tanker,2,cherry galaxy,train,15.0,20.0,0,Cargo,0.3744334578514099,0.2654160261154175,0.334081768989563,0.02606871724128723,0.3744334578514099,0.334081768989563,False,2.8326280994568873,0.006396621465682983,False,CHERRY GALAXY,Tanker-20161024-061514-47,True,Tanker/47.wav,Tanker
class_vessel_balanced_sampling,small_cnn,tanker-49-000000000ms,Tanker/49.wav,Tanker,2,kirkeholmen,train,0.0,5.0,0,Cargo,0.40000930428504944,0.23267419636249542,0.35661086440086365,0.010705615393817425,0.40000930428504944,0.35661086440086365,False,4.654596211514249,0.012463214807212353,False,KIRKEHOLMEN,Tanker-20161030-043924-49,True,Tanker/49.wav,Tanker
class_vessel_balanced_sampling,small_cnn,tanker-49-000005000ms,Tanker/49.wav,Tanker,2,kirkeholmen,train,5.0,10.0,0,Cargo,0.39907658100128174,0.23985742032527924,0.3510723114013672,0.00999368354678154,0.39907658100128174,0.3510723114013672,False,5.19349747654095,0.013184363953769207,False,KIRKEHOLMEN,Tanker-20161030-043924-49,False,Tanker/49.wav,Tanker
class_vessel_balanced_sampling,small_cnn,tanker-49-000010000ms,Tanker/49.wav,Tanker,2,kirkeholmen,train,10.0,15.0,0,Cargo,0.39821383357048035,0.24661663174629211,0.3451797664165497,0.009989735670387745,0.39821383357048035,0.3451797664165497,False,5.170202130128692,0.01250610500574112,False,KIRKEHOLMEN,Tanker-20161030-043924-49,False,Tanker/49.wav,Tanker
class_vessel_balanced_sampling,small_cnn,tanker-49-000015000ms,Tanker/49.wav,Tanker,2,kirkeholmen,train,15.0,20.0,0,Cargo,0.39914488792419434,0.2622731029987335,0.3285335898399353,0.010048342868685722,0.39914488792419434,0.3285335898399353,False,5.310507700050595,0.012057265266776085,False,KIRKEHOLMEN,Tanker-20161030-043924-49,False,Tanker/49.wav,Tanker
class_vessel_balanced_sampling,small_cnn,tanker-49-000020000ms,Tanker/49.wav,Tanker,2,kirkeholmen,train,20.0,25.0,0,Cargo,0.4045546054840088,0.2602662742137909,0.3257961571216583,0.00938296690583229,0.4045546054840088,0.3257961571216583,False,5.838017758540581,0.012575545348227024,False,KIRKEHOLMEN,Tanker-20161030-043924-49,False,Tanker/49.wav,Tanker
class_vessel_balanced_sampling,small_cnn,tanker-49-000025000ms,Tanker/49.wav,Tanker,2,kirkeholmen,train,25.0,30.0,0,Cargo,0.40825986862182617,0.2636870741844177,0.31787383556365967,0.01017915178090334,0.40825986862182617,0.31787383556365967,False,5.25482438989337,0.013071062043309212,False,KIRKEHOLMEN,Tanker-20161030-043924-49,False,Tanker/49.wav,Tanker
class_vessel_balanced_sampling,small_cnn,tanker-49-000030000ms,Tanker/49.wav,Tanker,2,kirkeholmen,train,30.0,35.0,0,Cargo,0.40378525853157043,0.26655274629592896,0.3194546401500702,0.010207347571849823,0.40378525853157043,0.3194546401500702,False,5.379278987553472,0.013487973250448704,False,KIRKEHOLMEN,Tanker-20161030-043924-49,True,Tanker/49.wav,Tanker
class_vessel_balanced_sampling,small_cnn,tanker-6-000000000ms,Tanker/6.wav,Tanker,2,champion ebony,train,0.0,5.0,0,Cargo,0.38670361042022705,0.2151837795972824,0.3842303454875946,0.013882357627153397,0.38670361042022705,0.3842303454875946,False,3.345912309020105,0.007078790571540594,False,CHAMPION EBONY,Tanker-20160526-193813-6,True,Tanker/6.wav,Tanker
class_vessel_balanced_sampling,small_cnn,tanker-6-000005000ms,Tanker/6.wav,Tanker,2,champion ebony,train,5.0,10.0,0,Cargo,0.3927675783634186,0.21025273203849792,0.38510841131210327,0.01187132578343153,0.3927675783634186,0.38510841131210327,False,4.125768696564067,0.0072175138629972935,False,CHAMPION EBONY,Tanker-20160526-193813-6,False,Tanker/6.wav,Tanker
class_vessel_balanced_sampling,small_cnn,tanker-6-000010000ms,Tanker/6.wav,Tanker,2,champion ebony,train,10.0,15.0,0,Cargo,0.39835572242736816,0.20820626616477966,0.3816779553890228,0.011760111898183823,0.39835572242736816,0.3816779553890228,False,4.043908607079519,0.007755296770483255,False,CHAMPION EBONY,Tanker-20160526-193813-6,False,Tanker/6.wav,Tanker
class_vessel_balanced_sampling,small_cnn,tanker-6-000015000ms,Tanker/6.wav,Tanker,2,champion ebony,train,15.0,20.0,0,Cargo,0.39938122034072876,0.19996319711208344,0.387423574924469,0.013231945224106312,0.39938122034072876,0.387423574924469,False,3.664582603025274,0.008236619643867016,False,CHAMPION EBONY,Tanker-20160526-193813-6,False,Tanker/6.wav,Tanker
class_vessel_balanced_sampling,small_cnn,tanker-6-000020000ms,Tanker/6.wav,Tanker,2,champion ebony,train,20.0,25.0,0,Cargo,0.3966955542564392,0.20244692265987396,0.3880472779273987,0.012810307554900646,0.3966955542564392,0.3880472779273987,False,3.70582786082186,0.008095578290522099,False,CHAMPION EBONY,Tanker-20160526-193813-6,False,Tanker/6.wav,Tanker
class_vessel_balanced_sampling,small_cnn,tanker-6-000025000ms,Tanker/6.wav,Tanker,2,champion ebony,train,25.0,30.0,0,Cargo,0.3939830958843231,0.20870937407016754,0.38477224111557007,0.012535284273326397,0.3939830958843231,0.38477224111557007,False,3.6056714588635677,0.00787878967821598,False,CHAMPION EBONY,Tanker-20160526-193813-6,False,Tanker/6.wav,Tanker
class_vessel_balanced_sampling,small_cnn,tanker-6-000030000ms,Tanker/6.wav,Tanker,2,champion ebony,train,30.0,35.0,0,Cargo,0.3884402811527252,0.20982834696769714,0.38782602548599243,0.013905340805649757,0.3884402811527252,0.38782602548599243,False,3.3992509968303493,0.0072450474835932255,False,CHAMPION EBONY,Tanker-20160526-193813-6,False,Tanker/6.wav,Tanker
class_vessel_balanced_sampling,small_cnn,tanker-6-000035000ms,Tanker/6.wav,Tanker,2,champion ebony,train,35.0,40.0,2,Tanker,0.39159831404685974,0.19973357021808624,0.39582428336143494,0.012843890115618706,0.39582428336143494,0.39582428336143494,True,3.5287651193233187,0.0070864539593458176,False,CHAMPION EBONY,Tanker-20160526-193813-6,False,Tanker/6.wav,Tanker
class_vessel_balanced_sampling,small_cnn,tanker-6-000040000ms,Tanker/6.wav,Tanker,2,champion ebony,train,40.0,45.0,2,Tanker,0.38266563415527344,0.2041865736246109,0.40113887190818787,0.01200893521308899,0.40113887190818787,0.40113887190818787,True,3.9120742906827544,0.007088857237249613,False,CHAMPION EBONY,Tanker-20160526-193813-6,False,Tanker/6.wav,Tanker
class_vessel_balanced_sampling,small_cnn,tanker-6-000045000ms,Tanker/6.wav,Tanker,2,champion ebony,train,45.0,50.0,2,Tanker,0.37859323620796204,0.2036730945110321,0.40568113327026367,0.012052548117935658,0.40568113327026367,0.40568113327026367,True,3.9859874642872755,0.006570642348378897,False,CHAMPION EBONY,Tanker-20160526-193813-6,False,Tanker/6.wav,Tanker
class_vessel_balanced_sampling,small_cnn,tanker-6-000050000ms,Tanker/6.wav,Tanker,2,champion ebony,train,50.0,55.0,2,Tanker,0.3800484538078308,0.2234601229429245,0.38555169105529785,0.010939710773527622,0.38555169105529785,0.38555169105529785,True,4.896257927642317,0.007152305915951729,False,CHAMPION EBONY,Tanker-20160526-193813-6,False,Tanker/6.wav,Tanker
class_vessel_balanced_sampling,small_cnn,tanker-6-000055000ms,Tanker/6.wav,Tanker,2,champion ebony,train,55.0,60.0,2,Tanker,0.38197842240333557,0.21347209811210632,0.3945890963077545,0.009960422292351723,0.3945890963077545,0.3945890963077545,True,5.37162871205457,0.0066589233465492725,False,CHAMPION EBONY,Tanker-20160526-193813-6,False,Tanker/6.wav,Tanker
class_vessel_balanced_sampling,small_cnn,tanker-6-000060000ms,Tanker/6.wav,Tanker,2,champion ebony,train,60.0,65.0,2,Tanker,0.38637658953666687,0.2163993865251541,0.3877682685852051,0.009455702267587185,0.3877682685852051,0.3877682685852051,True,5.6525898353378,0.0057372902520000935,False,CHAMPION EBONY,Tanker-20160526-193813-6,False,Tanker/6.wav,Tanker
class_vessel_balanced_sampling,small_cnn,tanker-6-000065000ms,Tanker/6.wav,Tanker,2,champion ebony,train,65.0,70.0,2,Tanker,0.38294529914855957,0.21710874140262604,0.3906867802143097,0.009259161539375782,0.3906867802143097,0.3906867802143097,True,5.904453299163413,0.005918717011809349,False,CHAMPION EBONY,Tanker-20160526-193813-6,False,Tanker/6.wav,Tanker
class_vessel_balanced_sampling,small_cnn,tanker-6-000070000ms,Tanker/6.wav,Tanker,2,champion ebony,train,70.0,75.0,2,Tanker,0.3883804678916931,0.20648187398910522,0.3962308168411255,0.008906858041882515,0.3962308168411255,0.3962308168411255,True,6.014939104139187,0.005948808044195175,False,CHAMPION EBONY,Tanker-20160526-193813-6,False,Tanker/6.wav,Tanker
class_vessel_balanced_sampling,small_cnn,tanker-6-000075000ms,Tanker/6.wav,Tanker,2,champion ebony,train,75.0,80.0,0,Cargo,0.39464351534843445,0.21715757250785828,0.37865588068962097,0.009543041698634624,0.39464351534843445,0.37865588068962097,False,5.268309579129271,0.005268831737339497,False,CHAMPION EBONY,Tanker-20160526-193813-6,False,Tanker/6.wav,Tanker
class_vessel_balanced_sampling,small_cnn,tanker-6-000080000ms,Tanker/6.wav,Tanker,2,champion ebony,train,80.0,85.0,2,Tanker,0.39232882857322693,0.20544685423374176,0.39320695400238037,0.009017352014780045,0.39320695400238037,0.39320695400238037,True,5.7834242631660775,0.0047142477706074715,False,CHAMPION EBONY,Tanker-20160526-193813-6,False,Tanker/6.wav,Tanker
class_vessel_balanced_sampling,small_cnn,tanker-6-000085000ms,Tanker/6.wav,Tanker,2,champion ebony,train,85.0,90.0,2,Tanker,0.38633885979652405,0.1935592144727707,0.41201871633529663,0.00808317493647337,0.41201871633529663,0.41201871633529663,True,6.355988940462674,0.005197249818593264,False,CHAMPION EBONY,Tanker-20160526-193813-6,False,Tanker/6.wav,Tanker
class_vessel_balanced_sampling,small_cnn,tanker-6-000090000ms,Tanker/6.wav,Tanker,2,champion ebony,train,90.0,95.0,2,Tanker,0.39053621888160706,0.19883134961128235,0.4016389846801758,0.008993446826934814,0.4016389846801758,0.4016389846801758,True,5.833379156931197,0.004599179606884718,False,CHAMPION EBONY,Tanker-20160526-193813-6,False,Tanker/6.wav,Tanker
class_vessel_balanced_sampling,small_cnn,tanker-6-000095000ms,Tanker/6.wav,Tanker,2,champion ebony,train,95.0,100.0,0,Cargo,0.40493470430374146,0.20665514469146729,0.37807202339172363,0.010338125750422478,0.40493470430374146,0.37807202339172363,False,4.79619180905642,0.003481128253042698,False,CHAMPION EBONY,Tanker-20160526-193813-6,False,Tanker/6.wav,Tanker
class_vessel_balanced_sampling,small_cnn,tanker-6-000100000ms,Tanker/6.wav,Tanker,2,champion ebony,train,100.0,105.0,0,Cargo,0.40309566259384155,0.22220943868160248,0.3641888499259949,0.010506046004593372,0.40309566259384155,0.3641888499259949,False,4.613251209993744,0.003211364848539233,False,CHAMPION EBONY,Tanker-20160526-193813-6,False,Tanker/6.wav,Tanker
class_vessel_balanced_sampling,small_cnn,tanker-6-000105000ms,Tanker/6.wav,Tanker,2,champion ebony,train,105.0,110.0,0,Cargo,0.3992531895637512,0.20667575299739838,0.38399040699005127,0.010080630891025066,0.3992531895637512,0.38399040699005127,False,5.135725500500119,0.003785856068134308,False,CHAMPION EBONY,Tanker-20160526-193813-6,False,Tanker/6.wav,Tanker
class_vessel_balanced_sampling,small_cnn,tanker-6-000110000ms,Tanker/6.wav,Tanker,2,champion ebony,train,110.0,115.0,0,Cargo,0.39870157837867737,0.1974857598543167,0.3943549394607544,0.009457671083509922,0.39870157837867737,0.3943549394607544,False,5.636698940145008,0.0037708524614572525,False,CHAMPION EBONY,Tanker-20160526-193813-6,False,Tanker/6.wav,Tanker
class_vessel_balanced_sampling,small_cnn,tanker-6-000115000ms,Tanker/6.wav,Tanker,2,champion ebony,train,115.0,120.0,0,Cargo,0.4063713848590851,0.20276430249214172,0.3806852698326111,0.010179093107581139,0.4063713848590851,0.3806852698326111,False,5.073724383214839,0.003479250241070986,False,CHAMPION EBONY,Tanker-20160526-193813-6,False,Tanker/6.wav,Tanker
class_vessel_balanced_sampling,small_cnn,tanker-6-000120000ms,Tanker/6.wav,Tanker,2,champion ebony,train,120.0,125.0,0,Cargo,0.40556028485298157,0.20228008925914764,0.3830971419811249,0.009062553755939007,0.40556028485298157,0.3830971419811249,False,5.8141136782600835,0.0036199167370796204,False,CHAMPION EBONY,Tanker-20160526-193813-6,False,Tanker/6.wav,Tanker
class_vessel_balanced_sampling,small_cnn,tanker-6-000125000ms,Tanker/6.wav,Tanker,2,champion ebony,train,125.0,130.0,0,Cargo,0.39855554699897766,0.1974388062953949,0.3948124349117279,0.009193268604576588,0.39855554699897766,0.3948124349117279,False,5.822125316875812,0.003950692713260651,False,CHAMPION EBONY,Tanker-20160526-193813-6,False,Tanker/6.wav,Tanker
class_vessel_balanced_sampling,small_cnn,tanker-6-000130000ms,Tanker/6.wav,Tanker,2,champion ebony,train,130.0,135.0,2,Tanker,0.39578261971473694,0.19294817745685577,0.40307745337486267,0.008191709406673908,0.40307745337486267,0.40307745337486267,True,6.549305878330102,0.004673533141613007,False,CHAMPION EBONY,Tanker-20160526-193813-6,False,Tanker/6.wav,Tanker
class_vessel_balanced_sampling,small_cnn,tanker-6-000135000ms,Tanker/6.wav,Tanker,2,champion ebony,train,135.0,140.0,2,Tanker,0.39391371607780457,0.19110850989818573,0.40643689036369324,0.00854083988815546,0.40643689036369324,0.40643689036369324,True,6.131861592102928,0.0042457557283341885,False,CHAMPION EBONY,Tanker-20160526-193813-6,False,Tanker/6.wav,Tanker
class_vessel_balanced_sampling,small_cnn,tanker-6-000140000ms,Tanker/6.wav,Tanker,2,champion ebony,train,140.0,145.0,0,Cargo,0.4029574692249298,0.20954152941703796,0.3786177337169647,0.008883297443389893,0.4029574692249298,0.3786177337169647,False,5.975070427739546,0.0037878742441534996,False,CHAMPION EBONY,Tanker-20160526-193813-6,False,Tanker/6.wav,Tanker
class_vessel_balanced_sampling,small_cnn,tanker-6-000145000ms,Tanker/6.wav,Tanker,2,champion ebony,train,145.0,150.0,0,Cargo,0.40451356768608093,0.212270125746727,0.37414050102233887,0.009075785987079144,0.40451356768608093,0.37414050102233887,False,5.802590759105101,0.003183785593137145,False,CHAMPION EBONY,Tanker-20160526-193813-6,False,Tanker/6.wav,Tanker
class_vessel_balanced_sampling,small_cnn,tanker-6-000150000ms,Tanker/6.wav,Tanker,2,champion ebony,train,150.0,155.0,2,Tanker,0.39085930585861206,0.2035149782896042,0.39649713039398193,0.009128613397479057,0.39649713039398193,0.39649713039398193,True,6.197281724129859,0.004633685108274221,False,CHAMPION EBONY,Tanker-20160526-193813-6,False,Tanker/6.wav,Tanker
class_vessel_balanced_sampling,small_cnn,tanker-6-000155000ms,Tanker/6.wav,Tanker,2,champion ebony,train,155.0,160.0,2,Tanker,0.39547625184059143,0.1922340840101242,0.4037027359008789,0.00858690869063139,0.4037027359008789,0.4037027359008789,True,6.286427726687676,0.004125356674194336,False,CHAMPION EBONY,Tanker-20160526-193813-6,False,Tanker/6.wav,Tanker
class_vessel_balanced_sampling,small_cnn,tanker-6-000160000ms,Tanker/6.wav,Tanker,2,champion ebony,train,160.0,165.0,0,Cargo,0.37908801436424255,0.2341572791337967,0.3738269805908203,0.01292777806520462,0.37908801436424255,0.3738269805908203,False,4.676665209954753,0.006165416911244392,False,CHAMPION EBONY,Tanker-20160526-193813-6,False,Tanker/6.wav,Tanker
class_vessel_balanced_sampling,small_cnn,tanker-6-000165000ms,Tanker/6.wav,Tanker,2,champion ebony,train,165.0,170.0,0,Cargo,0.3729805052280426,0.2453738898038864,0.3683657646179199,0.013279872946441174,0.3729805052280426,0.3683657646179199,False,4.542303979350093,0.005612088833004236,False,CHAMPION EBONY,Tanker-20160526-193813-6,True,Tanker/6.wav,Tanker
class_vessel_balanced_sampling,small_cnn,tanker-8-000000000ms,Tanker/8.wav,Tanker,2,kirkeholmen,train,0.0,5.0,0,Cargo,0.3440784513950348,0.33768805861473083,0.2798249125480652,0.038408562541007996,0.3440784513950348,0.2798249125480652,False,5.6102609040308655,0.009520463645458221,False,KIRKEHOLMEN,Tanker-20160601-142520-8,True,Tanker/8.wav,Tanker
class_vessel_balanced_sampling,small_cnn,tanker-8-000005000ms,Tanker/8.wav,Tanker,2,kirkeholmen,train,5.0,10.0,1,Passengership,0.3391490578651428,0.33964428305625916,0.2731446623802185,0.04806199669837952,0.33964428305625916,0.2731446623802185,False,3.577223291494925,0.009062137454748154,False,KIRKEHOLMEN,Tanker-20160601-142520-8,False,Tanker/8.wav,Tanker
class_vessel_balanced_sampling,small_cnn,tanker-8-000010000ms,Tanker/8.wav,Tanker,2,kirkeholmen,train,10.0,15.0,0,Cargo,0.3469754159450531,0.31906622648239136,0.28630706667900085,0.04765135422348976,0.3469754159450531,0.28630706667900085,False,5.632294710293752,0.009721340611577034,False,KIRKEHOLMEN,Tanker-20160601-142520-8,False,Tanker/8.wav,Tanker
class_vessel_balanced_sampling,small_cnn,tanker-8-000015000ms,Tanker/8.wav,Tanker,2,kirkeholmen,train,15.0,20.0,0,Cargo,0.3553605377674103,0.31600573658943176,0.288351833820343,0.040281958878040314,0.3553605377674103,0.288351833820343,False,4.898534254986201,0.009249149821698666,False,KIRKEHOLMEN,Tanker-20160601-142520-8,False,Tanker/8.wav,Tanker
class_vessel_balanced_sampling,small_cnn,tanker-8-000020000ms,Tanker/8.wav,Tanker,2,kirkeholmen,train,20.0,25.0,0,Cargo,0.35344770550727844,0.33588382601737976,0.2714761197566986,0.03919234871864319,0.35344770550727844,0.2714761197566986,False,5.343273829131632,0.008806858211755753,False,KIRKEHOLMEN,Tanker-20160601-142520-8,False,Tanker/8.wav,Tanker
class_vessel_balanced_sampling,small_cnn,tanker-8-000025000ms,Tanker/8.wav,Tanker,2,kirkeholmen,train,25.0,30.0,0,Cargo,0.35130539536476135,0.33404508233070374,0.27756190299987793,0.03708755597472191,0.35130539536476135,0.27756190299987793,False,5.110621714824367,0.008459383621811867,False,KIRKEHOLMEN,Tanker-20160601-142520-8,False,Tanker/8.wav,Tanker
class_vessel_balanced_sampling,small_cnn,tanker-8-000030000ms,Tanker/8.wav,Tanker,2,kirkeholmen,train,30.0,35.0,0,Cargo,0.3513137400150299,0.3464409410953522,0.26735493540763855,0.0348903052508831,0.3513137400150299,0.26735493540763855,False,5.495875027541616,0.008185465820133686,False,KIRKEHOLMEN,Tanker-20160601-142520-8,False,Tanker/8.wav,Tanker
class_vessel_balanced_sampling,small_cnn,tanker-8-000035000ms,Tanker/8.wav,Tanker,2,kirkeholmen,train,35.0,40.0,0,Cargo,0.3455656170845032,0.3344721496105194,0.2769778370857239,0.04298441857099533,0.3455656170845032,0.2769778370857239,False,5.535724670094598,0.008333801291882992,False,KIRKEHOLMEN,Tanker-20160601-142520-8,True,Tanker/8.wav,Tanker
class_vessel_balanced_sampling,small_cnn,tanker-9-000000000ms,Tanker/9.wav,Tanker,2,songa ruby,train,0.0,5.0,0,Cargo,0.4050849676132202,0.22383596003055573,0.3607011139392853,0.010377989150583744,0.4050849676132202,0.3607011139392853,False,4.434202956915636,0.0062721786089241505,False,SONGA RUBY,Tanker-20160602-203639-9,True,Tanker/9.wav,Tanker
class_vessel_balanced_sampling,small_cnn,tanker-9-000005000ms,Tanker/9.wav,Tanker,2,songa ruby,train,5.0,10.0,0,Cargo,0.40370696783065796,0.21972984075546265,0.3661964237689972,0.010366786271333694,0.40370696783065796,0.3661964237689972,False,4.473953972708844,0.004971989896148443,False,SONGA RUBY,Tanker-20160602-203639-9,False,Tanker/9.wav,Tanker
class_vessel_balanced_sampling,small_cnn,tanker-9-000010000ms,Tanker/9.wav,Tanker,2,songa ruby,train,10.0,15.0,0,Cargo,0.39702489972114563,0.22328786551952362,0.3688720762729645,0.010815194807946682,0.39702489972114563,0.3688720762729645,False,4.199959300278824,0.004576313775032759,False,SONGA RUBY,Tanker-20160602-203639-9,True,Tanker/9.wav,Tanker
class_vessel_balanced_sampling,small_cnn,tug-49-000000000ms,Tug/49.wav,Tug,3,seaspan eagle,train,0.0,5.0,3,Tug,0.04888197034597397,0.027389753609895706,0.08414780348539352,0.8395804762840271,0.8395804762840271,0.8395804762840271,True,3.498600676519154,0.0028954583685845137,False,SEASPAN EAGLE,Tug-20171210-132956-49,True,Tug/49.wav,Tug
class_vessel_balanced_sampling,small_cnn,tug-49-000005000ms,Tug/49.wav,Tug,3,seaspan eagle,train,5.0,10.0,3,Tug,0.055305786430835724,0.030428791418671608,0.09579858928918839,0.81846684217453,0.81846684217453,0.81846684217453,True,3.4969110114601096,0.0028493681456893682,False,SEASPAN EAGLE,Tug-20171210-132956-49,False,Tug/49.wav,Tug
class_vessel_balanced_sampling,small_cnn,tug-49-000010000ms,Tug/49.wav,Tug,3,seaspan eagle,train,10.0,15.0,3,Tug,0.062493063509464264,0.03327034413814545,0.09951073676347733,0.8047258853912354,0.8047258853912354,0.8047258853912354,True,4.160264895145689,0.0026079658418893814,False,SEASPAN EAGLE,Tug-20171210-132956-49,False,Tug/49.wav,Tug
class_vessel_balanced_sampling,small_cnn,tug-49-000015000ms,Tug/49.wav,Tug,3,seaspan eagle,train,15.0,20.0,3,Tug,0.04802040010690689,0.0256268959492445,0.08447092771530151,0.8418818116188049,0.8418818116188049,0.8418818116188049,True,2.8983064642935585,0.0028773434460163116,False,SEASPAN EAGLE,Tug-20171210-132956-49,False,Tug/49.wav,Tug
class_vessel_balanced_sampling,small_cnn,tug-49-000020000ms,Tug/49.wav,Tug,3,seaspan eagle,train,20.0,25.0,3,Tug,0.057957038283348083,0.03189093619585037,0.08903251588344574,0.8211195468902588,0.8211195468902588,0.8211195468902588,True,4.134075698133382,0.0022999399807304144,False,SEASPAN EAGLE,Tug-20171210-132956-49,False,Tug/49.wav,Tug
class_vessel_balanced_sampling,small_cnn,tug-49-000025000ms,Tug/49.wav,Tug,3,seaspan eagle,train,25.0,30.0,3,Tug,0.047188013792037964,0.02650098130106926,0.07543854415416718,0.8508723974227905,0.8508723974227905,0.8508723974227905,True,3.7855223630566215,0.0023399542551487684,False,SEASPAN EAGLE,Tug-20171210-132956-49,False,Tug/49.wav,Tug
class_vessel_balanced_sampling,small_cnn,tug-49-000030000ms,Tug/49.wav,Tug,3,seaspan eagle,train,30.0,35.0,3,Tug,0.04175492376089096,0.022788681089878082,0.07775938510894775,0.8576970100402832,0.8576970100402832,0.8576970100402832,True,2.937683419063394,0.0025914739817380905,False,SEASPAN EAGLE,Tug-20171210-132956-49,False,Tug/49.wav,Tug
class_vessel_balanced_sampling,small_cnn,tug-49-000035000ms,Tug/49.wav,Tug,3,seaspan eagle,train,35.0,40.0,3,Tug,0.040482498705387115,0.0217735692858696,0.07941624522209167,0.8583277463912964,0.8583277463912964,0.8583277463912964,True,3.212461750809516,0.0023763885255903006,False,SEASPAN EAGLE,Tug-20171210-132956-49,False,Tug/49.wav,Tug
class_vessel_balanced_sampling,small_cnn,tug-49-000040000ms,Tug/49.wav,Tug,3,seaspan eagle,train,40.0,45.0,3,Tug,0.04226696491241455,0.023488672450184822,0.07714496552944183,0.8570994734764099,0.8570994734764099,0.8570994734764099,True,2.722779185769052,0.0021463967859745026,False,SEASPAN EAGLE,Tug-20171210-132956-49,False,Tug/49.wav,Tug
class_vessel_balanced_sampling,small_cnn,tug-49-000045000ms,Tug/49.wav,Tug,3,seaspan eagle,train,45.0,50.0,3,Tug,0.02857453189790249,0.014661194756627083,0.05949615314602852,0.8972681164741516,0.8972681164741516,0.8972681164741516,True,1.6305492746490313,0.0024859034456312656,False,SEASPAN EAGLE,Tug-20171210-132956-49,False,Tug/49.wav,Tug
class_vessel_balanced_sampling,small_cnn,tug-49-000050000ms,Tug/49.wav,Tug,3,seaspan eagle,train,50.0,55.0,3,Tug,0.02886209264397621,0.014343330636620522,0.06954725831747055,0.8872473835945129,0.8872473835945129,0.8872473835945129,True,1.773253458270454,0.002684695878997445,False,SEASPAN EAGLE,Tug-20171210-132956-49,False,Tug/49.wav,Tug
class_vessel_balanced_sampling,small_cnn,tug-49-000055000ms,Tug/49.wav,Tug,3,seaspan eagle,train,55.0,60.0,3,Tug,0.03684857487678528,0.01874862052500248,0.08129195123910904,0.8631108403205872,0.8631108403205872,0.8631108403205872,True,2.290475077428561,0.002162130316719413,False,SEASPAN EAGLE,Tug-20171210-132956-49,False,Tug/49.wav,Tug
class_vessel_balanced_sampling,small_cnn,tug-49-000060000ms,Tug/49.wav,Tug,3,seaspan eagle,train,60.0,65.0,3,Tug,0.04013524204492569,0.020041469484567642,0.10002825409173965,0.8397949934005737,0.8397949934005737,0.8397949934005737,True,2.6405363186439703,0.0034176884219050407,False,SEASPAN EAGLE,Tug-20171210-132956-49,False,Tug/49.wav,Tug
class_vessel_balanced_sampling,small_cnn,tug-49-000065000ms,Tug/49.wav,Tug,3,seaspan eagle,train,65.0,70.0,3,Tug,0.04140828549861908,0.02238982915878296,0.08250914514064789,0.8536927700042725,0.8536927700042725,0.8536927700042725,True,2.162464795849562,0.0022245270665735006,False,SEASPAN EAGLE,Tug-20171210-132956-49,False,Tug/49.wav,Tug
class_vessel_balanced_sampling,small_cnn,tug-49-000070000ms,Tug/49.wav,Tug,3,seaspan eagle,train,70.0,75.0,3,Tug,0.038153186440467834,0.020246976986527443,0.07478725910186768,0.8668125867843628,0.8668125867843628,0.8668125867843628,True,2.250142369291668,0.001777049619704485,False,SEASPAN EAGLE,Tug-20171210-132956-49,False,Tug/49.wav,Tug
class_vessel_balanced_sampling,small_cnn,tug-49-000075000ms,Tug/49.wav,Tug,3,seaspan eagle,train,75.0,80.0,3,Tug,0.02631702646613121,0.012498022988438606,0.06280120462179184,0.8983837366104126,0.8983837366104126,0.8983837366104126,True,1.3776832531088905,0.0018356490181759,False,SEASPAN EAGLE,Tug-20171210-132956-49,False,Tug/49.wav,Tug
class_vessel_balanced_sampling,small_cnn,tug-49-000080000ms,Tug/49.wav,Tug,3,seaspan eagle,train,80.0,85.0,3,Tug,0.012935418635606766,0.0049639539793133736,0.03546607121825218,0.9466345906257629,0.9466345906257629,0.9466345906257629,True,4.9282977914208095,0.002277575433254242,False,SEASPAN EAGLE,Tug-20171210-132956-49,False,Tug/49.wav,Tug
class_vessel_balanced_sampling,small_cnn,tug-49-000085000ms,Tug/49.wav,Tug,3,seaspan eagle,train,85.0,90.0,3,Tug,0.012073698453605175,0.004901358857750893,0.035270772874355316,0.9477541446685791,0.9477541446685791,0.9477541446685791,True,4.920104102569541,0.001817069947719574,False,SEASPAN EAGLE,Tug-20171210-132956-49,False,Tug/49.wav,Tug
class_vessel_balanced_sampling,small_cnn,tug-49-000090000ms,Tug/49.wav,Tug,3,seaspan eagle,train,90.0,95.0,3,Tug,0.02405903860926628,0.01064055785536766,0.060737404972314835,0.9045630097389221,0.9045630097389221,0.9045630097389221,True,1.9390305153558371,0.0017391182482242584,False,SEASPAN EAGLE,Tug-20171210-132956-49,False,Tug/49.wav,Tug
class_vessel_balanced_sampling,small_cnn,tug-49-000095000ms,Tug/49.wav,Tug,3,seaspan eagle,train,95.0,100.0,3,Tug,0.03156490623950958,0.013685446232557297,0.07377807796001434,0.8809716105461121,0.8809716105461121,0.8809716105461121,True,1.5450415038145566,0.002533098217099905,False,SEASPAN EAGLE,Tug-20171210-132956-49,False,Tug/49.wav,Tug
class_vessel_balanced_sampling,small_cnn,tug-49-000100000ms,Tug/49.wav,Tug,3,seaspan eagle,train,100.0,105.0,3,Tug,0.030152736231684685,0.014329438097774982,0.0618727020919323,0.8936451077461243,0.8936451077461243,0.8936451077461243,True,1.6328323155652034,0.002000964479520917,False,SEASPAN EAGLE,Tug-20171210-132956-49,False,Tug/49.wav,Tug
class_vessel_balanced_sampling,small_cnn,tug-49-000105000ms,Tug/49.wav,Tug,3,seaspan eagle,train,105.0,110.0,3,Tug,0.039004724472761154,0.020310301333665848,0.07204589247703552,0.8686391115188599,0.8686391115188599,0.8686391115188599,True,2.2327783106517183,0.0018475856631994247,False,SEASPAN EAGLE,Tug-20171210-132956-49,False,Tug/49.wav,Tug
class_vessel_balanced_sampling,small_cnn,tug-49-000110000ms,Tug/49.wav,Tug,3,seaspan eagle,train,110.0,115.0,3,Tug,0.05854476988315582,0.033650629222393036,0.09903956949710846,0.8087650537490845,0.8087650537490845,0.8087650537490845,True,4.249255893972242,0.0018947398057207465,False,SEASPAN EAGLE,Tug-20171210-132956-49,False,Tug/49.wav,Tug
class_vessel_balanced_sampling,small_cnn,tug-49-000115000ms,Tug/49.wav,Tug,3,seaspan eagle,train,115.0,120.0,3,Tug,0.08170408010482788,0.04379595071077347,0.13687202334403992,0.7376278638839722,0.7376278638839722,0.7376278638839722,True,5.408759537514923,0.0026203286834061146,False,SEASPAN EAGLE,Tug-20171210-132956-49,False,Tug/49.wav,Tug
class_vessel_balanced_sampling,small_cnn,tug-49-000120000ms,Tug/49.wav,Tug,3,seaspan eagle,train,120.0,125.0,3,Tug,0.05941390618681908,0.03018828295171261,0.1159825325012207,0.7944153547286987,0.7944153547286987,0.7944153547286987,True,3.7573379750455924,0.002058533951640129,False,SEASPAN EAGLE,Tug-20171210-132956-49,False,Tug/49.wav,Tug
class_vessel_balanced_sampling,small_cnn,tug-49-000125000ms,Tug/49.wav,Tug,3,seaspan eagle,train,125.0,130.0,3,Tug,0.03675797954201698,0.015688197687268257,0.08822254836559296,0.8593312501907349,0.8593312501907349,0.8593312501907349,True,2.033705770515769,0.002419010503217578,False,SEASPAN EAGLE,Tug-20171210-132956-49,False,Tug/49.wav,Tug
class_vessel_balanced_sampling,small_cnn,tug-49-000130000ms,Tug/49.wav,Tug,3,seaspan eagle,train,130.0,135.0,3,Tug,0.05334094911813736,0.02319604717195034,0.12991850078105927,0.7935444712638855,0.7935444712638855,0.7935444712638855,True,3.732523332055074,0.003341401694342494,False,SEASPAN EAGLE,Tug-20171210-132956-49,False,Tug/49.wav,Tug
class_vessel_balanced_sampling,small_cnn,tug-49-000135000ms,Tug/49.wav,Tug,3,seaspan eagle,train,135.0,140.0,3,Tug,0.06287440657615662,0.028973862528800964,0.12749776244163513,0.7806540131568909,0.7806540131568909,0.7806540131568909,True,3.8092125994155985,0.0019182220567017794,False,SEASPAN EAGLE,Tug-20171210-132956-49,False,Tug/49.wav,Tug
class_vessel_balanced_sampling,small_cnn,tug-49-000140000ms,Tug/49.wav,Tug,3,seaspan eagle,train,140.0,145.0,3,Tug,0.03171204403042793,0.013189129531383514,0.08535934239625931,0.8697395324707031,0.8697395324707031,0.8697395324707031,True,3.12913170519191,0.0039119902066886425,False,SEASPAN EAGLE,Tug-20171210-132956-49,False,Tug/49.wav,Tug
class_vessel_balanced_sampling,small_cnn,tug-49-000145000ms,Tug/49.wav,Tug,3,seaspan eagle,train,145.0,150.0,3,Tug,0.012525822035968304,0.005238135810941458,0.03545915335416794,0.9467768669128418,0.9467768669128418,0.9467768669128418,True,4.9324968811991186,0.0026278437580913305,False,SEASPAN EAGLE,Tug-20171210-132956-49,False,Tug/49.wav,Tug
class_vessel_balanced_sampling,small_cnn,tug-49-000150000ms,Tug/49.wav,Tug,3,seaspan eagle,train,150.0,155.0,3,Tug,0.021622342988848686,0.008902466855943203,0.05845135822892189,0.9110237956047058,0.9110237956047058,0.9110237956047058,True,3.3665740579786245,0.0025738400872796774,False,SEASPAN EAGLE,Tug-20171210-132956-49,False,Tug/49.wav,Tug
class_vessel_balanced_sampling,small_cnn,tug-49-000155000ms,Tug/49.wav,Tug,3,seaspan eagle,train,155.0,160.0,3,Tug,0.018540766090154648,0.007437855005264282,0.054885029792785645,0.9191364049911499,0.9191364049911499,0.9191364049911499,True,3.6765765034371167,0.0025323177687823772,False,SEASPAN EAGLE,Tug-20171210-132956-49,False,Tug/49.wav,Tug
class_vessel_balanced_sampling,small_cnn,tug-49-000160000ms,Tug/49.wav,Tug,3,seaspan eagle,train,160.0,165.0,3,Tug,0.01526933629065752,0.006340487394481897,0.048061247915029526,0.9303289651870728,0.9303289651870728,0.9303289651870728,True,4.263464133813151,0.00239495187997818,False,SEASPAN EAGLE,Tug-20171210-132956-49,False,Tug/49.wav,Tug
class_vessel_balanced_sampling,small_cnn,tug-49-000165000ms,Tug/49.wav,Tug,3,seaspan eagle,train,165.0,170.0,3,Tug,0.015197991393506527,0.006732185836881399,0.04253416135907173,0.9355356693267822,0.9355356693267822,0.9355356693267822,True,3.762717844473835,0.0016945918323472142,False,SEASPAN EAGLE,Tug-20171210-132956-49,False,Tug/49.wav,Tug
class_vessel_balanced_sampling,small_cnn,tug-49-000170000ms,Tug/49.wav,Tug,3,seaspan eagle,train,170.0,175.0,3,Tug,0.013753298670053482,0.005856492556631565,0.036619193851947784,0.9437709450721741,0.9437709450721741,0.9437709450721741,True,4.451197786194114,0.002341577783226967,False,SEASPAN EAGLE,Tug-20171210-132956-49,False,Tug/49.wav,Tug
class_vessel_balanced_sampling,small_cnn,tug-49-000175000ms,Tug/49.wav,Tug,3,seaspan eagle,train,175.0,180.0,3,Tug,0.014333602972328663,0.006555633619427681,0.042319007217884064,0.9367917776107788,0.9367917776107788,0.9367917776107788,True,3.876954012080936,0.001979600405320525,False,SEASPAN EAGLE,Tug-20171210-132956-49,False,Tug/49.wav,Tug
class_vessel_balanced_sampling,small_cnn,tug-49-000180000ms,Tug/49.wav,Tug,3,seaspan eagle,train,180.0,185.0,3,Tug,0.011210616677999496,0.004141580313444138,0.03784393519163132,0.9468038082122803,0.9468038082122803,0.9468038082122803,True,5.906943210664836,0.00171085970941931,False,SEASPAN EAGLE,Tug-20171210-132956-49,False,Tug/49.wav,Tug
class_vessel_balanced_sampling,small_cnn,tug-49-000185000ms,Tug/49.wav,Tug,3,seaspan eagle,train,185.0,190.0,3,Tug,0.017097745090723038,0.007199565880000591,0.0495331771671772,0.9261695146560669,0.9261695146560669,0.9261695146560669,True,3.750198472479571,0.0019499339396134019,False,SEASPAN EAGLE,Tug-20171210-132956-49,True,Tug/49.wav,Tug
class_vessel_balanced_sampling,small_cnn,cargo-62-000000000ms,Cargo/62.wav,Cargo,0,anastasia,validation,0.0,5.0,0,Cargo,0.4173099100589752,0.17383816838264465,0.39796745777130127,0.010884393937885761,0.4173099100589752,0.4173099100589752,True,5.011272297679786,0.014654667116701603,False,ANASTASIA,Cargo-20171202-123015-62,True,Cargo/62.wav,Cargo
class_vessel_balanced_sampling,small_cnn,cargo-62-000005000ms,Cargo/62.wav,Cargo,0,anastasia,validation,5.0,10.0,2,Tanker,0.41253432631492615,0.16138899326324463,0.4153579771518707,0.01071870420128107,0.4153579771518707,0.41253432631492615,False,5.170491565665963,0.015590690076351166,False,ANASTASIA,Cargo-20171202-123015-62,False,Cargo/62.wav,Cargo
class_vessel_balanced_sampling,small_cnn,cargo-62-000010000ms,Cargo/62.wav,Cargo,0,anastasia,validation,10.0,15.0,0,Cargo,0.40915995836257935,0.1725659966468811,0.4078540802001953,0.01041995920240879,0.40915995836257935,0.40915995836257935,True,5.321420586516707,0.013537466526031494,False,ANASTASIA,Cargo-20171202-123015-62,False,Cargo/62.wav,Cargo
class_vessel_balanced_sampling,small_cnn,cargo-62-000015000ms,Cargo/62.wav,Cargo,0,anastasia,validation,15.0,20.0,0,Cargo,0.4129941463470459,0.16618859767913818,0.4105168581008911,0.010300393216311932,0.4129941463470459,0.4129941463470459,True,5.589210191981433,0.010212226770818233,False,ANASTASIA,Cargo-20171202-123015-62,False,Cargo/62.wav,Cargo
class_vessel_balanced_sampling,small_cnn,cargo-62-000020000ms,Cargo/62.wav,Cargo,0,anastasia,validation,20.0,25.0,0,Cargo,0.413637638092041,0.18091392517089844,0.394389271736145,0.011059143580496311,0.413637638092041,0.413637638092041,True,4.776601600182818,0.009881582111120224,False,ANASTASIA,Cargo-20171202-123015-62,False,Cargo/62.wav,Cargo
class_vessel_balanced_sampling,small_cnn,cargo-62-000025000ms,Cargo/62.wav,Cargo,0,anastasia,validation,25.0,30.0,0,Cargo,0.4141819179058075,0.17594720423221588,0.39980053901672363,0.01007026620209217,0.4141819179058075,0.4141819179058075,True,5.401542275733498,0.010208395309746265,False,ANASTASIA,Cargo-20171202-123015-62,False,Cargo/62.wav,Cargo
class_vessel_balanced_sampling,small_cnn,cargo-62-000030000ms,Cargo/62.wav,Cargo,0,anastasia,validation,30.0,35.0,0,Cargo,0.41204288601875305,0.17439880967140198,0.40283718705177307,0.010721159167587757,0.41204288601875305,0.41204288601875305,True,5.2055498014489485,0.009515375830233097,False,ANASTASIA,Cargo-20171202-123015-62,False,Cargo/62.wav,Cargo
class_vessel_balanced_sampling,small_cnn,cargo-62-000035000ms,Cargo/62.wav,Cargo,0,anastasia,validation,35.0,40.0,0,Cargo,0.4115922451019287,0.1785256415605545,0.3990815281867981,0.010800657793879509,0.4115922451019287,0.4115922451019287,True,4.984433612648326,0.01037558726966381,False,ANASTASIA,Cargo-20171202-123015-62,False,Cargo/62.wav,Cargo
class_vessel_balanced_sampling,small_cnn,cargo-62-000040000ms,Cargo/62.wav,Cargo,0,anastasia,validation,40.0,45.0,2,Tanker,0.40422579646110535,0.17620642483234406,0.4099072813987732,0.009660503827035427,0.4099072813987732,0.40422579646110535,False,5.346889724096151,0.008899278938770294,False,ANASTASIA,Cargo-20171202-123015-62,False,Cargo/62.wav,Cargo
class_vessel_balanced_sampling,small_cnn,cargo-62-000045000ms,Cargo/62.wav,Cargo,0,anastasia,validation,45.0,50.0,2,Tanker,0.3993527293205261,0.17323631048202515,0.41781100630760193,0.00959989707916975,0.41781100630760193,0.3993527293205261,False,5.380313069720038,0.009236461482942104,False,ANASTASIA,Cargo-20171202-123015-62,False,Cargo/62.wav,Cargo
class_vessel_balanced_sampling,small_cnn,cargo-62-000050000ms,Cargo/62.wav,Cargo,0,anastasia,validation,50.0,55.0,0,Cargo,0.4074023365974426,0.17727763950824738,0.40460455417633057,0.010715518146753311,0.4074023365974426,0.4074023365974426,True,5.055612205070066,0.008601171895861626,False,ANASTASIA,Cargo-20171202-123015-62,False,Cargo/62.wav,Cargo
class_vessel_balanced_sampling,small_cnn,cargo-62-000055000ms,Cargo/62.wav,Cargo,0,anastasia,validation,55.0,60.0,0,Cargo,0.411027729511261,0.17908446490764618,0.4003145098686218,0.009573264047503471,0.411027729511261,0.411027729511261,True,5.530085130270046,0.007259748876094818,False,ANASTASIA,Cargo-20171202-123015-62,False,Cargo/62.wav,Cargo
class_vessel_balanced_sampling,small_cnn,cargo-62-000060000ms,Cargo/62.wav,Cargo,0,anastasia,validation,60.0,65.0,0,Cargo,0.4142303168773651,0.1755308359861374,0.40091076493263245,0.009328046813607216,0.4142303168773651,0.4142303168773651,True,5.661060097303526,0.006863359361886978,False,ANASTASIA,Cargo-20171202-123015-62,False,Cargo/62.wav,Cargo
class_vessel_balanced_sampling,small_cnn,cargo-62-000065000ms,Cargo/62.wav,Cargo,0,anastasia,validation,65.0,70.0,2,Tanker,0.404355525970459,0.17563998699188232,0.4095565676689148,0.010447892360389233,0.4095565676689148,0.404355525970459,False,4.8589003210303865,0.007685461547225714,False,ANASTASIA,Cargo-20171202-123015-62,False,Cargo/62.wav,Cargo
class_vessel_balanced_sampling,small_cnn,cargo-62-000070000ms,Cargo/62.wav,Cargo,0,anastasia,validation,70.0,75.0,0,Cargo,0.40491974353790283,0.18219693005084991,0.40288421511650085,0.009999154135584831,0.40491974353790283,0.40491974353790283,True,5.210438039563726,0.00720317242667079,False,ANASTASIA,Cargo-20171202-123015-62,False,Cargo/62.wav,Cargo
class_vessel_balanced_sampling,small_cnn,cargo-62-000075000ms,Cargo/62.wav,Cargo,0,anastasia,validation,75.0,80.0,2,Tanker,0.405163437128067,0.17196489870548248,0.4125082194805145,0.010363375768065453,0.4125082194805145,0.405163437128067,False,4.9384704784990205,0.007294389419257641,False,ANASTASIA,Cargo-20171202-123015-62,False,Cargo/62.wav,Cargo
class_vessel_balanced_sampling,small_cnn,cargo-62-000080000ms,Cargo/62.wav,Cargo,0,anastasia,validation,80.0,85.0,2,Tanker,0.4066590666770935,0.17024467885494232,0.4126552641391754,0.010440976358950138,0.4126552641391754,0.4066590666770935,False,4.911812985159443,0.005384098272770643,False,ANASTASIA,Cargo-20171202-123015-62,False,Cargo/62.wav,Cargo
class_vessel_balanced_sampling,small_cnn,cargo-62-000085000ms,Cargo/62.wav,Cargo,0,anastasia,validation,85.0,90.0,0,Cargo,0.41419053077697754,0.1734241098165512,0.4004114866256714,0.011973975226283073,0.41419053077697754,0.41419053077697754,True,4.756547246739917,0.005980771034955978,False,ANASTASIA,Cargo-20171202-123015-62,False,Cargo/62.wav,Cargo
class_vessel_balanced_sampling,small_cnn,cargo-62-000090000ms,Cargo/62.wav,Cargo,0,anastasia,validation,90.0,95.0,0,Cargo,0.41696521639823914,0.1640242636203766,0.4071672856807709,0.011843208223581314,0.41696521639823914,0.41696521639823914,True,5.305743419609578,0.0064878989942371845,False,ANASTASIA,Cargo-20171202-123015-62,False,Cargo/62.wav,Cargo
class_vessel_balanced_sampling,small_cnn,cargo-62-000095000ms,Cargo/62.wav,Cargo,0,anastasia,validation,95.0,100.0,0,Cargo,0.42105206847190857,0.16192927956581116,0.4062816798686981,0.010736923664808273,0.42105206847190857,0.42105206847190857,True,5.645564755735373,0.005831237882375717,False,ANASTASIA,Cargo-20171202-123015-62,False,Cargo/62.wav,Cargo
class_vessel_balanced_sampling,small_cnn,cargo-62-000100000ms,Cargo/62.wav,Cargo,0,anastasia,validation,100.0,105.0,0,Cargo,0.4180479943752289,0.17166203260421753,0.3996407985687256,0.010649160481989384,0.4180479943752289,0.4180479943752289,True,5.1065682972440625,0.005366938654333353,False,ANASTASIA,Cargo-20171202-123015-62,False,Cargo/62.wav,Cargo
class_vessel_balanced_sampling,small_cnn,cargo-62-000105000ms,Cargo/62.wav,Cargo,0,anastasia,validation,105.0,110.0,0,Cargo,0.41319864988327026,0.16411350667476654,0.41126686334609985,0.011420893482863903,0.41319864988327026,0.41319864988327026,True,5.220150254628627,0.004921282641589642,False,ANASTASIA,Cargo-20171202-123015-62,False,Cargo/62.wav,Cargo
class_vessel_balanced_sampling,small_cnn,cargo-62-000110000ms,Cargo/62.wav,Cargo,0,anastasia,validation,110.0,115.0,0,Cargo,0.4165613055229187,0.1743372678756714,0.3973477780818939,0.011753691360354424,0.4165613055229187,0.4165613055229187,True,4.8077528334689665,0.004097384866327047,False,ANASTASIA,Cargo-20171202-123015-62,False,Cargo/62.wav,Cargo
class_vessel_balanced_sampling,small_cnn,cargo-62-000115000ms,Cargo/62.wav,Cargo,0,anastasia,validation,115.0,120.0,0,Cargo,0.4118557572364807,0.18038706481456757,0.3961319923400879,0.011625236831605434,0.4118557572364807,0.4118557572364807,True,4.546706123285659,0.0042406837455928326,False,ANASTASIA,Cargo-20171202-123015-62,False,Cargo/62.wav,Cargo
class_vessel_balanced_sampling,small_cnn,cargo-62-000120000ms,Cargo/62.wav,Cargo,0,anastasia,validation,120.0,125.0,0,Cargo,0.4050019085407257,0.17971152067184448,0.4024686813354492,0.012817902490496635,0.4050019085407257,0.4050019085407257,True,4.304763206851058,0.0055725849233567715,False,ANASTASIA,Cargo-20171202-123015-62,False,Cargo/62.wav,Cargo
class_vessel_balanced_sampling,small_cnn,cargo-62-000125000ms,Cargo/62.wav,Cargo,0,anastasia,validation,125.0,130.0,0,Cargo,0.4161387085914612,0.1824771761894226,0.38818925619125366,0.013194829225540161,0.4161387085914612,0.4161387085914612,True,4.086681678475565,0.005510999821126461,False,ANASTASIA,Cargo-20171202-123015-62,False,Cargo/62.wav,Cargo
class_vessel_balanced_sampling,small_cnn,cargo-62-000130000ms,Cargo/62.wav,Cargo,0,anastasia,validation,130.0,135.0,0,Cargo,0.41102808713912964,0.18452554941177368,0.39239367842674255,0.01205266173928976,0.41102808713912964,0.41102808713912964,True,4.256190157459691,0.006131928414106369,False,ANASTASIA,Cargo-20171202-123015-62,False,Cargo/62.wav,Cargo
class_vessel_balanced_sampling,small_cnn,cargo-62-000135000ms,Cargo/62.wav,Cargo,0,anastasia,validation,135.0,140.0,2,Tanker,0.400790274143219,0.18062108755111694,0.40572524070739746,0.01286338735371828,0.40572524070739746,0.400790274143219,False,3.6680834155469415,0.004587969277054071,False,ANASTASIA,Cargo-20171202-123015-62,False,Cargo/62.wav,Cargo
class_vessel_balanced_sampling,small_cnn,cargo-62-000140000ms,Cargo/62.wav,Cargo,0,anastasia,validation,140.0,145.0,2,Tanker,0.3947904407978058,0.15698853135108948,0.4336985945701599,0.014522414654493332,0.4336985945701599,0.3947904407978058,False,4.076556304641536,0.006009605247527361,False,ANASTASIA,Cargo-20171202-123015-62,False,Cargo/62.wav,Cargo
class_vessel_balanced_sampling,small_cnn,cargo-62-000145000ms,Cargo/62.wav,Cargo,0,anastasia,validation,145.0,150.0,2,Tanker,0.38100868463516235,0.15741539001464844,0.4459676146507263,0.015608320012688637,0.4459676146507263,0.38100868463516235,False,3.5717482855217244,0.004290227312594652,False,ANASTASIA,Cargo-20171202-123015-62,False,Cargo/62.wav,Cargo
class_vessel_balanced_sampling,small_cnn,cargo-62-000150000ms,Cargo/62.wav,Cargo,0,anastasia,validation,150.0,155.0,2,Tanker,0.3845736086368561,0.16990318894386292,0.4314333498477936,0.014089830219745636,0.4314333498477936,0.3845736086368561,False,3.4551873750349027,0.005135368090122938,False,ANASTASIA,Cargo-20171202-123015-62,False,Cargo/62.wav,Cargo
class_vessel_balanced_sampling,small_cnn,cargo-62-000155000ms,Cargo/62.wav,Cargo,0,anastasia,validation,155.0,160.0,2,Tanker,0.3865850865840912,0.16732868552207947,0.4309989809989929,0.015087305568158627,0.4309989809989929,0.3865850865840912,False,3.2814361573737765,0.005100233945995569,False,ANASTASIA,Cargo-20171202-123015-62,False,Cargo/62.wav,Cargo
class_vessel_balanced_sampling,small_cnn,cargo-62-000160000ms,Cargo/62.wav,Cargo,0,anastasia,validation,160.0,165.0,2,Tanker,0.389652281999588,0.1660972684621811,0.43170803785324097,0.012542392127215862,0.43170803785324097,0.389652281999588,False,3.991139072597197,0.004748838488012552,False,ANASTASIA,Cargo-20171202-123015-62,False,Cargo/62.wav,Cargo
class_vessel_balanced_sampling,small_cnn,cargo-62-000165000ms,Cargo/62.wav,Cargo,0,anastasia,validation,165.0,170.0,2,Tanker,0.38261762261390686,0.17319509387016296,0.43176040053367615,0.012426912784576416,0.43176040053367615,0.38261762261390686,False,3.913231900429778,0.005239167250692844,False,ANASTASIA,Cargo-20171202-123015-62,False,Cargo/62.wav,Cargo
class_vessel_balanced_sampling,small_cnn,cargo-62-000170000ms,Cargo/62.wav,Cargo,0,anastasia,validation,170.0,175.0,2,Tanker,0.3829994201660156,0.18312813341617584,0.4206281006336212,0.013244377449154854,0.4206281006336212,0.3829994201660156,False,3.4284133768588023,0.004180867690593004,False,ANASTASIA,Cargo-20171202-123015-62,False,Cargo/62.wav,Cargo
class_vessel_balanced_sampling,small_cnn,cargo-62-000175000ms,Cargo/62.wav,Cargo,0,anastasia,validation,175.0,180.0,2,Tanker,0.383970707654953,0.1803220510482788,0.4210830628871918,0.014624126255512238,0.4210830628871918,0.383970707654953,False,3.0760980272181317,0.004574121441692114,False,ANASTASIA,Cargo-20171202-123015-62,False,Cargo/62.wav,Cargo
class_vessel_balanced_sampling,small_cnn,cargo-62-000180000ms,Cargo/62.wav,Cargo,0,anastasia,validation,180.0,185.0,2,Tanker,0.3783559501171112,0.16448874771595,0.4396172761917114,0.017538022249937057,0.4396172761917114,0.3783559501171112,False,3.1122083954585955,0.0038296161219477654,False,ANASTASIA,Cargo-20171202-123015-62,False,Cargo/62.wav,Cargo
class_vessel_balanced_sampling,small_cnn,cargo-62-000185000ms,Cargo/62.wav,Cargo,0,anastasia,validation,185.0,190.0,2,Tanker,0.38015758991241455,0.15335030853748322,0.4495495557785034,0.016942530870437622,0.4495495557785034,0.38015758991241455,False,3.6658623358902775,0.0043943170458078384,False,ANASTASIA,Cargo-20171202-123015-62,False,Cargo/62.wav,Cargo
class_vessel_balanced_sampling,small_cnn,cargo-62-000190000ms,Cargo/62.wav,Cargo,0,anastasia,validation,190.0,195.0,2,Tanker,0.38409677147865295,0.15253490209579468,0.4443521499633789,0.01901615411043167,0.4443521499633789,0.38409677147865295,False,3.480954373807957,0.0034136695321649313,False,ANASTASIA,Cargo-20171202-123015-62,True,Cargo/62.wav,Cargo
class_vessel_balanced_sampling,small_cnn,cargo-78-000000000ms,Cargo/78.wav,Cargo,0,cma cgm,validation,0.0,5.0,0,Cargo,0.35665830969810486,0.3181188702583313,0.29378747940063477,0.03143526613712311,0.35665830969810486,0.35665830969810486,True,4.410129282276564,0.005132542457431555,False,CMA CGM,Cargo-20171207-010450-78,True,Cargo/78.wav,Cargo
class_vessel_balanced_sampling,small_cnn,cargo-78-000005000ms,Cargo/78.wav,Cargo,0,cma cgm,validation,5.0,10.0,0,Cargo,0.35819733142852783,0.3289254903793335,0.2848949730396271,0.027982225641608238,0.35819733142852783,0.35819733142852783,True,4.4586505263587375,0.004368510562926531,False,CMA CGM,Cargo-20171207-010450-78,False,Cargo/78.wav,Cargo
class_vessel_balanced_sampling,small_cnn,cargo-78-000010000ms,Cargo/78.wav,Cargo,0,cma cgm,validation,10.0,15.0,0,Cargo,0.3633858561515808,0.3311125338077545,0.27624306082725525,0.02925848960876465,0.3633858561515808,0.3633858561515808,True,4.627905367182532,0.004461393225938082,False,CMA CGM,Cargo-20171207-010450-78,False,Cargo/78.wav,Cargo
class_vessel_balanced_sampling,small_cnn,cargo-78-000015000ms,Cargo/78.wav,Cargo,0,cma cgm,validation,15.0,20.0,0,Cargo,0.3582751154899597,0.31946051120758057,0.29552382230758667,0.02674049511551857,0.3582751154899597,0.3582751154899597,True,4.132997192774684,0.0057296049781143665,False,CMA CGM,Cargo-20171207-010450-78,False,Cargo/78.wav,Cargo
class_vessel_balanced_sampling,small_cnn,cargo-78-000020000ms,Cargo/78.wav,Cargo,0,cma cgm,validation,20.0,25.0,0,Cargo,0.3460526764392853,0.31619665026664734,0.30503156781196594,0.032719120383262634,0.3460526764392853,0.3460526764392853,True,4.81408863306419,0.004143891390413046,False,CMA CGM,Cargo-20171207-010450-78,False,Cargo/78.wav,Cargo
class_vessel_balanced_sampling,small_cnn,cargo-78-000025000ms,Cargo/78.wav,Cargo,0,cma cgm,validation,25.0,30.0,0,Cargo,0.36145254969596863,0.29980340600013733,0.31667360663414,0.02207043766975403,0.36145254969596863,0.36145254969596863,True,3.6419266630382174,0.006679403595626354,False,CMA CGM,Cargo-20171207-010450-78,False,Cargo/78.wav,Cargo
class_vessel_balanced_sampling,small_cnn,cargo-78-000030000ms,Cargo/78.wav,Cargo,0,cma cgm,validation,30.0,35.0,0,Cargo,0.36117640137672424,0.30727314949035645,0.3106193542480469,0.02093111351132393,0.36117640137672424,0.36117640137672424,True,3.7600612691390234,0.005691166501492262,False,CMA CGM,Cargo-20171207-010450-78,False,Cargo/78.wav,Cargo
class_vessel_balanced_sampling,small_cnn,cargo-78-000035000ms,Cargo/78.wav,Cargo,0,cma cgm,validation,35.0,40.0,0,Cargo,0.3664143979549408,0.3204798996448517,0.2948222756385803,0.018283424898982048,0.3664143979549408,0.3664143979549408,True,4.026350940154217,0.006252862047404051,False,CMA CGM,Cargo-20171207-010450-78,False,Cargo/78.wav,Cargo
class_vessel_balanced_sampling,small_cnn,cargo-78-000040000ms,Cargo/78.wav,Cargo,0,cma cgm,validation,40.0,45.0,0,Cargo,0.36783209443092346,0.321384996175766,0.29196447134017944,0.018818413838744164,0.36783209443092346,0.36783209443092346,True,4.099328471741407,0.0067446064203977585,False,CMA CGM,Cargo-20171207-010450-78,False,Cargo/78.wav,Cargo
class_vessel_balanced_sampling,small_cnn,cargo-78-000045000ms,Cargo/78.wav,Cargo,0,cma cgm,validation,45.0,50.0,0,Cargo,0.3691408038139343,0.3302866518497467,0.2769637107849121,0.023608777672052383,0.3691408038139343,0.3691408038139343,True,4.227594941142734,0.005692256148904562,False,CMA CGM,Cargo-20171207-010450-78,False,Cargo/78.wav,Cargo
class_vessel_balanced_sampling,small_cnn,cargo-78-000050000ms,Cargo/78.wav,Cargo,0,cma cgm,validation,50.0,55.0,0,Cargo,0.367925226688385,0.3295362591743469,0.2823318839073181,0.020206710323691368,0.367925226688385,0.367925226688385,True,4.17633930545576,0.004830074496567249,False,CMA CGM,Cargo-20171207-010450-78,False,Cargo/78.wav,Cargo
class_vessel_balanced_sampling,small_cnn,cargo-78-000055000ms,Cargo/78.wav,Cargo,0,cma cgm,validation,55.0,60.0,0,Cargo,0.3778347373008728,0.317513108253479,0.28290843963623047,0.02174372598528862,0.3778347373008728,0.3778347373008728,True,3.611716658177,0.004108739551156759,False,CMA CGM,Cargo-20171207-010450-78,False,Cargo/78.wav,Cargo
class_vessel_balanced_sampling,small_cnn,cargo-78-000060000ms,Cargo/78.wav,Cargo,0,cma cgm,validation,60.0,65.0,0,Cargo,0.3775902986526489,0.2971000671386719,0.3027714788913727,0.02253817394375801,0.3775902986526489,0.3775902986526489,True,3.2598743915151305,0.0050052618607878685,False,CMA CGM,Cargo-20171207-010450-78,False,Cargo/78.wav,Cargo
class_vessel_balanced_sampling,small_cnn,cargo-78-000065000ms,Cargo/78.wav,Cargo,0,cma cgm,validation,65.0,70.0,0,Cargo,0.378045916557312,0.30506324768066406,0.29430025815963745,0.02259061671793461,0.378045916557312,0.378045916557312,True,3.1367596116417773,0.004230181686580181,False,CMA CGM,Cargo-20171207-010450-78,False,Cargo/78.wav,Cargo
class_vessel_balanced_sampling,small_cnn,cargo-78-000070000ms,Cargo/78.wav,Cargo,0,cma cgm,validation,70.0,75.0,0,Cargo,0.38204312324523926,0.29684966802597046,0.30032849311828613,0.020778657868504524,0.38204312324523926,0.38204312324523926,True,2.9672843036662844,0.004051770083606243,False,CMA CGM,Cargo-20171207-010450-78,False,Cargo/78.wav,Cargo
class_vessel_balanced_sampling,small_cnn,cargo-78-000075000ms,Cargo/78.wav,Cargo,0,cma cgm,validation,75.0,80.0,0,Cargo,0.39147505164146423,0.2870127558708191,0.3011956214904785,0.02031657285988331,0.39147505164146423,0.39147505164146423,True,2.658387754885972,0.004846246913075447,False,CMA CGM,Cargo-20171207-010450-78,False,Cargo/78.wav,Cargo
class_vessel_balanced_sampling,small_cnn,cargo-78-000080000ms,Cargo/78.wav,Cargo,0,cma cgm,validation,80.0,85.0,0,Cargo,0.3906322717666626,0.2902809679508209,0.2985895872116089,0.020497078076004982,0.3906322717666626,0.3906322717666626,True,2.6787525706752993,0.005424501374363899,False,CMA CGM,Cargo-20171207-010450-78,False,Cargo/78.wav,Cargo
class_vessel_balanced_sampling,small_cnn,cargo-78-000085000ms,Cargo/78.wav,Cargo,0,cma cgm,validation,85.0,90.0,0,Cargo,0.40364640951156616,0.27991783618927,0.2961532771587372,0.020282495766878128,0.40364640951156616,0.40364640951156616,True,2.2959048238097894,0.004967613611370325,False,CMA CGM,Cargo-20171207-010450-78,False,Cargo/78.wav,Cargo
class_vessel_balanced_sampling,small_cnn,cargo-78-000090000ms,Cargo/78.wav,Cargo,0,cma cgm,validation,90.0,95.0,0,Cargo,0.39136114716529846,0.28341102600097656,0.30384209752082825,0.0213856790214777,0.39136114716529846,0.39136114716529846,True,2.4650481593644074,0.00565040297806263,False,CMA CGM,Cargo-20171207-010450-78,False,Cargo/78.wav,Cargo
class_vessel_balanced_sampling,small_cnn,cargo-78-000095000ms,Cargo/78.wav,Cargo,0,cma cgm,validation,95.0,100.0,0,Cargo,0.3967059850692749,0.2777858078479767,0.3065197169780731,0.018988490104675293,0.3967059850692749,0.3967059850692749,True,2.306753460357544,0.0047732507809996605,False,CMA CGM,Cargo-20171207-010450-78,False,Cargo/78.wav,Cargo
class_vessel_balanced_sampling,small_cnn,cargo-78-000100000ms,Cargo/78.wav,Cargo,0,cma cgm,validation,100.0,105.0,0,Cargo,0.39488059282302856,0.24749548733234406,0.3400431275367737,0.01758081093430519,0.39488059282302856,0.39488059282302856,True,1.9697503182056713,0.006567313335835934,False,CMA CGM,Cargo-20171207-010450-78,False,Cargo/78.wav,Cargo
class_vessel_balanced_sampling,small_cnn,cargo-78-000105000ms,Cargo/78.wav,Cargo,0,cma cgm,validation,105.0,110.0,2,Tanker,0.38431891798973083,0.2154349386692047,0.38466450572013855,0.015581660903990269,0.38466450572013855,0.38431891798973083,False,2.6451071335289584,0.0070384652353823185,False,CMA CGM,Cargo-20171207-010450-78,False,Cargo/78.wav,Cargo
class_vessel_balanced_sampling,small_cnn,cargo-78-000110000ms,Cargo/78.wav,Cargo,0,cma cgm,validation,110.0,115.0,0,Cargo,0.3857972025871277,0.21245144307613373,0.38523802161216736,0.01651323027908802,0.3857972025871277,0.3857972025871277,True,2.7069616981921976,0.005332884378731251,False,CMA CGM,Cargo-20171207-010450-78,False,Cargo/78.wav,Cargo
class_vessel_balanced_sampling,small_cnn,cargo-78-000115000ms,Cargo/78.wav,Cargo,0,cma cgm,validation,115.0,120.0,0,Cargo,0.3920205533504486,0.2035464346408844,0.3898189067840576,0.014614091254770756,0.3920205533504486,0.3920205533504486,True,3.1462448987680784,0.005781476851552725,False,CMA CGM,Cargo-20171207-010450-78,False,Cargo/78.wav,Cargo
class_vessel_balanced_sampling,small_cnn,cargo-78-000120000ms,Cargo/78.wav,Cargo,0,cma cgm,validation,120.0,125.0,0,Cargo,0.3902188539505005,0.20916791260242462,0.3856815695762634,0.014931692741811275,0.3902188539505005,0.3902188539505005,True,2.958488077161133,0.005876711569726467,False,CMA CGM,Cargo-20171207-010450-78,False,Cargo/78.wav,Cargo
class_vessel_balanced_sampling,small_cnn,cargo-78-000125000ms,Cargo/78.wav,Cargo,0,cma cgm,validation,125.0,130.0,2,Tanker,0.38713887333869934,0.20565207302570343,0.38822853565216064,0.018980445340275764,0.38822853565216064,0.38713887333869934,False,1.9290406663380257,0.004926653113216162,False,CMA CGM,Cargo-20171207-010450-78,False,Cargo/78.wav,Cargo
class_vessel_balanced_sampling,small_cnn,cargo-78-000130000ms,Cargo/78.wav,Cargo,0,cma cgm,validation,130.0,135.0,0,Cargo,0.39582473039627075,0.19985590875148773,0.3810988962650299,0.023220492526888847,0.39582473039627075,0.39582473039627075,True,2.681352329778846,0.004895021207630634,False,CMA CGM,Cargo-20171207-010450-78,False,Cargo/78.wav,Cargo
class_vessel_balanced_sampling,small_cnn,cargo-78-000135000ms,Cargo/78.wav,Cargo,0,cma cgm,validation,135.0,140.0,0,Cargo,0.3965432643890381,0.22361566126346588,0.36006680130958557,0.019774293527007103,0.3965432643890381,0.3965432643890381,True,1.9255993669041098,0.005208834074437618,False,CMA CGM,Cargo-20171207-010450-78,False,Cargo/78.wav,Cargo
class_vessel_balanced_sampling,small_cnn,cargo-78-000140000ms,Cargo/78.wav,Cargo,0,cma cgm,validation,140.0,145.0,2,Tanker,0.37447527050971985,0.20375095307826996,0.3983117640018463,0.02346206270158291,0.3983117640018463,0.37447527050971985,False,1.6325954342106328,0.007818790152668953,False,CMA CGM,Cargo-20171207-010450-78,False,Cargo/78.wav,Cargo
class_vessel_balanced_sampling,small_cnn,cargo-78-000145000ms,Cargo/78.wav,Cargo,0,cma cgm,validation,145.0,150.0,0,Cargo,0.38842353224754333,0.20660188794136047,0.3823486864566803,0.022625936195254326,0.38842353224754333,0.38842353224754333,True,2.458201220929791,0.0051861973479390144,False,CMA CGM,Cargo-20171207-010450-78,False,Cargo/78.wav,Cargo
class_vessel_balanced_sampling,small_cnn,cargo-78-000150000ms,Cargo/78.wav,Cargo,0,cma cgm,validation,150.0,155.0,0,Cargo,0.3911023736000061,0.20861707627773285,0.37674903869628906,0.023531462997198105,0.3911023736000061,0.3911023736000061,True,2.2852554673191214,0.004200450610369444,False,CMA CGM,Cargo-20171207-010450-78,False,Cargo/78.wav,Cargo
class_vessel_balanced_sampling,small_cnn,cargo-78-000155000ms,Cargo/78.wav,Cargo,0,cma cgm,validation,155.0,160.0,2,Tanker,0.3726421296596527,0.19423477351665497,0.40407755970954895,0.029045524075627327,0.40407755970954895,0.3726421296596527,False,2.040265474017028,0.00551503524184227,False,CMA CGM,Cargo-20171207-010450-78,False,Cargo/78.wav,Cargo
class_vessel_balanced_sampling,small_cnn,cargo-78-000160000ms,Cargo/78.wav,Cargo,0,cma cgm,validation,160.0,165.0,2,Tanker,0.37732312083244324,0.1875687837600708,0.4049232304096222,0.030184943228960037,0.4049232304096222,0.37732312083244324,False,2.1175461239566493,0.004062894731760025,False,CMA CGM,Cargo-20171207-010450-78,False,Cargo/78.wav,Cargo
class_vessel_balanced_sampling,small_cnn,cargo-78-000165000ms,Cargo/78.wav,Cargo,0,cma cgm,validation,165.0,170.0,2,Tanker,0.3676602840423584,0.18273453414440155,0.41763898730278015,0.03196623548865318,0.41763898730278015,0.3676602840423584,False,2.392240088306794,0.005216993857175112,False,CMA CGM,Cargo-20171207-010450-78,False,Cargo/78.wav,Cargo
class_vessel_balanced_sampling,small_cnn,cargo-78-000170000ms,Cargo/78.wav,Cargo,0,cma cgm,validation,170.0,175.0,2,Tanker,0.3579888939857483,0.18074555695056915,0.42269837856292725,0.03856722265481949,0.42269837856292725,0.3579888939857483,False,3.057847188839951,0.004055679775774479,False,CMA CGM,Cargo-20171207-010450-78,False,Cargo/78.wav,Cargo
class_vessel_balanced_sampling,small_cnn,cargo-78-000175000ms,Cargo/78.wav,Cargo,0,cma cgm,validation,175.0,180.0,2,Tanker,0.3548305034637451,0.19980919361114502,0.40751585364341736,0.03784435987472534,0.40751585364341736,0.3548305034637451,False,2.957941296131121,0.0032650241628289223,False,CMA CGM,Cargo-20171207-010450-78,False,Cargo/78.wav,Cargo
class_vessel_balanced_sampling,small_cnn,cargo-78-000180000ms,Cargo/78.wav,Cargo,0,cma cgm,validation,180.0,185.0,2,Tanker,0.3650394082069397,0.20957188308238983,0.38434964418411255,0.04103909060359001,0.38434964418411255,0.3650394082069397,False,3.6154814616186446,0.00371975707821548,False,CMA CGM,Cargo-20171207-010450-78,False,Cargo/78.wav,Cargo
class_vessel_balanced_sampling,small_cnn,cargo-78-000185000ms,Cargo/78.wav,Cargo,0,cma cgm,validation,185.0,190.0,2,Tanker,0.35975170135498047,0.20587857067584991,0.3924417197704315,0.041928086429834366,0.3924417197704315,0.35975170135498047,False,3.128827832323835,0.004527723416686058,False,CMA CGM,Cargo-20171207-010450-78,True,Cargo/78.wav,Cargo
class_vessel_balanced_sampling,small_cnn,passengership-29-000000000ms,Passengership/29.wav,Passengership,1,crystal serenity,validation,0.0,5.0,0,Cargo,0.3669673502445221,0.33241957426071167,0.2892792820930481,0.011333831585943699,0.3669673502445221,0.33241957426071167,False,6.729402313110058,0.0049384646117687225,False,CRYSTAL SERENITY,Passengership-20160727-111808-29,True,Passengership/29.wav,Passengership
class_vessel_balanced_sampling,small_cnn,passengership-29-000005000ms,Passengership/29.wav,Passengership,1,crystal serenity,validation,5.0,10.0,0,Cargo,0.3605073392391205,0.3479280173778534,0.2802357077598572,0.011328909546136856,0.3605073392391205,0.3479280173778534,False,7.164023818058221,0.005309233907610178,False,CRYSTAL SERENITY,Passengership-20160727-111808-29,False,Passengership/29.wav,Passengership
class_vessel_balanced_sampling,small_cnn,passengership-29-000010000ms,Passengership/29.wav,Passengership,1,crystal serenity,validation,10.0,15.0,0,Cargo,0.3592253625392914,0.33785247802734375,0.29108425974845886,0.011837908998131752,0.3592253625392914,0.33785247802734375,False,6.731547144691997,0.0045476434752345085,False,CRYSTAL SERENITY,Passengership-20160727-111808-29,False,Passengership/29.wav,Passengership
class_vessel_balanced_sampling,small_cnn,passengership-29-000015000ms,Passengership/29.wav,Passengership,1,crystal serenity,validation,15.0,20.0,0,Cargo,0.3526883125305176,0.3392464220523834,0.2958865463733673,0.012178698554635048,0.3526883125305176,0.3392464220523834,False,6.611320553796894,0.004847769159823656,False,CRYSTAL SERENITY,Passengership-20160727-111808-29,False,Passengership/29.wav,Passengership
class_vessel_balanced_sampling,small_cnn,passengership-29-000020000ms,Passengership/29.wav,Passengership,1,crystal serenity,validation,20.0,25.0,1,Passengership,0.3521791696548462,0.3530339002609253,0.2828199565410614,0.011966973543167114,0.3530339002609253,0.3530339002609253,True,6.035790857560801,0.004001233261078596,False,CRYSTAL SERENITY,Passengership-20160727-111808-29,False,Passengership/29.wav,Passengership
class_vessel_balanced_sampling,small_cnn,passengership-29-000025000ms,Passengership/29.wav,Passengership,1,crystal serenity,validation,25.0,30.0,1,Passengership,0.35365429520606995,0.36462992429733276,0.2694506049156189,0.012265222147107124,0.36462992429733276,0.36462992429733276,True,6.213830162475405,0.003291395492851734,False,CRYSTAL SERENITY,Passengership-20160727-111808-29,False,Passengership/29.wav,Passengership
class_vessel_balanced_sampling,small_cnn,passengership-29-000030000ms,Passengership/29.wav,Passengership,1,crystal serenity,validation,30.0,35.0,1,Passengership,0.34760940074920654,0.376444935798645,0.26311933994293213,0.012826276943087578,0.376444935798645,0.376444935798645,True,6.11546188244476,0.0032658486161381006,False,CRYSTAL SERENITY,Passengership-20160727-111808-29,True,Passengership/29.wav,Passengership
class_vessel_balanced_sampling,small_cnn,passengership-9-000000000ms,Passengership/9.wav,Passengership,1,carnival legend,validation,0.0,5.0,0,Cargo,0.28500795364379883,0.16616837680339813,0.2763233482837677,0.27250030636787415,0.28500795364379883,0.16616837680339813,False,12.519294851781874,0.003814555238932371,False,CARNIVAL LEGEND,Passengership-20160516-112116-9,True,Passengership/9.wav,Passengership
class_vessel_balanced_sampling,small_cnn,passengership-9-000005000ms,Passengership/9.wav,Passengership,1,carnival legend,validation,5.0,10.0,3,Tug,0.2549351453781128,0.1474739909172058,0.2525953948497772,0.3449954390525818,0.3449954390525818,0.1474739909172058,False,12.63321329406652,0.0037892137188464403,False,CARNIVAL LEGEND,Passengership-20160516-112116-9,True,Passengership/9.wav,Passengership
class_vessel_balanced_sampling,small_cnn,tanker-18-000000000ms,Tanker/18.wav,Tanker,2,overseas athens,validation,0.0,5.0,0,Cargo,0.35685306787490845,0.31968364119529724,0.259741872549057,0.0637214258313179,0.35685306787490845,0.259741872549057,False,7.020311292826796,0.00649580592289567,False,OVERSEAS ATHENS,Tanker-20160619-215854-18,True,Tanker/18.wav,Tanker
class_vessel_balanced_sampling,small_cnn,tanker-18-000005000ms,Tanker/18.wav,Tanker,2,overseas athens,validation,5.0,10.0,0,Cargo,0.31642210483551025,0.27805954217910767,0.27391359210014343,0.13160477578639984,0.31642210483551025,0.27391359210014343,False,9.549120451550639,0.005275180097669363,False,OVERSEAS ATHENS,Tanker-20160619-215854-18,False,Tanker/18.wav,Tanker
class_vessel_balanced_sampling,small_cnn,tanker-18-000010000ms,Tanker/18.wav,Tanker,2,overseas athens,validation,10.0,15.0,0,Cargo,0.33958014845848083,0.30315712094306946,0.2722455859184265,0.08501709997653961,0.33958014845848083,0.2722455859184265,False,7.700346696647629,0.006600971333682537,False,OVERSEAS ATHENS,Tanker-20160619-215854-18,False,Tanker/18.wav,Tanker
class_vessel_balanced_sampling,small_cnn,tanker-18-000015000ms,Tanker/18.wav,Tanker,2,overseas athens,validation,15.0,20.0,0,Cargo,0.3417701721191406,0.3146406412124634,0.26693060994148254,0.07665857672691345,0.3417701721191406,0.26693060994148254,False,7.533250951907963,0.0058538527227938175,False,OVERSEAS ATHENS,Tanker-20160619-215854-18,False,Tanker/18.wav,Tanker
class_vessel_balanced_sampling,small_cnn,tanker-18-000020000ms,Tanker/18.wav,Tanker,2,overseas athens,validation,20.0,25.0,0,Cargo,0.32565057277679443,0.30664101243019104,0.2647593915462494,0.10294903814792633,0.32565057277679443,0.2647593915462494,False,8.791377211194673,0.006109163165092468,False,OVERSEAS ATHENS,Tanker-20160619-215854-18,False,Tanker/18.wav,Tanker
class_vessel_balanced_sampling,small_cnn,tanker-18-000025000ms,Tanker/18.wav,Tanker,2,overseas athens,validation,25.0,30.0,0,Cargo,0.32961276173591614,0.29289326071739197,0.2744872272014618,0.1030067652463913,0.32961276173591614,0.2744872272014618,False,8.46911396041955,0.006261015310883522,False,OVERSEAS ATHENS,Tanker-20160619-215854-18,False,Tanker/18.wav,Tanker
class_vessel_balanced_sampling,small_cnn,tanker-18-000030000ms,Tanker/18.wav,Tanker,2,overseas athens,validation,30.0,35.0,0,Cargo,0.32432422041893005,0.2638015151023865,0.30346569418907166,0.10840868949890137,0.32432422041893005,0.30346569418907166,False,8.233869844487135,0.005914841778576374,False,OVERSEAS ATHENS,Tanker-20160619-215854-18,False,Tanker/18.wav,Tanker
class_vessel_balanced_sampling,small_cnn,tanker-18-000035000ms,Tanker/18.wav,Tanker,2,overseas athens,validation,35.0,40.0,2,Tanker,0.30861958861351013,0.23627319931983948,0.3233707845211029,0.13173644244670868,0.3233707845211029,0.3233707845211029,True,8.976643248191035,0.006290939170867205,False,OVERSEAS ATHENS,Tanker-20160619-215854-18,False,Tanker/18.wav,Tanker
class_vessel_balanced_sampling,small_cnn,tanker-18-000040000ms,Tanker/18.wav,Tanker,2,overseas athens,validation,40.0,45.0,2,Tanker,0.2799561023712158,0.20917780697345734,0.31616613268852234,0.19470001757144928,0.31616613268852234,0.31616613268852234,True,10.713446854061852,0.006133541464805603,False,OVERSEAS ATHENS,Tanker-20160619-215854-18,False,Tanker/18.wav,Tanker
class_vessel_balanced_sampling,small_cnn,tanker-18-000045000ms,Tanker/18.wav,Tanker,2,overseas athens,validation,45.0,50.0,2,Tanker,0.26638951897621155,0.1912587583065033,0.3062326908111572,0.23611894249916077,0.3062326908111572,0.3062326908111572,True,11.635435417986267,0.00580680463463068,False,OVERSEAS ATHENS,Tanker-20160619-215854-18,False,Tanker/18.wav,Tanker
class_vessel_balanced_sampling,small_cnn,tanker-18-000050000ms,Tanker/18.wav,Tanker,2,overseas athens,validation,50.0,55.0,2,Tanker,0.24707600474357605,0.18041688203811646,0.3130766451358795,0.259430468082428,0.3130766451358795,0.3130766451358795,True,11.992681680294227,0.006550089921802282,False,OVERSEAS ATHENS,Tanker-20160619-215854-18,False,Tanker/18.wav,Tanker
class_vessel_balanced_sampling,small_cnn,tanker-18-000055000ms,Tanker/18.wav,Tanker,2,overseas athens,validation,55.0,60.0,2,Tanker,0.26257333159446716,0.17682301998138428,0.3250434398651123,0.23556017875671387,0.3250434398651123,0.3250434398651123,True,11.561041470801909,0.006140044890344143,False,OVERSEAS ATHENS,Tanker-20160619-215854-18,False,Tanker/18.wav,Tanker
class_vessel_balanced_sampling,small_cnn,tanker-18-000060000ms,Tanker/18.wav,Tanker,2,overseas athens,validation,60.0,65.0,2,Tanker,0.313860148191452,0.18973684310913086,0.3696672022342682,0.12673577666282654,0.3696672022342682,0.3696672022342682,True,8.579008099777257,0.006684483960270882,False,OVERSEAS ATHENS,Tanker-20160619-215854-18,True,Tanker/18.wav,Tanker
class_vessel_balanced_sampling,small_cnn,tanker-41-000000000ms,Tanker/41.wav,Tanker,2,ardmore cheyenne,validation,0.0,5.0,0,Cargo,0.35927873849868774,0.314863920211792,0.3017382025718689,0.024119125679135323,0.35927873849868774,0.3017382025718689,False,4.440389355142252,0.007289821747690439,False,ARDMORE CHEYENNE,Tanker-20160927-081031-41,True,Tanker/41.wav,Tanker
class_vessel_balanced_sampling,small_cnn,tanker-41-000005000ms,Tanker/41.wav,Tanker,2,ardmore cheyenne,validation,5.0,10.0,0,Cargo,0.3611258268356323,0.32584577798843384,0.29138684272766113,0.02164156548678875,0.3611258268356323,0.29138684272766113,False,4.799565018755834,0.00707219960168004,False,ARDMORE CHEYENNE,Tanker-20160927-081031-41,False,Tanker/41.wav,Tanker
class_vessel_balanced_sampling,small_cnn,tanker-41-000010000ms,Tanker/41.wav,Tanker,2,ardmore cheyenne,validation,10.0,15.0,0,Cargo,0.3648702800273895,0.3031010925769806,0.30680274963378906,0.02522580325603485,0.3648702800273895,0.30680274963378906,False,4.203041501840666,0.007033270318061113,False,ARDMORE CHEYENNE,Tanker-20160927-081031-41,False,Tanker/41.wav,Tanker
class_vessel_balanced_sampling,small_cnn,tanker-41-000015000ms,Tanker/41.wav,Tanker,2,ardmore cheyenne,validation,15.0,20.0,0,Cargo,0.35868972539901733,0.32048967480659485,0.29762184619903564,0.023198697715997696,0.35868972539901733,0.29762184619903564,False,4.406708204186054,0.006550769787281752,False,ARDMORE CHEYENNE,Tanker-20160927-081031-41,False,Tanker/41.wav,Tanker
class_vessel_balanced_sampling,small_cnn,tanker-41-000020000ms,Tanker/41.wav,Tanker,2,ardmore cheyenne,validation,20.0,25.0,0,Cargo,0.3740858733654022,0.3154301643371582,0.2912018597126007,0.0192820206284523,0.3740858733654022,0.2912018597126007,False,4.454478499173586,0.006433876231312752,False,ARDMORE CHEYENNE,Tanker-20160927-081031-41,False,Tanker/41.wav,Tanker
class_vessel_balanced_sampling,small_cnn,tanker-41-000025000ms,Tanker/41.wav,Tanker,2,ardmore cheyenne,validation,25.0,30.0,0,Cargo,0.3647313416004181,0.3186160922050476,0.29158616065979004,0.025066331028938293,0.3647313416004181,0.29158616065979004,False,4.500007342157932,0.006935512647032738,False,ARDMORE CHEYENNE,Tanker-20160927-081031-41,False,Tanker/41.wav,Tanker
class_vessel_balanced_sampling,small_cnn,tanker-41-000030000ms,Tanker/41.wav,Tanker,2,ardmore cheyenne,validation,30.0,35.0,0,Cargo,0.36181554198265076,0.32897719740867615,0.28504636883735657,0.02416086383163929,0.36181554198265076,0.28504636883735657,False,4.818080791353304,0.006902938708662987,False,ARDMORE CHEYENNE,Tanker-20160927-081031-41,False,Tanker/41.wav,Tanker
class_vessel_balanced_sampling,small_cnn,tanker-41-000035000ms,Tanker/41.wav,Tanker,2,ardmore cheyenne,validation,35.0,40.0,0,Cargo,0.35798409581184387,0.31916630268096924,0.2967652380466461,0.02608432061970234,0.35798409581184387,0.2967652380466461,False,4.6849242849243655,0.006880059372633696,False,ARDMORE CHEYENNE,Tanker-20160927-081031-41,True,Tanker/41.wav,Tanker
class_vessel_balanced_sampling,small_cnn,tanker-48-000000000ms,Tanker/48.wav,Tanker,2,silver muna,validation,0.0,5.0,0,Cargo,0.3857533931732178,0.2584839165210724,0.3388248383998871,0.01693781465291977,0.3857533931732178,0.3388248383998871,False,2.2886405482942624,0.0032755734864622355,False,SILVER MUNA,Tanker-20161027-145435-48,True,Tanker/48.wav,Tanker
class_vessel_balanced_sampling,small_cnn,tanker-48-000005000ms,Tanker/48.wav,Tanker,2,silver muna,validation,5.0,10.0,0,Cargo,0.3861026465892792,0.2657415568828583,0.3334103524684906,0.014745471067726612,0.3861026465892792,0.3334103524684906,False,2.872271112969393,0.003707377938553691,False,SILVER MUNA,Tanker-20161027-145435-48,False,Tanker/48.wav,Tanker
class_vessel_balanced_sampling,small_cnn,tanker-48-000010000ms,Tanker/48.wav,Tanker,2,silver muna,validation,10.0,15.0,0,Cargo,0.38388288021087646,0.26769134402275085,0.33346644043922424,0.014959348365664482,0.38388288021087646,0.33346644043922424,False,3.0643845932813782,0.0038856707978993654,False,SILVER MUNA,Tanker-20161027-145435-48,False,Tanker/48.wav,Tanker
class_vessel_balanced_sampling,small_cnn,tanker-48-000015000ms,Tanker/48.wav,Tanker,2,silver muna,validation,15.0,20.0,0,Cargo,0.3893463909626007,0.27495077252388,0.3214700520038605,0.014232770539820194,0.3893463909626007,0.3214700520038605,False,3.285542252554891,0.004453443922102451,False,SILVER MUNA,Tanker-20161027-145435-48,False,Tanker/48.wav,Tanker
class_vessel_balanced_sampling,small_cnn,tanker-48-000020000ms,Tanker/48.wav,Tanker,2,silver muna,validation,20.0,25.0,0,Cargo,0.3906119763851166,0.28302329778671265,0.3132544457912445,0.01311031635850668,0.3906119763851166,0.3132544457912445,False,3.696529168728875,0.0047079469077289104,False,SILVER MUNA,Tanker-20161027-145435-48,False,Tanker/48.wav,Tanker
class_vessel_balanced_sampling,small_cnn,tanker-48-000025000ms,Tanker/48.wav,Tanker,2,silver muna,validation,25.0,30.0,0,Cargo,0.39575013518333435,0.2897945046424866,0.3014683723449707,0.012987038120627403,0.39575013518333435,0.3014683723449707,False,4.071410070221216,0.004962256643921137,False,SILVER MUNA,Tanker-20161027-145435-48,False,Tanker/48.wav,Tanker
class_vessel_balanced_sampling,small_cnn,tanker-48-000030000ms,Tanker/48.wav,Tanker,2,silver muna,validation,30.0,35.0,0,Cargo,0.3999267816543579,0.2661800682544708,0.32216644287109375,0.011726685799658298,0.3999267816543579,0.32216644287109375,False,4.133246340084056,0.005114922299981117,False,SILVER MUNA,Tanker-20161027-145435-48,True,Tanker/48.wav,Tanker
class_vessel_balanced_sampling,small_cnn,tug-9-000000000ms,Tug/9.wav,Tug,3,millenniumstar,validation,0.0,5.0,2,Tanker,0.2667865753173828,0.19938980042934418,0.3154190182685852,0.218404620885849,0.3154190182685852,0.218404620885849,False,10.975939469601588,0.002649793168529868,False,MILLENNIUMSTAR,Tug-20171115-133938-9,True,Tug/9.wav,Tug
class_vessel_balanced_sampling,small_cnn,tug-9-000005000ms,Tug/9.wav,Tug,3,millenniumstar,validation,5.0,10.0,3,Tug,0.22583416104316711,0.17111390829086304,0.28097161650657654,0.3220802843570709,0.3220802843570709,0.3220802843570709,True,13.328555782521295,0.0034562686923891306,False,MILLENNIUMSTAR,Tug-20171115-133938-9,False,Tug/9.wav,Tug
class_vessel_balanced_sampling,small_cnn,tug-9-000010000ms,Tug/9.wav,Tug,3,millenniumstar,validation,10.0,15.0,2,Tanker,0.2410038262605667,0.18424782156944275,0.294143408536911,0.28060489892959595,0.294143408536911,0.28060489892959595,False,12.37459554728939,0.0036171271931380033,False,MILLENNIUMSTAR,Tug-20171115-133938-9,False,Tug/9.wav,Tug
class_vessel_balanced_sampling,small_cnn,tug-9-000015000ms,Tug/9.wav,Tug,3,millenniumstar,validation,15.0,20.0,3,Tug,0.21207493543624878,0.16163700819015503,0.28793230652809143,0.3383557200431824,0.3383557200431824,0.3383557200431824,True,12.98265597495916,0.00413493299856782,False,MILLENNIUMSTAR,Tug-20171115-133938-9,False,Tug/9.wav,Tug
class_vessel_balanced_sampling,small_cnn,tug-9-000020000ms,Tug/9.wav,Tug,3,millenniumstar,validation,20.0,25.0,3,Tug,0.2085481882095337,0.14371347427368164,0.2876129150390625,0.36012545228004456,0.36012545228004456,0.36012545228004456,True,12.497129355464011,0.005429062992334366,False,MILLENNIUMSTAR,Tug-20171115-133938-9,False,Tug/9.wav,Tug
class_vessel_balanced_sampling,small_cnn,tug-9-000025000ms,Tug/9.wav,Tug,3,millenniumstar,validation,25.0,30.0,3,Tug,0.1885438859462738,0.1354530304670334,0.2723694443702698,0.40363362431526184,0.40363362431526184,0.40363362431526184,True,11.743014439717951,0.0038834214210510254,False,MILLENNIUMSTAR,Tug-20171115-133938-9,False,Tug/9.wav,Tug
class_vessel_balanced_sampling,small_cnn,tug-9-000030000ms,Tug/9.wav,Tug,3,millenniumstar,validation,30.0,35.0,3,Tug,0.15452031791210175,0.11038418114185333,0.22306020557880402,0.5120353102684021,0.5120353102684021,0.5120353102684021,True,10.084537964822443,0.0035123126581311226,False,MILLENNIUMSTAR,Tug-20171115-133938-9,False,Tug/9.wav,Tug
class_vessel_balanced_sampling,small_cnn,tug-9-000035000ms,Tug/9.wav,Tug,3,millenniumstar,validation,35.0,40.0,3,Tug,0.21565677225589752,0.14284449815750122,0.29902273416519165,0.3424759805202484,0.3424759805202484,0.3424759805202484,True,12.527867080791436,0.0036168668884783983,False,MILLENNIUMSTAR,Tug-20171115-133938-9,False,Tug/9.wav,Tug
class_vessel_balanced_sampling,small_cnn,tug-9-000040000ms,Tug/9.wav,Tug,3,millenniumstar,validation,40.0,45.0,2,Tanker,0.25213438272476196,0.16734860837459564,0.3152664005756378,0.26525062322616577,0.3152664005756378,0.26525062322616577,False,11.741810717524434,0.00531256478279829,False,MILLENNIUMSTAR,Tug-20171115-133938-9,False,Tug/9.wav,Tug
class_vessel_balanced_sampling,small_cnn,tug-9-000045000ms,Tug/9.wav,Tug,3,millenniumstar,validation,45.0,50.0,3,Tug,0.2473663091659546,0.15694162249565125,0.27427157759666443,0.32142049074172974,0.32142049074172974,0.32142049074172974,True,13.188746256022377,0.0033555559348315,False,MILLENNIUMSTAR,Tug-20171115-133938-9,False,Tug/9.wav,Tug
class_vessel_balanced_sampling,small_cnn,tug-9-000050000ms,Tug/9.wav,Tug,3,millenniumstar,validation,50.0,55.0,2,Tanker,0.30213192105293274,0.1787378042936325,0.31231385469436646,0.2068163901567459,0.31231385469436646,0.2068163901567459,False,10.787476393790904,0.0031960266642272472,False,MILLENNIUMSTAR,Tug-20171115-133938-9,False,Tug/9.wav,Tug
class_vessel_balanced_sampling,small_cnn,tug-9-000055000ms,Tug/9.wav,Tug,3,millenniumstar,validation,55.0,60.0,2,Tanker,0.28881052136421204,0.18114596605300903,0.3031042516231537,0.22693918645381927,0.3031042516231537,0.22693918645381927,False,11.239311568351683,0.004053156822919846,False,MILLENNIUMSTAR,Tug-20171115-133938-9,False,Tug/9.wav,Tug
class_vessel_balanced_sampling,small_cnn,tug-9-000060000ms,Tug/9.wav,Tug,3,millenniumstar,validation,60.0,65.0,0,Cargo,0.29224684834480286,0.1850012093782425,0.28881415724754333,0.23393777012825012,0.29224684834480286,0.23393777012825012,False,11.714346199520842,0.004178767558187246,False,MILLENNIUMSTAR,Tug-20171115-133938-9,False,Tug/9.wav,Tug
class_vessel_balanced_sampling,small_cnn,tug-9-000065000ms,Tug/9.wav,Tug,3,millenniumstar,validation,65.0,70.0,2,Tanker,0.27590033411979675,0.1680130809545517,0.2832917273044586,0.27279484272003174,0.2832917273044586,0.27279484272003174,False,12.078056775843985,0.003196490928530693,False,MILLENNIUMSTAR,Tug-20171115-133938-9,False,Tug/9.wav,Tug
class_vessel_balanced_sampling,small_cnn,tug-9-000070000ms,Tug/9.wav,Tug,3,millenniumstar,validation,70.0,75.0,2,Tanker,0.2862355411052704,0.18354347348213196,0.3168869614601135,0.2133340686559677,0.3168869614601135,0.2133340686559677,False,10.663018521751674,0.003650693455711007,False,MILLENNIUMSTAR,Tug-20171115-133938-9,False,Tug/9.wav,Tug
class_vessel_balanced_sampling,small_cnn,tug-9-000075000ms,Tug/9.wav,Tug,3,millenniumstar,validation,75.0,80.0,2,Tanker,0.2979515790939331,0.18778139352798462,0.312091201543808,0.2021758258342743,0.312091201543808,0.2021758258342743,False,10.585974808974866,0.0034647793509066105,False,MILLENNIUMSTAR,Tug-20171115-133938-9,False,Tug/9.wav,Tug
class_vessel_balanced_sampling,small_cnn,tug-9-000080000ms,Tug/9.wav,Tug,3,millenniumstar,validation,80.0,85.0,2,Tanker,0.3251803517341614,0.2069125771522522,0.3351028859615326,0.13280418515205383,0.3351028859615326,0.13280418515205383,False,8.490849383836595,0.004389169625937939,False,MILLENNIUMSTAR,Tug-20171115-133938-9,False,Tug/9.wav,Tug
class_vessel_balanced_sampling,small_cnn,tug-9-000085000ms,Tug/9.wav,Tug,3,millenniumstar,validation,85.0,90.0,0,Cargo,0.35203036665916443,0.25330737233161926,0.3063574731349945,0.08830481022596359,0.35203036665916443,0.08830481022596359,False,7.345269259554176,0.005000204313546419,False,MILLENNIUMSTAR,Tug-20171115-133938-9,False,Tug/9.wav,Tug
class_vessel_balanced_sampling,small_cnn,tug-9-000090000ms,Tug/9.wav,Tug,3,millenniumstar,validation,90.0,95.0,2,Tanker,0.3264208734035492,0.20295046269893646,0.3551771938800812,0.11545152962207794,0.3551771938800812,0.11545152962207794,False,7.953019549869754,0.0061125378124415874,False,MILLENNIUMSTAR,Tug-20171115-133938-9,False,Tug/9.wav,Tug
class_vessel_balanced_sampling,small_cnn,tug-9-000095000ms,Tug/9.wav,Tug,3,millenniumstar,validation,95.0,100.0,2,Tanker,0.3367168605327606,0.21089094877243042,0.36340782046318054,0.08898437023162842,0.36340782046318054,0.08898437023162842,False,6.999489228224899,0.005641453433781862,False,MILLENNIUMSTAR,Tug-20171115-133938-9,False,Tug/9.wav,Tug
class_vessel_balanced_sampling,small_cnn,tug-9-000100000ms,Tug/9.wav,Tug,3,millenniumstar,validation,100.0,105.0,0,Cargo,0.3238988220691681,0.21170233190059662,0.30647528171539307,0.15792354941368103,0.3238988220691681,0.15792354941368103,False,10.031946258918065,0.0044413176365196705,False,MILLENNIUMSTAR,Tug-20171115-133938-9,False,Tug/9.wav,Tug
class_vessel_balanced_sampling,small_cnn,tug-9-000105000ms,Tug/9.wav,Tug,3,millenniumstar,validation,105.0,110.0,2,Tanker,0.3171258568763733,0.20638856291770935,0.3249497711658478,0.1515357941389084,0.3249497711658478,0.1515357941389084,False,9.61922298316648,0.00571128586307168,False,MILLENNIUMSTAR,Tug-20171115-133938-9,False,Tug/9.wav,Tug
class_vessel_balanced_sampling,small_cnn,tug-9-000110000ms,Tug/9.wav,Tug,3,millenniumstar,validation,110.0,115.0,2,Tanker,0.29027503728866577,0.19607840478420258,0.3382646441459656,0.17538189888000488,0.3382646441459656,0.17538189888000488,False,10.153984558468746,0.004657206125557423,False,MILLENNIUMSTAR,Tug-20171115-133938-9,False,Tug/9.wav,Tug
class_vessel_balanced_sampling,small_cnn,tug-9-000115000ms,Tug/9.wav,Tug,3,millenniumstar,validation,115.0,120.0,2,Tanker,0.29655665159225464,0.2105332612991333,0.3254815638065338,0.16742847859859467,0.3254815638065338,0.16742847859859467,False,10.137036304773451,0.0049510071985423565,False,MILLENNIUMSTAR,Tug-20171115-133938-9,False,Tug/9.wav,Tug
class_vessel_balanced_sampling,small_cnn,tug-9-000120000ms,Tug/9.wav,Tug,3,millenniumstar,validation,120.0,125.0,2,Tanker,0.29263925552368164,0.19954216480255127,0.3386123478412628,0.16920624673366547,0.3386123478412628,0.16920624673366547,False,9.83371119585217,0.005248298402875662,False,MILLENNIUMSTAR,Tug-20171115-133938-9,False,Tug/9.wav,Tug
class_vessel_balanced_sampling,small_cnn,tug-9-000125000ms,Tug/9.wav,Tug,3,millenniumstar,validation,125.0,130.0,2,Tanker,0.31199780106544495,0.22192637622356415,0.3304416537284851,0.135634183883667,0.3304416537284851,0.135634183883667,False,8.938661271956711,0.0056622992269694805,False,MILLENNIUMSTAR,Tug-20171115-133938-9,False,Tug/9.wav,Tug
class_vessel_balanced_sampling,small_cnn,tug-9-000130000ms,Tug/9.wav,Tug,3,millenniumstar,validation,130.0,135.0,2,Tanker,0.2599249482154846,0.1774584800004959,0.32481685280799866,0.23779965937137604,0.32481685280799866,0.23779965937137604,False,11.497996633121538,0.005696739535778761,False,MILLENNIUMSTAR,Tug-20171115-133938-9,False,Tug/9.wav,Tug
class_vessel_balanced_sampling,small_cnn,tug-9-000135000ms,Tug/9.wav,Tug,3,millenniumstar,validation,135.0,140.0,3,Tug,0.20652863383293152,0.13143356144428253,0.3265778124332428,0.33546000719070435,0.33546000719070435,0.33546000719070435,True,12.527365096313442,0.006161139812320471,False,MILLENNIUMSTAR,Tug-20171115-133938-9,False,Tug/9.wav,Tug
class_vessel_balanced_sampling,small_cnn,tug-9-000140000ms,Tug/9.wav,Tug,3,millenniumstar,validation,140.0,145.0,2,Tanker,0.27830085158348083,0.17669236660003662,0.3500370979309082,0.19496965408325195,0.3500370979309082,0.19496965408325195,False,10.516022896676933,0.006356128957122564,False,MILLENNIUMSTAR,Tug-20171115-133938-9,False,Tug/9.wav,Tug
class_vessel_balanced_sampling,small_cnn,tug-9-000145000ms,Tug/9.wav,Tug,3,millenniumstar,validation,145.0,150.0,2,Tanker,0.27635064721107483,0.17298558354377747,0.35752159357070923,0.19314217567443848,0.35752159357070923,0.19314217567443848,False,10.295339131054194,0.007479139603674412,False,MILLENNIUMSTAR,Tug-20171115-133938-9,False,Tug/9.wav,Tug
class_vessel_balanced_sampling,small_cnn,tug-9-000150000ms,Tug/9.wav,Tug,3,millenniumstar,validation,150.0,155.0,2,Tanker,0.2535780072212219,0.15730442106723785,0.36224573850631714,0.22687184810638428,0.36224573850631714,0.22687184810638428,False,10.858451019539666,0.008161347359418869,False,MILLENNIUMSTAR,Tug-20171115-133938-9,False,Tug/9.wav,Tug
class_vessel_balanced_sampling,small_cnn,tug-9-000155000ms,Tug/9.wav,Tug,3,millenniumstar,validation,155.0,160.0,2,Tanker,0.25560882687568665,0.16130557656288147,0.37431246042251587,0.20877312123775482,0.37431246042251587,0.20877312123775482,False,10.43548126522409,0.00869830697774887,False,MILLENNIUMSTAR,Tug-20171115-133938-9,False,Tug/9.wav,Tug
class_vessel_balanced_sampling,small_cnn,tug-9-000160000ms,Tug/9.wav,Tug,3,millenniumstar,validation,160.0,165.0,2,Tanker,0.24778006970882416,0.16232119500637054,0.3696824014186859,0.22021639347076416,0.3696824014186859,0.22021639347076416,False,10.80807167899074,0.0105553874745965,False,MILLENNIUMSTAR,Tug-20171115-133938-9,False,Tug/9.wav,Tug
class_vessel_balanced_sampling,small_cnn,tug-9-000165000ms,Tug/9.wav,Tug,3,millenniumstar,validation,165.0,170.0,2,Tanker,0.2959548830986023,0.19026635587215424,0.36850517988204956,0.14527349174022675,0.36850517988204956,0.14527349174022675,False,9.010182140803623,0.010424550622701645,False,MILLENNIUMSTAR,Tug-20171115-133938-9,False,Tug/9.wav,Tug
class_vessel_balanced_sampling,small_cnn,tug-9-000170000ms,Tug/9.wav,Tug,3,millenniumstar,validation,170.0,175.0,2,Tanker,0.2862760126590729,0.19373974204063416,0.342998206615448,0.17698603868484497,0.342998206615448,0.17698603868484497,False,9.974827440804228,0.009547191672027111,False,MILLENNIUMSTAR,Tug-20171115-133938-9,False,Tug/9.wav,Tug
class_vessel_balanced_sampling,small_cnn,tug-9-000175000ms,Tug/9.wav,Tug,3,millenniumstar,validation,175.0,180.0,2,Tanker,0.32872647047042847,0.19514407217502594,0.3721555769443512,0.10397383570671082,0.3721555769443512,0.10397383570671082,False,7.210982294087882,0.011667666956782341,False,MILLENNIUMSTAR,Tug-20171115-133938-9,False,Tug/9.wav,Tug
class_vessel_balanced_sampling,small_cnn,tug-9-000180000ms,Tug/9.wav,Tug,3,millenniumstar,validation,180.0,185.0,2,Tanker,0.3133167624473572,0.19096048176288605,0.3893152177333832,0.1064075231552124,0.3893152177333832,0.1064075231552124,False,7.259170146581399,0.01268119178712368,False,MILLENNIUMSTAR,Tug-20171115-133938-9,False,Tug/9.wav,Tug
class_vessel_balanced_sampling,small_cnn,tug-9-000185000ms,Tug/9.wav,Tug,3,millenniumstar,validation,185.0,190.0,2,Tanker,0.3311634659767151,0.19061748683452606,0.3803895115852356,0.09782955050468445,0.3803895115852356,0.09782955050468445,False,6.759578133852024,0.014201209880411625,False,MILLENNIUMSTAR,Tug-20171115-133938-9,False,Tug/9.wav,Tug
class_vessel_balanced_sampling,small_cnn,tug-9-000190000ms,Tug/9.wav,Tug,3,millenniumstar,validation,190.0,195.0,2,Tanker,0.3499065637588501,0.1935032159090042,0.40176817774772644,0.054822053760290146,0.40176817774772644,0.054822053760290146,False,4.634752449916637,0.016271844506263733,False,MILLENNIUMSTAR,Tug-20171115-133938-9,False,Tug/9.wav,Tug
class_vessel_balanced_sampling,small_cnn,tug-9-000195000ms,Tug/9.wav,Tug,3,millenniumstar,validation,195.0,200.0,0,Cargo,0.37588733434677124,0.23338595032691956,0.3433358371257782,0.047390881925821304,0.37588733434677124,0.047390881925821304,False,4.732530903265717,0.016024723649024963,False,MILLENNIUMSTAR,Tug-20171115-133938-9,True,Tug/9.wav,Tug
class_vessel_balanced_sampling,small_cnn,cargo-15-000000000ms,Cargo/15.wav,Cargo,0,new nada,test,0.0,5.0,2,Tanker,0.3018866777420044,0.1170264258980751,0.5411370396614075,0.039949920028448105,0.5411370396614075,0.3018866777420044,False,5.612754602685919,0.003658457426354289,False,NEW NADA,Cargo-20171114-195740-15,True,Cargo/15.wav,Cargo
class_vessel_balanced_sampling,small_cnn,cargo-15-000005000ms,Cargo/15.wav,Cargo,0,new nada,test,5.0,10.0,2,Tanker,0.31052157282829285,0.12551048398017883,0.5235159993171692,0.04045187681913376,0.5235159993171692,0.31052157282829285,False,4.986771599845944,0.003953290171921253,False,NEW NADA,Cargo-20171114-195740-15,False,Cargo/15.wav,Cargo
class_vessel_balanced_sampling,small_cnn,cargo-15-000010000ms,Cargo/15.wav,Cargo,0,new nada,test,10.0,15.0,2,Tanker,0.3107980489730835,0.11889699101448059,0.5334116220474243,0.03689337894320488,0.5334116220474243,0.3107980489730835,False,5.290994920449158,0.004825038835406303,False,NEW NADA,Cargo-20171114-195740-15,False,Cargo/15.wav,Cargo
class_vessel_balanced_sampling,small_cnn,cargo-15-000015000ms,Cargo/15.wav,Cargo,0,new nada,test,15.0,20.0,2,Tanker,0.32698073983192444,0.13043814897537231,0.502973735332489,0.03960734233260155,0.502973735332489,0.32698073983192444,False,4.702690455740471,0.003000302240252495,False,NEW NADA,Cargo-20171114-195740-15,False,Cargo/15.wav,Cargo
class_vessel_balanced_sampling,small_cnn,cargo-15-000020000ms,Cargo/15.wav,Cargo,0,new nada,test,20.0,25.0,2,Tanker,0.32868385314941406,0.1317954808473587,0.5041223764419556,0.03539833053946495,0.5041223764419556,0.32868385314941406,False,4.479672422895772,0.003535473719239235,False,NEW NADA,Cargo-20171114-195740-15,False,Cargo/15.wav,Cargo
class_vessel_balanced_sampling,small_cnn,cargo-15-000025000ms,Cargo/15.wav,Cargo,0,new nada,test,25.0,30.0,2,Tanker,0.3283499777317047,0.13752049207687378,0.49485519528388977,0.03927436098456383,0.49485519528388977,0.3283499777317047,False,4.484756097824383,0.0026281217578798532,False,NEW NADA,Cargo-20171114-195740-15,False,Cargo/15.wav,Cargo
class_vessel_balanced_sampling,small_cnn,cargo-15-000030000ms,Cargo/15.wav,Cargo,0,new nada,test,30.0,35.0,2,Tanker,0.3357750475406647,0.13379716873168945,0.49622705578804016,0.034200798720121384,0.49622705578804016,0.3357750475406647,False,4.238111292673027,0.002531657461076975,False,NEW NADA,Cargo-20171114-195740-15,False,Cargo/15.wav,Cargo
class_vessel_balanced_sampling,small_cnn,cargo-15-000035000ms,Cargo/15.wav,Cargo,0,new nada,test,35.0,40.0,2,Tanker,0.3393722474575043,0.13460376858711243,0.4948783814907074,0.03114568069577217,0.4948783814907074,0.3393722474575043,False,4.1715307411145215,0.0029895321931689978,False,NEW NADA,Cargo-20171114-195740-15,False,Cargo/15.wav,Cargo
class_vessel_balanced_sampling,small_cnn,cargo-15-000040000ms,Cargo/15.wav,Cargo,0,new nada,test,40.0,45.0,2,Tanker,0.3162347078323364,0.12301074713468552,0.520892322063446,0.039862263947725296,0.520892322063446,0.3162347078323364,False,5.08550721728908,0.003558996831998229,False,NEW NADA,Cargo-20171114-195740-15,False,Cargo/15.wav,Cargo
class_vessel_balanced_sampling,small_cnn,cargo-15-000045000ms,Cargo/15.wav,Cargo,0,new nada,test,45.0,50.0,2,Tanker,0.3124576210975647,0.1174035370349884,0.5348816514015198,0.03525720536708832,0.5348816514015198,0.3124576210975647,False,5.2933001200865455,0.003816763637587428,False,NEW NADA,Cargo-20171114-195740-15,False,Cargo/15.wav,Cargo
class_vessel_balanced_sampling,small_cnn,cargo-15-000050000ms,Cargo/15.wav,Cargo,0,new nada,test,50.0,55.0,2,Tanker,0.33102861046791077,0.13003937900066376,0.5070205330848694,0.03191141039133072,0.5070205330848694,0.33102861046791077,False,4.370458061434615,0.002168123610317707,False,NEW NADA,Cargo-20171114-195740-15,False,Cargo/15.wav,Cargo
class_vessel_balanced_sampling,small_cnn,cargo-15-000055000ms,Cargo/15.wav,Cargo,0,new nada,test,55.0,60.0,2,Tanker,0.3323347270488739,0.12731033563613892,0.5081238150596619,0.03223123401403427,0.5081238150596619,0.3323347270488739,False,4.6478451157494955,0.00237851869314909,False,NEW NADA,Cargo-20171114-195740-15,False,Cargo/15.wav,Cargo
class_vessel_balanced_sampling,small_cnn,cargo-15-000060000ms,Cargo/15.wav,Cargo,0,new nada,test,60.0,65.0,2,Tanker,0.318872332572937,0.12107861787080765,0.5236254930496216,0.03642355650663376,0.5236254930496216,0.318872332572937,False,4.956575894299216,0.00283614220097661,False,NEW NADA,Cargo-20171114-195740-15,False,Cargo/15.wav,Cargo
class_vessel_balanced_sampling,small_cnn,cargo-15-000065000ms,Cargo/15.wav,Cargo,0,new nada,test,65.0,70.0,2,Tanker,0.3230278789997101,0.1319681853055954,0.5170586109161377,0.027945291250944138,0.5170586109161377,0.3230278789997101,False,4.353578910377286,0.004978422075510025,False,NEW NADA,Cargo-20171114-195740-15,False,Cargo/15.wav,Cargo
class_vessel_balanced_sampling,small_cnn,cargo-15-000070000ms,Cargo/15.wav,Cargo,0,new nada,test,70.0,75.0,2,Tanker,0.3195382356643677,0.12501788139343262,0.5213896632194519,0.03405415266752243,0.5213896632194519,0.3195382356643677,False,4.761677189320911,0.003616556990891695,False,NEW NADA,Cargo-20171114-195740-15,False,Cargo/15.wav,Cargo
class_vessel_balanced_sampling,small_cnn,cargo-15-000075000ms,Cargo/15.wav,Cargo,0,new nada,test,75.0,80.0,2,Tanker,0.3267679512500763,0.13353922963142395,0.5055555105209351,0.034137383103370667,0.5055555105209351,0.3267679512500763,False,4.335474168047618,0.00355411390773952,False,NEW NADA,Cargo-20171114-195740-15,False,Cargo/15.wav,Cargo
class_vessel_balanced_sampling,small_cnn,cargo-15-000080000ms,Cargo/15.wav,Cargo,0,new nada,test,80.0,85.0,2,Tanker,0.33008790016174316,0.12670521438121796,0.5129768252372742,0.030230065807700157,0.5129768252372742,0.33008790016174316,False,4.461378683920758,0.005581361707299948,False,NEW NADA,Cargo-20171114-195740-15,False,Cargo/15.wav,Cargo
class_vessel_balanced_sampling,small_cnn,cargo-15-000085000ms,Cargo/15.wav,Cargo,0,new nada,test,85.0,90.0,2,Tanker,0.3396904766559601,0.14015695452690125,0.49169719219207764,0.028455322608351707,0.49169719219207764,0.3396904766559601,False,3.8317701678072207,0.0044008949771523476,False,NEW NADA,Cargo-20171114-195740-15,False,Cargo/15.wav,Cargo
class_vessel_balanced_sampling,small_cnn,cargo-15-000090000ms,Cargo/15.wav,Cargo,0,new nada,test,90.0,95.0,2,Tanker,0.344353586435318,0.14087867736816406,0.4800328016281128,0.03473486378788948,0.4800328016281128,0.344353586435318,False,3.913487114138282,0.002846846356987953,False,NEW NADA,Cargo-20171114-195740-15,False,Cargo/15.wav,Cargo
class_vessel_balanced_sampling,small_cnn,cargo-15-000095000ms,Cargo/15.wav,Cargo,0,new nada,test,95.0,100.0,2,Tanker,0.34020906686782837,0.14181430637836456,0.47551020979881287,0.0424664244055748,0.47551020979881287,0.34020906686782837,False,4.148076476420449,0.003207456786185503,False,NEW NADA,Cargo-20171114-195740-15,False,Cargo/15.wav,Cargo
class_vessel_balanced_sampling,small_cnn,cargo-15-000100000ms,Cargo/15.wav,Cargo,0,new nada,test,100.0,105.0,2,Tanker,0.3308696448802948,0.1336526870727539,0.49470722675323486,0.040770381689071655,0.49470722675323486,0.3308696448802948,False,4.562504694110917,0.0028199243824929,False,NEW NADA,Cargo-20171114-195740-15,False,Cargo/15.wav,Cargo
class_vessel_balanced_sampling,small_cnn,cargo-15-000105000ms,Cargo/15.wav,Cargo,0,new nada,test,105.0,110.0,2,Tanker,0.3370119631290436,0.13355784118175507,0.4980863034725189,0.03134391829371452,0.4980863034725189,0.3370119631290436,False,4.14591274331466,0.003471903270110488,False,NEW NADA,Cargo-20171114-195740-15,False,Cargo/15.wav,Cargo
class_vessel_balanced_sampling,small_cnn,cargo-15-000110000ms,Cargo/15.wav,Cargo,0,new nada,test,110.0,115.0,2,Tanker,0.32869067788124084,0.1306845098733902,0.5059784650802612,0.03464636206626892,0.5059784650802612,0.32869067788124084,False,4.472903625152661,0.0022379951551556587,False,NEW NADA,Cargo-20171114-195740-15,False,Cargo/15.wav,Cargo
class_vessel_balanced_sampling,small_cnn,cargo-15-000115000ms,Cargo/15.wav,Cargo,0,new nada,test,115.0,120.0,2,Tanker,0.34505966305732727,0.14038172364234924,0.48756083846092224,0.026997815817594528,0.48756083846092224,0.34505966305732727,False,3.7464929030075624,0.0027139356825500727,False,NEW NADA,Cargo-20171114-195740-15,False,Cargo/15.wav,Cargo
class_vessel_balanced_sampling,small_cnn,cargo-15-000120000ms,Cargo/15.wav,Cargo,0,new nada,test,120.0,125.0,2,Tanker,0.3458913266658783,0.14343874156475067,0.4791264832019806,0.03154344856739044,0.4791264832019806,0.3458913266658783,False,3.6625611012369084,0.0025757837574929,False,NEW NADA,Cargo-20171114-195740-15,False,Cargo/15.wav,Cargo
class_vessel_balanced_sampling,small_cnn,cargo-15-000125000ms,Cargo/15.wav,Cargo,0,new nada,test,125.0,130.0,2,Tanker,0.33665400743484497,0.13246676325798035,0.4996425211429596,0.031236769631505013,0.4996425211429596,0.33665400743484497,False,4.25493597966301,0.003064830554649234,False,NEW NADA,Cargo-20171114-195740-15,False,Cargo/15.wav,Cargo
class_vessel_balanced_sampling,small_cnn,cargo-15-000130000ms,Cargo/15.wav,Cargo,0,new nada,test,130.0,135.0,2,Tanker,0.34053513407707214,0.14562931656837463,0.48562148213386536,0.028214041143655777,0.48562148213386536,0.34053513407707214,False,3.51141062549889,0.002937896642833948,False,NEW NADA,Cargo-20171114-195740-15,False,Cargo/15.wav,Cargo
class_vessel_balanced_sampling,small_cnn,cargo-15-000135000ms,Cargo/15.wav,Cargo,0,new nada,test,135.0,140.0,2,Tanker,0.34526315331459045,0.14750683307647705,0.47440898418426514,0.03282099589705467,0.47440898418426514,0.34526315331459045,False,3.5747776014810877,0.003216381650418043,False,NEW NADA,Cargo-20171114-195740-15,False,Cargo/15.wav,Cargo
class_vessel_balanced_sampling,small_cnn,cargo-15-000140000ms,Cargo/15.wav,Cargo,0,new nada,test,140.0,145.0,2,Tanker,0.34404227137565613,0.1404915452003479,0.48491203784942627,0.03055417723953724,0.48491203784942627,0.34404227137565613,False,3.826827780753405,0.0033080163411796093,False,NEW NADA,Cargo-20171114-195740-15,False,Cargo/15.wav,Cargo
class_vessel_balanced_sampling,small_cnn,cargo-15-000145000ms,Cargo/15.wav,Cargo,0,new nada,test,145.0,150.0,2,Tanker,0.32802948355674744,0.13573788106441498,0.5035017728805542,0.032730910927057266,0.5035017728805542,0.32802948355674744,False,4.183986510814635,0.004226529970765114,False,NEW NADA,Cargo-20171114-195740-15,False,Cargo/15.wav,Cargo
class_vessel_balanced_sampling,small_cnn,cargo-15-000150000ms,Cargo/15.wav,Cargo,0,new nada,test,150.0,155.0,2,Tanker,0.3405476212501526,0.13564524054527283,0.49483850598335266,0.028968671336770058,0.49483850598335266,0.3405476212501526,False,3.972676592751196,0.0031377519480884075,False,NEW NADA,Cargo-20171114-195740-15,False,Cargo/15.wav,Cargo
class_vessel_balanced_sampling,small_cnn,cargo-15-000155000ms,Cargo/15.wav,Cargo,0,new nada,test,155.0,160.0,2,Tanker,0.35692399740219116,0.1480090171098709,0.4631604850292206,0.03190651535987854,0.4631604850292206,0.35692399740219116,False,3.4912941039197976,0.0020391198340803385,False,NEW NADA,Cargo-20171114-195740-15,False,Cargo/15.wav,Cargo
class_vessel_balanced_sampling,small_cnn,cargo-15-000160000ms,Cargo/15.wav,Cargo,0,new nada,test,160.0,165.0,2,Tanker,0.36034950613975525,0.152248352766037,0.46249890327453613,0.024903245270252228,0.46249890327453613,0.36034950613975525,False,3.131624037113348,0.003965834621340036,False,NEW NADA,Cargo-20171114-195740-15,False,Cargo/15.wav,Cargo
class_vessel_balanced_sampling,small_cnn,cargo-15-000165000ms,Cargo/15.wav,Cargo,0,new nada,test,165.0,170.0,2,Tanker,0.3432711064815521,0.1450650542974472,0.48676228523254395,0.024901555851101875,0.48676228523254395,0.3432711064815521,False,3.5540287001512367,0.004783943295478821,False,NEW NADA,Cargo-20171114-195740-15,False,Cargo/15.wav,Cargo
class_vessel_balanced_sampling,small_cnn,cargo-15-000170000ms,Cargo/15.wav,Cargo,0,new nada,test,170.0,175.0,2,Tanker,0.3528742492198944,0.16064870357513428,0.45645153522491455,0.030025534331798553,0.45645153522491455,0.3528742492198944,False,3.2425545456516995,0.0024984737392514944,False,NEW NADA,Cargo-20171114-195740-15,False,Cargo/15.wav,Cargo
class_vessel_balanced_sampling,small_cnn,cargo-15-000175000ms,Cargo/15.wav,Cargo,0,new nada,test,175.0,180.0,2,Tanker,0.3377630412578583,0.14733263850212097,0.4893711805343628,0.025533102452754974,0.4893711805343628,0.3377630412578583,False,3.482934241333833,0.005568778607994318,False,NEW NADA,Cargo-20171114-195740-15,False,Cargo/15.wav,Cargo
class_vessel_balanced_sampling,small_cnn,cargo-15-000180000ms,Cargo/15.wav,Cargo,0,new nada,test,180.0,185.0,2,Tanker,0.33328408002853394,0.15704335272312164,0.47602322697639465,0.033649347722530365,0.47602322697639465,0.33328408002853394,False,3.4287346862511106,0.0029716885183006525,False,NEW NADA,Cargo-20171114-195740-15,True,Cargo/15.wav,Cargo
class_vessel_balanced_sampling,small_cnn,passengership-12-000000000ms,Passengership/12.wav,Passengership,1,malaspina,test,0.0,5.0,2,Tanker,0.3454171419143677,0.24671785533428192,0.3853357136249542,0.022529326379299164,0.3853357136249542,0.24671785533428192,False,3.096283977584413,0.004434461705386639,False,MALASPINA,Passengership-20160528-040358-12,True,Passengership/12.wav,Passengership
class_vessel_balanced_sampling,small_cnn,passengership-12-000005000ms,Passengership/12.wav,Passengership,1,malaspina,test,5.0,10.0,2,Tanker,0.35022997856140137,0.2514496147632599,0.3746451139450073,0.023675382137298584,0.3746451139450073,0.2514496147632599,False,2.981867964682108,0.0037254123017191887,False,MALASPINA,Passengership-20160528-040358-12,False,Passengership/12.wav,Passengership
class_vessel_balanced_sampling,small_cnn,passengership-12-000010000ms,Passengership/12.wav,Passengership,1,malaspina,test,10.0,15.0,2,Tanker,0.350162535905838,0.23728187382221222,0.39042291045188904,0.022132625803351402,0.39042291045188904,0.23728187382221222,False,2.3739985705680007,0.00408713985234499,False,MALASPINA,Passengership-20160528-040358-12,True,Passengership/12.wav,Passengership
class_vessel_balanced_sampling,small_cnn,passengership-16-000000000ms,Passengership/16.wav,Passengership,1,malaspina,test,0.0,5.0,2,Tanker,0.34963902831077576,0.2474757432937622,0.37633824348449707,0.02654697187244892,0.37633824348449707,0.2474757432937622,False,4.3115781424575585,0.0027707836125046015,False,MALASPINA,Passengership-20160604-040249-16,True,Passengership/16.wav,Passengership
class_vessel_balanced_sampling,small_cnn,passengership-16-000005000ms,Passengership/16.wav,Passengership,1,malaspina,test,5.0,10.0,2,Tanker,0.35774901509284973,0.23661956191062927,0.38111868500709534,0.024512749165296555,0.38111868500709534,0.23661956191062927,False,4.055885966847677,0.0032091836910694838,False,MALASPINA,Passengership-20160604-040249-16,True,Passengership/16.wav,Passengership
class_vessel_balanced_sampling,small_cnn,passengership-4-000000000ms,Passengership/4.wav,Passengership,1,malaspina,test,0.0,5.0,2,Tanker,0.3334486782550812,0.2052423506975174,0.4275902807712555,0.033718664199113846,0.4275902807712555,0.2052423506975174,False,3.2917003831842164,0.003422692185267806,False,MALASPINA,Passengership-20160507-043512-4,True,Passengership/4.wav,Passengership
class_vessel_balanced_sampling,small_cnn,passengership-4-000005000ms,Passengership/4.wav,Passengership,1,malaspina,test,5.0,10.0,2,Tanker,0.33715492486953735,0.21868877112865448,0.41261816024780273,0.031538113951683044,0.41261816024780273,0.21868877112865448,False,3.2660749343159576,0.003363681025803089,False,MALASPINA,Passengership-20160507-043512-4,False,Passengership/4.wav,Passengership
class_vessel_balanced_sampling,small_cnn,passengership-4-000010000ms,Passengership/4.wav,Passengership,1,malaspina,test,10.0,15.0,2,Tanker,0.34116873145103455,0.20377786457538605,0.42901721596717834,0.026036115363240242,0.42901721596717834,0.20377786457538605,False,2.696944606826572,0.003553215181455016,False,MALASPINA,Passengership-20160507-043512-4,False,Passengership/4.wav,Passengership
class_vessel_balanced_sampling,small_cnn,passengership-4-000015000ms,Passengership/4.wav,Passengership,1,malaspina,test,15.0,20.0,2,Tanker,0.3264581263065338,0.20474551618099213,0.4361143112182617,0.03268206864595413,0.4361143112182617,0.20474551618099213,False,3.7363123239771308,0.0034937732852995396,False,MALASPINA,Passengership-20160507-043512-4,False,Passengership/4.wav,Passengership
class_vessel_balanced_sampling,small_cnn,passengership-4-000020000ms,Passengership/4.wav,Passengership,1,malaspina,test,20.0,25.0,2,Tanker,0.33417263627052307,0.21105603873729706,0.42077839374542236,0.0339929461479187,0.42077839374542236,0.21105603873729706,False,3.55743403880389,0.0035014369059354067,False,MALASPINA,Passengership-20160507-043512-4,False,Passengership/4.wav,Passengership
class_vessel_balanced_sampling,small_cnn,passengership-4-000025000ms,Passengership/4.wav,Passengership,1,malaspina,test,25.0,30.0,2,Tanker,0.3441387712955475,0.21766288578510284,0.41330793499946594,0.024890387430787086,0.41330793499946594,0.21766288578510284,False,2.9698317863690296,0.003698897548019886,False,MALASPINA,Passengership-20160507-043512-4,False,Passengership/4.wav,Passengership
class_vessel_balanced_sampling,small_cnn,passengership-4-000030000ms,Passengership/4.wav,Passengership,1,malaspina,test,30.0,35.0,2,Tanker,0.3391517698764801,0.2225528061389923,0.4140324890613556,0.024262933060526848,0.4140324890613556,0.2225528061389923,False,3.364269592571059,0.003925808239728212,False,MALASPINA,Passengership-20160507-043512-4,False,Passengership/4.wav,Passengership
class_vessel_balanced_sampling,small_cnn,passengership-4-000035000ms,Passengership/4.wav,Passengership,1,malaspina,test,35.0,40.0,2,Tanker,0.33173516392707825,0.2252780646085739,0.4135545492172241,0.029432225972414017,0.4135545492172241,0.2252780646085739,False,3.6557584245198806,0.0036092170048505068,False,MALASPINA,Passengership-20160507-043512-4,False,Passengership/4.wav,Passengership
class_vessel_balanced_sampling,small_cnn,passengership-4-000040000ms,Passengership/4.wav,Passengership,1,malaspina,test,40.0,45.0,2,Tanker,0.3239533007144928,0.2244993895292282,0.4224146604537964,0.029132666066288948,0.4224146604537964,0.2244993895292282,False,4.2342076555965775,0.0038333043921738863,False,MALASPINA,Passengership-20160507-043512-4,False,Passengership/4.wav,Passengership
class_vessel_balanced_sampling,small_cnn,passengership-4-000045000ms,Passengership/4.wav,Passengership,1,malaspina,test,45.0,50.0,2,Tanker,0.33582842350006104,0.2448444962501526,0.39766910672187805,0.021657977253198624,0.39766910672187805,0.2448444962501526,False,3.9357071001974178,0.003778431797400117,False,MALASPINA,Passengership-20160507-043512-4,False,Passengership/4.wav,Passengership
class_vessel_balanced_sampling,small_cnn,passengership-4-000050000ms,Passengership/4.wav,Passengership,1,malaspina,test,50.0,55.0,2,Tanker,0.3460801839828491,0.25007161498069763,0.3859221637248993,0.017926054075360298,0.3859221637248993,0.25007161498069763,False,3.8769519175132254,0.0039699808694422245,False,MALASPINA,Passengership-20160507-043512-4,False,Passengership/4.wav,Passengership
class_vessel_balanced_sampling,small_cnn,passengership-4-000055000ms,Passengership/4.wav,Passengership,1,malaspina,test,55.0,60.0,2,Tanker,0.34444770216941833,0.2420816421508789,0.3940344452857971,0.01943616382777691,0.3940344452857971,0.2420816421508789,False,3.9402921501089643,0.0038465706165879965,False,MALASPINA,Passengership-20160507-043512-4,False,Passengership/4.wav,Passengership
class_vessel_balanced_sampling,small_cnn,passengership-4-000060000ms,Passengership/4.wav,Passengership,1,malaspina,test,60.0,65.0,2,Tanker,0.3409901261329651,0.24114707112312317,0.3953794538974762,0.022483333945274353,0.3953794538974762,0.24114707112312317,False,3.8210379333070223,0.0038521448150277138,False,MALASPINA,Passengership-20160507-043512-4,False,Passengership/4.wav,Passengership
class_vessel_balanced_sampling,small_cnn,passengership-4-000065000ms,Passengership/4.wav,Passengership,1,malaspina,test,65.0,70.0,2,Tanker,0.33768031001091003,0.26256752014160156,0.3791792392730713,0.020572949200868607,0.3791792392730713,0.26256752014160156,False,4.288002157831947,0.0037556311581283808,False,MALASPINA,Passengership-20160507-043512-4,False,Passengership/4.wav,Passengership
class_vessel_balanced_sampling,small_cnn,passengership-4-000070000ms,Passengership/4.wav,Passengership,1,malaspina,test,70.0,75.0,2,Tanker,0.34048277139663696,0.2597437798976898,0.38202330470085144,0.017750123515725136,0.38202330470085144,0.2597437798976898,False,4.413374189764778,0.004061545245349407,False,MALASPINA,Passengership-20160507-043512-4,False,Passengership/4.wav,Passengership
class_vessel_balanced_sampling,small_cnn,passengership-4-000075000ms,Passengership/4.wav,Passengership,1,malaspina,test,75.0,80.0,2,Tanker,0.3411501944065094,0.25024309754371643,0.38981956243515015,0.018787145614624023,0.38981956243515015,0.25024309754371643,False,4.211943325026496,0.004003452602773905,False,MALASPINA,Passengership-20160507-043512-4,False,Passengership/4.wav,Passengership
class_vessel_balanced_sampling,small_cnn,passengership-4-000080000ms,Passengership/4.wav,Passengership,1,malaspina,test,80.0,85.0,2,Tanker,0.33099254965782166,0.23910589516162872,0.4074631333351135,0.02243841253221035,0.4074631333351135,0.23910589516162872,False,4.6410855709843615,0.00407605292275548,False,MALASPINA,Passengership-20160507-043512-4,False,Passengership/4.wav,Passengership
class_vessel_balanced_sampling,small_cnn,passengership-4-000085000ms,Passengership/4.wav,Passengership,1,malaspina,test,85.0,90.0,2,Tanker,0.32428789138793945,0.2085193246603012,0.4427349865436554,0.024457795545458794,0.4427349865436554,0.2085193246603012,False,4.719335045442336,0.004504350479692221,False,MALASPINA,Passengership-20160507-043512-4,False,Passengership/4.wav,Passengership
class_vessel_balanced_sampling,small_cnn,passengership-4-000090000ms,Passengership/4.wav,Passengership,1,malaspina,test,90.0,95.0,2,Tanker,0.31916478276252747,0.19361773133277893,0.4600381553173065,0.027179362252354622,0.4600381553173065,0.19361773133277893,False,4.241953656575108,0.004870797041803598,False,MALASPINA,Passengership-20160507-043512-4,False,Passengership/4.wav,Passengership
class_vessel_balanced_sampling,small_cnn,passengership-4-000095000ms,Passengership/4.wav,Passengership,1,malaspina,test,95.0,100.0,2,Tanker,0.33505457639694214,0.19617928564548492,0.4516674876213074,0.017098670825362206,0.4516674876213074,0.19617928564548492,False,3.710254361888338,0.004938843660056591,False,MALASPINA,Passengership-20160507-043512-4,False,Passengership/4.wav,Passengership
class_vessel_balanced_sampling,small_cnn,passengership-4-000100000ms,Passengership/4.wav,Passengership,1,malaspina,test,100.0,105.0,2,Tanker,0.33337610960006714,0.20700086653232574,0.4390757977962494,0.020547186955809593,0.4390757977962494,0.20700086653232574,False,3.4656235365245016,0.004531672690063715,False,MALASPINA,Passengership-20160507-043512-4,False,Passengership/4.wav,Passengership
class_vessel_balanced_sampling,small_cnn,passengership-4-000105000ms,Passengership/4.wav,Passengership,1,malaspina,test,105.0,110.0,2,Tanker,0.33990779519081116,0.2307581901550293,0.41144153475761414,0.017892559990286827,0.41144153475761414,0.2307581901550293,False,4.090567042903371,0.0038437405601143837,False,MALASPINA,Passengership-20160507-043512-4,False,Passengership/4.wav,Passengership
class_vessel_balanced_sampling,small_cnn,passengership-4-000110000ms,Passengership/4.wav,Passengership,1,malaspina,test,110.0,115.0,2,Tanker,0.3328406512737274,0.23205558955669403,0.4134765863418579,0.021627182140946388,0.4134765863418579,0.23205558955669403,False,3.817738586553219,0.0035707324277609587,False,MALASPINA,Passengership-20160507-043512-4,False,Passengership/4.wav,Passengership
class_vessel_balanced_sampling,small_cnn,passengership-4-000115000ms,Passengership/4.wav,Passengership,1,malaspina,test,115.0,120.0,2,Tanker,0.32306012511253357,0.22026164829730988,0.4253063499927521,0.03137189522385597,0.4253063499927521,0.22026164829730988,False,4.242815985433776,0.003696160390973091,False,MALASPINA,Passengership-20160507-043512-4,False,Passengership/4.wav,Passengership
class_vessel_balanced_sampling,small_cnn,passengership-4-000120000ms,Passengership/4.wav,Passengership,1,malaspina,test,120.0,125.0,2,Tanker,0.32277795672416687,0.20931777358055115,0.4300195574760437,0.037884801626205444,0.4300195574760437,0.20931777358055115,False,4.29783934931272,0.0031686313450336456,False,MALASPINA,Passengership-20160507-043512-4,False,Passengership/4.wav,Passengership
class_vessel_balanced_sampling,small_cnn,passengership-4-000125000ms,Passengership/4.wav,Passengership,1,malaspina,test,125.0,130.0,2,Tanker,0.33343183994293213,0.2273104339838028,0.4049733281135559,0.03428440913558006,0.4049733281135559,0.2273104339838028,False,3.909538339641838,0.002888916991651058,False,MALASPINA,Passengership-20160507-043512-4,False,Passengership/4.wav,Passengership
class_vessel_balanced_sampling,small_cnn,passengership-4-000130000ms,Passengership/4.wav,Passengership,1,malaspina,test,130.0,135.0,2,Tanker,0.3505030870437622,0.23661169409751892,0.3885248899459839,0.024360399693250656,0.3885248899459839,0.23661169409751892,False,3.1766418524069637,0.0031228584703058004,False,MALASPINA,Passengership-20160507-043512-4,False,Passengership/4.wav,Passengership
class_vessel_balanced_sampling,small_cnn,passengership-4-000135000ms,Passengership/4.wav,Passengership,1,malaspina,test,135.0,140.0,2,Tanker,0.32789143919944763,0.20893028378486633,0.4189726710319519,0.04420555382966995,0.4189726710319519,0.20893028378486633,False,5.084335036273055,0.00295615172944963,False,MALASPINA,Passengership-20160507-043512-4,False,Passengership/4.wav,Passengership
class_vessel_balanced_sampling,small_cnn,passengership-4-000140000ms,Passengership/4.wav,Passengership,1,malaspina,test,140.0,145.0,2,Tanker,0.32180944085121155,0.2096860259771347,0.42092210054397583,0.047582387924194336,0.42092210054397583,0.2096860259771347,False,4.999115865703668,0.00301742902956903,False,MALASPINA,Passengership-20160507-043512-4,False,Passengership/4.wav,Passengership
class_vessel_balanced_sampling,small_cnn,passengership-4-000145000ms,Passengership/4.wav,Passengership,1,malaspina,test,145.0,150.0,2,Tanker,0.3351183235645294,0.21532155573368073,0.41831129789352417,0.031248850747942924,0.41831129789352417,0.21532155573368073,False,3.7518850334956695,0.0031645698472857475,False,MALASPINA,Passengership-20160507-043512-4,False,Passengership/4.wav,Passengership
class_vessel_balanced_sampling,small_cnn,passengership-4-000150000ms,Passengership/4.wav,Passengership,1,malaspina,test,150.0,155.0,2,Tanker,0.31285274028778076,0.19299528002738953,0.4557802975177765,0.03837168216705322,0.4557802975177765,0.19299528002738953,False,4.271659035321418,0.0034174255561083555,False,MALASPINA,Passengership-20160507-043512-4,False,Passengership/4.wav,Passengership
class_vessel_balanced_sampling,small_cnn,passengership-4-000155000ms,Passengership/4.wav,Passengership,1,malaspina,test,155.0,160.0,2,Tanker,0.32295647263526917,0.2086658924818039,0.4366651475429535,0.03171253949403763,0.4366651475429535,0.2086658924818039,False,3.6898717078389165,0.0031699035316705704,False,MALASPINA,Passengership-20160507-043512-4,False,Passengership/4.wav,Passengership
class_vessel_balanced_sampling,small_cnn,passengership-4-000160000ms,Passengership/4.wav,Passengership,1,malaspina,test,160.0,165.0,2,Tanker,0.3272264897823334,0.21502302587032318,0.4239389896392822,0.03381158784031868,0.4239389896392822,0.21502302587032318,False,3.6684002017872452,0.0028519693296402693,False,MALASPINA,Passengership-20160507-043512-4,False,Passengership/4.wav,Passengership
class_vessel_balanced_sampling,small_cnn,passengership-4-000165000ms,Passengership/4.wav,Passengership,1,malaspina,test,165.0,170.0,2,Tanker,0.33943960070610046,0.2422657459974289,0.39179107546806335,0.026503602042794228,0.39179107546806335,0.2422657459974289,False,3.657946404780484,0.0026011362206190825,False,MALASPINA,Passengership-20160507-043512-4,False,Passengership/4.wav,Passengership
class_vessel_balanced_sampling,small_cnn,passengership-4-000170000ms,Passengership/4.wav,Passengership,1,malaspina,test,170.0,175.0,2,Tanker,0.3433995544910431,0.22610320150852203,0.4052356481552124,0.025261638686060905,0.4052356481552124,0.22610320150852203,False,3.1455029178470806,0.0029463511891663074,False,MALASPINA,Passengership-20160507-043512-4,False,Passengership/4.wav,Passengership
class_vessel_balanced_sampling,small_cnn,passengership-4-000175000ms,Passengership/4.wav,Passengership,1,malaspina,test,175.0,180.0,2,Tanker,0.34623977541923523,0.22952279448509216,0.40154871344566345,0.022688720375299454,0.40154871344566345,0.22952279448509216,False,3.121193894923896,0.002814537612721324,False,MALASPINA,Passengership-20160507-043512-4,False,Passengership/4.wav,Passengership
class_vessel_balanced_sampling,small_cnn,passengership-4-000180000ms,Passengership/4.wav,Passengership,1,malaspina,test,180.0,185.0,2,Tanker,0.35341334342956543,0.22124536335468292,0.39538514614105225,0.029956145212054253,0.39538514614105225,0.22124536335468292,False,2.958480228097014,0.0026645187754184008,False,MALASPINA,Passengership-20160507-043512-4,False,Passengership/4.wav,Passengership
class_vessel_balanced_sampling,small_cnn,passengership-4-000185000ms,Passengership/4.wav,Passengership,1,malaspina,test,185.0,190.0,2,Tanker,0.3668120801448822,0.22647762298583984,0.3763768970966339,0.03033333644270897,0.3763768970966339,0.22647762298583984,False,3.0555145483046964,0.0022715297527611256,False,MALASPINA,Passengership-20160507-043512-4,False,Passengership/4.wav,Passengership
class_vessel_balanced_sampling,small_cnn,passengership-4-000190000ms,Passengership/4.wav,Passengership,1,malaspina,test,190.0,195.0,2,Tanker,0.35457897186279297,0.23468849062919617,0.3846556544303894,0.026076890528202057,0.3846556544303894,0.23468849062919617,False,3.0514883922287797,0.002744593657553196,False,MALASPINA,Passengership-20160507-043512-4,False,Passengership/4.wav,Passengership
class_vessel_balanced_sampling,small_cnn,passengership-4-000195000ms,Passengership/4.wav,Passengership,1,malaspina,test,195.0,200.0,2,Tanker,0.35619714856147766,0.24560309946537018,0.3669359087944031,0.03126377612352371,0.3669359087944031,0.24560309946537018,False,3.630974700768146,0.002629013964906335,False,MALASPINA,Passengership-20160507-043512-4,True,Passengership/4.wav,Passengership
class_vessel_balanced_sampling,small_cnn,tanker-19-000000000ms,Tanker/19.wav,Tanker,2,caribbean spirit,test,0.0,5.0,0,Cargo,0.41019827127456665,0.28719231486320496,0.28681156039237976,0.01579781249165535,0.41019827127456665,0.28681156039237976,False,3.1334368963731642,0.011208790354430676,False,CARIBBEAN SPIRIT,Tanker-20160625-141954-19,True,Tanker/19.wav,Tanker
class_vessel_balanced_sampling,small_cnn,tanker-19-000005000ms,Tanker/19.wav,Tanker,2,caribbean spirit,test,5.0,10.0,0,Cargo,0.40576642751693726,0.3005961775779724,0.2750895619392395,0.018547864630818367,0.40576642751693726,0.2750895619392395,False,3.14793222224943,0.01051277108490467,False,CARIBBEAN SPIRIT,Tanker-20160625-141954-19,True,Tanker/19.wav,Tanker
class_vessel_balanced_sampling,small_cnn,tanker-5-000000000ms,Tanker/5.wav,Tanker,2,lynda victory,test,0.0,5.0,2,Tanker,0.34075674414634705,0.2193998396396637,0.4148024618625641,0.025040993466973305,0.4148024618625641,0.4148024618625641,True,2.3031884029767173,0.00696135126054287,False,LYNDA VICTORY,Tanker-20160519-123958-5,True,Tanker/5.wav,Tanker
class_vessel_balanced_sampling,small_cnn,tanker-5-000005000ms,Tanker/5.wav,Tanker,2,lynda victory,test,5.0,10.0,2,Tanker,0.3532956540584564,0.24464987218379974,0.38390296697616577,0.018151454627513885,0.38390296697616577,0.38390296697616577,True,3.789772037158807,0.004605164751410484,False,LYNDA VICTORY,Tanker-20160519-123958-5,False,Tanker/5.wav,Tanker
class_vessel_balanced_sampling,small_cnn,tanker-5-000010000ms,Tanker/5.wav,Tanker,2,lynda victory,test,10.0,15.0,2,Tanker,0.3478693962097168,0.2290949821472168,0.40374210476875305,0.01929352432489395,0.40374210476875305,0.40374210476875305,True,3.0808821078881223,0.006256985478103161,False,LYNDA VICTORY,Tanker-20160519-123958-5,False,Tanker/5.wav,Tanker
class_vessel_balanced_sampling,small_cnn,tanker-5-000015000ms,Tanker/5.wav,Tanker,2,lynda victory,test,15.0,20.0,2,Tanker,0.356128990650177,0.25114721059799194,0.3750871419906616,0.017636679112911224,0.3750871419906616,0.3750871419906616,True,3.599188111758565,0.004443682264536619,False,LYNDA VICTORY,Tanker-20160519-123958-5,False,Tanker/5.wav,Tanker
class_vessel_balanced_sampling,small_cnn,tanker-5-000020000ms,Tanker/5.wav,Tanker,2,lynda victory,test,20.0,25.0,2,Tanker,0.35686156153678894,0.2471405416727066,0.3782943785190582,0.017703456804156303,0.3782943785190582,0.3782943785190582,True,3.323683654674397,0.0040140170603990555,False,LYNDA VICTORY,Tanker-20160519-123958-5,False,Tanker/5.wav,Tanker
class_vessel_balanced_sampling,small_cnn,tanker-5-000025000ms,Tanker/5.wav,Tanker,2,lynda victory,test,25.0,30.0,2,Tanker,0.3564523160457611,0.2298460751771927,0.39251458644866943,0.021187037229537964,0.39251458644866943,0.39251458644866943,True,2.5741326499910473,0.007061864715069532,False,LYNDA VICTORY,Tanker-20160519-123958-5,False,Tanker/5.wav,Tanker
class_vessel_balanced_sampling,small_cnn,tanker-5-000030000ms,Tanker/5.wav,Tanker,2,lynda victory,test,30.0,35.0,2,Tanker,0.34960365295410156,0.2151997834444046,0.4124475419521332,0.02274906076490879,0.4124475419521332,0.4124475419521332,True,2.3147660655947546,0.006034678313881159,False,LYNDA VICTORY,Tanker-20160519-123958-5,False,Tanker/5.wav,Tanker
class_vessel_balanced_sampling,small_cnn,tanker-5-000035000ms,Tanker/5.wav,Tanker,2,lynda victory,test,35.0,40.0,2,Tanker,0.35610318183898926,0.2345646321773529,0.3886391520500183,0.02069302462041378,0.3886391520500183,0.3886391520500183,True,2.621691258112241,0.0036019268445670605,False,LYNDA VICTORY,Tanker-20160519-123958-5,False,Tanker/5.wav,Tanker
class_vessel_balanced_sampling,small_cnn,tanker-5-000040000ms,Tanker/5.wav,Tanker,2,lynda victory,test,40.0,45.0,2,Tanker,0.3515271842479706,0.24150091409683228,0.3854701817035675,0.02150176279246807,0.3854701817035675,0.3854701817035675,True,3.0851748028627988,0.004481923300772905,False,LYNDA VICTORY,Tanker-20160519-123958-5,True,Tanker/5.wav,Tanker
class_vessel_balanced_sampling,small_cnn,tanker-50-000000000ms,Tanker/50.wav,Tanker,2,ocean reliance,test,0.0,5.0,0,Cargo,0.432314932346344,0.21912668645381927,0.3337031900882721,0.014855140820145607,0.432314932346344,0.3337031900882721,False,2.780014988476937,0.0010080666979774833,False,OCEAN RELIANCE,Tanker-20161101-053459-50,True,Tanker/50.wav,Tanker
class_vessel_balanced_sampling,small_cnn,tanker-50-000005000ms,Tanker/50.wav,Tanker,2,ocean reliance,test,5.0,10.0,0,Cargo,0.4237985908985138,0.2174096405506134,0.33686354756355286,0.021928323432803154,0.4237985908985138,0.33686354756355286,False,2.3131407534205954,0.0009491307428106666,False,OCEAN RELIANCE,Tanker-20161101-053459-50,True,Tanker/50.wav,Tanker
class_vessel_balanced_sampling,small_cnn,tug-40-000000000ms,Tug/40.wav,Tug,3,seaspan commander,test,0.0,5.0,2,Tanker,0.2444629818201065,0.14889414608478546,0.3593195378780365,0.24732330441474915,0.3593195378780365,0.24732330441474915,False,11.491029164248687,0.0027589222881942987,False,SEASPAN COMMANDER,Tug-20171203-113510-40,True,Tug/40.wav,Tug
class_vessel_balanced_sampling,small_cnn,tug-40-000005000ms,Tug/40.wav,Tug,3,seaspan commander,test,5.0,10.0,2,Tanker,0.26444369554519653,0.1475292295217514,0.41725918650627136,0.17076793313026428,0.41725918650627136,0.17076793313026428,False,9.465549387260838,0.005581630393862724,False,SEASPAN COMMANDER,Tug-20171203-113510-40,False,Tug/40.wav,Tug
class_vessel_balanced_sampling,small_cnn,tug-40-000010000ms,Tug/40.wav,Tug,3,seaspan commander,test,10.0,15.0,2,Tanker,0.2897301912307739,0.19411112368106842,0.38173043727874756,0.1344282180070877,0.38173043727874756,0.1344282180070877,False,8.508944077515803,0.004333066754043102,False,SEASPAN COMMANDER,Tug-20171203-113510-40,False,Tug/40.wav,Tug
class_vessel_balanced_sampling,small_cnn,tug-40-000015000ms,Tug/40.wav,Tug,3,seaspan commander,test,15.0,20.0,2,Tanker,0.2761049270629883,0.18080472946166992,0.3706218898296356,0.1724684238433838,0.3706218898296356,0.1724684238433838,False,9.63134725251299,0.003658524015918374,False,SEASPAN COMMANDER,Tug-20171203-113510-40,False,Tug/40.wav,Tug
class_vessel_balanced_sampling,small_cnn,tug-40-000020000ms,Tug/40.wav,Tug,3,seaspan commander,test,20.0,25.0,2,Tanker,0.27176007628440857,0.1673712432384491,0.404182493686676,0.1566862165927887,0.404182493686676,0.1566862165927887,False,9.19622959046537,0.00423783203586936,False,SEASPAN COMMANDER,Tug-20171203-113510-40,False,Tug/40.wav,Tug
class_vessel_balanced_sampling,small_cnn,tug-40-000025000ms,Tug/40.wav,Tug,3,seaspan commander,test,25.0,30.0,2,Tanker,0.28935062885284424,0.17984043061733246,0.38900747895240784,0.14180143177509308,0.38900747895240784,0.14180143177509308,False,8.705828565021173,0.0032374158035963774,False,SEASPAN COMMANDER,Tug-20171203-113510-40,False,Tug/40.wav,Tug
class_vessel_balanced_sampling,small_cnn,tug-40-000030000ms,Tug/40.wav,Tug,3,seaspan commander,test,30.0,35.0,2,Tanker,0.2628948390483856,0.1572255641222,0.3889184594154358,0.19096113741397858,0.3889184594154358,0.19096113741397858,False,10.197933569115452,0.002597099170088768,False,SEASPAN COMMANDER,Tug-20171203-113510-40,False,Tug/40.wav,Tug
class_vessel_balanced_sampling,small_cnn,tug-40-000035000ms,Tug/40.wav,Tug,3,seaspan commander,test,35.0,40.0,2,Tanker,0.30234426259994507,0.19111506640911102,0.38100025057792664,0.12554043531417847,0.38100025057792664,0.12554043531417847,False,8.4273499203462,0.0019100187346339226,False,SEASPAN COMMANDER,Tug-20171203-113510-40,False,Tug/40.wav,Tug
class_vessel_balanced_sampling,small_cnn,tug-40-000040000ms,Tug/40.wav,Tug,3,seaspan commander,test,40.0,45.0,2,Tanker,0.3195823132991791,0.2102096974849701,0.37575840950012207,0.09444966167211533,0.37575840950012207,0.09444966167211533,False,7.408354092022507,0.0032765467185527086,False,SEASPAN COMMANDER,Tug-20171203-113510-40,False,Tug/40.wav,Tug
class_vessel_balanced_sampling,small_cnn,tug-40-000045000ms,Tug/40.wav,Tug,3,seaspan commander,test,45.0,50.0,2,Tanker,0.3042437732219696,0.19161663949489594,0.391957551240921,0.11218198388814926,0.391957551240921,0.11218198388814926,False,7.900768278151414,0.0024815830402076244,False,SEASPAN COMMANDER,Tug-20171203-113510-40,False,Tug/40.wav,Tug
class_vessel_balanced_sampling,small_cnn,tug-40-000050000ms,Tug/40.wav,Tug,3,seaspan commander,test,50.0,55.0,2,Tanker,0.30409538745880127,0.1845783144235611,0.4241824746131897,0.08714377880096436,0.4241824746131897,0.08714377880096436,False,6.519401605225795,0.004929916001856327,False,SEASPAN COMMANDER,Tug-20171203-113510-40,False,Tug/40.wav,Tug
class_vessel_balanced_sampling,small_cnn,tug-40-000055000ms,Tug/40.wav,Tug,3,seaspan commander,test,55.0,60.0,2,Tanker,0.3009791672229767,0.19629542529582977,0.39424729347229004,0.10847815126180649,0.39424729347229004,0.10847815126180649,False,7.604475035611734,0.0034505268558859825,False,SEASPAN COMMANDER,Tug-20171203-113510-40,False,Tug/40.wav,Tug
class_vessel_balanced_sampling,small_cnn,tug-40-000060000ms,Tug/40.wav,Tug,3,seaspan commander,test,60.0,65.0,2,Tanker,0.2870141863822937,0.16333650052547455,0.41380569338798523,0.13584353029727936,0.41380569338798523,0.13584353029727936,False,8.609402676048735,0.004297083243727684,False,SEASPAN COMMANDER,Tug-20171203-113510-40,False,Tug/40.wav,Tug
class_vessel_balanced_sampling,small_cnn,tug-40-000065000ms,Tug/40.wav,Tug,3,seaspan commander,test,65.0,70.0,2,Tanker,0.2845957577228546,0.1608952134847641,0.4403970539569855,0.1141120046377182,0.4403970539569855,0.1141120046377182,False,7.6196929093941375,0.005749181844294071,False,SEASPAN COMMANDER,Tug-20171203-113510-40,False,Tug/40.wav,Tug
class_vessel_balanced_sampling,small_cnn,tug-40-000070000ms,Tug/40.wav,Tug,3,seaspan commander,test,70.0,75.0,2,Tanker,0.318961501121521,0.2133951038122177,0.3800825774669647,0.08756083250045776,0.3800825774669647,0.08756083250045776,False,7.134766877238031,0.0028873425908386707,False,SEASPAN COMMANDER,Tug-20171203-113510-40,False,Tug/40.wav,Tug
class_vessel_balanced_sampling,small_cnn,tug-40-000075000ms,Tug/40.wav,Tug,3,seaspan commander,test,75.0,80.0,2,Tanker,0.3142413794994354,0.20682844519615173,0.390884667634964,0.08804542571306229,0.390884667634964,0.08804542571306229,False,6.884018469439798,0.004911752883344889,False,SEASPAN COMMANDER,Tug-20171203-113510-40,False,Tug/40.wav,Tug
class_vessel_balanced_sampling,small_cnn,tug-40-000080000ms,Tug/40.wav,Tug,3,seaspan commander,test,80.0,85.0,2,Tanker,0.31301558017730713,0.2121444195508957,0.3858339786529541,0.08900604397058487,0.3858339786529541,0.08900604397058487,False,6.864491677381214,0.005275181028991938,False,SEASPAN COMMANDER,Tug-20171203-113510-40,False,Tug/40.wav,Tug
class_vessel_balanced_sampling,small_cnn,tug-40-000085000ms,Tug/40.wav,Tug,3,seaspan commander,test,85.0,90.0,2,Tanker,0.3236999213695526,0.2209431678056717,0.3421514332294464,0.11320547014474869,0.3421514332294464,0.11320547014474869,False,8.041186388334388,0.0023316754959523678,False,SEASPAN COMMANDER,Tug-20171203-113510-40,False,Tug/40.wav,Tug
class_vessel_balanced_sampling,small_cnn,tug-40-000090000ms,Tug/40.wav,Tug,3,seaspan commander,test,90.0,95.0,2,Tanker,0.31953078508377075,0.21639347076416016,0.3816734254360199,0.08240237087011337,0.3816734254360199,0.08240237087011337,False,6.601220986446934,0.004598226863890886,False,SEASPAN COMMANDER,Tug-20171203-113510-40,False,Tug/40.wav,Tug
class_vessel_balanced_sampling,small_cnn,tug-40-000095000ms,Tug/40.wav,Tug,3,seaspan commander,test,95.0,100.0,0,Cargo,0.331626832485199,0.24452771246433258,0.3281714916229248,0.09567403793334961,0.331626832485199,0.09567403793334961,False,7.9653141385418085,0.0019245338626205921,False,SEASPAN COMMANDER,Tug-20171203-113510-40,False,Tug/40.wav,Tug
class_vessel_balanced_sampling,small_cnn,tug-40-000100000ms,Tug/40.wav,Tug,3,seaspan commander,test,100.0,105.0,2,Tanker,0.31884196400642395,0.2347537875175476,0.34125030040740967,0.10515391081571579,0.34125030040740967,0.10515391081571579,False,8.161471972694956,0.0020152446813881397,False,SEASPAN COMMANDER,Tug-20171203-113510-40,False,Tug/40.wav,Tug
class_vessel_balanced_sampling,small_cnn,tug-40-000105000ms,Tug/40.wav,Tug,3,seaspan commander,test,105.0,110.0,2,Tanker,0.33387425541877747,0.24982072412967682,0.35246485471725464,0.0638401061296463,0.35246485471725464,0.0638401061296463,False,6.121516200856742,0.0024009509943425655,False,SEASPAN COMMANDER,Tug-20171203-113510-40,False,Tug/40.wav,Tug
class_vessel_balanced_sampling,small_cnn,tug-40-000110000ms,Tug/40.wav,Tug,3,seaspan commander,test,110.0,115.0,2,Tanker,0.32367464900016785,0.23292571306228638,0.370459645986557,0.07293998450040817,0.370459645986557,0.07293998450040817,False,6.084151424367539,0.003535886760801077,False,SEASPAN COMMANDER,Tug-20171203-113510-40,False,Tug/40.wav,Tug
class_vessel_balanced_sampling,small_cnn,tug-40-000115000ms,Tug/40.wav,Tug,3,seaspan commander,test,115.0,120.0,2,Tanker,0.3245626389980316,0.21755051612854004,0.38863804936408997,0.0692487359046936,0.38863804936408997,0.0692487359046936,False,5.684326119970413,0.004412714391946793,False,SEASPAN COMMANDER,Tug-20171203-113510-40,False,Tug/40.wav,Tug
class_vessel_balanced_sampling,small_cnn,tug-40-000120000ms,Tug/40.wav,Tug,3,seaspan commander,test,120.0,125.0,2,Tanker,0.32016947865486145,0.21023352444171906,0.3862971067428589,0.08329989016056061,0.3862971067428589,0.08329989016056061,False,6.3807919880487525,0.0032351878471672535,False,SEASPAN COMMANDER,Tug-20171203-113510-40,False,Tug/40.wav,Tug
class_vessel_balanced_sampling,small_cnn,tug-40-000125000ms,Tug/40.wav,Tug,3,seaspan commander,test,125.0,130.0,2,Tanker,0.3190811276435852,0.20663027465343475,0.4039958119392395,0.07029277086257935,0.4039958119392395,0.07029277086257935,False,5.631940744788515,0.004191653337329626,False,SEASPAN COMMANDER,Tug-20171203-113510-40,False,Tug/40.wav,Tug
class_vessel_balanced_sampling,small_cnn,tug-40-000130000ms,Tug/40.wav,Tug,3,seaspan commander,test,130.0,135.0,2,Tanker,0.3136909306049347,0.213994100689888,0.41009482741355896,0.06222013384103775,0.41009482741355896,0.06222013384103775,False,5.080016947560468,0.006159800570458174,False,SEASPAN COMMANDER,Tug-20171203-113510-40,False,Tug/40.wav,Tug
class_vessel_balanced_sampling,small_cnn,tug-40-000135000ms,Tug/40.wav,Tug,3,seaspan commander,test,135.0,140.0,2,Tanker,0.32507529854774475,0.25600358843803406,0.3574031591415405,0.06151791661977768,0.3574031591415405,0.06151791661977768,False,5.980134739046518,0.0037209398578852415,False,SEASPAN COMMANDER,Tug-20171203-113510-40,False,Tug/40.wav,Tug
class_vessel_balanced_sampling,small_cnn,tug-40-000140000ms,Tug/40.wav,Tug,3,seaspan commander,test,140.0,145.0,2,Tanker,0.311624139547348,0.21411456167697906,0.4000086188316345,0.07425267994403839,0.4000086188316345,0.07425267994403839,False,6.10877244878201,0.005780295003205538,False,SEASPAN COMMANDER,Tug-20171203-113510-40,False,Tug/40.wav,Tug
class_vessel_balanced_sampling,small_cnn,tug-40-000145000ms,Tug/40.wav,Tug,3,seaspan commander,test,145.0,150.0,2,Tanker,0.32515275478363037,0.23004281520843506,0.37920209765434265,0.06560230255126953,0.37920209765434265,0.06560230255126953,False,5.848080120931703,0.003024849807843566,False,SEASPAN COMMANDER,Tug-20171203-113510-40,False,Tug/40.wav,Tug
class_vessel_balanced_sampling,small_cnn,tug-40-000150000ms,Tug/40.wav,Tug,3,seaspan commander,test,150.0,155.0,2,Tanker,0.3016330897808075,0.20345941185951233,0.41019874811172485,0.08470873534679413,0.41019874811172485,0.08470873534679413,False,6.452646333334232,0.0050920224748551846,False,SEASPAN COMMANDER,Tug-20171203-113510-40,False,Tug/40.wav,Tug
class_vessel_balanced_sampling,small_cnn,tug-40-000155000ms,Tug/40.wav,Tug,3,seaspan commander,test,155.0,160.0,2,Tanker,0.312648206949234,0.21380066871643066,0.3963610529899597,0.07719013839960098,0.3963610529899597,0.07719013839960098,False,6.431504758005661,0.004431885667145252,False,SEASPAN COMMANDER,Tug-20171203-113510-40,False,Tug/40.wav,Tug
class_vessel_balanced_sampling,small_cnn,tug-40-000160000ms,Tug/40.wav,Tug,3,seaspan commander,test,160.0,165.0,2,Tanker,0.3293956518173218,0.23221510648727417,0.36555323004722595,0.0728360190987587,0.36555323004722595,0.0728360190987587,False,6.227652653977284,0.003673749277368188,False,SEASPAN COMMANDER,Tug-20171203-113510-40,False,Tug/40.wav,Tug
class_vessel_balanced_sampling,small_cnn,tug-40-000165000ms,Tug/40.wav,Tug,3,seaspan commander,test,165.0,170.0,2,Tanker,0.33843713998794556,0.24226507544517517,0.35399800539016724,0.06529974192380905,0.35399800539016724,0.06529974192380905,False,6.029694295844187,0.004177388735115528,False,SEASPAN COMMANDER,Tug-20171203-113510-40,False,Tug/40.wav,Tug
class_vessel_balanced_sampling,small_cnn,tug-40-000170000ms,Tug/40.wav,Tug,3,seaspan commander,test,170.0,175.0,2,Tanker,0.32644593715667725,0.25157439708709717,0.36200466752052307,0.059975020587444305,0.36200466752052307,0.059975020587444305,False,5.330525751742969,0.003528747707605362,False,SEASPAN COMMANDER,Tug-20171203-113510-40,False,Tug/40.wav,Tug
class_vessel_balanced_sampling,small_cnn,tug-40-000175000ms,Tug/40.wav,Tug,3,seaspan commander,test,175.0,180.0,2,Tanker,0.32769346237182617,0.2548946738243103,0.3707605302333832,0.04665137082338333,0.3707605302333832,0.04665137082338333,False,4.642530298014814,0.005571306683123112,False,SEASPAN COMMANDER,Tug-20171203-113510-40,False,Tug/40.wav,Tug
class_vessel_balanced_sampling,small_cnn,tug-40-000180000ms,Tug/40.wav,Tug,3,seaspan commander,test,180.0,185.0,2,Tanker,0.32220458984375,0.2392253875732422,0.38738560676574707,0.051184412091970444,0.38738560676574707,0.051184412091970444,False,4.545560219088571,0.0054168072529137135,False,SEASPAN COMMANDER,Tug-20171203-113510-40,False,Tug/40.wav,Tug
class_vessel_balanced_sampling,small_cnn,tug-40-000185000ms,Tug/40.wav,Tug,3,seaspan commander,test,185.0,190.0,2,Tanker,0.32874104380607605,0.26118001341819763,0.35923296213150024,0.05084594339132309,0.35923296213150024,0.05084594339132309,False,5.126977269021447,0.0040992796421051025,False,SEASPAN COMMANDER,Tug-20171203-113510-40,False,Tug/40.wav,Tug
class_vessel_balanced_sampling,small_cnn,tug-40-000190000ms,Tug/40.wav,Tug,3,seaspan commander,test,190.0,195.0,2,Tanker,0.325221449136734,0.2401149570941925,0.3846534788608551,0.050010085105895996,0.3846534788608551,0.050010085105895996,False,4.471022088661312,0.006352763157337904,False,SEASPAN COMMANDER,Tug-20171203-113510-40,False,Tug/40.wav,Tug
class_vessel_balanced_sampling,small_cnn,tug-40-000195000ms,Tug/40.wav,Tug,3,seaspan commander,test,195.0,200.0,2,Tanker,0.33145275712013245,0.22926847636699677,0.3865794837474823,0.0526992566883564,0.3865794837474823,0.0526992566883564,False,4.6106041408511995,0.004726844374090433,False,SEASPAN COMMANDER,Tug-20171203-113510-40,True,Tug/40.wav,Tug
