window_id,source_file,class,label_index,vessel_name,vessel_group,session_identifier,split,start_seconds,end_seconds,source_sample_rate_hz,config_hash
cargo-103-000000000ms,Cargo/103.wav,Cargo,0,SEASPAN SWIFT,seaspan swift,Cargo-20171214-213748-103,train,0.000,5.000,32000,a096d5adb0f3e91e4b529c2a1eab4104386318f9825cc05a39470d410e2f4cba
cargo-103-000005000ms,Cargo/103.wav,Cargo,0,SEASPAN SWIFT,seaspan swift,Cargo-20171214-213748-103,train,5.000,10.000,32000,a096d5adb0f3e91e4b529c2a1eab4104386318f9825cc05a39470d410e2f4cba
cargo-103-000010000ms,Cargo/103.wav,Cargo,0,SEASPAN SWIFT,seaspan swift,Cargo-20171214-213748-103,train,10.000,15.000,32000,a096d5adb0f3e91e4b529c2a1eab4104386318f9825cc05a39470d410e2f4cba
cargo-103-000015000ms,Cargo/103.wav,Cargo,0,SEASPAN SWIFT,seaspan swift,Cargo-20171214-213748-103,train,15.000,20.000,32000,a096d5adb0f3e91e4b529c2a1eab4104386318f9825cc05a39470d410e2f4cba
cargo-103-000020000ms,Cargo/103.wav,Cargo,0,SEASPAN SWIFT,seaspan swift,Cargo-20171214-213748-103,train,20.000,25.000,32000,a096d5adb0f3e91e4b529c2a1eab4104386318f9825cc05a39470d410e2f4cba
cargo-103-000025000ms,Cargo/103.wav,Cargo,0,SEASPAN SWIFT,seaspan swift,Cargo-20171214-213748-103,train,25.000,30.000,32000,a096d5adb0f3e91e4b529c2a1eab4104386318f9825cc05a39470d410e2f4cba
cargo-103-000030000ms,Cargo/103.wav,Cargo,0,SEASPAN SWIFT,seaspan swift,Cargo-20171214-213748-103,train,30.000,35.000,32000,a096d5adb0f3e91e4b529c2a1eab4104386318f9825cc05a39470d410e2f4cba
cargo-103-000035000ms,Cargo/103.wav,Cargo,0,SEASPAN SWIFT,seaspan swift,Cargo-20171214-213748-103,train,35.000,40.000,32000,a096d5adb0f3e91e4b529c2a1eab4104386318f9825cc05a39470d410e2f4cba
cargo-103-000040000ms,Cargo/103.wav,Cargo,0,SEASPAN SWIFT,seaspan swift,Cargo-20171214-213748-103,train,40.000,45.000,32000,a096d5adb0f3e91e4b529c2a1eab4104386318f9825cc05a39470d410e2f4cba
cargo-103-000045000ms,Cargo/103.wav,Cargo,0,SEASPAN SWIFT,seaspan swift,Cargo-20171214-213748-103,train,45.000,50.000,32000,a096d5adb0f3e91e4b529c2a1eab4104386318f9825cc05a39470d410e2f4cba
cargo-103-000050000ms,Cargo/103.wav,Cargo,0,SEASPAN SWIFT,seaspan swift,Cargo-20171214-213748-103,train,50.000,55.000,32000,a096d5adb0f3e91e4b529c2a1eab4104386318f9825cc05a39470d410e2f4cba
cargo-103-000055000ms,Cargo/103.wav,Cargo,0,SEASPAN SWIFT,seaspan swift,Cargo-20171214-213748-103,train,55.000,60.000,32000,a096d5adb0f3e91e4b529c2a1eab4104386318f9825cc05a39470d410e2f4cba
cargo-103-000060000ms,Cargo/103.wav,Cargo,0,SEASPAN SWIFT,seaspan swift,Cargo-20171214-213748-103,train,60.000,65.000,32000,a096d5adb0f3e91e4b529c2a1eab4104386318f9825cc05a39470d410e2f4cba
cargo-103-000065000ms,Cargo/103.wav,Cargo,0,SEASPAN SWIFT,seaspan swift,Cargo-20171214-213748-103,train,65.000,70.000,32000,a096d5adb0f3e91e4b529c2a1eab4104386318f9825cc05a39470d410e2f4cba
cargo-103-000070000ms,Cargo/103.wav,Cargo,0,SEASPAN SWIFT,seaspan swift,Cargo-20171214-213748-103,train,70.000,75.000,32000,a096d5adb0f3e91e4b529c2a1eab4104386318f9825cc05a39470d410e2f4cba
cargo-103-000075000ms,Cargo/103.wav,Cargo,0,SEASPAN SWIFT,seaspan swift,Cargo-20171214-213748-103,train,75.000,80.000,32000,a096d5adb0f3e91e4b529c2a1eab4104386318f9825cc05a39470d410e2f4cba
cargo-103-000080000ms,Cargo/103.wav,Cargo,0,SEASPAN SWIFT,seaspan swift,Cargo-20171214-213748-103,train,80.000,85.000,32000,a096d5adb0f3e91e4b529c2a1eab4104386318f9825cc05a39470d410e2f4cba
cargo-103-000085000ms,Cargo/103.wav,Cargo,0,SEASPAN SWIFT,seaspan swift,Cargo-20171214-213748-103,train,85.000,90.000,32000,a096d5adb0f3e91e4b529c2a1eab4104386318f9825cc05a39470d410e2f4cba
cargo-103-000090000ms,Cargo/103.wav,Cargo,0,SEASPAN SWIFT,seaspan swift,Cargo-20171214-213748-103,train,90.000,95.000,32000,a096d5adb0f3e91e4b529c2a1eab4104386318f9825cc05a39470d410e2f4cba
cargo-103-000095000ms,Cargo/103.wav,Cargo,0,SEASPAN SWIFT,seaspan swift,Cargo-20171214-213748-103,train,95.000,100.000,32000,a096d5adb0f3e91e4b529c2a1eab4104386318f9825cc05a39470d410e2f4cba
cargo-103-000100000ms,Cargo/103.wav,Cargo,0,SEASPAN SWIFT,seaspan swift,Cargo-20171214-213748-103,train,100.000,105.000,32000,a096d5adb0f3e91e4b529c2a1eab4104386318f9825cc05a39470d410e2f4cba
cargo-103-000105000ms,Cargo/103.wav,Cargo,0,SEASPAN SWIFT,seaspan swift,Cargo-20171214-213748-103,train,105.000,110.000,32000,a096d5adb0f3e91e4b529c2a1eab4104386318f9825cc05a39470d410e2f4cba
cargo-103-000110000ms,Cargo/103.wav,Cargo,0,SEASPAN SWIFT,seaspan swift,Cargo-20171214-213748-103,train,110.000,115.000,32000,a096d5adb0f3e91e4b529c2a1eab4104386318f9825cc05a39470d410e2f4cba
cargo-103-000115000ms,Cargo/103.wav,Cargo,0,SEASPAN SWIFT,seaspan swift,Cargo-20171214-213748-103,train,115.000,120.000,32000,a096d5adb0f3e91e4b529c2a1eab4104386318f9825cc05a39470d410e2f4cba
cargo-103-000120000ms,Cargo/103.wav,Cargo,0,SEASPAN SWIFT,seaspan swift,Cargo-20171214-213748-103,train,120.000,125.000,32000,a096d5adb0f3e91e4b529c2a1eab4104386318f9825cc05a39470d410e2f4cba
cargo-103-000125000ms,Cargo/103.wav,Cargo,0,SEASPAN SWIFT,seaspan swift,Cargo-20171214-213748-103,train,125.000,130.000,32000,a096d5adb0f3e91e4b529c2a1eab4104386318f9825cc05a39470d410e2f4cba
cargo-103-000130000ms,Cargo/103.wav,Cargo,0,SEASPAN SWIFT,seaspan swift,Cargo-20171214-213748-103,train,130.000,135.000,32000,a096d5adb0f3e91e4b529c2a1eab4104386318f9825cc05a39470d410e2f4cba
cargo-103-000135000ms,Cargo/103.wav,Cargo,0,SEASPAN SWIFT,seaspan swift,Cargo-20171214-213748-103,train,135.000,140.000,32000,a096d5adb0f3e91e4b529c2a1eab4104386318f9825cc05a39470d410e2f4cba
cargo-103-000140000ms,Cargo/103.wav,Cargo,0,SEASPAN SWIFT,seaspan swift,Cargo-20171214-213748-103,train,140.000,145.000,32000,a096d5adb0f3e91e4b529c2a1eab4104386318f9825cc05a39470d410e2f4cba
cargo-103-000145000ms,Cargo/103.wav,Cargo,0,SEASPAN SWIFT,seaspan swift,Cargo-20171214-213748-103,train,145.000,150.000,32000,a096d5adb0f3e91e4b529c2a1eab4104386318f9825cc05a39470d410e2f4cba
cargo-103-000150000ms,Cargo/103.wav,Cargo,0,SEASPAN SWIFT,seaspan swift,Cargo-20171214-213748-103,train,150.000,155.000,32000,a096d5adb0f3e91e4b529c2a1eab4104386318f9825cc05a39470d410e2f4cba
cargo-103-000155000ms,Cargo/103.wav,Cargo,0,SEASPAN SWIFT,seaspan swift,Cargo-20171214-213748-103,train,155.000,160.000,32000,a096d5adb0f3e91e4b529c2a1eab4104386318f9825cc05a39470d410e2f4cba
cargo-103-000160000ms,Cargo/103.wav,Cargo,0,SEASPAN SWIFT,seaspan swift,Cargo-20171214-213748-103,train,160.000,165.000,32000,a096d5adb0f3e91e4b529c2a1eab4104386318f9825cc05a39470d410e2f4cba
cargo-103-000165000ms,Cargo/103.wav,Cargo,0,SEASPAN SWIFT,seaspan swift,Cargo-20171214-213748-103,train,165.000,170.000,32000,a096d5adb0f3e91e4b529c2a1eab4104386318f9825cc05a39470d410e2f4cba
cargo-103-000170000ms,Cargo/103.wav,Cargo,0,SEASPAN SWIFT,seaspan swift,Cargo-20171214-213748-103,train,170.000,175.000,32000,a096d5adb0f3e91e4b529c2a1eab4104386318f9825cc05a39470d410e2f4cba
cargo-103-000175000ms,Cargo/103.wav,Cargo,0,SEASPAN SWIFT,seaspan swift,Cargo-20171214-213748-103,train,175.000,180.000,32000,a096d5adb0f3e91e4b529c2a1eab4104386318f9825cc05a39470d410e2f4cba
cargo-103-000180000ms,Cargo/103.wav,Cargo,0,SEASPAN SWIFT,seaspan swift,Cargo-20171214-213748-103,train,180.000,185.000,32000,a096d5adb0f3e91e4b529c2a1eab4104386318f9825cc05a39470d410e2f4cba
cargo-103-000185000ms,Cargo/103.wav,Cargo,0,SEASPAN SWIFT,seaspan swift,Cargo-20171214-213748-103,train,185.000,190.000,32000,a096d5adb0f3e91e4b529c2a1eab4104386318f9825cc05a39470d410e2f4cba
cargo-103-000190000ms,Cargo/103.wav,Cargo,0,SEASPAN SWIFT,seaspan swift,Cargo-20171214-213748-103,train,190.000,195.000,32000,a096d5adb0f3e91e4b529c2a1eab4104386318f9825cc05a39470d410e2f4cba
cargo-110-000000000ms,Cargo/110.wav,Cargo,0,SEASPAN SWIFT,seaspan swift,Cargo-20171215-214529-110,train,0.000,5.000,32000,a096d5adb0f3e91e4b529c2a1eab4104386318f9825cc05a39470d410e2f4cba
cargo-110-000005000ms,Cargo/110.wav,Cargo,0,SEASPAN SWIFT,seaspan swift,Cargo-20171215-214529-110,train,5.000,10.000,32000,a096d5adb0f3e91e4b529c2a1eab4104386318f9825cc05a39470d410e2f4cba
cargo-110-000010000ms,Cargo/110.wav,Cargo,0,SEASPAN SWIFT,seaspan swift,Cargo-20171215-214529-110,train,10.000,15.000,32000,a096d5adb0f3e91e4b529c2a1eab4104386318f9825cc05a39470d410e2f4cba
cargo-110-000015000ms,Cargo/110.wav,Cargo,0,SEASPAN SWIFT,seaspan swift,Cargo-20171215-214529-110,train,15.000,20.000,32000,a096d5adb0f3e91e4b529c2a1eab4104386318f9825cc05a39470d410e2f4cba
cargo-110-000020000ms,Cargo/110.wav,Cargo,0,SEASPAN SWIFT,seaspan swift,Cargo-20171215-214529-110,train,20.000,25.000,32000,a096d5adb0f3e91e4b529c2a1eab4104386318f9825cc05a39470d410e2f4cba
cargo-110-000025000ms,Cargo/110.wav,Cargo,0,SEASPAN SWIFT,seaspan swift,Cargo-20171215-214529-110,train,25.000,30.000,32000,a096d5adb0f3e91e4b529c2a1eab4104386318f9825cc05a39470d410e2f4cba
cargo-110-000030000ms,Cargo/110.wav,Cargo,0,SEASPAN SWIFT,seaspan swift,Cargo-20171215-214529-110,train,30.000,35.000,32000,a096d5adb0f3e91e4b529c2a1eab4104386318f9825cc05a39470d410e2f4cba
cargo-110-000035000ms,Cargo/110.wav,Cargo,0,SEASPAN SWIFT,seaspan swift,Cargo-20171215-214529-110,train,35.000,40.000,32000,a096d5adb0f3e91e4b529c2a1eab4104386318f9825cc05a39470d410e2f4cba
cargo-110-000040000ms,Cargo/110.wav,Cargo,0,SEASPAN SWIFT,seaspan swift,Cargo-20171215-214529-110,train,40.000,45.000,32000,a096d5adb0f3e91e4b529c2a1eab4104386318f9825cc05a39470d410e2f4cba
cargo-110-000045000ms,Cargo/110.wav,Cargo,0,SEASPAN SWIFT,seaspan swift,Cargo-20171215-214529-110,train,45.000,50.000,32000,a096d5adb0f3e91e4b529c2a1eab4104386318f9825cc05a39470d410e2f4cba
cargo-110-000050000ms,Cargo/110.wav,Cargo,0,SEASPAN SWIFT,seaspan swift,Cargo-20171215-214529-110,train,50.000,55.000,32000,a096d5adb0f3e91e4b529c2a1eab4104386318f9825cc05a39470d410e2f4cba
cargo-110-000055000ms,Cargo/110.wav,Cargo,0,SEASPAN SWIFT,seaspan swift,Cargo-20171215-214529-110,train,55.000,60.000,32000,a096d5adb0f3e91e4b529c2a1eab4104386318f9825cc05a39470d410e2f4cba
cargo-110-000060000ms,Cargo/110.wav,Cargo,0,SEASPAN SWIFT,seaspan swift,Cargo-20171215-214529-110,train,60.000,65.000,32000,a096d5adb0f3e91e4b529c2a1eab4104386318f9825cc05a39470d410e2f4cba
cargo-110-000065000ms,Cargo/110.wav,Cargo,0,SEASPAN SWIFT,seaspan swift,Cargo-20171215-214529-110,train,65.000,70.000,32000,a096d5adb0f3e91e4b529c2a1eab4104386318f9825cc05a39470d410e2f4cba
cargo-110-000070000ms,Cargo/110.wav,Cargo,0,SEASPAN SWIFT,seaspan swift,Cargo-20171215-214529-110,train,70.000,75.000,32000,a096d5adb0f3e91e4b529c2a1eab4104386318f9825cc05a39470d410e2f4cba
cargo-110-000075000ms,Cargo/110.wav,Cargo,0,SEASPAN SWIFT,seaspan swift,Cargo-20171215-214529-110,train,75.000,80.000,32000,a096d5adb0f3e91e4b529c2a1eab4104386318f9825cc05a39470d410e2f4cba
cargo-110-000080000ms,Cargo/110.wav,Cargo,0,SEASPAN SWIFT,seaspan swift,Cargo-20171215-214529-110,train,80.000,85.000,32000,a096d5adb0f3e91e4b529c2a1eab4104386318f9825cc05a39470d410e2f4cba
cargo-110-000085000ms,Cargo/110.wav,Cargo,0,SEASPAN SWIFT,seaspan swift,Cargo-20171215-214529-110,train,85.000,90.000,32000,a096d5adb0f3e91e4b529c2a1eab4104386318f9825cc05a39470d410e2f4cba
cargo-110-000090000ms,Cargo/110.wav,Cargo,0,SEASPAN SWIFT,seaspan swift,Cargo-20171215-214529-110,train,90.000,95.000,32000,a096d5adb0f3e91e4b529c2a1eab4104386318f9825cc05a39470d410e2f4cba
cargo-110-000095000ms,Cargo/110.wav,Cargo,0,SEASPAN SWIFT,seaspan swift,Cargo-20171215-214529-110,train,95.000,100.000,32000,a096d5adb0f3e91e4b529c2a1eab4104386318f9825cc05a39470d410e2f4cba
cargo-110-000100000ms,Cargo/110.wav,Cargo,0,SEASPAN SWIFT,seaspan swift,Cargo-20171215-214529-110,train,100.000,105.000,32000,a096d5adb0f3e91e4b529c2a1eab4104386318f9825cc05a39470d410e2f4cba
cargo-110-000105000ms,Cargo/110.wav,Cargo,0,SEASPAN SWIFT,seaspan swift,Cargo-20171215-214529-110,train,105.000,110.000,32000,a096d5adb0f3e91e4b529c2a1eab4104386318f9825cc05a39470d410e2f4cba
cargo-110-000110000ms,Cargo/110.wav,Cargo,0,SEASPAN SWIFT,seaspan swift,Cargo-20171215-214529-110,train,110.000,115.000,32000,a096d5adb0f3e91e4b529c2a1eab4104386318f9825cc05a39470d410e2f4cba
cargo-110-000115000ms,Cargo/110.wav,Cargo,0,SEASPAN SWIFT,seaspan swift,Cargo-20171215-214529-110,train,115.000,120.000,32000,a096d5adb0f3e91e4b529c2a1eab4104386318f9825cc05a39470d410e2f4cba
cargo-110-000120000ms,Cargo/110.wav,Cargo,0,SEASPAN SWIFT,seaspan swift,Cargo-20171215-214529-110,train,120.000,125.000,32000,a096d5adb0f3e91e4b529c2a1eab4104386318f9825cc05a39470d410e2f4cba
cargo-110-000125000ms,Cargo/110.wav,Cargo,0,SEASPAN SWIFT,seaspan swift,Cargo-20171215-214529-110,train,125.000,130.000,32000,a096d5adb0f3e91e4b529c2a1eab4104386318f9825cc05a39470d410e2f4cba
cargo-110-000130000ms,Cargo/110.wav,Cargo,0,SEASPAN SWIFT,seaspan swift,Cargo-20171215-214529-110,train,130.000,135.000,32000,a096d5adb0f3e91e4b529c2a1eab4104386318f9825cc05a39470d410e2f4cba
cargo-110-000135000ms,Cargo/110.wav,Cargo,0,SEASPAN SWIFT,seaspan swift,Cargo-20171215-214529-110,train,135.000,140.000,32000,a096d5adb0f3e91e4b529c2a1eab4104386318f9825cc05a39470d410e2f4cba
cargo-110-000140000ms,Cargo/110.wav,Cargo,0,SEASPAN SWIFT,seaspan swift,Cargo-20171215-214529-110,train,140.000,145.000,32000,a096d5adb0f3e91e4b529c2a1eab4104386318f9825cc05a39470d410e2f4cba
cargo-110-000145000ms,Cargo/110.wav,Cargo,0,SEASPAN SWIFT,seaspan swift,Cargo-20171215-214529-110,train,145.000,150.000,32000,a096d5adb0f3e91e4b529c2a1eab4104386318f9825cc05a39470d410e2f4cba
cargo-110-000150000ms,Cargo/110.wav,Cargo,0,SEASPAN SWIFT,seaspan swift,Cargo-20171215-214529-110,train,150.000,155.000,32000,a096d5adb0f3e91e4b529c2a1eab4104386318f9825cc05a39470d410e2f4cba
cargo-110-000155000ms,Cargo/110.wav,Cargo,0,SEASPAN SWIFT,seaspan swift,Cargo-20171215-214529-110,train,155.000,160.000,32000,a096d5adb0f3e91e4b529c2a1eab4104386318f9825cc05a39470d410e2f4cba
cargo-110-000160000ms,Cargo/110.wav,Cargo,0,SEASPAN SWIFT,seaspan swift,Cargo-20171215-214529-110,train,160.000,165.000,32000,a096d5adb0f3e91e4b529c2a1eab4104386318f9825cc05a39470d410e2f4cba
cargo-110-000165000ms,Cargo/110.wav,Cargo,0,SEASPAN SWIFT,seaspan swift,Cargo-20171215-214529-110,train,165.000,170.000,32000,a096d5adb0f3e91e4b529c2a1eab4104386318f9825cc05a39470d410e2f4cba
cargo-110-000170000ms,Cargo/110.wav,Cargo,0,SEASPAN SWIFT,seaspan swift,Cargo-20171215-214529-110,train,170.000,175.000,32000,a096d5adb0f3e91e4b529c2a1eab4104386318f9825cc05a39470d410e2f4cba
cargo-110-000175000ms,Cargo/110.wav,Cargo,0,SEASPAN SWIFT,seaspan swift,Cargo-20171215-214529-110,train,175.000,180.000,32000,a096d5adb0f3e91e4b529c2a1eab4104386318f9825cc05a39470d410e2f4cba
cargo-110-000180000ms,Cargo/110.wav,Cargo,0,SEASPAN SWIFT,seaspan swift,Cargo-20171215-214529-110,train,180.000,185.000,32000,a096d5adb0f3e91e4b529c2a1eab4104386318f9825cc05a39470d410e2f4cba
cargo-110-000185000ms,Cargo/110.wav,Cargo,0,SEASPAN SWIFT,seaspan swift,Cargo-20171215-214529-110,train,185.000,190.000,32000,a096d5adb0f3e91e4b529c2a1eab4104386318f9825cc05a39470d410e2f4cba
cargo-110-000190000ms,Cargo/110.wav,Cargo,0,SEASPAN SWIFT,seaspan swift,Cargo-20171215-214529-110,train,190.000,195.000,32000,a096d5adb0f3e91e4b529c2a1eab4104386318f9825cc05a39470d410e2f4cba
cargo-110-000195000ms,Cargo/110.wav,Cargo,0,SEASPAN SWIFT,seaspan swift,Cargo-20171215-214529-110,train,195.000,200.000,32000,a096d5adb0f3e91e4b529c2a1eab4104386318f9825cc05a39470d410e2f4cba
cargo-15-000000000ms,Cargo/15.wav,Cargo,0,NEW NADA,new nada,Cargo-20171114-195740-15,test,0.000,5.000,32000,a096d5adb0f3e91e4b529c2a1eab4104386318f9825cc05a39470d410e2f4cba
cargo-15-000005000ms,Cargo/15.wav,Cargo,0,NEW NADA,new nada,Cargo-20171114-195740-15,test,5.000,10.000,32000,a096d5adb0f3e91e4b529c2a1eab4104386318f9825cc05a39470d410e2f4cba
cargo-15-000010000ms,Cargo/15.wav,Cargo,0,NEW NADA,new nada,Cargo-20171114-195740-15,test,10.000,15.000,32000,a096d5adb0f3e91e4b529c2a1eab4104386318f9825cc05a39470d410e2f4cba
cargo-15-000015000ms,Cargo/15.wav,Cargo,0,NEW NADA,new nada,Cargo-20171114-195740-15,test,15.000,20.000,32000,a096d5adb0f3e91e4b529c2a1eab4104386318f9825cc05a39470d410e2f4cba
cargo-15-000020000ms,Cargo/15.wav,Cargo,0,NEW NADA,new nada,Cargo-20171114-195740-15,test,20.000,25.000,32000,a096d5adb0f3e91e4b529c2a1eab4104386318f9825cc05a39470d410e2f4cba
cargo-15-000025000ms,Cargo/15.wav,Cargo,0,NEW NADA,new nada,Cargo-20171114-195740-15,test,25.000,30.000,32000,a096d5adb0f3e91e4b529c2a1eab4104386318f9825cc05a39470d410e2f4cba
cargo-15-000030000ms,Cargo/15.wav,Cargo,0,NEW NADA,new nada,Cargo-20171114-195740-15,test,30.000,35.000,32000,a096d5adb0f3e91e4b529c2a1eab4104386318f9825cc05a39470d410e2f4cba
cargo-15-000035000ms,Cargo/15.wav,Cargo,0,NEW NADA,new nada,Cargo-20171114-195740-15,test,35.000,40.000,32000,a096d5adb0f3e91e4b529c2a1eab4104386318f9825cc05a39470d410e2f4cba
cargo-15-000040000ms,Cargo/15.wav,Cargo,0,NEW NADA,new nada,Cargo-20171114-195740-15,test,40.000,45.000,32000,a096d5adb0f3e91e4b529c2a1eab4104386318f9825cc05a39470d410e2f4cba
cargo-15-000045000ms,Cargo/15.wav,Cargo,0,NEW NADA,new nada,Cargo-20171114-195740-15,test,45.000,50.000,32000,a096d5adb0f3e91e4b529c2a1eab4104386318f9825cc05a39470d410e2f4cba
cargo-15-000050000ms,Cargo/15.wav,Cargo,0,NEW NADA,new nada,Cargo-20171114-195740-15,test,50.000,55.000,32000,a096d5adb0f3e91e4b529c2a1eab4104386318f9825cc05a39470d410e2f4cba
cargo-15-000055000ms,Cargo/15.wav,Cargo,0,NEW NADA,new nada,Cargo-20171114-195740-15,test,55.000,60.000,32000,a096d5adb0f3e91e4b529c2a1eab4104386318f9825cc05a39470d410e2f4cba
cargo-15-000060000ms,Cargo/15.wav,Cargo,0,NEW NADA,new nada,Cargo-20171114-195740-15,test,60.000,65.000,32000,a096d5adb0f3e91e4b529c2a1eab4104386318f9825cc05a39470d410e2f4cba
cargo-15-000065000ms,Cargo/15.wav,Cargo,0,NEW NADA,new nada,Cargo-20171114-195740-15,test,65.000,70.000,32000,a096d5adb0f3e91e4b529c2a1eab4104386318f9825cc05a39470d410e2f4cba
cargo-15-000070000ms,Cargo/15.wav,Cargo,0,NEW NADA,new nada,Cargo-20171114-195740-15,test,70.000,75.000,32000,a096d5adb0f3e91e4b529c2a1eab4104386318f9825cc05a39470d410e2f4cba
cargo-15-000075000ms,Cargo/15.wav,Cargo,0,NEW NADA,new nada,Cargo-20171114-195740-15,test,75.000,80.000,32000,a096d5adb0f3e91e4b529c2a1eab4104386318f9825cc05a39470d410e2f4cba
cargo-15-000080000ms,Cargo/15.wav,Cargo,0,NEW NADA,new nada,Cargo-20171114-195740-15,test,80.000,85.000,32000,a096d5adb0f3e91e4b529c2a1eab4104386318f9825cc05a39470d410e2f4cba
cargo-15-000085000ms,Cargo/15.wav,Cargo,0,NEW NADA,new nada,Cargo-20171114-195740-15,test,85.000,90.000,32000,a096d5adb0f3e91e4b529c2a1eab4104386318f9825cc05a39470d410e2f4cba
cargo-15-000090000ms,Cargo/15.wav,Cargo,0,NEW NADA,new nada,Cargo-20171114-195740-15,test,90.000,95.000,32000,a096d5adb0f3e91e4b529c2a1eab4104386318f9825cc05a39470d410e2f4cba
cargo-15-000095000ms,Cargo/15.wav,Cargo,0,NEW NADA,new nada,Cargo-20171114-195740-15,test,95.000,100.000,32000,a096d5adb0f3e91e4b529c2a1eab4104386318f9825cc05a39470d410e2f4cba
cargo-15-000100000ms,Cargo/15.wav,Cargo,0,NEW NADA,new nada,Cargo-20171114-195740-15,test,100.000,105.000,32000,a096d5adb0f3e91e4b529c2a1eab4104386318f9825cc05a39470d410e2f4cba
cargo-15-000105000ms,Cargo/15.wav,Cargo,0,NEW NADA,new nada,Cargo-20171114-195740-15,test,105.000,110.000,32000,a096d5adb0f3e91e4b529c2a1eab4104386318f9825cc05a39470d410e2f4cba
cargo-15-000110000ms,Cargo/15.wav,Cargo,0,NEW NADA,new nada,Cargo-20171114-195740-15,test,110.000,115.000,32000,a096d5adb0f3e91e4b529c2a1eab4104386318f9825cc05a39470d410e2f4cba
cargo-15-000115000ms,Cargo/15.wav,Cargo,0,NEW NADA,new nada,Cargo-20171114-195740-15,test,115.000,120.000,32000,a096d5adb0f3e91e4b529c2a1eab4104386318f9825cc05a39470d410e2f4cba
cargo-15-000120000ms,Cargo/15.wav,Cargo,0,NEW NADA,new nada,Cargo-20171114-195740-15,test,120.000,125.000,32000,a096d5adb0f3e91e4b529c2a1eab4104386318f9825cc05a39470d410e2f4cba
cargo-15-000125000ms,Cargo/15.wav,Cargo,0,NEW NADA,new nada,Cargo-20171114-195740-15,test,125.000,130.000,32000,a096d5adb0f3e91e4b529c2a1eab4104386318f9825cc05a39470d410e2f4cba
cargo-15-000130000ms,Cargo/15.wav,Cargo,0,NEW NADA,new nada,Cargo-20171114-195740-15,test,130.000,135.000,32000,a096d5adb0f3e91e4b529c2a1eab4104386318f9825cc05a39470d410e2f4cba
cargo-15-000135000ms,Cargo/15.wav,Cargo,0,NEW NADA,new nada,Cargo-20171114-195740-15,test,135.000,140.000,32000,a096d5adb0f3e91e4b529c2a1eab4104386318f9825cc05a39470d410e2f4cba
cargo-15-000140000ms,Cargo/15.wav,Cargo,0,NEW NADA,new nada,Cargo-20171114-195740-15,test,140.000,145.000,32000,a096d5adb0f3e91e4b529c2a1eab4104386318f9825cc05a39470d410e2f4cba
cargo-15-000145000ms,Cargo/15.wav,Cargo,0,NEW NADA,new nada,Cargo-20171114-195740-15,test,145.000,150.000,32000,a096d5adb0f3e91e4b529c2a1eab4104386318f9825cc05a39470d410e2f4cba
cargo-15-000150000ms,Cargo/15.wav,Cargo,0,NEW NADA,new nada,Cargo-20171114-195740-15,test,150.000,155.000,32000,a096d5adb0f3e91e4b529c2a1eab4104386318f9825cc05a39470d410e2f4cba
cargo-15-000155000ms,Cargo/15.wav,Cargo,0,NEW NADA,new nada,Cargo-20171114-195740-15,test,155.000,160.000,32000,a096d5adb0f3e91e4b529c2a1eab4104386318f9825cc05a39470d410e2f4cba
cargo-15-000160000ms,Cargo/15.wav,Cargo,0,NEW NADA,new nada,Cargo-20171114-195740-15,test,160.000,165.000,32000,a096d5adb0f3e91e4b529c2a1eab4104386318f9825cc05a39470d410e2f4cba
cargo-15-000165000ms,Cargo/15.wav,Cargo,0,NEW NADA,new nada,Cargo-20171114-195740-15,test,165.000,170.000,32000,a096d5adb0f3e91e4b529c2a1eab4104386318f9825cc05a39470d410e2f4cba
cargo-15-000170000ms,Cargo/15.wav,Cargo,0,NEW NADA,new nada,Cargo-20171114-195740-15,test,170.000,175.000,32000,a096d5adb0f3e91e4b529c2a1eab4104386318f9825cc05a39470d410e2f4cba
cargo-15-000175000ms,Cargo/15.wav,Cargo,0,NEW NADA,new nada,Cargo-20171114-195740-15,test,175.000,180.000,32000,a096d5adb0f3e91e4b529c2a1eab4104386318f9825cc05a39470d410e2f4cba
cargo-15-000180000ms,Cargo/15.wav,Cargo,0,NEW NADA,new nada,Cargo-20171114-195740-15,test,180.000,185.000,32000,a096d5adb0f3e91e4b529c2a1eab4104386318f9825cc05a39470d410e2f4cba
cargo-27-000000000ms,Cargo/27.wav,Cargo,0,SEASPAN RELIANT,seaspan reliant,Cargo-20171118-055532-27,train,0.000,5.000,32000,a096d5adb0f3e91e4b529c2a1eab4104386318f9825cc05a39470d410e2f4cba
cargo-27-000005000ms,Cargo/27.wav,Cargo,0,SEASPAN RELIANT,seaspan reliant,Cargo-20171118-055532-27,train,5.000,10.000,32000,a096d5adb0f3e91e4b529c2a1eab4104386318f9825cc05a39470d410e2f4cba
cargo-27-000010000ms,Cargo/27.wav,Cargo,0,SEASPAN RELIANT,seaspan reliant,Cargo-20171118-055532-27,train,10.000,15.000,32000,a096d5adb0f3e91e4b529c2a1eab4104386318f9825cc05a39470d410e2f4cba
cargo-27-000015000ms,Cargo/27.wav,Cargo,0,SEASPAN RELIANT,seaspan reliant,Cargo-20171118-055532-27,train,15.000,20.000,32000,a096d5adb0f3e91e4b529c2a1eab4104386318f9825cc05a39470d410e2f4cba
cargo-27-000020000ms,Cargo/27.wav,Cargo,0,SEASPAN RELIANT,seaspan reliant,Cargo-20171118-055532-27,train,20.000,25.000,32000,a096d5adb0f3e91e4b529c2a1eab4104386318f9825cc05a39470d410e2f4cba
cargo-27-000025000ms,Cargo/27.wav,Cargo,0,SEASPAN RELIANT,seaspan reliant,Cargo-20171118-055532-27,train,25.000,30.000,32000,a096d5adb0f3e91e4b529c2a1eab4104386318f9825cc05a39470d410e2f4cba
cargo-27-000030000ms,Cargo/27.wav,Cargo,0,SEASPAN RELIANT,seaspan reliant,Cargo-20171118-055532-27,train,30.000,35.000,32000,a096d5adb0f3e91e4b529c2a1eab4104386318f9825cc05a39470d410e2f4cba
cargo-27-000035000ms,Cargo/27.wav,Cargo,0,SEASPAN RELIANT,seaspan reliant,Cargo-20171118-055532-27,train,35.000,40.000,32000,a096d5adb0f3e91e4b529c2a1eab4104386318f9825cc05a39470d410e2f4cba
cargo-27-000040000ms,Cargo/27.wav,Cargo,0,SEASPAN RELIANT,seaspan reliant,Cargo-20171118-055532-27,train,40.000,45.000,32000,a096d5adb0f3e91e4b529c2a1eab4104386318f9825cc05a39470d410e2f4cba
cargo-27-000045000ms,Cargo/27.wav,Cargo,0,SEASPAN RELIANT,seaspan reliant,Cargo-20171118-055532-27,train,45.000,50.000,32000,a096d5adb0f3e91e4b529c2a1eab4104386318f9825cc05a39470d410e2f4cba
cargo-27-000050000ms,Cargo/27.wav,Cargo,0,SEASPAN RELIANT,seaspan reliant,Cargo-20171118-055532-27,train,50.000,55.000,32000,a096d5adb0f3e91e4b529c2a1eab4104386318f9825cc05a39470d410e2f4cba
cargo-27-000055000ms,Cargo/27.wav,Cargo,0,SEASPAN RELIANT,seaspan reliant,Cargo-20171118-055532-27,train,55.000,60.000,32000,a096d5adb0f3e91e4b529c2a1eab4104386318f9825cc05a39470d410e2f4cba
cargo-27-000060000ms,Cargo/27.wav,Cargo,0,SEASPAN RELIANT,seaspan reliant,Cargo-20171118-055532-27,train,60.000,65.000,32000,a096d5adb0f3e91e4b529c2a1eab4104386318f9825cc05a39470d410e2f4cba
cargo-27-000065000ms,Cargo/27.wav,Cargo,0,SEASPAN RELIANT,seaspan reliant,Cargo-20171118-055532-27,train,65.000,70.000,32000,a096d5adb0f3e91e4b529c2a1eab4104386318f9825cc05a39470d410e2f4cba
cargo-27-000070000ms,Cargo/27.wav,Cargo,0,SEASPAN RELIANT,seaspan reliant,Cargo-20171118-055532-27,train,70.000,75.000,32000,a096d5adb0f3e91e4b529c2a1eab4104386318f9825cc05a39470d410e2f4cba
cargo-27-000075000ms,Cargo/27.wav,Cargo,0,SEASPAN RELIANT,seaspan reliant,Cargo-20171118-055532-27,train,75.000,80.000,32000,a096d5adb0f3e91e4b529c2a1eab4104386318f9825cc05a39470d410e2f4cba
cargo-27-000080000ms,Cargo/27.wav,Cargo,0,SEASPAN RELIANT,seaspan reliant,Cargo-20171118-055532-27,train,80.000,85.000,32000,a096d5adb0f3e91e4b529c2a1eab4104386318f9825cc05a39470d410e2f4cba
cargo-27-000085000ms,Cargo/27.wav,Cargo,0,SEASPAN RELIANT,seaspan reliant,Cargo-20171118-055532-27,train,85.000,90.000,32000,a096d5adb0f3e91e4b529c2a1eab4104386318f9825cc05a39470d410e2f4cba
cargo-27-000090000ms,Cargo/27.wav,Cargo,0,SEASPAN RELIANT,seaspan reliant,Cargo-20171118-055532-27,train,90.000,95.000,32000,a096d5adb0f3e91e4b529c2a1eab4104386318f9825cc05a39470d410e2f4cba
cargo-27-000095000ms,Cargo/27.wav,Cargo,0,SEASPAN RELIANT,seaspan reliant,Cargo-20171118-055532-27,train,95.000,100.000,32000,a096d5adb0f3e91e4b529c2a1eab4104386318f9825cc05a39470d410e2f4cba
cargo-27-000100000ms,Cargo/27.wav,Cargo,0,SEASPAN RELIANT,seaspan reliant,Cargo-20171118-055532-27,train,100.000,105.000,32000,a096d5adb0f3e91e4b529c2a1eab4104386318f9825cc05a39470d410e2f4cba
cargo-27-000105000ms,Cargo/27.wav,Cargo,0,SEASPAN RELIANT,seaspan reliant,Cargo-20171118-055532-27,train,105.000,110.000,32000,a096d5adb0f3e91e4b529c2a1eab4104386318f9825cc05a39470d410e2f4cba
cargo-27-000110000ms,Cargo/27.wav,Cargo,0,SEASPAN RELIANT,seaspan reliant,Cargo-20171118-055532-27,train,110.000,115.000,32000,a096d5adb0f3e91e4b529c2a1eab4104386318f9825cc05a39470d410e2f4cba
cargo-27-000115000ms,Cargo/27.wav,Cargo,0,SEASPAN RELIANT,seaspan reliant,Cargo-20171118-055532-27,train,115.000,120.000,32000,a096d5adb0f3e91e4b529c2a1eab4104386318f9825cc05a39470d410e2f4cba
cargo-27-000120000ms,Cargo/27.wav,Cargo,0,SEASPAN RELIANT,seaspan reliant,Cargo-20171118-055532-27,train,120.000,125.000,32000,a096d5adb0f3e91e4b529c2a1eab4104386318f9825cc05a39470d410e2f4cba
cargo-27-000125000ms,Cargo/27.wav,Cargo,0,SEASPAN RELIANT,seaspan reliant,Cargo-20171118-055532-27,train,125.000,130.000,32000,a096d5adb0f3e91e4b529c2a1eab4104386318f9825cc05a39470d410e2f4cba
cargo-27-000130000ms,Cargo/27.wav,Cargo,0,SEASPAN RELIANT,seaspan reliant,Cargo-20171118-055532-27,train,130.000,135.000,32000,a096d5adb0f3e91e4b529c2a1eab4104386318f9825cc05a39470d410e2f4cba
cargo-27-000135000ms,Cargo/27.wav,Cargo,0,SEASPAN RELIANT,seaspan reliant,Cargo-20171118-055532-27,train,135.000,140.000,32000,a096d5adb0f3e91e4b529c2a1eab4104386318f9825cc05a39470d410e2f4cba
cargo-27-000140000ms,Cargo/27.wav,Cargo,0,SEASPAN RELIANT,seaspan reliant,Cargo-20171118-055532-27,train,140.000,145.000,32000,a096d5adb0f3e91e4b529c2a1eab4104386318f9825cc05a39470d410e2f4cba
cargo-27-000145000ms,Cargo/27.wav,Cargo,0,SEASPAN RELIANT,seaspan reliant,Cargo-20171118-055532-27,train,145.000,150.000,32000,a096d5adb0f3e91e4b529c2a1eab4104386318f9825cc05a39470d410e2f4cba
cargo-27-000150000ms,Cargo/27.wav,Cargo,0,SEASPAN RELIANT,seaspan reliant,Cargo-20171118-055532-27,train,150.000,155.000,32000,a096d5adb0f3e91e4b529c2a1eab4104386318f9825cc05a39470d410e2f4cba
cargo-27-000155000ms,Cargo/27.wav,Cargo,0,SEASPAN RELIANT,seaspan reliant,Cargo-20171118-055532-27,train,155.000,160.000,32000,a096d5adb0f3e91e4b529c2a1eab4104386318f9825cc05a39470d410e2f4cba
cargo-27-000160000ms,Cargo/27.wav,Cargo,0,SEASPAN RELIANT,seaspan reliant,Cargo-20171118-055532-27,train,160.000,165.000,32000,a096d5adb0f3e91e4b529c2a1eab4104386318f9825cc05a39470d410e2f4cba
cargo-27-000165000ms,Cargo/27.wav,Cargo,0,SEASPAN RELIANT,seaspan reliant,Cargo-20171118-055532-27,train,165.000,170.000,32000,a096d5adb0f3e91e4b529c2a1eab4104386318f9825cc05a39470d410e2f4cba
cargo-27-000170000ms,Cargo/27.wav,Cargo,0,SEASPAN RELIANT,seaspan reliant,Cargo-20171118-055532-27,train,170.000,175.000,32000,a096d5adb0f3e91e4b529c2a1eab4104386318f9825cc05a39470d410e2f4cba
cargo-27-000175000ms,Cargo/27.wav,Cargo,0,SEASPAN RELIANT,seaspan reliant,Cargo-20171118-055532-27,train,175.000,180.000,32000,a096d5adb0f3e91e4b529c2a1eab4104386318f9825cc05a39470d410e2f4cba
cargo-27-000180000ms,Cargo/27.wav,Cargo,0,SEASPAN RELIANT,seaspan reliant,Cargo-20171118-055532-27,train,180.000,185.000,32000,a096d5adb0f3e91e4b529c2a1eab4104386318f9825cc05a39470d410e2f4cba
cargo-27-000185000ms,Cargo/27.wav,Cargo,0,SEASPAN RELIANT,seaspan reliant,Cargo-20171118-055532-27,train,185.000,190.000,32000,a096d5adb0f3e91e4b529c2a1eab4104386318f9825cc05a39470d410e2f4cba
cargo-27-000190000ms,Cargo/27.wav,Cargo,0,SEASPAN RELIANT,seaspan reliant,Cargo-20171118-055532-27,train,190.000,195.000,32000,a096d5adb0f3e91e4b529c2a1eab4104386318f9825cc05a39470d410e2f4cba
cargo-38-000000000ms,Cargo/38.wav,Cargo,0,ARIES LEADER,aries leader,Cargo-20171123-004508-38,train,0.000,5.000,32000,a096d5adb0f3e91e4b529c2a1eab4104386318f9825cc05a39470d410e2f4cba
cargo-38-000005000ms,Cargo/38.wav,Cargo,0,ARIES LEADER,aries leader,Cargo-20171123-004508-38,train,5.000,10.000,32000,a096d5adb0f3e91e4b529c2a1eab4104386318f9825cc05a39470d410e2f4cba
cargo-38-000010000ms,Cargo/38.wav,Cargo,0,ARIES LEADER,aries leader,Cargo-20171123-004508-38,train,10.000,15.000,32000,a096d5adb0f3e91e4b529c2a1eab4104386318f9825cc05a39470d410e2f4cba
cargo-38-000015000ms,Cargo/38.wav,Cargo,0,ARIES LEADER,aries leader,Cargo-20171123-004508-38,train,15.000,20.000,32000,a096d5adb0f3e91e4b529c2a1eab4104386318f9825cc05a39470d410e2f4cba
cargo-38-000020000ms,Cargo/38.wav,Cargo,0,ARIES LEADER,aries leader,Cargo-20171123-004508-38,train,20.000,25.000,32000,a096d5adb0f3e91e4b529c2a1eab4104386318f9825cc05a39470d410e2f4cba
cargo-38-000025000ms,Cargo/38.wav,Cargo,0,ARIES LEADER,aries leader,Cargo-20171123-004508-38,train,25.000,30.000,32000,a096d5adb0f3e91e4b529c2a1eab4104386318f9825cc05a39470d410e2f4cba
cargo-38-000030000ms,Cargo/38.wav,Cargo,0,ARIES LEADER,aries leader,Cargo-20171123-004508-38,train,30.000,35.000,32000,a096d5adb0f3e91e4b529c2a1eab4104386318f9825cc05a39470d410e2f4cba
cargo-38-000035000ms,Cargo/38.wav,Cargo,0,ARIES LEADER,aries leader,Cargo-20171123-004508-38,train,35.000,40.000,32000,a096d5adb0f3e91e4b529c2a1eab4104386318f9825cc05a39470d410e2f4cba
cargo-38-000040000ms,Cargo/38.wav,Cargo,0,ARIES LEADER,aries leader,Cargo-20171123-004508-38,train,40.000,45.000,32000,a096d5adb0f3e91e4b529c2a1eab4104386318f9825cc05a39470d410e2f4cba
cargo-38-000045000ms,Cargo/38.wav,Cargo,0,ARIES LEADER,aries leader,Cargo-20171123-004508-38,train,45.000,50.000,32000,a096d5adb0f3e91e4b529c2a1eab4104386318f9825cc05a39470d410e2f4cba
cargo-38-000050000ms,Cargo/38.wav,Cargo,0,ARIES LEADER,aries leader,Cargo-20171123-004508-38,train,50.000,55.000,32000,a096d5adb0f3e91e4b529c2a1eab4104386318f9825cc05a39470d410e2f4cba
cargo-38-000055000ms,Cargo/38.wav,Cargo,0,ARIES LEADER,aries leader,Cargo-20171123-004508-38,train,55.000,60.000,32000,a096d5adb0f3e91e4b529c2a1eab4104386318f9825cc05a39470d410e2f4cba
cargo-38-000060000ms,Cargo/38.wav,Cargo,0,ARIES LEADER,aries leader,Cargo-20171123-004508-38,train,60.000,65.000,32000,a096d5adb0f3e91e4b529c2a1eab4104386318f9825cc05a39470d410e2f4cba
cargo-38-000065000ms,Cargo/38.wav,Cargo,0,ARIES LEADER,aries leader,Cargo-20171123-004508-38,train,65.000,70.000,32000,a096d5adb0f3e91e4b529c2a1eab4104386318f9825cc05a39470d410e2f4cba
cargo-38-000070000ms,Cargo/38.wav,Cargo,0,ARIES LEADER,aries leader,Cargo-20171123-004508-38,train,70.000,75.000,32000,a096d5adb0f3e91e4b529c2a1eab4104386318f9825cc05a39470d410e2f4cba
cargo-38-000075000ms,Cargo/38.wav,Cargo,0,ARIES LEADER,aries leader,Cargo-20171123-004508-38,train,75.000,80.000,32000,a096d5adb0f3e91e4b529c2a1eab4104386318f9825cc05a39470d410e2f4cba
cargo-38-000080000ms,Cargo/38.wav,Cargo,0,ARIES LEADER,aries leader,Cargo-20171123-004508-38,train,80.000,85.000,32000,a096d5adb0f3e91e4b529c2a1eab4104386318f9825cc05a39470d410e2f4cba
cargo-38-000085000ms,Cargo/38.wav,Cargo,0,ARIES LEADER,aries leader,Cargo-20171123-004508-38,train,85.000,90.000,32000,a096d5adb0f3e91e4b529c2a1eab4104386318f9825cc05a39470d410e2f4cba
cargo-38-000090000ms,Cargo/38.wav,Cargo,0,ARIES LEADER,aries leader,Cargo-20171123-004508-38,train,90.000,95.000,32000,a096d5adb0f3e91e4b529c2a1eab4104386318f9825cc05a39470d410e2f4cba
cargo-38-000095000ms,Cargo/38.wav,Cargo,0,ARIES LEADER,aries leader,Cargo-20171123-004508-38,train,95.000,100.000,32000,a096d5adb0f3e91e4b529c2a1eab4104386318f9825cc05a39470d410e2f4cba
cargo-38-000100000ms,Cargo/38.wav,Cargo,0,ARIES LEADER,aries leader,Cargo-20171123-004508-38,train,100.000,105.000,32000,a096d5adb0f3e91e4b529c2a1eab4104386318f9825cc05a39470d410e2f4cba
cargo-38-000105000ms,Cargo/38.wav,Cargo,0,ARIES LEADER,aries leader,Cargo-20171123-004508-38,train,105.000,110.000,32000,a096d5adb0f3e91e4b529c2a1eab4104386318f9825cc05a39470d410e2f4cba
cargo-38-000110000ms,Cargo/38.wav,Cargo,0,ARIES LEADER,aries leader,Cargo-20171123-004508-38,train,110.000,115.000,32000,a096d5adb0f3e91e4b529c2a1eab4104386318f9825cc05a39470d410e2f4cba
cargo-38-000115000ms,Cargo/38.wav,Cargo,0,ARIES LEADER,aries leader,Cargo-20171123-004508-38,train,115.000,120.000,32000,a096d5adb0f3e91e4b529c2a1eab4104386318f9825cc05a39470d410e2f4cba
cargo-38-000120000ms,Cargo/38.wav,Cargo,0,ARIES LEADER,aries leader,Cargo-20171123-004508-38,train,120.000,125.000,32000,a096d5adb0f3e91e4b529c2a1eab4104386318f9825cc05a39470d410e2f4cba
cargo-38-000125000ms,Cargo/38.wav,Cargo,0,ARIES LEADER,aries leader,Cargo-20171123-004508-38,train,125.000,130.000,32000,a096d5adb0f3e91e4b529c2a1eab4104386318f9825cc05a39470d410e2f4cba
cargo-38-000130000ms,Cargo/38.wav,Cargo,0,ARIES LEADER,aries leader,Cargo-20171123-004508-38,train,130.000,135.000,32000,a096d5adb0f3e91e4b529c2a1eab4104386318f9825cc05a39470d410e2f4cba
cargo-38-000135000ms,Cargo/38.wav,Cargo,0,ARIES LEADER,aries leader,Cargo-20171123-004508-38,train,135.000,140.000,32000,a096d5adb0f3e91e4b529c2a1eab4104386318f9825cc05a39470d410e2f4cba
cargo-38-000140000ms,Cargo/38.wav,Cargo,0,ARIES LEADER,aries leader,Cargo-20171123-004508-38,train,140.000,145.000,32000,a096d5adb0f3e91e4b529c2a1eab4104386318f9825cc05a39470d410e2f4cba
cargo-38-000145000ms,Cargo/38.wav,Cargo,0,ARIES LEADER,aries leader,Cargo-20171123-004508-38,train,145.000,150.000,32000,a096d5adb0f3e91e4b529c2a1eab4104386318f9825cc05a39470d410e2f4cba
cargo-38-000150000ms,Cargo/38.wav,Cargo,0,ARIES LEADER,aries leader,Cargo-20171123-004508-38,train,150.000,155.000,32000,a096d5adb0f3e91e4b529c2a1eab4104386318f9825cc05a39470d410e2f4cba
cargo-38-000155000ms,Cargo/38.wav,Cargo,0,ARIES LEADER,aries leader,Cargo-20171123-004508-38,train,155.000,160.000,32000,a096d5adb0f3e91e4b529c2a1eab4104386318f9825cc05a39470d410e2f4cba
cargo-38-000160000ms,Cargo/38.wav,Cargo,0,ARIES LEADER,aries leader,Cargo-20171123-004508-38,train,160.000,165.000,32000,a096d5adb0f3e91e4b529c2a1eab4104386318f9825cc05a39470d410e2f4cba
cargo-38-000165000ms,Cargo/38.wav,Cargo,0,ARIES LEADER,aries leader,Cargo-20171123-004508-38,train,165.000,170.000,32000,a096d5adb0f3e91e4b529c2a1eab4104386318f9825cc05a39470d410e2f4cba
cargo-38-000170000ms,Cargo/38.wav,Cargo,0,ARIES LEADER,aries leader,Cargo-20171123-004508-38,train,170.000,175.000,32000,a096d5adb0f3e91e4b529c2a1eab4104386318f9825cc05a39470d410e2f4cba
cargo-38-000175000ms,Cargo/38.wav,Cargo,0,ARIES LEADER,aries leader,Cargo-20171123-004508-38,train,175.000,180.000,32000,a096d5adb0f3e91e4b529c2a1eab4104386318f9825cc05a39470d410e2f4cba
cargo-38-000180000ms,Cargo/38.wav,Cargo,0,ARIES LEADER,aries leader,Cargo-20171123-004508-38,train,180.000,185.000,32000,a096d5adb0f3e91e4b529c2a1eab4104386318f9825cc05a39470d410e2f4cba
cargo-38-000185000ms,Cargo/38.wav,Cargo,0,ARIES LEADER,aries leader,Cargo-20171123-004508-38,train,185.000,190.000,32000,a096d5adb0f3e91e4b529c2a1eab4104386318f9825cc05a39470d410e2f4cba
cargo-38-000190000ms,Cargo/38.wav,Cargo,0,ARIES LEADER,aries leader,Cargo-20171123-004508-38,train,190.000,195.000,32000,a096d5adb0f3e91e4b529c2a1eab4104386318f9825cc05a39470d410e2f4cba
cargo-41-000000000ms,Cargo/41.wav,Cargo,0,PRINCESS SUPERIOR,princess superior,Cargo-20171124-134001-41,train,0.000,5.000,32000,a096d5adb0f3e91e4b529c2a1eab4104386318f9825cc05a39470d410e2f4cba
cargo-41-000005000ms,Cargo/41.wav,Cargo,0,PRINCESS SUPERIOR,princess superior,Cargo-20171124-134001-41,train,5.000,10.000,32000,a096d5adb0f3e91e4b529c2a1eab4104386318f9825cc05a39470d410e2f4cba
cargo-41-000010000ms,Cargo/41.wav,Cargo,0,PRINCESS SUPERIOR,princess superior,Cargo-20171124-134001-41,train,10.000,15.000,32000,a096d5adb0f3e91e4b529c2a1eab4104386318f9825cc05a39470d410e2f4cba
cargo-41-000015000ms,Cargo/41.wav,Cargo,0,PRINCESS SUPERIOR,princess superior,Cargo-20171124-134001-41,train,15.000,20.000,32000,a096d5adb0f3e91e4b529c2a1eab4104386318f9825cc05a39470d410e2f4cba
cargo-41-000020000ms,Cargo/41.wav,Cargo,0,PRINCESS SUPERIOR,princess superior,Cargo-20171124-134001-41,train,20.000,25.000,32000,a096d5adb0f3e91e4b529c2a1eab4104386318f9825cc05a39470d410e2f4cba
cargo-41-000025000ms,Cargo/41.wav,Cargo,0,PRINCESS SUPERIOR,princess superior,Cargo-20171124-134001-41,train,25.000,30.000,32000,a096d5adb0f3e91e4b529c2a1eab4104386318f9825cc05a39470d410e2f4cba
cargo-41-000030000ms,Cargo/41.wav,Cargo,0,PRINCESS SUPERIOR,princess superior,Cargo-20171124-134001-41,train,30.000,35.000,32000,a096d5adb0f3e91e4b529c2a1eab4104386318f9825cc05a39470d410e2f4cba
cargo-41-000035000ms,Cargo/41.wav,Cargo,0,PRINCESS SUPERIOR,princess superior,Cargo-20171124-134001-41,train,35.000,40.000,32000,a096d5adb0f3e91e4b529c2a1eab4104386318f9825cc05a39470d410e2f4cba
cargo-41-000040000ms,Cargo/41.wav,Cargo,0,PRINCESS SUPERIOR,princess superior,Cargo-20171124-134001-41,train,40.000,45.000,32000,a096d5adb0f3e91e4b529c2a1eab4104386318f9825cc05a39470d410e2f4cba
cargo-41-000045000ms,Cargo/41.wav,Cargo,0,PRINCESS SUPERIOR,princess superior,Cargo-20171124-134001-41,train,45.000,50.000,32000,a096d5adb0f3e91e4b529c2a1eab4104386318f9825cc05a39470d410e2f4cba
cargo-41-000050000ms,Cargo/41.wav,Cargo,0,PRINCESS SUPERIOR,princess superior,Cargo-20171124-134001-41,train,50.000,55.000,32000,a096d5adb0f3e91e4b529c2a1eab4104386318f9825cc05a39470d410e2f4cba
cargo-41-000055000ms,Cargo/41.wav,Cargo,0,PRINCESS SUPERIOR,princess superior,Cargo-20171124-134001-41,train,55.000,60.000,32000,a096d5adb0f3e91e4b529c2a1eab4104386318f9825cc05a39470d410e2f4cba
cargo-41-000060000ms,Cargo/41.wav,Cargo,0,PRINCESS SUPERIOR,princess superior,Cargo-20171124-134001-41,train,60.000,65.000,32000,a096d5adb0f3e91e4b529c2a1eab4104386318f9825cc05a39470d410e2f4cba
cargo-41-000065000ms,Cargo/41.wav,Cargo,0,PRINCESS SUPERIOR,princess superior,Cargo-20171124-134001-41,train,65.000,70.000,32000,a096d5adb0f3e91e4b529c2a1eab4104386318f9825cc05a39470d410e2f4cba
cargo-41-000070000ms,Cargo/41.wav,Cargo,0,PRINCESS SUPERIOR,princess superior,Cargo-20171124-134001-41,train,70.000,75.000,32000,a096d5adb0f3e91e4b529c2a1eab4104386318f9825cc05a39470d410e2f4cba
cargo-41-000075000ms,Cargo/41.wav,Cargo,0,PRINCESS SUPERIOR,princess superior,Cargo-20171124-134001-41,train,75.000,80.000,32000,a096d5adb0f3e91e4b529c2a1eab4104386318f9825cc05a39470d410e2f4cba
cargo-41-000080000ms,Cargo/41.wav,Cargo,0,PRINCESS SUPERIOR,princess superior,Cargo-20171124-134001-41,train,80.000,85.000,32000,a096d5adb0f3e91e4b529c2a1eab4104386318f9825cc05a39470d410e2f4cba
cargo-41-000085000ms,Cargo/41.wav,Cargo,0,PRINCESS SUPERIOR,princess superior,Cargo-20171124-134001-41,train,85.000,90.000,32000,a096d5adb0f3e91e4b529c2a1eab4104386318f9825cc05a39470d410e2f4cba
cargo-41-000090000ms,Cargo/41.wav,Cargo,0,PRINCESS SUPERIOR,princess superior,Cargo-20171124-134001-41,train,90.000,95.000,32000,a096d5adb0f3e91e4b529c2a1eab4104386318f9825cc05a39470d410e2f4cba
cargo-41-000095000ms,Cargo/41.wav,Cargo,0,PRINCESS SUPERIOR,princess superior,Cargo-20171124-134001-41,train,95.000,100.000,32000,a096d5adb0f3e91e4b529c2a1eab4104386318f9825cc05a39470d410e2f4cba
cargo-41-000100000ms,Cargo/41.wav,Cargo,0,PRINCESS SUPERIOR,princess superior,Cargo-20171124-134001-41,train,100.000,105.000,32000,a096d5adb0f3e91e4b529c2a1eab4104386318f9825cc05a39470d410e2f4cba
cargo-41-000105000ms,Cargo/41.wav,Cargo,0,PRINCESS SUPERIOR,princess superior,Cargo-20171124-134001-41,train,105.000,110.000,32000,a096d5adb0f3e91e4b529c2a1eab4104386318f9825cc05a39470d410e2f4cba
cargo-41-000110000ms,Cargo/41.wav,Cargo,0,PRINCESS SUPERIOR,princess superior,Cargo-20171124-134001-41,train,110.000,115.000,32000,a096d5adb0f3e91e4b529c2a1eab4104386318f9825cc05a39470d410e2f4cba
cargo-41-000115000ms,Cargo/41.wav,Cargo,0,PRINCESS SUPERIOR,princess superior,Cargo-20171124-134001-41,train,115.000,120.000,32000,a096d5adb0f3e91e4b529c2a1eab4104386318f9825cc05a39470d410e2f4cba
cargo-41-000120000ms,Cargo/41.wav,Cargo,0,PRINCESS SUPERIOR,princess superior,Cargo-20171124-134001-41,train,120.000,125.000,32000,a096d5adb0f3e91e4b529c2a1eab4104386318f9825cc05a39470d410e2f4cba
cargo-41-000125000ms,Cargo/41.wav,Cargo,0,PRINCESS SUPERIOR,princess superior,Cargo-20171124-134001-41,train,125.000,130.000,32000,a096d5adb0f3e91e4b529c2a1eab4104386318f9825cc05a39470d410e2f4cba
cargo-41-000130000ms,Cargo/41.wav,Cargo,0,PRINCESS SUPERIOR,princess superior,Cargo-20171124-134001-41,train,130.000,135.000,32000,a096d5adb0f3e91e4b529c2a1eab4104386318f9825cc05a39470d410e2f4cba
cargo-41-000135000ms,Cargo/41.wav,Cargo,0,PRINCESS SUPERIOR,princess superior,Cargo-20171124-134001-41,train,135.000,140.000,32000,a096d5adb0f3e91e4b529c2a1eab4104386318f9825cc05a39470d410e2f4cba
cargo-41-000140000ms,Cargo/41.wav,Cargo,0,PRINCESS SUPERIOR,princess superior,Cargo-20171124-134001-41,train,140.000,145.000,32000,a096d5adb0f3e91e4b529c2a1eab4104386318f9825cc05a39470d410e2f4cba
cargo-41-000145000ms,Cargo/41.wav,Cargo,0,PRINCESS SUPERIOR,princess superior,Cargo-20171124-134001-41,train,145.000,150.000,32000,a096d5adb0f3e91e4b529c2a1eab4104386318f9825cc05a39470d410e2f4cba
cargo-41-000150000ms,Cargo/41.wav,Cargo,0,PRINCESS SUPERIOR,princess superior,Cargo-20171124-134001-41,train,150.000,155.000,32000,a096d5adb0f3e91e4b529c2a1eab4104386318f9825cc05a39470d410e2f4cba
cargo-41-000155000ms,Cargo/41.wav,Cargo,0,PRINCESS SUPERIOR,princess superior,Cargo-20171124-134001-41,train,155.000,160.000,32000,a096d5adb0f3e91e4b529c2a1eab4104386318f9825cc05a39470d410e2f4cba
cargo-41-000160000ms,Cargo/41.wav,Cargo,0,PRINCESS SUPERIOR,princess superior,Cargo-20171124-134001-41,train,160.000,165.000,32000,a096d5adb0f3e91e4b529c2a1eab4104386318f9825cc05a39470d410e2f4cba
cargo-41-000165000ms,Cargo/41.wav,Cargo,0,PRINCESS SUPERIOR,princess superior,Cargo-20171124-134001-41,train,165.000,170.000,32000,a096d5adb0f3e91e4b529c2a1eab4104386318f9825cc05a39470d410e2f4cba
cargo-41-000170000ms,Cargo/41.wav,Cargo,0,PRINCESS SUPERIOR,princess superior,Cargo-20171124-134001-41,train,170.000,175.000,32000,a096d5adb0f3e91e4b529c2a1eab4104386318f9825cc05a39470d410e2f4cba
cargo-41-000175000ms,Cargo/41.wav,Cargo,0,PRINCESS SUPERIOR,princess superior,Cargo-20171124-134001-41,train,175.000,180.000,32000,a096d5adb0f3e91e4b529c2a1eab4104386318f9825cc05a39470d410e2f4cba
cargo-44-000000000ms,Cargo/44.wav,Cargo,0,WESTWOOD COLUMBIA,westwood columbia,Cargo-20171125-120743-44,train,0.000,5.000,32000,a096d5adb0f3e91e4b529c2a1eab4104386318f9825cc05a39470d410e2f4cba
cargo-44-000005000ms,Cargo/44.wav,Cargo,0,WESTWOOD COLUMBIA,westwood columbia,Cargo-20171125-120743-44,train,5.000,10.000,32000,a096d5adb0f3e91e4b529c2a1eab4104386318f9825cc05a39470d410e2f4cba
cargo-44-000010000ms,Cargo/44.wav,Cargo,0,WESTWOOD COLUMBIA,westwood columbia,Cargo-20171125-120743-44,train,10.000,15.000,32000,a096d5adb0f3e91e4b529c2a1eab4104386318f9825cc05a39470d410e2f4cba
cargo-44-000015000ms,Cargo/44.wav,Cargo,0,WESTWOOD COLUMBIA,westwood columbia,Cargo-20171125-120743-44,train,15.000,20.000,32000,a096d5adb0f3e91e4b529c2a1eab4104386318f9825cc05a39470d410e2f4cba
cargo-44-000020000ms,Cargo/44.wav,Cargo,0,WESTWOOD COLUMBIA,westwood columbia,Cargo-20171125-120743-44,train,20.000,25.000,32000,a096d5adb0f3e91e4b529c2a1eab4104386318f9825cc05a39470d410e2f4cba
cargo-44-000025000ms,Cargo/44.wav,Cargo,0,WESTWOOD COLUMBIA,westwood columbia,Cargo-20171125-120743-44,train,25.000,30.000,32000,a096d5adb0f3e91e4b529c2a1eab4104386318f9825cc05a39470d410e2f4cba
cargo-44-000030000ms,Cargo/44.wav,Cargo,0,WESTWOOD COLUMBIA,westwood columbia,Cargo-20171125-120743-44,train,30.000,35.000,32000,a096d5adb0f3e91e4b529c2a1eab4104386318f9825cc05a39470d410e2f4cba
cargo-44-000035000ms,Cargo/44.wav,Cargo,0,WESTWOOD COLUMBIA,westwood columbia,Cargo-20171125-120743-44,train,35.000,40.000,32000,a096d5adb0f3e91e4b529c2a1eab4104386318f9825cc05a39470d410e2f4cba
cargo-44-000040000ms,Cargo/44.wav,Cargo,0,WESTWOOD COLUMBIA,westwood columbia,Cargo-20171125-120743-44,train,40.000,45.000,32000,a096d5adb0f3e91e4b529c2a1eab4104386318f9825cc05a39470d410e2f4cba
cargo-44-000045000ms,Cargo/44.wav,Cargo,0,WESTWOOD COLUMBIA,westwood columbia,Cargo-20171125-120743-44,train,45.000,50.000,32000,a096d5adb0f3e91e4b529c2a1eab4104386318f9825cc05a39470d410e2f4cba
cargo-44-000050000ms,Cargo/44.wav,Cargo,0,WESTWOOD COLUMBIA,westwood columbia,Cargo-20171125-120743-44,train,50.000,55.000,32000,a096d5adb0f3e91e4b529c2a1eab4104386318f9825cc05a39470d410e2f4cba
cargo-44-000055000ms,Cargo/44.wav,Cargo,0,WESTWOOD COLUMBIA,westwood columbia,Cargo-20171125-120743-44,train,55.000,60.000,32000,a096d5adb0f3e91e4b529c2a1eab4104386318f9825cc05a39470d410e2f4cba
cargo-44-000060000ms,Cargo/44.wav,Cargo,0,WESTWOOD COLUMBIA,westwood columbia,Cargo-20171125-120743-44,train,60.000,65.000,32000,a096d5adb0f3e91e4b529c2a1eab4104386318f9825cc05a39470d410e2f4cba
cargo-44-000065000ms,Cargo/44.wav,Cargo,0,WESTWOOD COLUMBIA,westwood columbia,Cargo-20171125-120743-44,train,65.000,70.000,32000,a096d5adb0f3e91e4b529c2a1eab4104386318f9825cc05a39470d410e2f4cba
cargo-44-000070000ms,Cargo/44.wav,Cargo,0,WESTWOOD COLUMBIA,westwood columbia,Cargo-20171125-120743-44,train,70.000,75.000,32000,a096d5adb0f3e91e4b529c2a1eab4104386318f9825cc05a39470d410e2f4cba
cargo-44-000075000ms,Cargo/44.wav,Cargo,0,WESTWOOD COLUMBIA,westwood columbia,Cargo-20171125-120743-44,train,75.000,80.000,32000,a096d5adb0f3e91e4b529c2a1eab4104386318f9825cc05a39470d410e2f4cba
cargo-44-000080000ms,Cargo/44.wav,Cargo,0,WESTWOOD COLUMBIA,westwood columbia,Cargo-20171125-120743-44,train,80.000,85.000,32000,a096d5adb0f3e91e4b529c2a1eab4104386318f9825cc05a39470d410e2f4cba
cargo-44-000085000ms,Cargo/44.wav,Cargo,0,WESTWOOD COLUMBIA,westwood columbia,Cargo-20171125-120743-44,train,85.000,90.000,32000,a096d5adb0f3e91e4b529c2a1eab4104386318f9825cc05a39470d410e2f4cba
cargo-44-000090000ms,Cargo/44.wav,Cargo,0,WESTWOOD COLUMBIA,westwood columbia,Cargo-20171125-120743-44,train,90.000,95.000,32000,a096d5adb0f3e91e4b529c2a1eab4104386318f9825cc05a39470d410e2f4cba
cargo-44-000095000ms,Cargo/44.wav,Cargo,0,WESTWOOD COLUMBIA,westwood columbia,Cargo-20171125-120743-44,train,95.000,100.000,32000,a096d5adb0f3e91e4b529c2a1eab4104386318f9825cc05a39470d410e2f4cba
cargo-44-000100000ms,Cargo/44.wav,Cargo,0,WESTWOOD COLUMBIA,westwood columbia,Cargo-20171125-120743-44,train,100.000,105.000,32000,a096d5adb0f3e91e4b529c2a1eab4104386318f9825cc05a39470d410e2f4cba
cargo-44-000105000ms,Cargo/44.wav,Cargo,0,WESTWOOD COLUMBIA,westwood columbia,Cargo-20171125-120743-44,train,105.000,110.000,32000,a096d5adb0f3e91e4b529c2a1eab4104386318f9825cc05a39470d410e2f4cba
cargo-44-000110000ms,Cargo/44.wav,Cargo,0,WESTWOOD COLUMBIA,westwood columbia,Cargo-20171125-120743-44,train,110.000,115.000,32000,a096d5adb0f3e91e4b529c2a1eab4104386318f9825cc05a39470d410e2f4cba
cargo-44-000115000ms,Cargo/44.wav,Cargo,0,WESTWOOD COLUMBIA,westwood columbia,Cargo-20171125-120743-44,train,115.000,120.000,32000,a096d5adb0f3e91e4b529c2a1eab4104386318f9825cc05a39470d410e2f4cba
cargo-44-000120000ms,Cargo/44.wav,Cargo,0,WESTWOOD COLUMBIA,westwood columbia,Cargo-20171125-120743-44,train,120.000,125.000,32000,a096d5adb0f3e91e4b529c2a1eab4104386318f9825cc05a39470d410e2f4cba
cargo-44-000125000ms,Cargo/44.wav,Cargo,0,WESTWOOD COLUMBIA,westwood columbia,Cargo-20171125-120743-44,train,125.000,130.000,32000,a096d5adb0f3e91e4b529c2a1eab4104386318f9825cc05a39470d410e2f4cba
cargo-44-000130000ms,Cargo/44.wav,Cargo,0,WESTWOOD COLUMBIA,westwood columbia,Cargo-20171125-120743-44,train,130.000,135.000,32000,a096d5adb0f3e91e4b529c2a1eab4104386318f9825cc05a39470d410e2f4cba
cargo-44-000135000ms,Cargo/44.wav,Cargo,0,WESTWOOD COLUMBIA,westwood columbia,Cargo-20171125-120743-44,train,135.000,140.000,32000,a096d5adb0f3e91e4b529c2a1eab4104386318f9825cc05a39470d410e2f4cba
cargo-44-000140000ms,Cargo/44.wav,Cargo,0,WESTWOOD COLUMBIA,westwood columbia,Cargo-20171125-120743-44,train,140.000,145.000,32000,a096d5adb0f3e91e4b529c2a1eab4104386318f9825cc05a39470d410e2f4cba
cargo-44-000145000ms,Cargo/44.wav,Cargo,0,WESTWOOD COLUMBIA,westwood columbia,Cargo-20171125-120743-44,train,145.000,150.000,32000,a096d5adb0f3e91e4b529c2a1eab4104386318f9825cc05a39470d410e2f4cba
cargo-44-000150000ms,Cargo/44.wav,Cargo,0,WESTWOOD COLUMBIA,westwood columbia,Cargo-20171125-120743-44,train,150.000,155.000,32000,a096d5adb0f3e91e4b529c2a1eab4104386318f9825cc05a39470d410e2f4cba
cargo-44-000155000ms,Cargo/44.wav,Cargo,0,WESTWOOD COLUMBIA,westwood columbia,Cargo-20171125-120743-44,train,155.000,160.000,32000,a096d5adb0f3e91e4b529c2a1eab4104386318f9825cc05a39470d410e2f4cba
cargo-44-000160000ms,Cargo/44.wav,Cargo,0,WESTWOOD COLUMBIA,westwood columbia,Cargo-20171125-120743-44,train,160.000,165.000,32000,a096d5adb0f3e91e4b529c2a1eab4104386318f9825cc05a39470d410e2f4cba
cargo-44-000165000ms,Cargo/44.wav,Cargo,0,WESTWOOD COLUMBIA,westwood columbia,Cargo-20171125-120743-44,train,165.000,170.000,32000,a096d5adb0f3e91e4b529c2a1eab4104386318f9825cc05a39470d410e2f4cba
cargo-44-000170000ms,Cargo/44.wav,Cargo,0,WESTWOOD COLUMBIA,westwood columbia,Cargo-20171125-120743-44,train,170.000,175.000,32000,a096d5adb0f3e91e4b529c2a1eab4104386318f9825cc05a39470d410e2f4cba
cargo-44-000175000ms,Cargo/44.wav,Cargo,0,WESTWOOD COLUMBIA,westwood columbia,Cargo-20171125-120743-44,train,175.000,180.000,32000,a096d5adb0f3e91e4b529c2a1eab4104386318f9825cc05a39470d410e2f4cba
cargo-44-000180000ms,Cargo/44.wav,Cargo,0,WESTWOOD COLUMBIA,westwood columbia,Cargo-20171125-120743-44,train,180.000,185.000,32000,a096d5adb0f3e91e4b529c2a1eab4104386318f9825cc05a39470d410e2f4cba
cargo-44-000185000ms,Cargo/44.wav,Cargo,0,WESTWOOD COLUMBIA,westwood columbia,Cargo-20171125-120743-44,train,185.000,190.000,32000,a096d5adb0f3e91e4b529c2a1eab4104386318f9825cc05a39470d410e2f4cba
cargo-44-000190000ms,Cargo/44.wav,Cargo,0,WESTWOOD COLUMBIA,westwood columbia,Cargo-20171125-120743-44,train,190.000,195.000,32000,a096d5adb0f3e91e4b529c2a1eab4104386318f9825cc05a39470d410e2f4cba
cargo-44-000195000ms,Cargo/44.wav,Cargo,0,WESTWOOD COLUMBIA,westwood columbia,Cargo-20171125-120743-44,train,195.000,200.000,32000,a096d5adb0f3e91e4b529c2a1eab4104386318f9825cc05a39470d410e2f4cba
cargo-62-000000000ms,Cargo/62.wav,Cargo,0,ANASTASIA,anastasia,Cargo-20171202-123015-62,validation,0.000,5.000,32000,a096d5adb0f3e91e4b529c2a1eab4104386318f9825cc05a39470d410e2f4cba
cargo-62-000005000ms,Cargo/62.wav,Cargo,0,ANASTASIA,anastasia,Cargo-20171202-123015-62,validation,5.000,10.000,32000,a096d5adb0f3e91e4b529c2a1eab4104386318f9825cc05a39470d410e2f4cba
cargo-62-000010000ms,Cargo/62.wav,Cargo,0,ANASTASIA,anastasia,Cargo-20171202-123015-62,validation,10.000,15.000,32000,a096d5adb0f3e91e4b529c2a1eab4104386318f9825cc05a39470d410e2f4cba
cargo-62-000015000ms,Cargo/62.wav,Cargo,0,ANASTASIA,anastasia,Cargo-20171202-123015-62,validation,15.000,20.000,32000,a096d5adb0f3e91e4b529c2a1eab4104386318f9825cc05a39470d410e2f4cba
cargo-62-000020000ms,Cargo/62.wav,Cargo,0,ANASTASIA,anastasia,Cargo-20171202-123015-62,validation,20.000,25.000,32000,a096d5adb0f3e91e4b529c2a1eab4104386318f9825cc05a39470d410e2f4cba
cargo-62-000025000ms,Cargo/62.wav,Cargo,0,ANASTASIA,anastasia,Cargo-20171202-123015-62,validation,25.000,30.000,32000,a096d5adb0f3e91e4b529c2a1eab4104386318f9825cc05a39470d410e2f4cba
cargo-62-000030000ms,Cargo/62.wav,Cargo,0,ANASTASIA,anastasia,Cargo-20171202-123015-62,validation,30.000,35.000,32000,a096d5adb0f3e91e4b529c2a1eab4104386318f9825cc05a39470d410e2f4cba
cargo-62-000035000ms,Cargo/62.wav,Cargo,0,ANASTASIA,anastasia,Cargo-20171202-123015-62,validation,35.000,40.000,32000,a096d5adb0f3e91e4b529c2a1eab4104386318f9825cc05a39470d410e2f4cba
cargo-62-000040000ms,Cargo/62.wav,Cargo,0,ANASTASIA,anastasia,Cargo-20171202-123015-62,validation,40.000,45.000,32000,a096d5adb0f3e91e4b529c2a1eab4104386318f9825cc05a39470d410e2f4cba
cargo-62-000045000ms,Cargo/62.wav,Cargo,0,ANASTASIA,anastasia,Cargo-20171202-123015-62,validation,45.000,50.000,32000,a096d5adb0f3e91e4b529c2a1eab4104386318f9825cc05a39470d410e2f4cba
cargo-62-000050000ms,Cargo/62.wav,Cargo,0,ANASTASIA,anastasia,Cargo-20171202-123015-62,validation,50.000,55.000,32000,a096d5adb0f3e91e4b529c2a1eab4104386318f9825cc05a39470d410e2f4cba
cargo-62-000055000ms,Cargo/62.wav,Cargo,0,ANASTASIA,anastasia,Cargo-20171202-123015-62,validation,55.000,60.000,32000,a096d5adb0f3e91e4b529c2a1eab4104386318f9825cc05a39470d410e2f4cba
cargo-62-000060000ms,Cargo/62.wav,Cargo,0,ANASTASIA,anastasia,Cargo-20171202-123015-62,validation,60.000,65.000,32000,a096d5adb0f3e91e4b529c2a1eab4104386318f9825cc05a39470d410e2f4cba
cargo-62-000065000ms,Cargo/62.wav,Cargo,0,ANASTASIA,anastasia,Cargo-20171202-123015-62,validation,65.000,70.000,32000,a096d5adb0f3e91e4b529c2a1eab4104386318f9825cc05a39470d410e2f4cba
cargo-62-000070000ms,Cargo/62.wav,Cargo,0,ANASTASIA,anastasia,Cargo-20171202-123015-62,validation,70.000,75.000,32000,a096d5adb0f3e91e4b529c2a1eab4104386318f9825cc05a39470d410e2f4cba
cargo-62-000075000ms,Cargo/62.wav,Cargo,0,ANASTASIA,anastasia,Cargo-20171202-123015-62,validation,75.000,80.000,32000,a096d5adb0f3e91e4b529c2a1eab4104386318f9825cc05a39470d410e2f4cba
cargo-62-000080000ms,Cargo/62.wav,Cargo,0,ANASTASIA,anastasia,Cargo-20171202-123015-62,validation,80.000,85.000,32000,a096d5adb0f3e91e4b529c2a1eab4104386318f9825cc05a39470d410e2f4cba
cargo-62-000085000ms,Cargo/62.wav,Cargo,0,ANASTASIA,anastasia,Cargo-20171202-123015-62,validation,85.000,90.000,32000,a096d5adb0f3e91e4b529c2a1eab4104386318f9825cc05a39470d410e2f4cba
cargo-62-000090000ms,Cargo/62.wav,Cargo,0,ANASTASIA,anastasia,Cargo-20171202-123015-62,validation,90.000,95.000,32000,a096d5adb0f3e91e4b529c2a1eab4104386318f9825cc05a39470d410e2f4cba
cargo-62-000095000ms,Cargo/62.wav,Cargo,0,ANASTASIA,anastasia,Cargo-20171202-123015-62,validation,95.000,100.000,32000,a096d5adb0f3e91e4b529c2a1eab4104386318f9825cc05a39470d410e2f4cba
cargo-62-000100000ms,Cargo/62.wav,Cargo,0,ANASTASIA,anastasia,Cargo-20171202-123015-62,validation,100.000,105.000,32000,a096d5adb0f3e91e4b529c2a1eab4104386318f9825cc05a39470d410e2f4cba
cargo-62-000105000ms,Cargo/62.wav,Cargo,0,ANASTASIA,anastasia,Cargo-20171202-123015-62,validation,105.000,110.000,32000,a096d5adb0f3e91e4b529c2a1eab4104386318f9825cc05a39470d410e2f4cba
cargo-62-000110000ms,Cargo/62.wav,Cargo,0,ANASTASIA,anastasia,Cargo-20171202-123015-62,validation,110.000,115.000,32000,a096d5adb0f3e91e4b529c2a1eab4104386318f9825cc05a39470d410e2f4cba
cargo-62-000115000ms,Cargo/62.wav,Cargo,0,ANASTASIA,anastasia,Cargo-20171202-123015-62,validation,115.000,120.000,32000,a096d5adb0f3e91e4b529c2a1eab4104386318f9825cc05a39470d410e2f4cba
cargo-62-000120000ms,Cargo/62.wav,Cargo,0,ANASTASIA,anastasia,Cargo-20171202-123015-62,validation,120.000,125.000,32000,a096d5adb0f3e91e4b529c2a1eab4104386318f9825cc05a39470d410e2f4cba
cargo-62-000125000ms,Cargo/62.wav,Cargo,0,ANASTASIA,anastasia,Cargo-20171202-123015-62,validation,125.000,130.000,32000,a096d5adb0f3e91e4b529c2a1eab4104386318f9825cc05a39470d410e2f4cba
cargo-62-000130000ms,Cargo/62.wav,Cargo,0,ANASTASIA,anastasia,Cargo-20171202-123015-62,validation,130.000,135.000,32000,a096d5adb0f3e91e4b529c2a1eab4104386318f9825cc05a39470d410e2f4cba
cargo-62-000135000ms,Cargo/62.wav,Cargo,0,ANASTASIA,anastasia,Cargo-20171202-123015-62,validation,135.000,140.000,32000,a096d5adb0f3e91e4b529c2a1eab4104386318f9825cc05a39470d410e2f4cba
cargo-62-000140000ms,Cargo/62.wav,Cargo,0,ANASTASIA,anastasia,Cargo-20171202-123015-62,validation,140.000,145.000,32000,a096d5adb0f3e91e4b529c2a1eab4104386318f9825cc05a39470d410e2f4cba
cargo-62-000145000ms,Cargo/62.wav,Cargo,0,ANASTASIA,anastasia,Cargo-20171202-123015-62,validation,145.000,150.000,32000,a096d5adb0f3e91e4b529c2a1eab4104386318f9825cc05a39470d410e2f4cba
cargo-62-000150000ms,Cargo/62.wav,Cargo,0,ANASTASIA,anastasia,Cargo-20171202-123015-62,validation,150.000,155.000,32000,a096d5adb0f3e91e4b529c2a1eab4104386318f9825cc05a39470d410e2f4cba
cargo-62-000155000ms,Cargo/62.wav,Cargo,0,ANASTASIA,anastasia,Cargo-20171202-123015-62,validation,155.000,160.000,32000,a096d5adb0f3e91e4b529c2a1eab4104386318f9825cc05a39470d410e2f4cba
cargo-62-000160000ms,Cargo/62.wav,Cargo,0,ANASTASIA,anastasia,Cargo-20171202-123015-62,validation,160.000,165.000,32000,a096d5adb0f3e91e4b529c2a1eab4104386318f9825cc05a39470d410e2f4cba
cargo-62-000165000ms,Cargo/62.wav,Cargo,0,ANASTASIA,anastasia,Cargo-20171202-123015-62,validation,165.000,170.000,32000,a096d5adb0f3e91e4b529c2a1eab4104386318f9825cc05a39470d410e2f4cba
cargo-62-000170000ms,Cargo/62.wav,Cargo,0,ANASTASIA,anastasia,Cargo-20171202-123015-62,validation,170.000,175.000,32000,a096d5adb0f3e91e4b529c2a1eab4104386318f9825cc05a39470d410e2f4cba
cargo-62-000175000ms,Cargo/62.wav,Cargo,0,ANASTASIA,anastasia,Cargo-20171202-123015-62,validation,175.000,180.000,32000,a096d5adb0f3e91e4b529c2a1eab4104386318f9825cc05a39470d410e2f4cba
cargo-62-000180000ms,Cargo/62.wav,Cargo,0,ANASTASIA,anastasia,Cargo-20171202-123015-62,validation,180.000,185.000,32000,a096d5adb0f3e91e4b529c2a1eab4104386318f9825cc05a39470d410e2f4cba
cargo-62-000185000ms,Cargo/62.wav,Cargo,0,ANASTASIA,anastasia,Cargo-20171202-123015-62,validation,185.000,190.000,32000,a096d5adb0f3e91e4b529c2a1eab4104386318f9825cc05a39470d410e2f4cba
cargo-62-000190000ms,Cargo/62.wav,Cargo,0,ANASTASIA,anastasia,Cargo-20171202-123015-62,validation,190.000,195.000,32000,a096d5adb0f3e91e4b529c2a1eab4104386318f9825cc05a39470d410e2f4cba
cargo-69-000000000ms,Cargo/69.wav,Cargo,0,PRINCESS SUPERIOR,princess superior,Cargo-20171205-030344-69,train,0.000,5.000,32000,a096d5adb0f3e91e4b529c2a1eab4104386318f9825cc05a39470d410e2f4cba
cargo-69-000005000ms,Cargo/69.wav,Cargo,0,PRINCESS SUPERIOR,princess superior,Cargo-20171205-030344-69,train,5.000,10.000,32000,a096d5adb0f3e91e4b529c2a1eab4104386318f9825cc05a39470d410e2f4cba
cargo-69-000010000ms,Cargo/69.wav,Cargo,0,PRINCESS SUPERIOR,princess superior,Cargo-20171205-030344-69,train,10.000,15.000,32000,a096d5adb0f3e91e4b529c2a1eab4104386318f9825cc05a39470d410e2f4cba
cargo-69-000015000ms,Cargo/69.wav,Cargo,0,PRINCESS SUPERIOR,princess superior,Cargo-20171205-030344-69,train,15.000,20.000,32000,a096d5adb0f3e91e4b529c2a1eab4104386318f9825cc05a39470d410e2f4cba
cargo-69-000020000ms,Cargo/69.wav,Cargo,0,PRINCESS SUPERIOR,princess superior,Cargo-20171205-030344-69,train,20.000,25.000,32000,a096d5adb0f3e91e4b529c2a1eab4104386318f9825cc05a39470d410e2f4cba
cargo-69-000025000ms,Cargo/69.wav,Cargo,0,PRINCESS SUPERIOR,princess superior,Cargo-20171205-030344-69,train,25.000,30.000,32000,a096d5adb0f3e91e4b529c2a1eab4104386318f9825cc05a39470d410e2f4cba
cargo-69-000030000ms,Cargo/69.wav,Cargo,0,PRINCESS SUPERIOR,princess superior,Cargo-20171205-030344-69,train,30.000,35.000,32000,a096d5adb0f3e91e4b529c2a1eab4104386318f9825cc05a39470d410e2f4cba
cargo-69-000035000ms,Cargo/69.wav,Cargo,0,PRINCESS SUPERIOR,princess superior,Cargo-20171205-030344-69,train,35.000,40.000,32000,a096d5adb0f3e91e4b529c2a1eab4104386318f9825cc05a39470d410e2f4cba
cargo-69-000040000ms,Cargo/69.wav,Cargo,0,PRINCESS SUPERIOR,princess superior,Cargo-20171205-030344-69,train,40.000,45.000,32000,a096d5adb0f3e91e4b529c2a1eab4104386318f9825cc05a39470d410e2f4cba
cargo-69-000045000ms,Cargo/69.wav,Cargo,0,PRINCESS SUPERIOR,princess superior,Cargo-20171205-030344-69,train,45.000,50.000,32000,a096d5adb0f3e91e4b529c2a1eab4104386318f9825cc05a39470d410e2f4cba
cargo-69-000050000ms,Cargo/69.wav,Cargo,0,PRINCESS SUPERIOR,princess superior,Cargo-20171205-030344-69,train,50.000,55.000,32000,a096d5adb0f3e91e4b529c2a1eab4104386318f9825cc05a39470d410e2f4cba
cargo-69-000055000ms,Cargo/69.wav,Cargo,0,PRINCESS SUPERIOR,princess superior,Cargo-20171205-030344-69,train,55.000,60.000,32000,a096d5adb0f3e91e4b529c2a1eab4104386318f9825cc05a39470d410e2f4cba
cargo-69-000060000ms,Cargo/69.wav,Cargo,0,PRINCESS SUPERIOR,princess superior,Cargo-20171205-030344-69,train,60.000,65.000,32000,a096d5adb0f3e91e4b529c2a1eab4104386318f9825cc05a39470d410e2f4cba
cargo-69-000065000ms,Cargo/69.wav,Cargo,0,PRINCESS SUPERIOR,princess superior,Cargo-20171205-030344-69,train,65.000,70.000,32000,a096d5adb0f3e91e4b529c2a1eab4104386318f9825cc05a39470d410e2f4cba
cargo-69-000070000ms,Cargo/69.wav,Cargo,0,PRINCESS SUPERIOR,princess superior,Cargo-20171205-030344-69,train,70.000,75.000,32000,a096d5adb0f3e91e4b529c2a1eab4104386318f9825cc05a39470d410e2f4cba
cargo-69-000075000ms,Cargo/69.wav,Cargo,0,PRINCESS SUPERIOR,princess superior,Cargo-20171205-030344-69,train,75.000,80.000,32000,a096d5adb0f3e91e4b529c2a1eab4104386318f9825cc05a39470d410e2f4cba
cargo-69-000080000ms,Cargo/69.wav,Cargo,0,PRINCESS SUPERIOR,princess superior,Cargo-20171205-030344-69,train,80.000,85.000,32000,a096d5adb0f3e91e4b529c2a1eab4104386318f9825cc05a39470d410e2f4cba
cargo-69-000085000ms,Cargo/69.wav,Cargo,0,PRINCESS SUPERIOR,princess superior,Cargo-20171205-030344-69,train,85.000,90.000,32000,a096d5adb0f3e91e4b529c2a1eab4104386318f9825cc05a39470d410e2f4cba
cargo-69-000090000ms,Cargo/69.wav,Cargo,0,PRINCESS SUPERIOR,princess superior,Cargo-20171205-030344-69,train,90.000,95.000,32000,a096d5adb0f3e91e4b529c2a1eab4104386318f9825cc05a39470d410e2f4cba
cargo-69-000095000ms,Cargo/69.wav,Cargo,0,PRINCESS SUPERIOR,princess superior,Cargo-20171205-030344-69,train,95.000,100.000,32000,a096d5adb0f3e91e4b529c2a1eab4104386318f9825cc05a39470d410e2f4cba
cargo-69-000100000ms,Cargo/69.wav,Cargo,0,PRINCESS SUPERIOR,princess superior,Cargo-20171205-030344-69,train,100.000,105.000,32000,a096d5adb0f3e91e4b529c2a1eab4104386318f9825cc05a39470d410e2f4cba
cargo-69-000105000ms,Cargo/69.wav,Cargo,0,PRINCESS SUPERIOR,princess superior,Cargo-20171205-030344-69,train,105.000,110.000,32000,a096d5adb0f3e91e4b529c2a1eab4104386318f9825cc05a39470d410e2f4cba
cargo-69-000110000ms,Cargo/69.wav,Cargo,0,PRINCESS SUPERIOR,princess superior,Cargo-20171205-030344-69,train,110.000,115.000,32000,a096d5adb0f3e91e4b529c2a1eab4104386318f9825cc05a39470d410e2f4cba
cargo-69-000115000ms,Cargo/69.wav,Cargo,0,PRINCESS SUPERIOR,princess superior,Cargo-20171205-030344-69,train,115.000,120.000,32000,a096d5adb0f3e91e4b529c2a1eab4104386318f9825cc05a39470d410e2f4cba
cargo-69-000120000ms,Cargo/69.wav,Cargo,0,PRINCESS SUPERIOR,princess superior,Cargo-20171205-030344-69,train,120.000,125.000,32000,a096d5adb0f3e91e4b529c2a1eab4104386318f9825cc05a39470d410e2f4cba
cargo-69-000125000ms,Cargo/69.wav,Cargo,0,PRINCESS SUPERIOR,princess superior,Cargo-20171205-030344-69,train,125.000,130.000,32000,a096d5adb0f3e91e4b529c2a1eab4104386318f9825cc05a39470d410e2f4cba
cargo-69-000130000ms,Cargo/69.wav,Cargo,0,PRINCESS SUPERIOR,princess superior,Cargo-20171205-030344-69,train,130.000,135.000,32000,a096d5adb0f3e91e4b529c2a1eab4104386318f9825cc05a39470d410e2f4cba
cargo-69-000135000ms,Cargo/69.wav,Cargo,0,PRINCESS SUPERIOR,princess superior,Cargo-20171205-030344-69,train,135.000,140.000,32000,a096d5adb0f3e91e4b529c2a1eab4104386318f9825cc05a39470d410e2f4cba
cargo-69-000140000ms,Cargo/69.wav,Cargo,0,PRINCESS SUPERIOR,princess superior,Cargo-20171205-030344-69,train,140.000,145.000,32000,a096d5adb0f3e91e4b529c2a1eab4104386318f9825cc05a39470d410e2f4cba
cargo-69-000145000ms,Cargo/69.wav,Cargo,0,PRINCESS SUPERIOR,princess superior,Cargo-20171205-030344-69,train,145.000,150.000,32000,a096d5adb0f3e91e4b529c2a1eab4104386318f9825cc05a39470d410e2f4cba
cargo-69-000150000ms,Cargo/69.wav,Cargo,0,PRINCESS SUPERIOR,princess superior,Cargo-20171205-030344-69,train,150.000,155.000,32000,a096d5adb0f3e91e4b529c2a1eab4104386318f9825cc05a39470d410e2f4cba
cargo-69-000155000ms,Cargo/69.wav,Cargo,0,PRINCESS SUPERIOR,princess superior,Cargo-20171205-030344-69,train,155.000,160.000,32000,a096d5adb0f3e91e4b529c2a1eab4104386318f9825cc05a39470d410e2f4cba
cargo-69-000160000ms,Cargo/69.wav,Cargo,0,PRINCESS SUPERIOR,princess superior,Cargo-20171205-030344-69,train,160.000,165.000,32000,a096d5adb0f3e91e4b529c2a1eab4104386318f9825cc05a39470d410e2f4cba
cargo-69-000165000ms,Cargo/69.wav,Cargo,0,PRINCESS SUPERIOR,princess superior,Cargo-20171205-030344-69,train,165.000,170.000,32000,a096d5adb0f3e91e4b529c2a1eab4104386318f9825cc05a39470d410e2f4cba
cargo-69-000170000ms,Cargo/69.wav,Cargo,0,PRINCESS SUPERIOR,princess superior,Cargo-20171205-030344-69,train,170.000,175.000,32000,a096d5adb0f3e91e4b529c2a1eab4104386318f9825cc05a39470d410e2f4cba
cargo-69-000175000ms,Cargo/69.wav,Cargo,0,PRINCESS SUPERIOR,princess superior,Cargo-20171205-030344-69,train,175.000,180.000,32000,a096d5adb0f3e91e4b529c2a1eab4104386318f9825cc05a39470d410e2f4cba
cargo-78-000000000ms,Cargo/78.wav,Cargo,0,CMA CGM,cma cgm,Cargo-20171207-010450-78,validation,0.000,5.000,32000,a096d5adb0f3e91e4b529c2a1eab4104386318f9825cc05a39470d410e2f4cba
cargo-78-000005000ms,Cargo/78.wav,Cargo,0,CMA CGM,cma cgm,Cargo-20171207-010450-78,validation,5.000,10.000,32000,a096d5adb0f3e91e4b529c2a1eab4104386318f9825cc05a39470d410e2f4cba
cargo-78-000010000ms,Cargo/78.wav,Cargo,0,CMA CGM,cma cgm,Cargo-20171207-010450-78,validation,10.000,15.000,32000,a096d5adb0f3e91e4b529c2a1eab4104386318f9825cc05a39470d410e2f4cba
cargo-78-000015000ms,Cargo/78.wav,Cargo,0,CMA CGM,cma cgm,Cargo-20171207-010450-78,validation,15.000,20.000,32000,a096d5adb0f3e91e4b529c2a1eab4104386318f9825cc05a39470d410e2f4cba
cargo-78-000020000ms,Cargo/78.wav,Cargo,0,CMA CGM,cma cgm,Cargo-20171207-010450-78,validation,20.000,25.000,32000,a096d5adb0f3e91e4b529c2a1eab4104386318f9825cc05a39470d410e2f4cba
cargo-78-000025000ms,Cargo/78.wav,Cargo,0,CMA CGM,cma cgm,Cargo-20171207-010450-78,validation,25.000,30.000,32000,a096d5adb0f3e91e4b529c2a1eab4104386318f9825cc05a39470d410e2f4cba
cargo-78-000030000ms,Cargo/78.wav,Cargo,0,CMA CGM,cma cgm,Cargo-20171207-010450-78,validation,30.000,35.000,32000,a096d5adb0f3e91e4b529c2a1eab4104386318f9825cc05a39470d410e2f4cba
cargo-78-000035000ms,Cargo/78.wav,Cargo,0,CMA CGM,cma cgm,Cargo-20171207-010450-78,validation,35.000,40.000,32000,a096d5adb0f3e91e4b529c2a1eab4104386318f9825cc05a39470d410e2f4cba
cargo-78-000040000ms,Cargo/78.wav,Cargo,0,CMA CGM,cma cgm,Cargo-20171207-010450-78,validation,40.000,45.000,32000,a096d5adb0f3e91e4b529c2a1eab4104386318f9825cc05a39470d410e2f4cba
cargo-78-000045000ms,Cargo/78.wav,Cargo,0,CMA CGM,cma cgm,Cargo-20171207-010450-78,validation,45.000,50.000,32000,a096d5adb0f3e91e4b529c2a1eab4104386318f9825cc05a39470d410e2f4cba
cargo-78-000050000ms,Cargo/78.wav,Cargo,0,CMA CGM,cma cgm,Cargo-20171207-010450-78,validation,50.000,55.000,32000,a096d5adb0f3e91e4b529c2a1eab4104386318f9825cc05a39470d410e2f4cba
cargo-78-000055000ms,Cargo/78.wav,Cargo,0,CMA CGM,cma cgm,Cargo-20171207-010450-78,validation,55.000,60.000,32000,a096d5adb0f3e91e4b529c2a1eab4104386318f9825cc05a39470d410e2f4cba
cargo-78-000060000ms,Cargo/78.wav,Cargo,0,CMA CGM,cma cgm,Cargo-20171207-010450-78,validation,60.000,65.000,32000,a096d5adb0f3e91e4b529c2a1eab4104386318f9825cc05a39470d410e2f4cba
cargo-78-000065000ms,Cargo/78.wav,Cargo,0,CMA CGM,cma cgm,Cargo-20171207-010450-78,validation,65.000,70.000,32000,a096d5adb0f3e91e4b529c2a1eab4104386318f9825cc05a39470d410e2f4cba
cargo-78-000070000ms,Cargo/78.wav,Cargo,0,CMA CGM,cma cgm,Cargo-20171207-010450-78,validation,70.000,75.000,32000,a096d5adb0f3e91e4b529c2a1eab4104386318f9825cc05a39470d410e2f4cba
cargo-78-000075000ms,Cargo/78.wav,Cargo,0,CMA CGM,cma cgm,Cargo-20171207-010450-78,validation,75.000,80.000,32000,a096d5adb0f3e91e4b529c2a1eab4104386318f9825cc05a39470d410e2f4cba
cargo-78-000080000ms,Cargo/78.wav,Cargo,0,CMA CGM,cma cgm,Cargo-20171207-010450-78,validation,80.000,85.000,32000,a096d5adb0f3e91e4b529c2a1eab4104386318f9825cc05a39470d410e2f4cba
cargo-78-000085000ms,Cargo/78.wav,Cargo,0,CMA CGM,cma cgm,Cargo-20171207-010450-78,validation,85.000,90.000,32000,a096d5adb0f3e91e4b529c2a1eab4104386318f9825cc05a39470d410e2f4cba
cargo-78-000090000ms,Cargo/78.wav,Cargo,0,CMA CGM,cma cgm,Cargo-20171207-010450-78,validation,90.000,95.000,32000,a096d5adb0f3e91e4b529c2a1eab4104386318f9825cc05a39470d410e2f4cba
cargo-78-000095000ms,Cargo/78.wav,Cargo,0,CMA CGM,cma cgm,Cargo-20171207-010450-78,validation,95.000,100.000,32000,a096d5adb0f3e91e4b529c2a1eab4104386318f9825cc05a39470d410e2f4cba
cargo-78-000100000ms,Cargo/78.wav,Cargo,0,CMA CGM,cma cgm,Cargo-20171207-010450-78,validation,100.000,105.000,32000,a096d5adb0f3e91e4b529c2a1eab4104386318f9825cc05a39470d410e2f4cba
cargo-78-000105000ms,Cargo/78.wav,Cargo,0,CMA CGM,cma cgm,Cargo-20171207-010450-78,validation,105.000,110.000,32000,a096d5adb0f3e91e4b529c2a1eab4104386318f9825cc05a39470d410e2f4cba
cargo-78-000110000ms,Cargo/78.wav,Cargo,0,CMA CGM,cma cgm,Cargo-20171207-010450-78,validation,110.000,115.000,32000,a096d5adb0f3e91e4b529c2a1eab4104386318f9825cc05a39470d410e2f4cba
cargo-78-000115000ms,Cargo/78.wav,Cargo,0,CMA CGM,cma cgm,Cargo-20171207-010450-78,validation,115.000,120.000,32000,a096d5adb0f3e91e4b529c2a1eab4104386318f9825cc05a39470d410e2f4cba
cargo-78-000120000ms,Cargo/78.wav,Cargo,0,CMA CGM,cma cgm,Cargo-20171207-010450-78,validation,120.000,125.000,32000,a096d5adb0f3e91e4b529c2a1eab4104386318f9825cc05a39470d410e2f4cba
cargo-78-000125000ms,Cargo/78.wav,Cargo,0,CMA CGM,cma cgm,Cargo-20171207-010450-78,validation,125.000,130.000,32000,a096d5adb0f3e91e4b529c2a1eab4104386318f9825cc05a39470d410e2f4cba
cargo-78-000130000ms,Cargo/78.wav,Cargo,0,CMA CGM,cma cgm,Cargo-20171207-010450-78,validation,130.000,135.000,32000,a096d5adb0f3e91e4b529c2a1eab4104386318f9825cc05a39470d410e2f4cba
cargo-78-000135000ms,Cargo/78.wav,Cargo,0,CMA CGM,cma cgm,Cargo-20171207-010450-78,validation,135.000,140.000,32000,a096d5adb0f3e91e4b529c2a1eab4104386318f9825cc05a39470d410e2f4cba
cargo-78-000140000ms,Cargo/78.wav,Cargo,0,CMA CGM,cma cgm,Cargo-20171207-010450-78,validation,140.000,145.000,32000,a096d5adb0f3e91e4b529c2a1eab4104386318f9825cc05a39470d410e2f4cba
cargo-78-000145000ms,Cargo/78.wav,Cargo,0,CMA CGM,cma cgm,Cargo-20171207-010450-78,validation,145.000,150.000,32000,a096d5adb0f3e91e4b529c2a1eab4104386318f9825cc05a39470d410e2f4cba
cargo-78-000150000ms,Cargo/78.wav,Cargo,0,CMA CGM,cma cgm,Cargo-20171207-010450-78,validation,150.000,155.000,32000,a096d5adb0f3e91e4b529c2a1eab4104386318f9825cc05a39470d410e2f4cba
cargo-78-000155000ms,Cargo/78.wav,Cargo,0,CMA CGM,cma cgm,Cargo-20171207-010450-78,validation,155.000,160.000,32000,a096d5adb0f3e91e4b529c2a1eab4104386318f9825cc05a39470d410e2f4cba
cargo-78-000160000ms,Cargo/78.wav,Cargo,0,CMA CGM,cma cgm,Cargo-20171207-010450-78,validation,160.000,165.000,32000,a096d5adb0f3e91e4b529c2a1eab4104386318f9825cc05a39470d410e2f4cba
cargo-78-000165000ms,Cargo/78.wav,Cargo,0,CMA CGM,cma cgm,Cargo-20171207-010450-78,validation,165.000,170.000,32000,a096d5adb0f3e91e4b529c2a1eab4104386318f9825cc05a39470d410e2f4cba
cargo-78-000170000ms,Cargo/78.wav,Cargo,0,CMA CGM,cma cgm,Cargo-20171207-010450-78,validation,170.000,175.000,32000,a096d5adb0f3e91e4b529c2a1eab4104386318f9825cc05a39470d410e2f4cba
cargo-78-000175000ms,Cargo/78.wav,Cargo,0,CMA CGM,cma cgm,Cargo-20171207-010450-78,validation,175.000,180.000,32000,a096d5adb0f3e91e4b529c2a1eab4104386318f9825cc05a39470d410e2f4cba
cargo-78-000180000ms,Cargo/78.wav,Cargo,0,CMA CGM,cma cgm,Cargo-20171207-010450-78,validation,180.000,185.000,32000,a096d5adb0f3e91e4b529c2a1eab4104386318f9825cc05a39470d410e2f4cba
cargo-78-000185000ms,Cargo/78.wav,Cargo,0,CMA CGM,cma cgm,Cargo-20171207-010450-78,validation,185.000,190.000,32000,a096d5adb0f3e91e4b529c2a1eab4104386318f9825cc05a39470d410e2f4cba
cargo-96-000000000ms,Cargo/96.wav,Cargo,0,STAR HARMONIA,star harmonia,Cargo-20171213-154210-96,train,0.000,5.000,32000,a096d5adb0f3e91e4b529c2a1eab4104386318f9825cc05a39470d410e2f4cba
cargo-96-000005000ms,Cargo/96.wav,Cargo,0,STAR HARMONIA,star harmonia,Cargo-20171213-154210-96,train,5.000,10.000,32000,a096d5adb0f3e91e4b529c2a1eab4104386318f9825cc05a39470d410e2f4cba
cargo-96-000010000ms,Cargo/96.wav,Cargo,0,STAR HARMONIA,star harmonia,Cargo-20171213-154210-96,train,10.000,15.000,32000,a096d5adb0f3e91e4b529c2a1eab4104386318f9825cc05a39470d410e2f4cba
cargo-96-000015000ms,Cargo/96.wav,Cargo,0,STAR HARMONIA,star harmonia,Cargo-20171213-154210-96,train,15.000,20.000,32000,a096d5adb0f3e91e4b529c2a1eab4104386318f9825cc05a39470d410e2f4cba
cargo-96-000020000ms,Cargo/96.wav,Cargo,0,STAR HARMONIA,star harmonia,Cargo-20171213-154210-96,train,20.000,25.000,32000,a096d5adb0f3e91e4b529c2a1eab4104386318f9825cc05a39470d410e2f4cba
cargo-96-000025000ms,Cargo/96.wav,Cargo,0,STAR HARMONIA,star harmonia,Cargo-20171213-154210-96,train,25.000,30.000,32000,a096d5adb0f3e91e4b529c2a1eab4104386318f9825cc05a39470d410e2f4cba
cargo-96-000030000ms,Cargo/96.wav,Cargo,0,STAR HARMONIA,star harmonia,Cargo-20171213-154210-96,train,30.000,35.000,32000,a096d5adb0f3e91e4b529c2a1eab4104386318f9825cc05a39470d410e2f4cba
cargo-96-000035000ms,Cargo/96.wav,Cargo,0,STAR HARMONIA,star harmonia,Cargo-20171213-154210-96,train,35.000,40.000,32000,a096d5adb0f3e91e4b529c2a1eab4104386318f9825cc05a39470d410e2f4cba
cargo-96-000040000ms,Cargo/96.wav,Cargo,0,STAR HARMONIA,star harmonia,Cargo-20171213-154210-96,train,40.000,45.000,32000,a096d5adb0f3e91e4b529c2a1eab4104386318f9825cc05a39470d410e2f4cba
cargo-96-000045000ms,Cargo/96.wav,Cargo,0,STAR HARMONIA,star harmonia,Cargo-20171213-154210-96,train,45.000,50.000,32000,a096d5adb0f3e91e4b529c2a1eab4104386318f9825cc05a39470d410e2f4cba
cargo-96-000050000ms,Cargo/96.wav,Cargo,0,STAR HARMONIA,star harmonia,Cargo-20171213-154210-96,train,50.000,55.000,32000,a096d5adb0f3e91e4b529c2a1eab4104386318f9825cc05a39470d410e2f4cba
cargo-96-000055000ms,Cargo/96.wav,Cargo,0,STAR HARMONIA,star harmonia,Cargo-20171213-154210-96,train,55.000,60.000,32000,a096d5adb0f3e91e4b529c2a1eab4104386318f9825cc05a39470d410e2f4cba
cargo-96-000060000ms,Cargo/96.wav,Cargo,0,STAR HARMONIA,star harmonia,Cargo-20171213-154210-96,train,60.000,65.000,32000,a096d5adb0f3e91e4b529c2a1eab4104386318f9825cc05a39470d410e2f4cba
cargo-96-000065000ms,Cargo/96.wav,Cargo,0,STAR HARMONIA,star harmonia,Cargo-20171213-154210-96,train,65.000,70.000,32000,a096d5adb0f3e91e4b529c2a1eab4104386318f9825cc05a39470d410e2f4cba
cargo-96-000070000ms,Cargo/96.wav,Cargo,0,STAR HARMONIA,star harmonia,Cargo-20171213-154210-96,train,70.000,75.000,32000,a096d5adb0f3e91e4b529c2a1eab4104386318f9825cc05a39470d410e2f4cba
cargo-96-000075000ms,Cargo/96.wav,Cargo,0,STAR HARMONIA,star harmonia,Cargo-20171213-154210-96,train,75.000,80.000,32000,a096d5adb0f3e91e4b529c2a1eab4104386318f9825cc05a39470d410e2f4cba
cargo-96-000080000ms,Cargo/96.wav,Cargo,0,STAR HARMONIA,star harmonia,Cargo-20171213-154210-96,train,80.000,85.000,32000,a096d5adb0f3e91e4b529c2a1eab4104386318f9825cc05a39470d410e2f4cba
cargo-96-000085000ms,Cargo/96.wav,Cargo,0,STAR HARMONIA,star harmonia,Cargo-20171213-154210-96,train,85.000,90.000,32000,a096d5adb0f3e91e4b529c2a1eab4104386318f9825cc05a39470d410e2f4cba
cargo-96-000090000ms,Cargo/96.wav,Cargo,0,STAR HARMONIA,star harmonia,Cargo-20171213-154210-96,train,90.000,95.000,32000,a096d5adb0f3e91e4b529c2a1eab4104386318f9825cc05a39470d410e2f4cba
cargo-96-000095000ms,Cargo/96.wav,Cargo,0,STAR HARMONIA,star harmonia,Cargo-20171213-154210-96,train,95.000,100.000,32000,a096d5adb0f3e91e4b529c2a1eab4104386318f9825cc05a39470d410e2f4cba
cargo-96-000100000ms,Cargo/96.wav,Cargo,0,STAR HARMONIA,star harmonia,Cargo-20171213-154210-96,train,100.000,105.000,32000,a096d5adb0f3e91e4b529c2a1eab4104386318f9825cc05a39470d410e2f4cba
cargo-96-000105000ms,Cargo/96.wav,Cargo,0,STAR HARMONIA,star harmonia,Cargo-20171213-154210-96,train,105.000,110.000,32000,a096d5adb0f3e91e4b529c2a1eab4104386318f9825cc05a39470d410e2f4cba
cargo-96-000110000ms,Cargo/96.wav,Cargo,0,STAR HARMONIA,star harmonia,Cargo-20171213-154210-96,train,110.000,115.000,32000,a096d5adb0f3e91e4b529c2a1eab4104386318f9825cc05a39470d410e2f4cba
cargo-96-000115000ms,Cargo/96.wav,Cargo,0,STAR HARMONIA,star harmonia,Cargo-20171213-154210-96,train,115.000,120.000,32000,a096d5adb0f3e91e4b529c2a1eab4104386318f9825cc05a39470d410e2f4cba
cargo-96-000120000ms,Cargo/96.wav,Cargo,0,STAR HARMONIA,star harmonia,Cargo-20171213-154210-96,train,120.000,125.000,32000,a096d5adb0f3e91e4b529c2a1eab4104386318f9825cc05a39470d410e2f4cba
cargo-96-000125000ms,Cargo/96.wav,Cargo,0,STAR HARMONIA,star harmonia,Cargo-20171213-154210-96,train,125.000,130.000,32000,a096d5adb0f3e91e4b529c2a1eab4104386318f9825cc05a39470d410e2f4cba
cargo-96-000130000ms,Cargo/96.wav,Cargo,0,STAR HARMONIA,star harmonia,Cargo-20171213-154210-96,train,130.000,135.000,32000,a096d5adb0f3e91e4b529c2a1eab4104386318f9825cc05a39470d410e2f4cba
cargo-96-000135000ms,Cargo/96.wav,Cargo,0,STAR HARMONIA,star harmonia,Cargo-20171213-154210-96,train,135.000,140.000,32000,a096d5adb0f3e91e4b529c2a1eab4104386318f9825cc05a39470d410e2f4cba
cargo-96-000140000ms,Cargo/96.wav,Cargo,0,STAR HARMONIA,star harmonia,Cargo-20171213-154210-96,train,140.000,145.000,32000,a096d5adb0f3e91e4b529c2a1eab4104386318f9825cc05a39470d410e2f4cba
cargo-96-000145000ms,Cargo/96.wav,Cargo,0,STAR HARMONIA,star harmonia,Cargo-20171213-154210-96,train,145.000,150.000,32000,a096d5adb0f3e91e4b529c2a1eab4104386318f9825cc05a39470d410e2f4cba
cargo-96-000150000ms,Cargo/96.wav,Cargo,0,STAR HARMONIA,star harmonia,Cargo-20171213-154210-96,train,150.000,155.000,32000,a096d5adb0f3e91e4b529c2a1eab4104386318f9825cc05a39470d410e2f4cba
cargo-96-000155000ms,Cargo/96.wav,Cargo,0,STAR HARMONIA,star harmonia,Cargo-20171213-154210-96,train,155.000,160.000,32000,a096d5adb0f3e91e4b529c2a1eab4104386318f9825cc05a39470d410e2f4cba
cargo-96-000160000ms,Cargo/96.wav,Cargo,0,STAR HARMONIA,star harmonia,Cargo-20171213-154210-96,train,160.000,165.000,32000,a096d5adb0f3e91e4b529c2a1eab4104386318f9825cc05a39470d410e2f4cba
cargo-96-000165000ms,Cargo/96.wav,Cargo,0,STAR HARMONIA,star harmonia,Cargo-20171213-154210-96,train,165.000,170.000,32000,a096d5adb0f3e91e4b529c2a1eab4104386318f9825cc05a39470d410e2f4cba
cargo-96-000170000ms,Cargo/96.wav,Cargo,0,STAR HARMONIA,star harmonia,Cargo-20171213-154210-96,train,170.000,175.000,32000,a096d5adb0f3e91e4b529c2a1eab4104386318f9825cc05a39470d410e2f4cba
cargo-96-000175000ms,Cargo/96.wav,Cargo,0,STAR HARMONIA,star harmonia,Cargo-20171213-154210-96,train,175.000,180.000,32000,a096d5adb0f3e91e4b529c2a1eab4104386318f9825cc05a39470d410e2f4cba
cargo-96-000180000ms,Cargo/96.wav,Cargo,0,STAR HARMONIA,star harmonia,Cargo-20171213-154210-96,train,180.000,185.000,32000,a096d5adb0f3e91e4b529c2a1eab4104386318f9825cc05a39470d410e2f4cba
cargo-96-000185000ms,Cargo/96.wav,Cargo,0,STAR HARMONIA,star harmonia,Cargo-20171213-154210-96,train,185.000,190.000,32000,a096d5adb0f3e91e4b529c2a1eab4104386318f9825cc05a39470d410e2f4cba
cargo-96-000190000ms,Cargo/96.wav,Cargo,0,STAR HARMONIA,star harmonia,Cargo-20171213-154210-96,train,190.000,195.000,32000,a096d5adb0f3e91e4b529c2a1eab4104386318f9825cc05a39470d410e2f4cba
cargo-99-000000000ms,Cargo/99.wav,Cargo,0,BRAZEN,brazen,Cargo-20171213-234857-99,train,0.000,5.000,32000,a096d5adb0f3e91e4b529c2a1eab4104386318f9825cc05a39470d410e2f4cba
cargo-99-000005000ms,Cargo/99.wav,Cargo,0,BRAZEN,brazen,Cargo-20171213-234857-99,train,5.000,10.000,32000,a096d5adb0f3e91e4b529c2a1eab4104386318f9825cc05a39470d410e2f4cba
cargo-99-000010000ms,Cargo/99.wav,Cargo,0,BRAZEN,brazen,Cargo-20171213-234857-99,train,10.000,15.000,32000,a096d5adb0f3e91e4b529c2a1eab4104386318f9825cc05a39470d410e2f4cba
cargo-99-000015000ms,Cargo/99.wav,Cargo,0,BRAZEN,brazen,Cargo-20171213-234857-99,train,15.000,20.000,32000,a096d5adb0f3e91e4b529c2a1eab4104386318f9825cc05a39470d410e2f4cba
cargo-99-000020000ms,Cargo/99.wav,Cargo,0,BRAZEN,brazen,Cargo-20171213-234857-99,train,20.000,25.000,32000,a096d5adb0f3e91e4b529c2a1eab4104386318f9825cc05a39470d410e2f4cba
cargo-99-000025000ms,Cargo/99.wav,Cargo,0,BRAZEN,brazen,Cargo-20171213-234857-99,train,25.000,30.000,32000,a096d5adb0f3e91e4b529c2a1eab4104386318f9825cc05a39470d410e2f4cba
cargo-99-000030000ms,Cargo/99.wav,Cargo,0,BRAZEN,brazen,Cargo-20171213-234857-99,train,30.000,35.000,32000,a096d5adb0f3e91e4b529c2a1eab4104386318f9825cc05a39470d410e2f4cba
cargo-99-000035000ms,Cargo/99.wav,Cargo,0,BRAZEN,brazen,Cargo-20171213-234857-99,train,35.000,40.000,32000,a096d5adb0f3e91e4b529c2a1eab4104386318f9825cc05a39470d410e2f4cba
cargo-99-000040000ms,Cargo/99.wav,Cargo,0,BRAZEN,brazen,Cargo-20171213-234857-99,train,40.000,45.000,32000,a096d5adb0f3e91e4b529c2a1eab4104386318f9825cc05a39470d410e2f4cba
cargo-99-000045000ms,Cargo/99.wav,Cargo,0,BRAZEN,brazen,Cargo-20171213-234857-99,train,45.000,50.000,32000,a096d5adb0f3e91e4b529c2a1eab4104386318f9825cc05a39470d410e2f4cba
cargo-99-000050000ms,Cargo/99.wav,Cargo,0,BRAZEN,brazen,Cargo-20171213-234857-99,train,50.000,55.000,32000,a096d5adb0f3e91e4b529c2a1eab4104386318f9825cc05a39470d410e2f4cba
cargo-99-000055000ms,Cargo/99.wav,Cargo,0,BRAZEN,brazen,Cargo-20171213-234857-99,train,55.000,60.000,32000,a096d5adb0f3e91e4b529c2a1eab4104386318f9825cc05a39470d410e2f4cba
cargo-99-000060000ms,Cargo/99.wav,Cargo,0,BRAZEN,brazen,Cargo-20171213-234857-99,train,60.000,65.000,32000,a096d5adb0f3e91e4b529c2a1eab4104386318f9825cc05a39470d410e2f4cba
cargo-99-000065000ms,Cargo/99.wav,Cargo,0,BRAZEN,brazen,Cargo-20171213-234857-99,train,65.000,70.000,32000,a096d5adb0f3e91e4b529c2a1eab4104386318f9825cc05a39470d410e2f4cba
cargo-99-000070000ms,Cargo/99.wav,Cargo,0,BRAZEN,brazen,Cargo-20171213-234857-99,train,70.000,75.000,32000,a096d5adb0f3e91e4b529c2a1eab4104386318f9825cc05a39470d410e2f4cba
cargo-99-000075000ms,Cargo/99.wav,Cargo,0,BRAZEN,brazen,Cargo-20171213-234857-99,train,75.000,80.000,32000,a096d5adb0f3e91e4b529c2a1eab4104386318f9825cc05a39470d410e2f4cba
cargo-99-000080000ms,Cargo/99.wav,Cargo,0,BRAZEN,brazen,Cargo-20171213-234857-99,train,80.000,85.000,32000,a096d5adb0f3e91e4b529c2a1eab4104386318f9825cc05a39470d410e2f4cba
cargo-99-000085000ms,Cargo/99.wav,Cargo,0,BRAZEN,brazen,Cargo-20171213-234857-99,train,85.000,90.000,32000,a096d5adb0f3e91e4b529c2a1eab4104386318f9825cc05a39470d410e2f4cba
cargo-99-000090000ms,Cargo/99.wav,Cargo,0,BRAZEN,brazen,Cargo-20171213-234857-99,train,90.000,95.000,32000,a096d5adb0f3e91e4b529c2a1eab4104386318f9825cc05a39470d410e2f4cba
cargo-99-000095000ms,Cargo/99.wav,Cargo,0,BRAZEN,brazen,Cargo-20171213-234857-99,train,95.000,100.000,32000,a096d5adb0f3e91e4b529c2a1eab4104386318f9825cc05a39470d410e2f4cba
cargo-99-000100000ms,Cargo/99.wav,Cargo,0,BRAZEN,brazen,Cargo-20171213-234857-99,train,100.000,105.000,32000,a096d5adb0f3e91e4b529c2a1eab4104386318f9825cc05a39470d410e2f4cba
cargo-99-000105000ms,Cargo/99.wav,Cargo,0,BRAZEN,brazen,Cargo-20171213-234857-99,train,105.000,110.000,32000,a096d5adb0f3e91e4b529c2a1eab4104386318f9825cc05a39470d410e2f4cba
cargo-99-000110000ms,Cargo/99.wav,Cargo,0,BRAZEN,brazen,Cargo-20171213-234857-99,train,110.000,115.000,32000,a096d5adb0f3e91e4b529c2a1eab4104386318f9825cc05a39470d410e2f4cba
cargo-99-000115000ms,Cargo/99.wav,Cargo,0,BRAZEN,brazen,Cargo-20171213-234857-99,train,115.000,120.000,32000,a096d5adb0f3e91e4b529c2a1eab4104386318f9825cc05a39470d410e2f4cba
cargo-99-000120000ms,Cargo/99.wav,Cargo,0,BRAZEN,brazen,Cargo-20171213-234857-99,train,120.000,125.000,32000,a096d5adb0f3e91e4b529c2a1eab4104386318f9825cc05a39470d410e2f4cba
cargo-99-000125000ms,Cargo/99.wav,Cargo,0,BRAZEN,brazen,Cargo-20171213-234857-99,train,125.000,130.000,32000,a096d5adb0f3e91e4b529c2a1eab4104386318f9825cc05a39470d410e2f4cba
cargo-99-000130000ms,Cargo/99.wav,Cargo,0,BRAZEN,brazen,Cargo-20171213-234857-99,train,130.000,135.000,32000,a096d5adb0f3e91e4b529c2a1eab4104386318f9825cc05a39470d410e2f4cba
cargo-99-000135000ms,Cargo/99.wav,Cargo,0,BRAZEN,brazen,Cargo-20171213-234857-99,train,135.000,140.000,32000,a096d5adb0f3e91e4b529c2a1eab4104386318f9825cc05a39470d410e2f4cba
cargo-99-000140000ms,Cargo/99.wav,Cargo,0,BRAZEN,brazen,Cargo-20171213-234857-99,train,140.000,145.000,32000,a096d5adb0f3e91e4b529c2a1eab4104386318f9825cc05a39470d410e2f4cba
cargo-99-000145000ms,Cargo/99.wav,Cargo,0,BRAZEN,brazen,Cargo-20171213-234857-99,train,145.000,150.000,32000,a096d5adb0f3e91e4b529c2a1eab4104386318f9825cc05a39470d410e2f4cba
cargo-99-000150000ms,Cargo/99.wav,Cargo,0,BRAZEN,brazen,Cargo-20171213-234857-99,train,150.000,155.000,32000,a096d5adb0f3e91e4b529c2a1eab4104386318f9825cc05a39470d410e2f4cba
cargo-99-000155000ms,Cargo/99.wav,Cargo,0,BRAZEN,brazen,Cargo-20171213-234857-99,train,155.000,160.000,32000,a096d5adb0f3e91e4b529c2a1eab4104386318f9825cc05a39470d410e2f4cba
cargo-99-000160000ms,Cargo/99.wav,Cargo,0,BRAZEN,brazen,Cargo-20171213-234857-99,train,160.000,165.000,32000,a096d5adb0f3e91e4b529c2a1eab4104386318f9825cc05a39470d410e2f4cba
cargo-99-000165000ms,Cargo/99.wav,Cargo,0,BRAZEN,brazen,Cargo-20171213-234857-99,train,165.000,170.000,32000,a096d5adb0f3e91e4b529c2a1eab4104386318f9825cc05a39470d410e2f4cba
cargo-99-000170000ms,Cargo/99.wav,Cargo,0,BRAZEN,brazen,Cargo-20171213-234857-99,train,170.000,175.000,32000,a096d5adb0f3e91e4b529c2a1eab4104386318f9825cc05a39470d410e2f4cba
cargo-99-000175000ms,Cargo/99.wav,Cargo,0,BRAZEN,brazen,Cargo-20171213-234857-99,train,175.000,180.000,32000,a096d5adb0f3e91e4b529c2a1eab4104386318f9825cc05a39470d410e2f4cba
cargo-99-000180000ms,Cargo/99.wav,Cargo,0,BRAZEN,brazen,Cargo-20171213-234857-99,train,180.000,185.000,32000,a096d5adb0f3e91e4b529c2a1eab4104386318f9825cc05a39470d410e2f4cba
passengership-1-000000000ms,Passengership/1.wav,Passengership,1,QUEEN OF,queen of,Passengership-20160505-125658-1,train,0.000,5.000,32000,a096d5adb0f3e91e4b529c2a1eab4104386318f9825cc05a39470d410e2f4cba
passengership-1-000005000ms,Passengership/1.wav,Passengership,1,QUEEN OF,queen of,Passengership-20160505-125658-1,train,5.000,10.000,32000,a096d5adb0f3e91e4b529c2a1eab4104386318f9825cc05a39470d410e2f4cba
passengership-1-000010000ms,Passengership/1.wav,Passengership,1,QUEEN OF,queen of,Passengership-20160505-125658-1,train,10.000,15.000,32000,a096d5adb0f3e91e4b529c2a1eab4104386318f9825cc05a39470d410e2f4cba
passengership-1-000015000ms,Passengership/1.wav,Passengership,1,QUEEN OF,queen of,Passengership-20160505-125658-1,train,15.000,20.000,32000,a096d5adb0f3e91e4b529c2a1eab4104386318f9825cc05a39470d410e2f4cba
passengership-1-000020000ms,Passengership/1.wav,Passengership,1,QUEEN OF,queen of,Passengership-20160505-125658-1,train,20.000,25.000,32000,a096d5adb0f3e91e4b529c2a1eab4104386318f9825cc05a39470d410e2f4cba
passengership-1-000025000ms,Passengership/1.wav,Passengership,1,QUEEN OF,queen of,Passengership-20160505-125658-1,train,25.000,30.000,32000,a096d5adb0f3e91e4b529c2a1eab4104386318f9825cc05a39470d410e2f4cba
passengership-1-000030000ms,Passengership/1.wav,Passengership,1,QUEEN OF,queen of,Passengership-20160505-125658-1,train,30.000,35.000,32000,a096d5adb0f3e91e4b529c2a1eab4104386318f9825cc05a39470d410e2f4cba
passengership-12-000000000ms,Passengership/12.wav,Passengership,1,MALASPINA,malaspina,Passengership-20160528-040358-12,test,0.000,5.000,32000,a096d5adb0f3e91e4b529c2a1eab4104386318f9825cc05a39470d410e2f4cba
passengership-12-000005000ms,Passengership/12.wav,Passengership,1,MALASPINA,malaspina,Passengership-20160528-040358-12,test,5.000,10.000,32000,a096d5adb0f3e91e4b529c2a1eab4104386318f9825cc05a39470d410e2f4cba
passengership-12-000010000ms,Passengership/12.wav,Passengership,1,MALASPINA,malaspina,Passengership-20160528-040358-12,test,10.000,15.000,32000,a096d5adb0f3e91e4b529c2a1eab4104386318f9825cc05a39470d410e2f4cba
passengership-14-000000000ms,Passengership/14.wav,Passengership,1,QUEEN OF,queen of,Passengership-20160601-035047-14,train,0.000,5.000,32000,a096d5adb0f3e91e4b529c2a1eab4104386318f9825cc05a39470d410e2f4cba
passengership-14-000005000ms,Passengership/14.wav,Passengership,1,QUEEN OF,queen of,Passengership-20160601-035047-14,train,5.000,10.000,32000,a096d5adb0f3e91e4b529c2a1eab4104386318f9825cc05a39470d410e2f4cba
passengership-14-000010000ms,Passengership/14.wav,Passengership,1,QUEEN OF,queen of,Passengership-20160601-035047-14,train,10.000,15.000,32000,a096d5adb0f3e91e4b529c2a1eab4104386318f9825cc05a39470d410e2f4cba
passengership-14-000015000ms,Passengership/14.wav,Passengership,1,QUEEN OF,queen of,Passengership-20160601-035047-14,train,15.000,20.000,32000,a096d5adb0f3e91e4b529c2a1eab4104386318f9825cc05a39470d410e2f4cba
passengership-14-000020000ms,Passengership/14.wav,Passengership,1,QUEEN OF,queen of,Passengership-20160601-035047-14,train,20.000,25.000,32000,a096d5adb0f3e91e4b529c2a1eab4104386318f9825cc05a39470d410e2f4cba
passengership-14-000025000ms,Passengership/14.wav,Passengership,1,QUEEN OF,queen of,Passengership-20160601-035047-14,train,25.000,30.000,32000,a096d5adb0f3e91e4b529c2a1eab4104386318f9825cc05a39470d410e2f4cba
passengership-14-000030000ms,Passengership/14.wav,Passengership,1,QUEEN OF,queen of,Passengership-20160601-035047-14,train,30.000,35.000,32000,a096d5adb0f3e91e4b529c2a1eab4104386318f9825cc05a39470d410e2f4cba
passengership-14-000035000ms,Passengership/14.wav,Passengership,1,QUEEN OF,queen of,Passengership-20160601-035047-14,train,35.000,40.000,32000,a096d5adb0f3e91e4b529c2a1eab4104386318f9825cc05a39470d410e2f4cba
passengership-14-000040000ms,Passengership/14.wav,Passengership,1,QUEEN OF,queen of,Passengership-20160601-035047-14,train,40.000,45.000,32000,a096d5adb0f3e91e4b529c2a1eab4104386318f9825cc05a39470d410e2f4cba
passengership-16-000000000ms,Passengership/16.wav,Passengership,1,MALASPINA,malaspina,Passengership-20160604-040249-16,test,0.000,5.000,32000,a096d5adb0f3e91e4b529c2a1eab4104386318f9825cc05a39470d410e2f4cba
passengership-16-000005000ms,Passengership/16.wav,Passengership,1,MALASPINA,malaspina,Passengership-20160604-040249-16,test,5.000,10.000,32000,a096d5adb0f3e91e4b529c2a1eab4104386318f9825cc05a39470d410e2f4cba
passengership-17-000000000ms,Passengership/17.wav,Passengership,1,COASTAL RENAISSANCE,coastal renaissance,Passengership-20160606-153056-17,train,0.000,5.000,32000,a096d5adb0f3e91e4b529c2a1eab4104386318f9825cc05a39470d410e2f4cba
passengership-17-000005000ms,Passengership/17.wav,Passengership,1,COASTAL RENAISSANCE,coastal renaissance,Passengership-20160606-153056-17,train,5.000,10.000,32000,a096d5adb0f3e91e4b529c2a1eab4104386318f9825cc05a39470d410e2f4cba
passengership-17-000010000ms,Passengership/17.wav,Passengership,1,COASTAL RENAISSANCE,coastal renaissance,Passengership-20160606-153056-17,train,10.000,15.000,32000,a096d5adb0f3e91e4b529c2a1eab4104386318f9825cc05a39470d410e2f4cba
passengership-17-000015000ms,Passengership/17.wav,Passengership,1,COASTAL RENAISSANCE,coastal renaissance,Passengership-20160606-153056-17,train,15.000,20.000,32000,a096d5adb0f3e91e4b529c2a1eab4104386318f9825cc05a39470d410e2f4cba
passengership-17-000020000ms,Passengership/17.wav,Passengership,1,COASTAL RENAISSANCE,coastal renaissance,Passengership-20160606-153056-17,train,20.000,25.000,32000,a096d5adb0f3e91e4b529c2a1eab4104386318f9825cc05a39470d410e2f4cba
passengership-23-000000000ms,Passengership/23.wav,Passengership,1,BOWEN QUEEN,bowen queen,Passengership-20160629-135115-23,train,0.000,5.000,32000,a096d5adb0f3e91e4b529c2a1eab4104386318f9825cc05a39470d410e2f4cba
passengership-23-000005000ms,Passengership/23.wav,Passengership,1,BOWEN QUEEN,bowen queen,Passengership-20160629-135115-23,train,5.000,10.000,32000,a096d5adb0f3e91e4b529c2a1eab4104386318f9825cc05a39470d410e2f4cba
passengership-23-000010000ms,Passengership/23.wav,Passengership,1,BOWEN QUEEN,bowen queen,Passengership-20160629-135115-23,train,10.000,15.000,32000,a096d5adb0f3e91e4b529c2a1eab4104386318f9825cc05a39470d410e2f4cba
passengership-23-000015000ms,Passengership/23.wav,Passengership,1,BOWEN QUEEN,bowen queen,Passengership-20160629-135115-23,train,15.000,20.000,32000,a096d5adb0f3e91e4b529c2a1eab4104386318f9825cc05a39470d410e2f4cba
passengership-23-000020000ms,Passengership/23.wav,Passengership,1,BOWEN QUEEN,bowen queen,Passengership-20160629-135115-23,train,20.000,25.000,32000,a096d5adb0f3e91e4b529c2a1eab4104386318f9825cc05a39470d410e2f4cba
passengership-23-000025000ms,Passengership/23.wav,Passengership,1,BOWEN QUEEN,bowen queen,Passengership-20160629-135115-23,train,25.000,30.000,32000,a096d5adb0f3e91e4b529c2a1eab4104386318f9825cc05a39470d410e2f4cba
passengership-23-000030000ms,Passengership/23.wav,Passengership,1,BOWEN QUEEN,bowen queen,Passengership-20160629-135115-23,train,30.000,35.000,32000,a096d5adb0f3e91e4b529c2a1eab4104386318f9825cc05a39470d410e2f4cba
passengership-23-000035000ms,Passengership/23.wav,Passengership,1,BOWEN QUEEN,bowen queen,Passengership-20160629-135115-23,train,35.000,40.000,32000,a096d5adb0f3e91e4b529c2a1eab4104386318f9825cc05a39470d410e2f4cba
passengership-23-000040000ms,Passengership/23.wav,Passengership,1,BOWEN QUEEN,bowen queen,Passengership-20160629-135115-23,train,40.000,45.000,32000,a096d5adb0f3e91e4b529c2a1eab4104386318f9825cc05a39470d410e2f4cba
passengership-23-000045000ms,Passengership/23.wav,Passengership,1,BOWEN QUEEN,bowen queen,Passengership-20160629-135115-23,train,45.000,50.000,32000,a096d5adb0f3e91e4b529c2a1eab4104386318f9825cc05a39470d410e2f4cba
passengership-23-000050000ms,Passengership/23.wav,Passengership,1,BOWEN QUEEN,bowen queen,Passengership-20160629-135115-23,train,50.000,55.000,32000,a096d5adb0f3e91e4b529c2a1eab4104386318f9825cc05a39470d410e2f4cba
passengership-23-000055000ms,Passengership/23.wav,Passengership,1,BOWEN QUEEN,bowen queen,Passengership-20160629-135115-23,train,55.000,60.000,32000,a096d5adb0f3e91e4b529c2a1eab4104386318f9825cc05a39470d410e2f4cba
passengership-23-000060000ms,Passengership/23.wav,Passengership,1,BOWEN QUEEN,bowen queen,Passengership-20160629-135115-23,train,60.000,65.000,32000,a096d5adb0f3e91e4b529c2a1eab4104386318f9825cc05a39470d410e2f4cba
passengership-23-000065000ms,Passengership/23.wav,Passengership,1,BOWEN QUEEN,bowen queen,Passengership-20160629-135115-23,train,65.000,70.000,32000,a096d5adb0f3e91e4b529c2a1eab4104386318f9825cc05a39470d410e2f4cba
passengership-23-000070000ms,Passengership/23.wav,Passengership,1,BOWEN QUEEN,bowen queen,Passengership-20160629-135115-23,train,70.000,75.000,32000,a096d5adb0f3e91e4b529c2a1eab4104386318f9825cc05a39470d410e2f4cba
passengership-23-000075000ms,Passengership/23.wav,Passengership,1,BOWEN QUEEN,bowen queen,Passengership-20160629-135115-23,train,75.000,80.000,32000,a096d5adb0f3e91e4b529c2a1eab4104386318f9825cc05a39470d410e2f4cba
passengership-23-000080000ms,Passengership/23.wav,Passengership,1,BOWEN QUEEN,bowen queen,Passengership-20160629-135115-23,train,80.000,85.000,32000,a096d5adb0f3e91e4b529c2a1eab4104386318f9825cc05a39470d410e2f4cba
passengership-23-000085000ms,Passengership/23.wav,Passengership,1,BOWEN QUEEN,bowen queen,Passengership-20160629-135115-23,train,85.000,90.000,32000,a096d5adb0f3e91e4b529c2a1eab4104386318f9825cc05a39470d410e2f4cba
passengership-23-000090000ms,Passengership/23.wav,Passengership,1,BOWEN QUEEN,bowen queen,Passengership-20160629-135115-23,train,90.000,95.000,32000,a096d5adb0f3e91e4b529c2a1eab4104386318f9825cc05a39470d410e2f4cba
passengership-23-000095000ms,Passengership/23.wav,Passengership,1,BOWEN QUEEN,bowen queen,Passengership-20160629-135115-23,train,95.000,100.000,32000,a096d5adb0f3e91e4b529c2a1eab4104386318f9825cc05a39470d410e2f4cba
passengership-23-000100000ms,Passengership/23.wav,Passengership,1,BOWEN QUEEN,bowen queen,Passengership-20160629-135115-23,train,100.000,105.000,32000,a096d5adb0f3e91e4b529c2a1eab4104386318f9825cc05a39470d410e2f4cba
passengership-23-000105000ms,Passengership/23.wav,Passengership,1,BOWEN QUEEN,bowen queen,Passengership-20160629-135115-23,train,105.000,110.000,32000,a096d5adb0f3e91e4b529c2a1eab4104386318f9825cc05a39470d410e2f4cba
passengership-23-000110000ms,Passengership/23.wav,Passengership,1,BOWEN QUEEN,bowen queen,Passengership-20160629-135115-23,train,110.000,115.000,32000,a096d5adb0f3e91e4b529c2a1eab4104386318f9825cc05a39470d410e2f4cba
passengership-23-000115000ms,Passengership/23.wav,Passengership,1,BOWEN QUEEN,bowen queen,Passengership-20160629-135115-23,train,115.000,120.000,32000,a096d5adb0f3e91e4b529c2a1eab4104386318f9825cc05a39470d410e2f4cba
passengership-23-000120000ms,Passengership/23.wav,Passengership,1,BOWEN QUEEN,bowen queen,Passengership-20160629-135115-23,train,120.000,125.000,32000,a096d5adb0f3e91e4b529c2a1eab4104386318f9825cc05a39470d410e2f4cba
passengership-23-000125000ms,Passengership/23.wav,Passengership,1,BOWEN QUEEN,bowen queen,Passengership-20160629-135115-23,train,125.000,130.000,32000,a096d5adb0f3e91e4b529c2a1eab4104386318f9825cc05a39470d410e2f4cba
passengership-27-000000000ms,Passengership/27.wav,Passengership,1,KENNICOTT,kennicott,Passengership-20160724-035758-27,train,0.000,5.000,32000,a096d5adb0f3e91e4b529c2a1eab4104386318f9825cc05a39470d410e2f4cba
passengership-27-000005000ms,Passengership/27.wav,Passengership,1,KENNICOTT,kennicott,Passengership-20160724-035758-27,train,5.000,10.000,32000,a096d5adb0f3e91e4b529c2a1eab4104386318f9825cc05a39470d410e2f4cba
passengership-27-000010000ms,Passengership/27.wav,Passengership,1,KENNICOTT,kennicott,Passengership-20160724-035758-27,train,10.000,15.000,32000,a096d5adb0f3e91e4b529c2a1eab4104386318f9825cc05a39470d410e2f4cba
passengership-27-000015000ms,Passengership/27.wav,Passengership,1,KENNICOTT,kennicott,Passengership-20160724-035758-27,train,15.000,20.000,32000,a096d5adb0f3e91e4b529c2a1eab4104386318f9825cc05a39470d410e2f4cba
passengership-27-000020000ms,Passengership/27.wav,Passengership,1,KENNICOTT,kennicott,Passengership-20160724-035758-27,train,20.000,25.000,32000,a096d5adb0f3e91e4b529c2a1eab4104386318f9825cc05a39470d410e2f4cba
passengership-27-000025000ms,Passengership/27.wav,Passengership,1,KENNICOTT,kennicott,Passengership-20160724-035758-27,train,25.000,30.000,32000,a096d5adb0f3e91e4b529c2a1eab4104386318f9825cc05a39470d410e2f4cba
passengership-29-000000000ms,Passengership/29.wav,Passengership,1,CRYSTAL SERENITY,crystal serenity,Passengership-20160727-111808-29,validation,0.000,5.000,32000,a096d5adb0f3e91e4b529c2a1eab4104386318f9825cc05a39470d410e2f4cba
passengership-29-000005000ms,Passengership/29.wav,Passengership,1,CRYSTAL SERENITY,crystal serenity,Passengership-20160727-111808-29,validation,5.000,10.000,32000,a096d5adb0f3e91e4b529c2a1eab4104386318f9825cc05a39470d410e2f4cba
passengership-29-000010000ms,Passengership/29.wav,Passengership,1,CRYSTAL SERENITY,crystal serenity,Passengership-20160727-111808-29,validation,10.000,15.000,32000,a096d5adb0f3e91e4b529c2a1eab4104386318f9825cc05a39470d410e2f4cba
passengership-29-000015000ms,Passengership/29.wav,Passengership,1,CRYSTAL SERENITY,crystal serenity,Passengership-20160727-111808-29,validation,15.000,20.000,32000,a096d5adb0f3e91e4b529c2a1eab4104386318f9825cc05a39470d410e2f4cba
passengership-29-000020000ms,Passengership/29.wav,Passengership,1,CRYSTAL SERENITY,crystal serenity,Passengership-20160727-111808-29,validation,20.000,25.000,32000,a096d5adb0f3e91e4b529c2a1eab4104386318f9825cc05a39470d410e2f4cba
passengership-29-000025000ms,Passengership/29.wav,Passengership,1,CRYSTAL SERENITY,crystal serenity,Passengership-20160727-111808-29,validation,25.000,30.000,32000,a096d5adb0f3e91e4b529c2a1eab4104386318f9825cc05a39470d410e2f4cba
passengership-29-000030000ms,Passengership/29.wav,Passengership,1,CRYSTAL SERENITY,crystal serenity,Passengership-20160727-111808-29,validation,30.000,35.000,32000,a096d5adb0f3e91e4b529c2a1eab4104386318f9825cc05a39470d410e2f4cba
passengership-30-000000000ms,Passengership/30.wav,Passengership,1,COLUMBIA,columbia,Passengership-20160806-035410-30,train,0.000,5.000,32000,a096d5adb0f3e91e4b529c2a1eab4104386318f9825cc05a39470d410e2f4cba
passengership-31-000000000ms,Passengership/31.wav,Passengership,1,KENNICOTT,kennicott,Passengership-20160807-043508-31,train,0.000,5.000,32000,a096d5adb0f3e91e4b529c2a1eab4104386318f9825cc05a39470d410e2f4cba
passengership-31-000005000ms,Passengership/31.wav,Passengership,1,KENNICOTT,kennicott,Passengership-20160807-043508-31,train,5.000,10.000,32000,a096d5adb0f3e91e4b529c2a1eab4104386318f9825cc05a39470d410e2f4cba
passengership-31-000010000ms,Passengership/31.wav,Passengership,1,KENNICOTT,kennicott,Passengership-20160807-043508-31,train,10.000,15.000,32000,a096d5adb0f3e91e4b529c2a1eab4104386318f9825cc05a39470d410e2f4cba
passengership-32-000000000ms,Passengership/32.wav,Passengership,1,COLUMBIA,columbia,Passengership-20160813-040611-32,train,0.000,5.000,32000,a096d5adb0f3e91e4b529c2a1eab4104386318f9825cc05a39470d410e2f4cba
passengership-32-000005000ms,Passengership/32.wav,Passengership,1,COLUMBIA,columbia,Passengership-20160813-040611-32,train,5.000,10.000,32000,a096d5adb0f3e91e4b529c2a1eab4104386318f9825cc05a39470d410e2f4cba
passengership-32-000010000ms,Passengership/32.wav,Passengership,1,COLUMBIA,columbia,Passengership-20160813-040611-32,train,10.000,15.000,32000,a096d5adb0f3e91e4b529c2a1eab4104386318f9825cc05a39470d410e2f4cba
passengership-32-000015000ms,Passengership/32.wav,Passengership,1,COLUMBIA,columbia,Passengership-20160813-040611-32,train,15.000,20.000,32000,a096d5adb0f3e91e4b529c2a1eab4104386318f9825cc05a39470d410e2f4cba
passengership-32-000020000ms,Passengership/32.wav,Passengership,1,COLUMBIA,columbia,Passengership-20160813-040611-32,train,20.000,25.000,32000,a096d5adb0f3e91e4b529c2a1eab4104386318f9825cc05a39470d410e2f4cba
passengership-32-000025000ms,Passengership/32.wav,Passengership,1,COLUMBIA,columbia,Passengership-20160813-040611-32,train,25.000,30.000,32000,a096d5adb0f3e91e4b529c2a1eab4104386318f9825cc05a39470d410e2f4cba
passengership-32-000030000ms,Passengership/32.wav,Passengership,1,COLUMBIA,columbia,Passengership-20160813-040611-32,train,30.000,35.000,32000,a096d5adb0f3e91e4b529c2a1eab4104386318f9825cc05a39470d410e2f4cba
passengership-32-000035000ms,Passengership/32.wav,Passengership,1,COLUMBIA,columbia,Passengership-20160813-040611-32,train,35.000,40.000,32000,a096d5adb0f3e91e4b529c2a1eab4104386318f9825cc05a39470d410e2f4cba
passengership-32-000040000ms,Passengership/32.wav,Passengership,1,COLUMBIA,columbia,Passengership-20160813-040611-32,train,40.000,45.000,32000,a096d5adb0f3e91e4b529c2a1eab4104386318f9825cc05a39470d410e2f4cba
passengership-32-000045000ms,Passengership/32.wav,Passengership,1,COLUMBIA,columbia,Passengership-20160813-040611-32,train,45.000,50.000,32000,a096d5adb0f3e91e4b529c2a1eab4104386318f9825cc05a39470d410e2f4cba
passengership-33-000000000ms,Passengership/33.wav,Passengership,1,COASTAL INSPIRATION,coastal inspiration,Passengership-20160820-202935-33,train,0.000,5.000,32000,a096d5adb0f3e91e4b529c2a1eab4104386318f9825cc05a39470d410e2f4cba
passengership-33-000005000ms,Passengership/33.wav,Passengership,1,COASTAL INSPIRATION,coastal inspiration,Passengership-20160820-202935-33,train,5.000,10.000,32000,a096d5adb0f3e91e4b529c2a1eab4104386318f9825cc05a39470d410e2f4cba
passengership-33-000010000ms,Passengership/33.wav,Passengership,1,COASTAL INSPIRATION,coastal inspiration,Passengership-20160820-202935-33,train,10.000,15.000,32000,a096d5adb0f3e91e4b529c2a1eab4104386318f9825cc05a39470d410e2f4cba
passengership-33-000015000ms,Passengership/33.wav,Passengership,1,COASTAL INSPIRATION,coastal inspiration,Passengership-20160820-202935-33,train,15.000,20.000,32000,a096d5adb0f3e91e4b529c2a1eab4104386318f9825cc05a39470d410e2f4cba
passengership-33-000020000ms,Passengership/33.wav,Passengership,1,COASTAL INSPIRATION,coastal inspiration,Passengership-20160820-202935-33,train,20.000,25.000,32000,a096d5adb0f3e91e4b529c2a1eab4104386318f9825cc05a39470d410e2f4cba
passengership-33-000025000ms,Passengership/33.wav,Passengership,1,COASTAL INSPIRATION,coastal inspiration,Passengership-20160820-202935-33,train,25.000,30.000,32000,a096d5adb0f3e91e4b529c2a1eab4104386318f9825cc05a39470d410e2f4cba
passengership-33-000030000ms,Passengership/33.wav,Passengership,1,COASTAL INSPIRATION,coastal inspiration,Passengership-20160820-202935-33,train,30.000,35.000,32000,a096d5adb0f3e91e4b529c2a1eab4104386318f9825cc05a39470d410e2f4cba
passengership-33-000035000ms,Passengership/33.wav,Passengership,1,COASTAL INSPIRATION,coastal inspiration,Passengership-20160820-202935-33,train,35.000,40.000,32000,a096d5adb0f3e91e4b529c2a1eab4104386318f9825cc05a39470d410e2f4cba
passengership-33-000040000ms,Passengership/33.wav,Passengership,1,COASTAL INSPIRATION,coastal inspiration,Passengership-20160820-202935-33,train,40.000,45.000,32000,a096d5adb0f3e91e4b529c2a1eab4104386318f9825cc05a39470d410e2f4cba
passengership-33-000045000ms,Passengership/33.wav,Passengership,1,COASTAL INSPIRATION,coastal inspiration,Passengership-20160820-202935-33,train,45.000,50.000,32000,a096d5adb0f3e91e4b529c2a1eab4104386318f9825cc05a39470d410e2f4cba
passengership-33-000050000ms,Passengership/33.wav,Passengership,1,COASTAL INSPIRATION,coastal inspiration,Passengership-20160820-202935-33,train,50.000,55.000,32000,a096d5adb0f3e91e4b529c2a1eab4104386318f9825cc05a39470d410e2f4cba
passengership-33-000055000ms,Passengership/33.wav,Passengership,1,COASTAL INSPIRATION,coastal inspiration,Passengership-20160820-202935-33,train,55.000,60.000,32000,a096d5adb0f3e91e4b529c2a1eab4104386318f9825cc05a39470d410e2f4cba
passengership-33-000060000ms,Passengership/33.wav,Passengership,1,COASTAL INSPIRATION,coastal inspiration,Passengership-20160820-202935-33,train,60.000,65.000,32000,a096d5adb0f3e91e4b529c2a1eab4104386318f9825cc05a39470d410e2f4cba
passengership-33-000065000ms,Passengership/33.wav,Passengership,1,COASTAL INSPIRATION,coastal inspiration,Passengership-20160820-202935-33,train,65.000,70.000,32000,a096d5adb0f3e91e4b529c2a1eab4104386318f9825cc05a39470d410e2f4cba
passengership-33-000070000ms,Passengership/33.wav,Passengership,1,COASTAL INSPIRATION,coastal inspiration,Passengership-20160820-202935-33,train,70.000,75.000,32000,a096d5adb0f3e91e4b529c2a1eab4104386318f9825cc05a39470d410e2f4cba
passengership-33-000075000ms,Passengership/33.wav,Passengership,1,COASTAL INSPIRATION,coastal inspiration,Passengership-20160820-202935-33,train,75.000,80.000,32000,a096d5adb0f3e91e4b529c2a1eab4104386318f9825cc05a39470d410e2f4cba
passengership-33-000080000ms,Passengership/33.wav,Passengership,1,COASTAL INSPIRATION,coastal inspiration,Passengership-20160820-202935-33,train,80.000,85.000,32000,a096d5adb0f3e91e4b529c2a1eab4104386318f9825cc05a39470d410e2f4cba
passengership-33-000085000ms,Passengership/33.wav,Passengership,1,COASTAL INSPIRATION,coastal inspiration,Passengership-20160820-202935-33,train,85.000,90.000,32000,a096d5adb0f3e91e4b529c2a1eab4104386318f9825cc05a39470d410e2f4cba
passengership-33-000090000ms,Passengership/33.wav,Passengership,1,COASTAL INSPIRATION,coastal inspiration,Passengership-20160820-202935-33,train,90.000,95.000,32000,a096d5adb0f3e91e4b529c2a1eab4104386318f9825cc05a39470d410e2f4cba
passengership-33-000095000ms,Passengership/33.wav,Passengership,1,COASTAL INSPIRATION,coastal inspiration,Passengership-20160820-202935-33,train,95.000,100.000,32000,a096d5adb0f3e91e4b529c2a1eab4104386318f9825cc05a39470d410e2f4cba
passengership-33-000100000ms,Passengership/33.wav,Passengership,1,COASTAL INSPIRATION,coastal inspiration,Passengership-20160820-202935-33,train,100.000,105.000,32000,a096d5adb0f3e91e4b529c2a1eab4104386318f9825cc05a39470d410e2f4cba
passengership-33-000105000ms,Passengership/33.wav,Passengership,1,COASTAL INSPIRATION,coastal inspiration,Passengership-20160820-202935-33,train,105.000,110.000,32000,a096d5adb0f3e91e4b529c2a1eab4104386318f9825cc05a39470d410e2f4cba
passengership-37-000000000ms,Passengership/37.wav,Passengership,1,COLUMBIA,columbia,Passengership-20160827-043733-37,train,0.000,5.000,32000,a096d5adb0f3e91e4b529c2a1eab4104386318f9825cc05a39470d410e2f4cba
passengership-37-000005000ms,Passengership/37.wav,Passengership,1,COLUMBIA,columbia,Passengership-20160827-043733-37,train,5.000,10.000,32000,a096d5adb0f3e91e4b529c2a1eab4104386318f9825cc05a39470d410e2f4cba
passengership-37-000010000ms,Passengership/37.wav,Passengership,1,COLUMBIA,columbia,Passengership-20160827-043733-37,train,10.000,15.000,32000,a096d5adb0f3e91e4b529c2a1eab4104386318f9825cc05a39470d410e2f4cba
passengership-37-000015000ms,Passengership/37.wav,Passengership,1,COLUMBIA,columbia,Passengership-20160827-043733-37,train,15.000,20.000,32000,a096d5adb0f3e91e4b529c2a1eab4104386318f9825cc05a39470d410e2f4cba
passengership-37-000020000ms,Passengership/37.wav,Passengership,1,COLUMBIA,columbia,Passengership-20160827-043733-37,train,20.000,25.000,32000,a096d5adb0f3e91e4b529c2a1eab4104386318f9825cc05a39470d410e2f4cba
passengership-37-000025000ms,Passengership/37.wav,Passengership,1,COLUMBIA,columbia,Passengership-20160827-043733-37,train,25.000,30.000,32000,a096d5adb0f3e91e4b529c2a1eab4104386318f9825cc05a39470d410e2f4cba
passengership-37-000030000ms,Passengership/37.wav,Passengership,1,COLUMBIA,columbia,Passengership-20160827-043733-37,train,30.000,35.000,32000,a096d5adb0f3e91e4b529c2a1eab4104386318f9825cc05a39470d410e2f4cba
passengership-37-000035000ms,Passengership/37.wav,Passengership,1,COLUMBIA,columbia,Passengership-20160827-043733-37,train,35.000,40.000,32000,a096d5adb0f3e91e4b529c2a1eab4104386318f9825cc05a39470d410e2f4cba
passengership-37-000040000ms,Passengership/37.wav,Passengership,1,COLUMBIA,columbia,Passengership-20160827-043733-37,train,40.000,45.000,32000,a096d5adb0f3e91e4b529c2a1eab4104386318f9825cc05a39470d410e2f4cba
passengership-37-000045000ms,Passengership/37.wav,Passengership,1,COLUMBIA,columbia,Passengership-20160827-043733-37,train,45.000,50.000,32000,a096d5adb0f3e91e4b529c2a1eab4104386318f9825cc05a39470d410e2f4cba
passengership-37-000050000ms,Passengership/37.wav,Passengership,1,COLUMBIA,columbia,Passengership-20160827-043733-37,train,50.000,55.000,32000,a096d5adb0f3e91e4b529c2a1eab4104386318f9825cc05a39470d410e2f4cba
passengership-37-000055000ms,Passengership/37.wav,Passengership,1,COLUMBIA,columbia,Passengership-20160827-043733-37,train,55.000,60.000,32000,a096d5adb0f3e91e4b529c2a1eab4104386318f9825cc05a39470d410e2f4cba
passengership-37-000060000ms,Passengership/37.wav,Passengership,1,COLUMBIA,columbia,Passengership-20160827-043733-37,train,60.000,65.000,32000,a096d5adb0f3e91e4b529c2a1eab4104386318f9825cc05a39470d410e2f4cba
passengership-37-000065000ms,Passengership/37.wav,Passengership,1,COLUMBIA,columbia,Passengership-20160827-043733-37,train,65.000,70.000,32000,a096d5adb0f3e91e4b529c2a1eab4104386318f9825cc05a39470d410e2f4cba
passengership-37-000070000ms,Passengership/37.wav,Passengership,1,COLUMBIA,columbia,Passengership-20160827-043733-37,train,70.000,75.000,32000,a096d5adb0f3e91e4b529c2a1eab4104386318f9825cc05a39470d410e2f4cba
passengership-37-000075000ms,Passengership/37.wav,Passengership,1,COLUMBIA,columbia,Passengership-20160827-043733-37,train,75.000,80.000,32000,a096d5adb0f3e91e4b529c2a1eab4104386318f9825cc05a39470d410e2f4cba
passengership-37-000080000ms,Passengership/37.wav,Passengership,1,COLUMBIA,columbia,Passengership-20160827-043733-37,train,80.000,85.000,32000,a096d5adb0f3e91e4b529c2a1eab4104386318f9825cc05a39470d410e2f4cba
passengership-37-000085000ms,Passengership/37.wav,Passengership,1,COLUMBIA,columbia,Passengership-20160827-043733-37,train,85.000,90.000,32000,a096d5adb0f3e91e4b529c2a1eab4104386318f9825cc05a39470d410e2f4cba
passengership-37-000090000ms,Passengership/37.wav,Passengership,1,COLUMBIA,columbia,Passengership-20160827-043733-37,train,90.000,95.000,32000,a096d5adb0f3e91e4b529c2a1eab4104386318f9825cc05a39470d410e2f4cba
passengership-37-000095000ms,Passengership/37.wav,Passengership,1,COLUMBIA,columbia,Passengership-20160827-043733-37,train,95.000,100.000,32000,a096d5adb0f3e91e4b529c2a1eab4104386318f9825cc05a39470d410e2f4cba
passengership-37-000100000ms,Passengership/37.wav,Passengership,1,COLUMBIA,columbia,Passengership-20160827-043733-37,train,100.000,105.000,32000,a096d5adb0f3e91e4b529c2a1eab4104386318f9825cc05a39470d410e2f4cba
passengership-37-000105000ms,Passengership/37.wav,Passengership,1,COLUMBIA,columbia,Passengership-20160827-043733-37,train,105.000,110.000,32000,a096d5adb0f3e91e4b529c2a1eab4104386318f9825cc05a39470d410e2f4cba
passengership-37-000110000ms,Passengership/37.wav,Passengership,1,COLUMBIA,columbia,Passengership-20160827-043733-37,train,110.000,115.000,32000,a096d5adb0f3e91e4b529c2a1eab4104386318f9825cc05a39470d410e2f4cba
passengership-37-000115000ms,Passengership/37.wav,Passengership,1,COLUMBIA,columbia,Passengership-20160827-043733-37,train,115.000,120.000,32000,a096d5adb0f3e91e4b529c2a1eab4104386318f9825cc05a39470d410e2f4cba
passengership-37-000120000ms,Passengership/37.wav,Passengership,1,COLUMBIA,columbia,Passengership-20160827-043733-37,train,120.000,125.000,32000,a096d5adb0f3e91e4b529c2a1eab4104386318f9825cc05a39470d410e2f4cba
passengership-37-000125000ms,Passengership/37.wav,Passengership,1,COLUMBIA,columbia,Passengership-20160827-043733-37,train,125.000,130.000,32000,a096d5adb0f3e91e4b529c2a1eab4104386318f9825cc05a39470d410e2f4cba
passengership-37-000130000ms,Passengership/37.wav,Passengership,1,COLUMBIA,columbia,Passengership-20160827-043733-37,train,130.000,135.000,32000,a096d5adb0f3e91e4b529c2a1eab4104386318f9825cc05a39470d410e2f4cba
passengership-37-000135000ms,Passengership/37.wav,Passengership,1,COLUMBIA,columbia,Passengership-20160827-043733-37,train,135.000,140.000,32000,a096d5adb0f3e91e4b529c2a1eab4104386318f9825cc05a39470d410e2f4cba
passengership-37-000140000ms,Passengership/37.wav,Passengership,1,COLUMBIA,columbia,Passengership-20160827-043733-37,train,140.000,145.000,32000,a096d5adb0f3e91e4b529c2a1eab4104386318f9825cc05a39470d410e2f4cba
passengership-37-000145000ms,Passengership/37.wav,Passengership,1,COLUMBIA,columbia,Passengership-20160827-043733-37,train,145.000,150.000,32000,a096d5adb0f3e91e4b529c2a1eab4104386318f9825cc05a39470d410e2f4cba
passengership-37-000150000ms,Passengership/37.wav,Passengership,1,COLUMBIA,columbia,Passengership-20160827-043733-37,train,150.000,155.000,32000,a096d5adb0f3e91e4b529c2a1eab4104386318f9825cc05a39470d410e2f4cba
passengership-37-000155000ms,Passengership/37.wav,Passengership,1,COLUMBIA,columbia,Passengership-20160827-043733-37,train,155.000,160.000,32000,a096d5adb0f3e91e4b529c2a1eab4104386318f9825cc05a39470d410e2f4cba
passengership-4-000000000ms,Passengership/4.wav,Passengership,1,MALASPINA,malaspina,Passengership-20160507-043512-4,test,0.000,5.000,32000,a096d5adb0f3e91e4b529c2a1eab4104386318f9825cc05a39470d410e2f4cba
passengership-4-000005000ms,Passengership/4.wav,Passengership,1,MALASPINA,malaspina,Passengership-20160507-043512-4,test,5.000,10.000,32000,a096d5adb0f3e91e4b529c2a1eab4104386318f9825cc05a39470d410e2f4cba
passengership-4-000010000ms,Passengership/4.wav,Passengership,1,MALASPINA,malaspina,Passengership-20160507-043512-4,test,10.000,15.000,32000,a096d5adb0f3e91e4b529c2a1eab4104386318f9825cc05a39470d410e2f4cba
passengership-4-000015000ms,Passengership/4.wav,Passengership,1,MALASPINA,malaspina,Passengership-20160507-043512-4,test,15.000,20.000,32000,a096d5adb0f3e91e4b529c2a1eab4104386318f9825cc05a39470d410e2f4cba
passengership-4-000020000ms,Passengership/4.wav,Passengership,1,MALASPINA,malaspina,Passengership-20160507-043512-4,test,20.000,25.000,32000,a096d5adb0f3e91e4b529c2a1eab4104386318f9825cc05a39470d410e2f4cba
passengership-4-000025000ms,Passengership/4.wav,Passengership,1,MALASPINA,malaspina,Passengership-20160507-043512-4,test,25.000,30.000,32000,a096d5adb0f3e91e4b529c2a1eab4104386318f9825cc05a39470d410e2f4cba
passengership-4-000030000ms,Passengership/4.wav,Passengership,1,MALASPINA,malaspina,Passengership-20160507-043512-4,test,30.000,35.000,32000,a096d5adb0f3e91e4b529c2a1eab4104386318f9825cc05a39470d410e2f4cba
passengership-4-000035000ms,Passengership/4.wav,Passengership,1,MALASPINA,malaspina,Passengership-20160507-043512-4,test,35.000,40.000,32000,a096d5adb0f3e91e4b529c2a1eab4104386318f9825cc05a39470d410e2f4cba
passengership-4-000040000ms,Passengership/4.wav,Passengership,1,MALASPINA,malaspina,Passengership-20160507-043512-4,test,40.000,45.000,32000,a096d5adb0f3e91e4b529c2a1eab4104386318f9825cc05a39470d410e2f4cba
passengership-4-000045000ms,Passengership/4.wav,Passengership,1,MALASPINA,malaspina,Passengership-20160507-043512-4,test,45.000,50.000,32000,a096d5adb0f3e91e4b529c2a1eab4104386318f9825cc05a39470d410e2f4cba
passengership-4-000050000ms,Passengership/4.wav,Passengership,1,MALASPINA,malaspina,Passengership-20160507-043512-4,test,50.000,55.000,32000,a096d5adb0f3e91e4b529c2a1eab4104386318f9825cc05a39470d410e2f4cba
passengership-4-000055000ms,Passengership/4.wav,Passengership,1,MALASPINA,malaspina,Passengership-20160507-043512-4,test,55.000,60.000,32000,a096d5adb0f3e91e4b529c2a1eab4104386318f9825cc05a39470d410e2f4cba
passengership-4-000060000ms,Passengership/4.wav,Passengership,1,MALASPINA,malaspina,Passengership-20160507-043512-4,test,60.000,65.000,32000,a096d5adb0f3e91e4b529c2a1eab4104386318f9825cc05a39470d410e2f4cba
passengership-4-000065000ms,Passengership/4.wav,Passengership,1,MALASPINA,malaspina,Passengership-20160507-043512-4,test,65.000,70.000,32000,a096d5adb0f3e91e4b529c2a1eab4104386318f9825cc05a39470d410e2f4cba
passengership-4-000070000ms,Passengership/4.wav,Passengership,1,MALASPINA,malaspina,Passengership-20160507-043512-4,test,70.000,75.000,32000,a096d5adb0f3e91e4b529c2a1eab4104386318f9825cc05a39470d410e2f4cba
passengership-4-000075000ms,Passengership/4.wav,Passengership,1,MALASPINA,malaspina,Passengership-20160507-043512-4,test,75.000,80.000,32000,a096d5adb0f3e91e4b529c2a1eab4104386318f9825cc05a39470d410e2f4cba
passengership-4-000080000ms,Passengership/4.wav,Passengership,1,MALASPINA,malaspina,Passengership-20160507-043512-4,test,80.000,85.000,32000,a096d5adb0f3e91e4b529c2a1eab4104386318f9825cc05a39470d410e2f4cba
passengership-4-000085000ms,Passengership/4.wav,Passengership,1,MALASPINA,malaspina,Passengership-20160507-043512-4,test,85.000,90.000,32000,a096d5adb0f3e91e4b529c2a1eab4104386318f9825cc05a39470d410e2f4cba
passengership-4-000090000ms,Passengership/4.wav,Passengership,1,MALASPINA,malaspina,Passengership-20160507-043512-4,test,90.000,95.000,32000,a096d5adb0f3e91e4b529c2a1eab4104386318f9825cc05a39470d410e2f4cba
passengership-4-000095000ms,Passengership/4.wav,Passengership,1,MALASPINA,malaspina,Passengership-20160507-043512-4,test,95.000,100.000,32000,a096d5adb0f3e91e4b529c2a1eab4104386318f9825cc05a39470d410e2f4cba
passengership-4-000100000ms,Passengership/4.wav,Passengership,1,MALASPINA,malaspina,Passengership-20160507-043512-4,test,100.000,105.000,32000,a096d5adb0f3e91e4b529c2a1eab4104386318f9825cc05a39470d410e2f4cba
passengership-4-000105000ms,Passengership/4.wav,Passengership,1,MALASPINA,malaspina,Passengership-20160507-043512-4,test,105.000,110.000,32000,a096d5adb0f3e91e4b529c2a1eab4104386318f9825cc05a39470d410e2f4cba
passengership-4-000110000ms,Passengership/4.wav,Passengership,1,MALASPINA,malaspina,Passengership-20160507-043512-4,test,110.000,115.000,32000,a096d5adb0f3e91e4b529c2a1eab4104386318f9825cc05a39470d410e2f4cba
passengership-4-000115000ms,Passengership/4.wav,Passengership,1,MALASPINA,malaspina,Passengership-20160507-043512-4,test,115.000,120.000,32000,a096d5adb0f3e91e4b529c2a1eab4104386318f9825cc05a39470d410e2f4cba
passengership-4-000120000ms,Passengership/4.wav,Passengership,1,MALASPINA,malaspina,Passengership-20160507-043512-4,test,120.000,125.000,32000,a096d5adb0f3e91e4b529c2a1eab4104386318f9825cc05a39470d410e2f4cba
passengership-4-000125000ms,Passengership/4.wav,Passengership,1,MALASPINA,malaspina,Passengership-20160507-043512-4,test,125.000,130.000,32000,a096d5adb0f3e91e4b529c2a1eab4104386318f9825cc05a39470d410e2f4cba
passengership-4-000130000ms,Passengership/4.wav,Passengership,1,MALASPINA,malaspina,Passengership-20160507-043512-4,test,130.000,135.000,32000,a096d5adb0f3e91e4b529c2a1eab4104386318f9825cc05a39470d410e2f4cba
passengership-4-000135000ms,Passengership/4.wav,Passengership,1,MALASPINA,malaspina,Passengership-20160507-043512-4,test,135.000,140.000,32000,a096d5adb0f3e91e4b529c2a1eab4104386318f9825cc05a39470d410e2f4cba
passengership-4-000140000ms,Passengership/4.wav,Passengership,1,MALASPINA,malaspina,Passengership-20160507-043512-4,test,140.000,145.000,32000,a096d5adb0f3e91e4b529c2a1eab4104386318f9825cc05a39470d410e2f4cba
passengership-4-000145000ms,Passengership/4.wav,Passengership,1,MALASPINA,malaspina,Passengership-20160507-043512-4,test,145.000,150.000,32000,a096d5adb0f3e91e4b529c2a1eab4104386318f9825cc05a39470d410e2f4cba
passengership-4-000150000ms,Passengership/4.wav,Passengership,1,MALASPINA,malaspina,Passengership-20160507-043512-4,test,150.000,155.000,32000,a096d5adb0f3e91e4b529c2a1eab4104386318f9825cc05a39470d410e2f4cba
passengership-4-000155000ms,Passengership/4.wav,Passengership,1,MALASPINA,malaspina,Passengership-20160507-043512-4,test,155.000,160.000,32000,a096d5adb0f3e91e4b529c2a1eab4104386318f9825cc05a39470d410e2f4cba
passengership-4-000160000ms,Passengership/4.wav,Passengership,1,MALASPINA,malaspina,Passengership-20160507-043512-4,test,160.000,165.000,32000,a096d5adb0f3e91e4b529c2a1eab4104386318f9825cc05a39470d410e2f4cba
passengership-4-000165000ms,Passengership/4.wav,Passengership,1,MALASPINA,malaspina,Passengership-20160507-043512-4,test,165.000,170.000,32000,a096d5adb0f3e91e4b529c2a1eab4104386318f9825cc05a39470d410e2f4cba
passengership-4-000170000ms,Passengership/4.wav,Passengership,1,MALASPINA,malaspina,Passengership-20160507-043512-4,test,170.000,175.000,32000,a096d5adb0f3e91e4b529c2a1eab4104386318f9825cc05a39470d410e2f4cba
passengership-4-000175000ms,Passengership/4.wav,Passengership,1,MALASPINA,malaspina,Passengership-20160507-043512-4,test,175.000,180.000,32000,a096d5adb0f3e91e4b529c2a1eab4104386318f9825cc05a39470d410e2f4cba
passengership-4-000180000ms,Passengership/4.wav,Passengership,1,MALASPINA,malaspina,Passengership-20160507-043512-4,test,180.000,185.000,32000,a096d5adb0f3e91e4b529c2a1eab4104386318f9825cc05a39470d410e2f4cba
passengership-4-000185000ms,Passengership/4.wav,Passengership,1,MALASPINA,malaspina,Passengership-20160507-043512-4,test,185.000,190.000,32000,a096d5adb0f3e91e4b529c2a1eab4104386318f9825cc05a39470d410e2f4cba
passengership-4-000190000ms,Passengership/4.wav,Passengership,1,MALASPINA,malaspina,Passengership-20160507-043512-4,test,190.000,195.000,32000,a096d5adb0f3e91e4b529c2a1eab4104386318f9825cc05a39470d410e2f4cba
passengership-4-000195000ms,Passengership/4.wav,Passengership,1,MALASPINA,malaspina,Passengership-20160507-043512-4,test,195.000,200.000,32000,a096d5adb0f3e91e4b529c2a1eab4104386318f9825cc05a39470d410e2f4cba
passengership-41-000000000ms,Passengership/41.wav,Passengership,1,CELEBRITY SOLSTICE,celebrity solstice,Passengership-20160909-114625-41,train,0.000,5.000,32000,a096d5adb0f3e91e4b529c2a1eab4104386318f9825cc05a39470d410e2f4cba
passengership-41-000005000ms,Passengership/41.wav,Passengership,1,CELEBRITY SOLSTICE,celebrity solstice,Passengership-20160909-114625-41,train,5.000,10.000,32000,a096d5adb0f3e91e4b529c2a1eab4104386318f9825cc05a39470d410e2f4cba
passengership-41-000010000ms,Passengership/41.wav,Passengership,1,CELEBRITY SOLSTICE,celebrity solstice,Passengership-20160909-114625-41,train,10.000,15.000,32000,a096d5adb0f3e91e4b529c2a1eab4104386318f9825cc05a39470d410e2f4cba
passengership-41-000015000ms,Passengership/41.wav,Passengership,1,CELEBRITY SOLSTICE,celebrity solstice,Passengership-20160909-114625-41,train,15.000,20.000,32000,a096d5adb0f3e91e4b529c2a1eab4104386318f9825cc05a39470d410e2f4cba
passengership-5-000000000ms,Passengership/5.wav,Passengership,1,RUBY PRINCESS,ruby princess,Passengership-20160507-115325-5,train,0.000,5.000,32000,a096d5adb0f3e91e4b529c2a1eab4104386318f9825cc05a39470d410e2f4cba
passengership-5-000005000ms,Passengership/5.wav,Passengership,1,RUBY PRINCESS,ruby princess,Passengership-20160507-115325-5,train,5.000,10.000,32000,a096d5adb0f3e91e4b529c2a1eab4104386318f9825cc05a39470d410e2f4cba
passengership-50-000000000ms,Passengership/50.wav,Passengership,1,COASTAL INSPIRATION,coastal inspiration,Passengership-20161214-162017-50,train,0.000,5.000,32000,a096d5adb0f3e91e4b529c2a1eab4104386318f9825cc05a39470d410e2f4cba
passengership-50-000005000ms,Passengership/50.wav,Passengership,1,COASTAL INSPIRATION,coastal inspiration,Passengership-20161214-162017-50,train,5.000,10.000,32000,a096d5adb0f3e91e4b529c2a1eab4104386318f9825cc05a39470d410e2f4cba
passengership-50-000010000ms,Passengership/50.wav,Passengership,1,COASTAL INSPIRATION,coastal inspiration,Passengership-20161214-162017-50,train,10.000,15.000,32000,a096d5adb0f3e91e4b529c2a1eab4104386318f9825cc05a39470d410e2f4cba
passengership-50-000015000ms,Passengership/50.wav,Passengership,1,COASTAL INSPIRATION,coastal inspiration,Passengership-20161214-162017-50,train,15.000,20.000,32000,a096d5adb0f3e91e4b529c2a1eab4104386318f9825cc05a39470d410e2f4cba
passengership-50-000020000ms,Passengership/50.wav,Passengership,1,COASTAL INSPIRATION,coastal inspiration,Passengership-20161214-162017-50,train,20.000,25.000,32000,a096d5adb0f3e91e4b529c2a1eab4104386318f9825cc05a39470d410e2f4cba
passengership-50-000025000ms,Passengership/50.wav,Passengership,1,COASTAL INSPIRATION,coastal inspiration,Passengership-20161214-162017-50,train,25.000,30.000,32000,a096d5adb0f3e91e4b529c2a1eab4104386318f9825cc05a39470d410e2f4cba
passengership-50-000030000ms,Passengership/50.wav,Passengership,1,COASTAL INSPIRATION,coastal inspiration,Passengership-20161214-162017-50,train,30.000,35.000,32000,a096d5adb0f3e91e4b529c2a1eab4104386318f9825cc05a39470d410e2f4cba
passengership-50-000035000ms,Passengership/50.wav,Passengership,1,COASTAL INSPIRATION,coastal inspiration,Passengership-20161214-162017-50,train,35.000,40.000,32000,a096d5adb0f3e91e4b529c2a1eab4104386318f9825cc05a39470d410e2f4cba
passengership-50-000040000ms,Passengership/50.wav,Passengership,1,COASTAL INSPIRATION,coastal inspiration,Passengership-20161214-162017-50,train,40.000,45.000,32000,a096d5adb0f3e91e4b529c2a1eab4104386318f9825cc05a39470d410e2f4cba
passengership-50-000045000ms,Passengership/50.wav,Passengership,1,COASTAL INSPIRATION,coastal inspiration,Passengership-20161214-162017-50,train,45.000,50.000,32000,a096d5adb0f3e91e4b529c2a1eab4104386318f9825cc05a39470d410e2f4cba
passengership-50-000050000ms,Passengership/50.wav,Passengership,1,COASTAL INSPIRATION,coastal inspiration,Passengership-20161214-162017-50,train,50.000,55.000,32000,a096d5adb0f3e91e4b529c2a1eab4104386318f9825cc05a39470d410e2f4cba
passengership-50-000055000ms,Passengership/50.wav,Passengership,1,COASTAL INSPIRATION,coastal inspiration,Passengership-20161214-162017-50,train,55.000,60.000,32000,a096d5adb0f3e91e4b529c2a1eab4104386318f9825cc05a39470d410e2f4cba
passengership-50-000060000ms,Passengership/50.wav,Passengership,1,COASTAL INSPIRATION,coastal inspiration,Passengership-20161214-162017-50,train,60.000,65.000,32000,a096d5adb0f3e91e4b529c2a1eab4104386318f9825cc05a39470d410e2f4cba
passengership-50-000065000ms,Passengership/50.wav,Passengership,1,COASTAL INSPIRATION,coastal inspiration,Passengership-20161214-162017-50,train,65.000,70.000,32000,a096d5adb0f3e91e4b529c2a1eab4104386318f9825cc05a39470d410e2f4cba
passengership-50-000070000ms,Passengership/50.wav,Passengership,1,COASTAL INSPIRATION,coastal inspiration,Passengership-20161214-162017-50,train,70.000,75.000,32000,a096d5adb0f3e91e4b529c2a1eab4104386318f9825cc05a39470d410e2f4cba
passengership-50-000075000ms,Passengership/50.wav,Passengership,1,COASTAL INSPIRATION,coastal inspiration,Passengership-20161214-162017-50,train,75.000,80.000,32000,a096d5adb0f3e91e4b529c2a1eab4104386318f9825cc05a39470d410e2f4cba
passengership-50-000080000ms,Passengership/50.wav,Passengership,1,COASTAL INSPIRATION,coastal inspiration,Passengership-20161214-162017-50,train,80.000,85.000,32000,a096d5adb0f3e91e4b529c2a1eab4104386318f9825cc05a39470d410e2f4cba
passengership-50-000085000ms,Passengership/50.wav,Passengership,1,COASTAL INSPIRATION,coastal inspiration,Passengership-20161214-162017-50,train,85.000,90.000,32000,a096d5adb0f3e91e4b529c2a1eab4104386318f9825cc05a39470d410e2f4cba
passengership-50-000090000ms,Passengership/50.wav,Passengership,1,COASTAL INSPIRATION,coastal inspiration,Passengership-20161214-162017-50,train,90.000,95.000,32000,a096d5adb0f3e91e4b529c2a1eab4104386318f9825cc05a39470d410e2f4cba
passengership-50-000095000ms,Passengership/50.wav,Passengership,1,COASTAL INSPIRATION,coastal inspiration,Passengership-20161214-162017-50,train,95.000,100.000,32000,a096d5adb0f3e91e4b529c2a1eab4104386318f9825cc05a39470d410e2f4cba
passengership-50-000100000ms,Passengership/50.wav,Passengership,1,COASTAL INSPIRATION,coastal inspiration,Passengership-20161214-162017-50,train,100.000,105.000,32000,a096d5adb0f3e91e4b529c2a1eab4104386318f9825cc05a39470d410e2f4cba
passengership-50-000105000ms,Passengership/50.wav,Passengership,1,COASTAL INSPIRATION,coastal inspiration,Passengership-20161214-162017-50,train,105.000,110.000,32000,a096d5adb0f3e91e4b529c2a1eab4104386318f9825cc05a39470d410e2f4cba
passengership-50-000110000ms,Passengership/50.wav,Passengership,1,COASTAL INSPIRATION,coastal inspiration,Passengership-20161214-162017-50,train,110.000,115.000,32000,a096d5adb0f3e91e4b529c2a1eab4104386318f9825cc05a39470d410e2f4cba
passengership-50-000115000ms,Passengership/50.wav,Passengership,1,COASTAL INSPIRATION,coastal inspiration,Passengership-20161214-162017-50,train,115.000,120.000,32000,a096d5adb0f3e91e4b529c2a1eab4104386318f9825cc05a39470d410e2f4cba
passengership-50-000120000ms,Passengership/50.wav,Passengership,1,COASTAL INSPIRATION,coastal inspiration,Passengership-20161214-162017-50,train,120.000,125.000,32000,a096d5adb0f3e91e4b529c2a1eab4104386318f9825cc05a39470d410e2f4cba
passengership-50-000125000ms,Passengership/50.wav,Passengership,1,COASTAL INSPIRATION,coastal inspiration,Passengership-20161214-162017-50,train,125.000,130.000,32000,a096d5adb0f3e91e4b529c2a1eab4104386318f9825cc05a39470d410e2f4cba
passengership-50-000130000ms,Passengership/50.wav,Passengership,1,COASTAL INSPIRATION,coastal inspiration,Passengership-20161214-162017-50,train,130.000,135.000,32000,a096d5adb0f3e91e4b529c2a1eab4104386318f9825cc05a39470d410e2f4cba
passengership-50-000135000ms,Passengership/50.wav,Passengership,1,COASTAL INSPIRATION,coastal inspiration,Passengership-20161214-162017-50,train,135.000,140.000,32000,a096d5adb0f3e91e4b529c2a1eab4104386318f9825cc05a39470d410e2f4cba
passengership-50-000140000ms,Passengership/50.wav,Passengership,1,COASTAL INSPIRATION,coastal inspiration,Passengership-20161214-162017-50,train,140.000,145.000,32000,a096d5adb0f3e91e4b529c2a1eab4104386318f9825cc05a39470d410e2f4cba
passengership-50-000145000ms,Passengership/50.wav,Passengership,1,COASTAL INSPIRATION,coastal inspiration,Passengership-20161214-162017-50,train,145.000,150.000,32000,a096d5adb0f3e91e4b529c2a1eab4104386318f9825cc05a39470d410e2f4cba
passengership-50-000150000ms,Passengership/50.wav,Passengership,1,COASTAL INSPIRATION,coastal inspiration,Passengership-20161214-162017-50,train,150.000,155.000,32000,a096d5adb0f3e91e4b529c2a1eab4104386318f9825cc05a39470d410e2f4cba
passengership-50-000155000ms,Passengership/50.wav,Passengership,1,COASTAL INSPIRATION,coastal inspiration,Passengership-20161214-162017-50,train,155.000,160.000,32000,a096d5adb0f3e91e4b529c2a1eab4104386318f9825cc05a39470d410e2f4cba
passengership-6-000000000ms,Passengership/6.wav,Passengership,1,COASTAL INSPIRATION,coastal inspiration,Passengership-20160507-202625-6,train,0.000,5.000,32000,a096d5adb0f3e91e4b529c2a1eab4104386318f9825cc05a39470d410e2f4cba
passengership-6-000005000ms,Passengership/6.wav,Passengership,1,COASTAL INSPIRATION,coastal inspiration,Passengership-20160507-202625-6,train,5.000,10.000,32000,a096d5adb0f3e91e4b529c2a1eab4104386318f9825cc05a39470d410e2f4cba
passengership-6-000010000ms,Passengership/6.wav,Passengership,1,COASTAL INSPIRATION,coastal inspiration,Passengership-20160507-202625-6,train,10.000,15.000,32000,a096d5adb0f3e91e4b529c2a1eab4104386318f9825cc05a39470d410e2f4cba
passengership-6-000015000ms,Passengership/6.wav,Passengership,1,COASTAL INSPIRATION,coastal inspiration,Passengership-20160507-202625-6,train,15.000,20.000,32000,a096d5adb0f3e91e4b529c2a1eab4104386318f9825cc05a39470d410e2f4cba
passengership-6-000020000ms,Passengership/6.wav,Passengership,1,COASTAL INSPIRATION,coastal inspiration,Passengership-20160507-202625-6,train,20.000,25.000,32000,a096d5adb0f3e91e4b529c2a1eab4104386318f9825cc05a39470d410e2f4cba
passengership-6-000025000ms,Passengership/6.wav,Passengership,1,COASTAL INSPIRATION,coastal inspiration,Passengership-20160507-202625-6,train,25.000,30.000,32000,a096d5adb0f3e91e4b529c2a1eab4104386318f9825cc05a39470d410e2f4cba
passengership-8-000000000ms,Passengership/8.wav,Passengership,1,KENNICOTT,kennicott,Passengership-20160515-062337-8,train,0.000,5.000,32000,a096d5adb0f3e91e4b529c2a1eab4104386318f9825cc05a39470d410e2f4cba
passengership-8-000005000ms,Passengership/8.wav,Passengership,1,KENNICOTT,kennicott,Passengership-20160515-062337-8,train,5.000,10.000,32000,a096d5adb0f3e91e4b529c2a1eab4104386318f9825cc05a39470d410e2f4cba
passengership-9-000000000ms,Passengership/9.wav,Passengership,1,CARNIVAL LEGEND,carnival legend,Passengership-20160516-112116-9,validation,0.000,5.000,32000,a096d5adb0f3e91e4b529c2a1eab4104386318f9825cc05a39470d410e2f4cba
passengership-9-000005000ms,Passengership/9.wav,Passengership,1,CARNIVAL LEGEND,carnival legend,Passengership-20160516-112116-9,validation,5.000,10.000,32000,a096d5adb0f3e91e4b529c2a1eab4104386318f9825cc05a39470d410e2f4cba
tanker-10-000000000ms,Tanker/10.wav,Tanker,2,NAVE ORBIT,nave orbit,Tanker-20160602-225434-10,train,0.000,5.000,32000,a096d5adb0f3e91e4b529c2a1eab4104386318f9825cc05a39470d410e2f4cba
tanker-10-000005000ms,Tanker/10.wav,Tanker,2,NAVE ORBIT,nave orbit,Tanker-20160602-225434-10,train,5.000,10.000,32000,a096d5adb0f3e91e4b529c2a1eab4104386318f9825cc05a39470d410e2f4cba
tanker-10-000010000ms,Tanker/10.wav,Tanker,2,NAVE ORBIT,nave orbit,Tanker-20160602-225434-10,train,10.000,15.000,32000,a096d5adb0f3e91e4b529c2a1eab4104386318f9825cc05a39470d410e2f4cba
tanker-10-000015000ms,Tanker/10.wav,Tanker,2,NAVE ORBIT,nave orbit,Tanker-20160602-225434-10,train,15.000,20.000,32000,a096d5adb0f3e91e4b529c2a1eab4104386318f9825cc05a39470d410e2f4cba
tanker-10-000020000ms,Tanker/10.wav,Tanker,2,NAVE ORBIT,nave orbit,Tanker-20160602-225434-10,train,20.000,25.000,32000,a096d5adb0f3e91e4b529c2a1eab4104386318f9825cc05a39470d410e2f4cba
tanker-10-000025000ms,Tanker/10.wav,Tanker,2,NAVE ORBIT,nave orbit,Tanker-20160602-225434-10,train,25.000,30.000,32000,a096d5adb0f3e91e4b529c2a1eab4104386318f9825cc05a39470d410e2f4cba
tanker-12-000000000ms,Tanker/12.wav,Tanker,2,KIRKEHOLMEN,kirkeholmen,Tanker-20160612-211030-12,train,0.000,5.000,32000,a096d5adb0f3e91e4b529c2a1eab4104386318f9825cc05a39470d410e2f4cba
tanker-12-000005000ms,Tanker/12.wav,Tanker,2,KIRKEHOLMEN,kirkeholmen,Tanker-20160612-211030-12,train,5.000,10.000,32000,a096d5adb0f3e91e4b529c2a1eab4104386318f9825cc05a39470d410e2f4cba
tanker-12-000010000ms,Tanker/12.wav,Tanker,2,KIRKEHOLMEN,kirkeholmen,Tanker-20160612-211030-12,train,10.000,15.000,32000,a096d5adb0f3e91e4b529c2a1eab4104386318f9825cc05a39470d410e2f4cba
tanker-12-000015000ms,Tanker/12.wav,Tanker,2,KIRKEHOLMEN,kirkeholmen,Tanker-20160612-211030-12,train,15.000,20.000,32000,a096d5adb0f3e91e4b529c2a1eab4104386318f9825cc05a39470d410e2f4cba
tanker-12-000020000ms,Tanker/12.wav,Tanker,2,KIRKEHOLMEN,kirkeholmen,Tanker-20160612-211030-12,train,20.000,25.000,32000,a096d5adb0f3e91e4b529c2a1eab4104386318f9825cc05a39470d410e2f4cba
tanker-12-000025000ms,Tanker/12.wav,Tanker,2,KIRKEHOLMEN,kirkeholmen,Tanker-20160612-211030-12,train,25.000,30.000,32000,a096d5adb0f3e91e4b529c2a1eab4104386318f9825cc05a39470d410e2f4cba
tanker-13-000000000ms,Tanker/13.wav,Tanker,2,HIGH ENDURANCE,high endurance,Tanker-20160613-061037-13,train,0.000,5.000,32000,a096d5adb0f3e91e4b529c2a1eab4104386318f9825cc05a39470d410e2f4cba
tanker-13-000005000ms,Tanker/13.wav,Tanker,2,HIGH ENDURANCE,high endurance,Tanker-20160613-061037-13,train,5.000,10.000,32000,a096d5adb0f3e91e4b529c2a1eab4104386318f9825cc05a39470d410e2f4cba
tanker-13-000010000ms,Tanker/13.wav,Tanker,2,HIGH ENDURANCE,high endurance,Tanker-20160613-061037-13,train,10.000,15.000,32000,a096d5adb0f3e91e4b529c2a1eab4104386318f9825cc05a39470d410e2f4cba
tanker-13-000015000ms,Tanker/13.wav,Tanker,2,HIGH ENDURANCE,high endurance,Tanker-20160613-061037-13,train,15.000,20.000,32000,a096d5adb0f3e91e4b529c2a1eab4104386318f9825cc05a39470d410e2f4cba
tanker-13-000020000ms,Tanker/13.wav,Tanker,2,HIGH ENDURANCE,high endurance,Tanker-20160613-061037-13,train,20.000,25.000,32000,a096d5adb0f3e91e4b529c2a1eab4104386318f9825cc05a39470d410e2f4cba
tanker-13-000025000ms,Tanker/13.wav,Tanker,2,HIGH ENDURANCE,high endurance,Tanker-20160613-061037-13,train,25.000,30.000,32000,a096d5adb0f3e91e4b529c2a1eab4104386318f9825cc05a39470d410e2f4cba
tanker-13-000030000ms,Tanker/13.wav,Tanker,2,HIGH ENDURANCE,high endurance,Tanker-20160613-061037-13,train,30.000,35.000,32000,a096d5adb0f3e91e4b529c2a1eab4104386318f9825cc05a39470d410e2f4cba
tanker-13-000035000ms,Tanker/13.wav,Tanker,2,HIGH ENDURANCE,high endurance,Tanker-20160613-061037-13,train,35.000,40.000,32000,a096d5adb0f3e91e4b529c2a1eab4104386318f9825cc05a39470d410e2f4cba
tanker-13-000040000ms,Tanker/13.wav,Tanker,2,HIGH ENDURANCE,high endurance,Tanker-20160613-061037-13,train,40.000,45.000,32000,a096d5adb0f3e91e4b529c2a1eab4104386318f9825cc05a39470d410e2f4cba
tanker-13-000045000ms,Tanker/13.wav,Tanker,2,HIGH ENDURANCE,high endurance,Tanker-20160613-061037-13,train,45.000,50.000,32000,a096d5adb0f3e91e4b529c2a1eab4104386318f9825cc05a39470d410e2f4cba
tanker-13-000050000ms,Tanker/13.wav,Tanker,2,HIGH ENDURANCE,high endurance,Tanker-20160613-061037-13,train,50.000,55.000,32000,a096d5adb0f3e91e4b529c2a1eab4104386318f9825cc05a39470d410e2f4cba
tanker-13-000055000ms,Tanker/13.wav,Tanker,2,HIGH ENDURANCE,high endurance,Tanker-20160613-061037-13,train,55.000,60.000,32000,a096d5adb0f3e91e4b529c2a1eab4104386318f9825cc05a39470d410e2f4cba
tanker-13-000060000ms,Tanker/13.wav,Tanker,2,HIGH ENDURANCE,high endurance,Tanker-20160613-061037-13,train,60.000,65.000,32000,a096d5adb0f3e91e4b529c2a1eab4104386318f9825cc05a39470d410e2f4cba
tanker-13-000065000ms,Tanker/13.wav,Tanker,2,HIGH ENDURANCE,high endurance,Tanker-20160613-061037-13,train,65.000,70.000,32000,a096d5adb0f3e91e4b529c2a1eab4104386318f9825cc05a39470d410e2f4cba
tanker-13-000070000ms,Tanker/13.wav,Tanker,2,HIGH ENDURANCE,high endurance,Tanker-20160613-061037-13,train,70.000,75.000,32000,a096d5adb0f3e91e4b529c2a1eab4104386318f9825cc05a39470d410e2f4cba
tanker-13-000075000ms,Tanker/13.wav,Tanker,2,HIGH ENDURANCE,high endurance,Tanker-20160613-061037-13,train,75.000,80.000,32000,a096d5adb0f3e91e4b529c2a1eab4104386318f9825cc05a39470d410e2f4cba
tanker-13-000080000ms,Tanker/13.wav,Tanker,2,HIGH ENDURANCE,high endurance,Tanker-20160613-061037-13,train,80.000,85.000,32000,a096d5adb0f3e91e4b529c2a1eab4104386318f9825cc05a39470d410e2f4cba
tanker-13-000085000ms,Tanker/13.wav,Tanker,2,HIGH ENDURANCE,high endurance,Tanker-20160613-061037-13,train,85.000,90.000,32000,a096d5adb0f3e91e4b529c2a1eab4104386318f9825cc05a39470d410e2f4cba
tanker-13-000090000ms,Tanker/13.wav,Tanker,2,HIGH ENDURANCE,high endurance,Tanker-20160613-061037-13,train,90.000,95.000,32000,a096d5adb0f3e91e4b529c2a1eab4104386318f9825cc05a39470d410e2f4cba
tanker-13-000095000ms,Tanker/13.wav,Tanker,2,HIGH ENDURANCE,high endurance,Tanker-20160613-061037-13,train,95.000,100.000,32000,a096d5adb0f3e91e4b529c2a1eab4104386318f9825cc05a39470d410e2f4cba
tanker-13-000100000ms,Tanker/13.wav,Tanker,2,HIGH ENDURANCE,high endurance,Tanker-20160613-061037-13,train,100.000,105.000,32000,a096d5adb0f3e91e4b529c2a1eab4104386318f9825cc05a39470d410e2f4cba
tanker-13-000105000ms,Tanker/13.wav,Tanker,2,HIGH ENDURANCE,high endurance,Tanker-20160613-061037-13,train,105.000,110.000,32000,a096d5adb0f3e91e4b529c2a1eab4104386318f9825cc05a39470d410e2f4cba
tanker-13-000110000ms,Tanker/13.wav,Tanker,2,HIGH ENDURANCE,high endurance,Tanker-20160613-061037-13,train,110.000,115.000,32000,a096d5adb0f3e91e4b529c2a1eab4104386318f9825cc05a39470d410e2f4cba
tanker-13-000115000ms,Tanker/13.wav,Tanker,2,HIGH ENDURANCE,high endurance,Tanker-20160613-061037-13,train,115.000,120.000,32000,a096d5adb0f3e91e4b529c2a1eab4104386318f9825cc05a39470d410e2f4cba
tanker-13-000120000ms,Tanker/13.wav,Tanker,2,HIGH ENDURANCE,high endurance,Tanker-20160613-061037-13,train,120.000,125.000,32000,a096d5adb0f3e91e4b529c2a1eab4104386318f9825cc05a39470d410e2f4cba
tanker-13-000125000ms,Tanker/13.wav,Tanker,2,HIGH ENDURANCE,high endurance,Tanker-20160613-061037-13,train,125.000,130.000,32000,a096d5adb0f3e91e4b529c2a1eab4104386318f9825cc05a39470d410e2f4cba
tanker-13-000130000ms,Tanker/13.wav,Tanker,2,HIGH ENDURANCE,high endurance,Tanker-20160613-061037-13,train,130.000,135.000,32000,a096d5adb0f3e91e4b529c2a1eab4104386318f9825cc05a39470d410e2f4cba
tanker-13-000135000ms,Tanker/13.wav,Tanker,2,HIGH ENDURANCE,high endurance,Tanker-20160613-061037-13,train,135.000,140.000,32000,a096d5adb0f3e91e4b529c2a1eab4104386318f9825cc05a39470d410e2f4cba
tanker-13-000140000ms,Tanker/13.wav,Tanker,2,HIGH ENDURANCE,high endurance,Tanker-20160613-061037-13,train,140.000,145.000,32000,a096d5adb0f3e91e4b529c2a1eab4104386318f9825cc05a39470d410e2f4cba
tanker-13-000145000ms,Tanker/13.wav,Tanker,2,HIGH ENDURANCE,high endurance,Tanker-20160613-061037-13,train,145.000,150.000,32000,a096d5adb0f3e91e4b529c2a1eab4104386318f9825cc05a39470d410e2f4cba
tanker-13-000150000ms,Tanker/13.wav,Tanker,2,HIGH ENDURANCE,high endurance,Tanker-20160613-061037-13,train,150.000,155.000,32000,a096d5adb0f3e91e4b529c2a1eab4104386318f9825cc05a39470d410e2f4cba
tanker-14-000000000ms,Tanker/14.wav,Tanker,2,ARGENT SUNRISE,argent sunrise,Tanker-20160615-063659-14,train,0.000,5.000,32000,a096d5adb0f3e91e4b529c2a1eab4104386318f9825cc05a39470d410e2f4cba
tanker-14-000005000ms,Tanker/14.wav,Tanker,2,ARGENT SUNRISE,argent sunrise,Tanker-20160615-063659-14,train,5.000,10.000,32000,a096d5adb0f3e91e4b529c2a1eab4104386318f9825cc05a39470d410e2f4cba
tanker-14-000010000ms,Tanker/14.wav,Tanker,2,ARGENT SUNRISE,argent sunrise,Tanker-20160615-063659-14,train,10.000,15.000,32000,a096d5adb0f3e91e4b529c2a1eab4104386318f9825cc05a39470d410e2f4cba
tanker-14-000015000ms,Tanker/14.wav,Tanker,2,ARGENT SUNRISE,argent sunrise,Tanker-20160615-063659-14,train,15.000,20.000,32000,a096d5adb0f3e91e4b529c2a1eab4104386318f9825cc05a39470d410e2f4cba
tanker-14-000020000ms,Tanker/14.wav,Tanker,2,ARGENT SUNRISE,argent sunrise,Tanker-20160615-063659-14,train,20.000,25.000,32000,a096d5adb0f3e91e4b529c2a1eab4104386318f9825cc05a39470d410e2f4cba
tanker-18-000000000ms,Tanker/18.wav,Tanker,2,OVERSEAS ATHENS,overseas athens,Tanker-20160619-215854-18,validation,0.000,5.000,32000,a096d5adb0f3e91e4b529c2a1eab4104386318f9825cc05a39470d410e2f4cba
tanker-18-000005000ms,Tanker/18.wav,Tanker,2,OVERSEAS ATHENS,overseas athens,Tanker-20160619-215854-18,validation,5.000,10.000,32000,a096d5adb0f3e91e4b529c2a1eab4104386318f9825cc05a39470d410e2f4cba
tanker-18-000010000ms,Tanker/18.wav,Tanker,2,OVERSEAS ATHENS,overseas athens,Tanker-20160619-215854-18,validation,10.000,15.000,32000,a096d5adb0f3e91e4b529c2a1eab4104386318f9825cc05a39470d410e2f4cba
tanker-18-000015000ms,Tanker/18.wav,Tanker,2,OVERSEAS ATHENS,overseas athens,Tanker-20160619-215854-18,validation,15.000,20.000,32000,a096d5adb0f3e91e4b529c2a1eab4104386318f9825cc05a39470d410e2f4cba
tanker-18-000020000ms,Tanker/18.wav,Tanker,2,OVERSEAS ATHENS,overseas athens,Tanker-20160619-215854-18,validation,20.000,25.000,32000,a096d5adb0f3e91e4b529c2a1eab4104386318f9825cc05a39470d410e2f4cba
tanker-18-000025000ms,Tanker/18.wav,Tanker,2,OVERSEAS ATHENS,overseas athens,Tanker-20160619-215854-18,validation,25.000,30.000,32000,a096d5adb0f3e91e4b529c2a1eab4104386318f9825cc05a39470d410e2f4cba
tanker-18-000030000ms,Tanker/18.wav,Tanker,2,OVERSEAS ATHENS,overseas athens,Tanker-20160619-215854-18,validation,30.000,35.000,32000,a096d5adb0f3e91e4b529c2a1eab4104386318f9825cc05a39470d410e2f4cba
tanker-18-000035000ms,Tanker/18.wav,Tanker,2,OVERSEAS ATHENS,overseas athens,Tanker-20160619-215854-18,validation,35.000,40.000,32000,a096d5adb0f3e91e4b529c2a1eab4104386318f9825cc05a39470d410e2f4cba
tanker-18-000040000ms,Tanker/18.wav,Tanker,2,OVERSEAS ATHENS,overseas athens,Tanker-20160619-215854-18,validation,40.000,45.000,32000,a096d5adb0f3e91e4b529c2a1eab4104386318f9825cc05a39470d410e2f4cba
tanker-18-000045000ms,Tanker/18.wav,Tanker,2,OVERSEAS ATHENS,overseas athens,Tanker-20160619-215854-18,validation,45.000,50.000,32000,a096d5adb0f3e91e4b529c2a1eab4104386318f9825cc05a39470d410e2f4cba
tanker-18-000050000ms,Tanker/18.wav,Tanker,2,OVERSEAS ATHENS,overseas athens,Tanker-20160619-215854-18,validation,50.000,55.000,32000,a096d5adb0f3e91e4b529c2a1eab4104386318f9825cc05a39470d410e2f4cba
tanker-18-000055000ms,Tanker/18.wav,Tanker,2,OVERSEAS ATHENS,overseas athens,Tanker-20160619-215854-18,validation,55.000,60.000,32000,a096d5adb0f3e91e4b529c2a1eab4104386318f9825cc05a39470d410e2f4cba
tanker-18-000060000ms,Tanker/18.wav,Tanker,2,OVERSEAS ATHENS,overseas athens,Tanker-20160619-215854-18,validation,60.000,65.000,32000,a096d5adb0f3e91e4b529c2a1eab4104386318f9825cc05a39470d410e2f4cba
tanker-19-000000000ms,Tanker/19.wav,Tanker,2,CARIBBEAN SPIRIT,caribbean spirit,Tanker-20160625-141954-19,test,0.000,5.000,32000,a096d5adb0f3e91e4b529c2a1eab4104386318f9825cc05a39470d410e2f4cba
tanker-19-000005000ms,Tanker/19.wav,Tanker,2,CARIBBEAN SPIRIT,caribbean spirit,Tanker-20160625-141954-19,test,5.000,10.000,32000,a096d5adb0f3e91e4b529c2a1eab4104386318f9825cc05a39470d410e2f4cba
tanker-2-000000000ms,Tanker/2.wav,Tanker,2,CHERRY GALAXY,cherry galaxy,Tanker-20160511-030034-2,train,0.000,5.000,32000,a096d5adb0f3e91e4b529c2a1eab4104386318f9825cc05a39470d410e2f4cba
tanker-2-000005000ms,Tanker/2.wav,Tanker,2,CHERRY GALAXY,cherry galaxy,Tanker-20160511-030034-2,train,5.000,10.000,32000,a096d5adb0f3e91e4b529c2a1eab4104386318f9825cc05a39470d410e2f4cba
tanker-2-000010000ms,Tanker/2.wav,Tanker,2,CHERRY GALAXY,cherry galaxy,Tanker-20160511-030034-2,train,10.000,15.000,32000,a096d5adb0f3e91e4b529c2a1eab4104386318f9825cc05a39470d410e2f4cba
tanker-2-000015000ms,Tanker/2.wav,Tanker,2,CHERRY GALAXY,cherry galaxy,Tanker-20160511-030034-2,train,15.000,20.000,32000,a096d5adb0f3e91e4b529c2a1eab4104386318f9825cc05a39470d410e2f4cba
tanker-2-000020000ms,Tanker/2.wav,Tanker,2,CHERRY GALAXY,cherry galaxy,Tanker-20160511-030034-2,train,20.000,25.000,32000,a096d5adb0f3e91e4b529c2a1eab4104386318f9825cc05a39470d410e2f4cba
tanker-2-000025000ms,Tanker/2.wav,Tanker,2,CHERRY GALAXY,cherry galaxy,Tanker-20160511-030034-2,train,25.000,30.000,32000,a096d5adb0f3e91e4b529c2a1eab4104386318f9825cc05a39470d410e2f4cba
tanker-2-000030000ms,Tanker/2.wav,Tanker,2,CHERRY GALAXY,cherry galaxy,Tanker-20160511-030034-2,train,30.000,35.000,32000,a096d5adb0f3e91e4b529c2a1eab4104386318f9825cc05a39470d410e2f4cba
tanker-2-000035000ms,Tanker/2.wav,Tanker,2,CHERRY GALAXY,cherry galaxy,Tanker-20160511-030034-2,train,35.000,40.000,32000,a096d5adb0f3e91e4b529c2a1eab4104386318f9825cc05a39470d410e2f4cba
tanker-2-000040000ms,Tanker/2.wav,Tanker,2,CHERRY GALAXY,cherry galaxy,Tanker-20160511-030034-2,train,40.000,45.000,32000,a096d5adb0f3e91e4b529c2a1eab4104386318f9825cc05a39470d410e2f4cba
tanker-2-000045000ms,Tanker/2.wav,Tanker,2,CHERRY GALAXY,cherry galaxy,Tanker-20160511-030034-2,train,45.000,50.000,32000,a096d5adb0f3e91e4b529c2a1eab4104386318f9825cc05a39470d410e2f4cba
tanker-2-000050000ms,Tanker/2.wav,Tanker,2,CHERRY GALAXY,cherry galaxy,Tanker-20160511-030034-2,train,50.000,55.000,32000,a096d5adb0f3e91e4b529c2a1eab4104386318f9825cc05a39470d410e2f4cba
tanker-2-000055000ms,Tanker/2.wav,Tanker,2,CHERRY GALAXY,cherry galaxy,Tanker-20160511-030034-2,train,55.000,60.000,32000,a096d5adb0f3e91e4b529c2a1eab4104386318f9825cc05a39470d410e2f4cba
tanker-2-000060000ms,Tanker/2.wav,Tanker,2,CHERRY GALAXY,cherry galaxy,Tanker-20160511-030034-2,train,60.000,65.000,32000,a096d5adb0f3e91e4b529c2a1eab4104386318f9825cc05a39470d410e2f4cba
tanker-2-000065000ms,Tanker/2.wav,Tanker,2,CHERRY GALAXY,cherry galaxy,Tanker-20160511-030034-2,train,65.000,70.000,32000,a096d5adb0f3e91e4b529c2a1eab4104386318f9825cc05a39470d410e2f4cba
tanker-2-000070000ms,Tanker/2.wav,Tanker,2,CHERRY GALAXY,cherry galaxy,Tanker-20160511-030034-2,train,70.000,75.000,32000,a096d5adb0f3e91e4b529c2a1eab4104386318f9825cc05a39470d410e2f4cba
tanker-2-000075000ms,Tanker/2.wav,Tanker,2,CHERRY GALAXY,cherry galaxy,Tanker-20160511-030034-2,train,75.000,80.000,32000,a096d5adb0f3e91e4b529c2a1eab4104386318f9825cc05a39470d410e2f4cba
tanker-2-000080000ms,Tanker/2.wav,Tanker,2,CHERRY GALAXY,cherry galaxy,Tanker-20160511-030034-2,train,80.000,85.000,32000,a096d5adb0f3e91e4b529c2a1eab4104386318f9825cc05a39470d410e2f4cba
tanker-2-000085000ms,Tanker/2.wav,Tanker,2,CHERRY GALAXY,cherry galaxy,Tanker-20160511-030034-2,train,85.000,90.000,32000,a096d5adb0f3e91e4b529c2a1eab4104386318f9825cc05a39470d410e2f4cba
tanker-2-000090000ms,Tanker/2.wav,Tanker,2,CHERRY GALAXY,cherry galaxy,Tanker-20160511-030034-2,train,90.000,95.000,32000,a096d5adb0f3e91e4b529c2a1eab4104386318f9825cc05a39470d410e2f4cba
tanker-2-000095000ms,Tanker/2.wav,Tanker,2,CHERRY GALAXY,cherry galaxy,Tanker-20160511-030034-2,train,95.000,100.000,32000,a096d5adb0f3e91e4b529c2a1eab4104386318f9825cc05a39470d410e2f4cba
tanker-2-000100000ms,Tanker/2.wav,Tanker,2,CHERRY GALAXY,cherry galaxy,Tanker-20160511-030034-2,train,100.000,105.000,32000,a096d5adb0f3e91e4b529c2a1eab4104386318f9825cc05a39470d410e2f4cba
tanker-2-000105000ms,Tanker/2.wav,Tanker,2,CHERRY GALAXY,cherry galaxy,Tanker-20160511-030034-2,train,105.000,110.000,32000,a096d5adb0f3e91e4b529c2a1eab4104386318f9825cc05a39470d410e2f4cba
tanker-2-000110000ms,Tanker/2.wav,Tanker,2,CHERRY GALAXY,cherry galaxy,Tanker-20160511-030034-2,train,110.000,115.000,32000,a096d5adb0f3e91e4b529c2a1eab4104386318f9825cc05a39470d410e2f4cba
tanker-2-000115000ms,Tanker/2.wav,Tanker,2,CHERRY GALAXY,cherry galaxy,Tanker-20160511-030034-2,train,115.000,120.000,32000,a096d5adb0f3e91e4b529c2a1eab4104386318f9825cc05a39470d410e2f4cba
tanker-2-000120000ms,Tanker/2.wav,Tanker,2,CHERRY GALAXY,cherry galaxy,Tanker-20160511-030034-2,train,120.000,125.000,32000,a096d5adb0f3e91e4b529c2a1eab4104386318f9825cc05a39470d410e2f4cba
tanker-2-000125000ms,Tanker/2.wav,Tanker,2,CHERRY GALAXY,cherry galaxy,Tanker-20160511-030034-2,train,125.000,130.000,32000,a096d5adb0f3e91e4b529c2a1eab4104386318f9825cc05a39470d410e2f4cba
tanker-2-000130000ms,Tanker/2.wav,Tanker,2,CHERRY GALAXY,cherry galaxy,Tanker-20160511-030034-2,train,130.000,135.000,32000,a096d5adb0f3e91e4b529c2a1eab4104386318f9825cc05a39470d410e2f4cba
tanker-2-000135000ms,Tanker/2.wav,Tanker,2,CHERRY GALAXY,cherry galaxy,Tanker-20160511-030034-2,train,135.000,140.000,32000,a096d5adb0f3e91e4b529c2a1eab4104386318f9825cc05a39470d410e2f4cba
tanker-2-000140000ms,Tanker/2.wav,Tanker,2,CHERRY GALAXY,cherry galaxy,Tanker-20160511-030034-2,train,140.000,145.000,32000,a096d5adb0f3e91e4b529c2a1eab4104386318f9825cc05a39470d410e2f4cba
tanker-2-000145000ms,Tanker/2.wav,Tanker,2,CHERRY GALAXY,cherry galaxy,Tanker-20160511-030034-2,train,145.000,150.000,32000,a096d5adb0f3e91e4b529c2a1eab4104386318f9825cc05a39470d410e2f4cba
tanker-20-000000000ms,Tanker/20.wav,Tanker,2,CHEMICAL AQUARIUS,chemical aquarius,Tanker-20160702-225342-20,train,0.000,5.000,32000,a096d5adb0f3e91e4b529c2a1eab4104386318f9825cc05a39470d410e2f4cba
tanker-20-000005000ms,Tanker/20.wav,Tanker,2,CHEMICAL AQUARIUS,chemical aquarius,Tanker-20160702-225342-20,train,5.000,10.000,32000,a096d5adb0f3e91e4b529c2a1eab4104386318f9825cc05a39470d410e2f4cba
tanker-20-000010000ms,Tanker/20.wav,Tanker,2,CHEMICAL AQUARIUS,chemical aquarius,Tanker-20160702-225342-20,train,10.000,15.000,32000,a096d5adb0f3e91e4b529c2a1eab4104386318f9825cc05a39470d410e2f4cba
tanker-20-000015000ms,Tanker/20.wav,Tanker,2,CHEMICAL AQUARIUS,chemical aquarius,Tanker-20160702-225342-20,train,15.000,20.000,32000,a096d5adb0f3e91e4b529c2a1eab4104386318f9825cc05a39470d410e2f4cba
tanker-20-000020000ms,Tanker/20.wav,Tanker,2,CHEMICAL AQUARIUS,chemical aquarius,Tanker-20160702-225342-20,train,20.000,25.000,32000,a096d5adb0f3e91e4b529c2a1eab4104386318f9825cc05a39470d410e2f4cba
tanker-20-000025000ms,Tanker/20.wav,Tanker,2,CHEMICAL AQUARIUS,chemical aquarius,Tanker-20160702-225342-20,train,25.000,30.000,32000,a096d5adb0f3e91e4b529c2a1eab4104386318f9825cc05a39470d410e2f4cba
tanker-20-000030000ms,Tanker/20.wav,Tanker,2,CHEMICAL AQUARIUS,chemical aquarius,Tanker-20160702-225342-20,train,30.000,35.000,32000,a096d5adb0f3e91e4b529c2a1eab4104386318f9825cc05a39470d410e2f4cba
tanker-20-000035000ms,Tanker/20.wav,Tanker,2,CHEMICAL AQUARIUS,chemical aquarius,Tanker-20160702-225342-20,train,35.000,40.000,32000,a096d5adb0f3e91e4b529c2a1eab4104386318f9825cc05a39470d410e2f4cba
tanker-20-000040000ms,Tanker/20.wav,Tanker,2,CHEMICAL AQUARIUS,chemical aquarius,Tanker-20160702-225342-20,train,40.000,45.000,32000,a096d5adb0f3e91e4b529c2a1eab4104386318f9825cc05a39470d410e2f4cba
tanker-20-000045000ms,Tanker/20.wav,Tanker,2,CHEMICAL AQUARIUS,chemical aquarius,Tanker-20160702-225342-20,train,45.000,50.000,32000,a096d5adb0f3e91e4b529c2a1eab4104386318f9825cc05a39470d410e2f4cba
tanker-20-000050000ms,Tanker/20.wav,Tanker,2,CHEMICAL AQUARIUS,chemical aquarius,Tanker-20160702-225342-20,train,50.000,55.000,32000,a096d5adb0f3e91e4b529c2a1eab4104386318f9825cc05a39470d410e2f4cba
tanker-20-000055000ms,Tanker/20.wav,Tanker,2,CHEMICAL AQUARIUS,chemical aquarius,Tanker-20160702-225342-20,train,55.000,60.000,32000,a096d5adb0f3e91e4b529c2a1eab4104386318f9825cc05a39470d410e2f4cba
tanker-20-000060000ms,Tanker/20.wav,Tanker,2,CHEMICAL AQUARIUS,chemical aquarius,Tanker-20160702-225342-20,train,60.000,65.000,32000,a096d5adb0f3e91e4b529c2a1eab4104386318f9825cc05a39470d410e2f4cba
tanker-20-000065000ms,Tanker/20.wav,Tanker,2,CHEMICAL AQUARIUS,chemical aquarius,Tanker-20160702-225342-20,train,65.000,70.000,32000,a096d5adb0f3e91e4b529c2a1eab4104386318f9825cc05a39470d410e2f4cba
tanker-20-000070000ms,Tanker/20.wav,Tanker,2,CHEMICAL AQUARIUS,chemical aquarius,Tanker-20160702-225342-20,train,70.000,75.000,32000,a096d5adb0f3e91e4b529c2a1eab4104386318f9825cc05a39470d410e2f4cba
tanker-20-000075000ms,Tanker/20.wav,Tanker,2,CHEMICAL AQUARIUS,chemical aquarius,Tanker-20160702-225342-20,train,75.000,80.000,32000,a096d5adb0f3e91e4b529c2a1eab4104386318f9825cc05a39470d410e2f4cba
tanker-20-000080000ms,Tanker/20.wav,Tanker,2,CHEMICAL AQUARIUS,chemical aquarius,Tanker-20160702-225342-20,train,80.000,85.000,32000,a096d5adb0f3e91e4b529c2a1eab4104386318f9825cc05a39470d410e2f4cba
tanker-20-000085000ms,Tanker/20.wav,Tanker,2,CHEMICAL AQUARIUS,chemical aquarius,Tanker-20160702-225342-20,train,85.000,90.000,32000,a096d5adb0f3e91e4b529c2a1eab4104386318f9825cc05a39470d410e2f4cba
tanker-20-000090000ms,Tanker/20.wav,Tanker,2,CHEMICAL AQUARIUS,chemical aquarius,Tanker-20160702-225342-20,train,90.000,95.000,32000,a096d5adb0f3e91e4b529c2a1eab4104386318f9825cc05a39470d410e2f4cba
tanker-20-000095000ms,Tanker/20.wav,Tanker,2,CHEMICAL AQUARIUS,chemical aquarius,Tanker-20160702-225342-20,train,95.000,100.000,32000,a096d5adb0f3e91e4b529c2a1eab4104386318f9825cc05a39470d410e2f4cba
tanker-21-000000000ms,Tanker/21.wav,Tanker,2,CHEMICAL AQUARIUS,chemical aquarius,Tanker-20160702-225342-21,train,0.000,5.000,32000,a096d5adb0f3e91e4b529c2a1eab4104386318f9825cc05a39470d410e2f4cba
tanker-21-000005000ms,Tanker/21.wav,Tanker,2,CHEMICAL AQUARIUS,chemical aquarius,Tanker-20160702-225342-21,train,5.000,10.000,32000,a096d5adb0f3e91e4b529c2a1eab4104386318f9825cc05a39470d410e2f4cba
tanker-21-000010000ms,Tanker/21.wav,Tanker,2,CHEMICAL AQUARIUS,chemical aquarius,Tanker-20160702-225342-21,train,10.000,15.000,32000,a096d5adb0f3e91e4b529c2a1eab4104386318f9825cc05a39470d410e2f4cba
tanker-24-000000000ms,Tanker/24.wav,Tanker,2,HIGH ENDURANCE,high endurance,Tanker-20160710-104049-24,train,0.000,5.000,32000,a096d5adb0f3e91e4b529c2a1eab4104386318f9825cc05a39470d410e2f4cba
tanker-24-000005000ms,Tanker/24.wav,Tanker,2,HIGH ENDURANCE,high endurance,Tanker-20160710-104049-24,train,5.000,10.000,32000,a096d5adb0f3e91e4b529c2a1eab4104386318f9825cc05a39470d410e2f4cba
tanker-24-000010000ms,Tanker/24.wav,Tanker,2,HIGH ENDURANCE,high endurance,Tanker-20160710-104049-24,train,10.000,15.000,32000,a096d5adb0f3e91e4b529c2a1eab4104386318f9825cc05a39470d410e2f4cba
tanker-24-000015000ms,Tanker/24.wav,Tanker,2,HIGH ENDURANCE,high endurance,Tanker-20160710-104049-24,train,15.000,20.000,32000,a096d5adb0f3e91e4b529c2a1eab4104386318f9825cc05a39470d410e2f4cba
tanker-29-000000000ms,Tanker/29.wav,Tanker,2,HIGH ENDURANCE,high endurance,Tanker-20160724-025459-29,train,0.000,5.000,32000,a096d5adb0f3e91e4b529c2a1eab4104386318f9825cc05a39470d410e2f4cba
tanker-29-000005000ms,Tanker/29.wav,Tanker,2,HIGH ENDURANCE,high endurance,Tanker-20160724-025459-29,train,5.000,10.000,32000,a096d5adb0f3e91e4b529c2a1eab4104386318f9825cc05a39470d410e2f4cba
tanker-29-000010000ms,Tanker/29.wav,Tanker,2,HIGH ENDURANCE,high endurance,Tanker-20160724-025459-29,train,10.000,15.000,32000,a096d5adb0f3e91e4b529c2a1eab4104386318f9825cc05a39470d410e2f4cba
tanker-29-000015000ms,Tanker/29.wav,Tanker,2,HIGH ENDURANCE,high endurance,Tanker-20160724-025459-29,train,15.000,20.000,32000,a096d5adb0f3e91e4b529c2a1eab4104386318f9825cc05a39470d410e2f4cba
tanker-29-000020000ms,Tanker/29.wav,Tanker,2,HIGH ENDURANCE,high endurance,Tanker-20160724-025459-29,train,20.000,25.000,32000,a096d5adb0f3e91e4b529c2a1eab4104386318f9825cc05a39470d410e2f4cba
tanker-29-000025000ms,Tanker/29.wav,Tanker,2,HIGH ENDURANCE,high endurance,Tanker-20160724-025459-29,train,25.000,30.000,32000,a096d5adb0f3e91e4b529c2a1eab4104386318f9825cc05a39470d410e2f4cba
tanker-29-000030000ms,Tanker/29.wav,Tanker,2,HIGH ENDURANCE,high endurance,Tanker-20160724-025459-29,train,30.000,35.000,32000,a096d5adb0f3e91e4b529c2a1eab4104386318f9825cc05a39470d410e2f4cba
tanker-29-000035000ms,Tanker/29.wav,Tanker,2,HIGH ENDURANCE,high endurance,Tanker-20160724-025459-29,train,35.000,40.000,32000,a096d5adb0f3e91e4b529c2a1eab4104386318f9825cc05a39470d410e2f4cba
tanker-29-000040000ms,Tanker/29.wav,Tanker,2,HIGH ENDURANCE,high endurance,Tanker-20160724-025459-29,train,40.000,45.000,32000,a096d5adb0f3e91e4b529c2a1eab4104386318f9825cc05a39470d410e2f4cba
tanker-29-000045000ms,Tanker/29.wav,Tanker,2,HIGH ENDURANCE,high endurance,Tanker-20160724-025459-29,train,45.000,50.000,32000,a096d5adb0f3e91e4b529c2a1eab4104386318f9825cc05a39470d410e2f4cba
tanker-29-000050000ms,Tanker/29.wav,Tanker,2,HIGH ENDURANCE,high endurance,Tanker-20160724-025459-29,train,50.000,55.000,32000,a096d5adb0f3e91e4b529c2a1eab4104386318f9825cc05a39470d410e2f4cba
tanker-29-000055000ms,Tanker/29.wav,Tanker,2,HIGH ENDURANCE,high endurance,Tanker-20160724-025459-29,train,55.000,60.000,32000,a096d5adb0f3e91e4b529c2a1eab4104386318f9825cc05a39470d410e2f4cba
tanker-29-000060000ms,Tanker/29.wav,Tanker,2,HIGH ENDURANCE,high endurance,Tanker-20160724-025459-29,train,60.000,65.000,32000,a096d5adb0f3e91e4b529c2a1eab4104386318f9825cc05a39470d410e2f4cba
tanker-29-000065000ms,Tanker/29.wav,Tanker,2,HIGH ENDURANCE,high endurance,Tanker-20160724-025459-29,train,65.000,70.000,32000,a096d5adb0f3e91e4b529c2a1eab4104386318f9825cc05a39470d410e2f4cba
tanker-29-000070000ms,Tanker/29.wav,Tanker,2,HIGH ENDURANCE,high endurance,Tanker-20160724-025459-29,train,70.000,75.000,32000,a096d5adb0f3e91e4b529c2a1eab4104386318f9825cc05a39470d410e2f4cba
tanker-29-000075000ms,Tanker/29.wav,Tanker,2,HIGH ENDURANCE,high endurance,Tanker-20160724-025459-29,train,75.000,80.000,32000,a096d5adb0f3e91e4b529c2a1eab4104386318f9825cc05a39470d410e2f4cba
tanker-29-000080000ms,Tanker/29.wav,Tanker,2,HIGH ENDURANCE,high endurance,Tanker-20160724-025459-29,train,80.000,85.000,32000,a096d5adb0f3e91e4b529c2a1eab4104386318f9825cc05a39470d410e2f4cba
tanker-29-000085000ms,Tanker/29.wav,Tanker,2,HIGH ENDURANCE,high endurance,Tanker-20160724-025459-29,train,85.000,90.000,32000,a096d5adb0f3e91e4b529c2a1eab4104386318f9825cc05a39470d410e2f4cba
tanker-29-000090000ms,Tanker/29.wav,Tanker,2,HIGH ENDURANCE,high endurance,Tanker-20160724-025459-29,train,90.000,95.000,32000,a096d5adb0f3e91e4b529c2a1eab4104386318f9825cc05a39470d410e2f4cba
tanker-29-000095000ms,Tanker/29.wav,Tanker,2,HIGH ENDURANCE,high endurance,Tanker-20160724-025459-29,train,95.000,100.000,32000,a096d5adb0f3e91e4b529c2a1eab4104386318f9825cc05a39470d410e2f4cba
tanker-29-000100000ms,Tanker/29.wav,Tanker,2,HIGH ENDURANCE,high endurance,Tanker-20160724-025459-29,train,100.000,105.000,32000,a096d5adb0f3e91e4b529c2a1eab4104386318f9825cc05a39470d410e2f4cba
tanker-30-000000000ms,Tanker/30.wav,Tanker,2,NORD STEADY,nord steady,Tanker-20160808-203415-30,train,0.000,5.000,32000,a096d5adb0f3e91e4b529c2a1eab4104386318f9825cc05a39470d410e2f4cba
tanker-30-000005000ms,Tanker/30.wav,Tanker,2,NORD STEADY,nord steady,Tanker-20160808-203415-30,train,5.000,10.000,32000,a096d5adb0f3e91e4b529c2a1eab4104386318f9825cc05a39470d410e2f4cba
tanker-30-000010000ms,Tanker/30.wav,Tanker,2,NORD STEADY,nord steady,Tanker-20160808-203415-30,train,10.000,15.000,32000,a096d5adb0f3e91e4b529c2a1eab4104386318f9825cc05a39470d410e2f4cba
tanker-30-000015000ms,Tanker/30.wav,Tanker,2,NORD STEADY,nord steady,Tanker-20160808-203415-30,train,15.000,20.000,32000,a096d5adb0f3e91e4b529c2a1eab4104386318f9825cc05a39470d410e2f4cba
tanker-30-000020000ms,Tanker/30.wav,Tanker,2,NORD STEADY,nord steady,Tanker-20160808-203415-30,train,20.000,25.000,32000,a096d5adb0f3e91e4b529c2a1eab4104386318f9825cc05a39470d410e2f4cba
tanker-30-000025000ms,Tanker/30.wav,Tanker,2,NORD STEADY,nord steady,Tanker-20160808-203415-30,train,25.000,30.000,32000,a096d5adb0f3e91e4b529c2a1eab4104386318f9825cc05a39470d410e2f4cba
tanker-32-000000000ms,Tanker/32.wav,Tanker,2,KIRKEHOLMEN,kirkeholmen,Tanker-20160810-215541-32,train,0.000,5.000,32000,a096d5adb0f3e91e4b529c2a1eab4104386318f9825cc05a39470d410e2f4cba
tanker-32-000005000ms,Tanker/32.wav,Tanker,2,KIRKEHOLMEN,kirkeholmen,Tanker-20160810-215541-32,train,5.000,10.000,32000,a096d5adb0f3e91e4b529c2a1eab4104386318f9825cc05a39470d410e2f4cba
tanker-32-000010000ms,Tanker/32.wav,Tanker,2,KIRKEHOLMEN,kirkeholmen,Tanker-20160810-215541-32,train,10.000,15.000,32000,a096d5adb0f3e91e4b529c2a1eab4104386318f9825cc05a39470d410e2f4cba
tanker-32-000015000ms,Tanker/32.wav,Tanker,2,KIRKEHOLMEN,kirkeholmen,Tanker-20160810-215541-32,train,15.000,20.000,32000,a096d5adb0f3e91e4b529c2a1eab4104386318f9825cc05a39470d410e2f4cba
tanker-32-000020000ms,Tanker/32.wav,Tanker,2,KIRKEHOLMEN,kirkeholmen,Tanker-20160810-215541-32,train,20.000,25.000,32000,a096d5adb0f3e91e4b529c2a1eab4104386318f9825cc05a39470d410e2f4cba
tanker-32-000025000ms,Tanker/32.wav,Tanker,2,KIRKEHOLMEN,kirkeholmen,Tanker-20160810-215541-32,train,25.000,30.000,32000,a096d5adb0f3e91e4b529c2a1eab4104386318f9825cc05a39470d410e2f4cba
tanker-32-000030000ms,Tanker/32.wav,Tanker,2,KIRKEHOLMEN,kirkeholmen,Tanker-20160810-215541-32,train,30.000,35.000,32000,a096d5adb0f3e91e4b529c2a1eab4104386318f9825cc05a39470d410e2f4cba
tanker-33-000000000ms,Tanker/33.wav,Tanker,2,EMMA VICTORY,emma victory,Tanker-20160823-041452-33,train,0.000,5.000,32000,a096d5adb0f3e91e4b529c2a1eab4104386318f9825cc05a39470d410e2f4cba
tanker-33-000005000ms,Tanker/33.wav,Tanker,2,EMMA VICTORY,emma victory,Tanker-20160823-041452-33,train,5.000,10.000,32000,a096d5adb0f3e91e4b529c2a1eab4104386318f9825cc05a39470d410e2f4cba
tanker-33-000010000ms,Tanker/33.wav,Tanker,2,EMMA VICTORY,emma victory,Tanker-20160823-041452-33,train,10.000,15.000,32000,a096d5adb0f3e91e4b529c2a1eab4104386318f9825cc05a39470d410e2f4cba
tanker-35-000000000ms,Tanker/35.wav,Tanker,2,KIRKEHOLMEN,kirkeholmen,Tanker-20160831-210639-35,train,0.000,5.000,32000,a096d5adb0f3e91e4b529c2a1eab4104386318f9825cc05a39470d410e2f4cba
tanker-35-000005000ms,Tanker/35.wav,Tanker,2,KIRKEHOLMEN,kirkeholmen,Tanker-20160831-210639-35,train,5.000,10.000,32000,a096d5adb0f3e91e4b529c2a1eab4104386318f9825cc05a39470d410e2f4cba
tanker-35-000010000ms,Tanker/35.wav,Tanker,2,KIRKEHOLMEN,kirkeholmen,Tanker-20160831-210639-35,train,10.000,15.000,32000,a096d5adb0f3e91e4b529c2a1eab4104386318f9825cc05a39470d410e2f4cba
tanker-38-000000000ms,Tanker/38.wav,Tanker,2,YANKUL SILVER,yankul silver,Tanker-20160907-094356-38,train,0.000,5.000,32000,a096d5adb0f3e91e4b529c2a1eab4104386318f9825cc05a39470d410e2f4cba
tanker-38-000005000ms,Tanker/38.wav,Tanker,2,YANKUL SILVER,yankul silver,Tanker-20160907-094356-38,train,5.000,10.000,32000,a096d5adb0f3e91e4b529c2a1eab4104386318f9825cc05a39470d410e2f4cba
tanker-38-000010000ms,Tanker/38.wav,Tanker,2,YANKUL SILVER,yankul silver,Tanker-20160907-094356-38,train,10.000,15.000,32000,a096d5adb0f3e91e4b529c2a1eab4104386318f9825cc05a39470d410e2f4cba
tanker-38-000015000ms,Tanker/38.wav,Tanker,2,YANKUL SILVER,yankul silver,Tanker-20160907-094356-38,train,15.000,20.000,32000,a096d5adb0f3e91e4b529c2a1eab4104386318f9825cc05a39470d410e2f4cba
tanker-38-000020000ms,Tanker/38.wav,Tanker,2,YANKUL SILVER,yankul silver,Tanker-20160907-094356-38,train,20.000,25.000,32000,a096d5adb0f3e91e4b529c2a1eab4104386318f9825cc05a39470d410e2f4cba
tanker-38-000025000ms,Tanker/38.wav,Tanker,2,YANKUL SILVER,yankul silver,Tanker-20160907-094356-38,train,25.000,30.000,32000,a096d5adb0f3e91e4b529c2a1eab4104386318f9825cc05a39470d410e2f4cba
tanker-38-000030000ms,Tanker/38.wav,Tanker,2,YANKUL SILVER,yankul silver,Tanker-20160907-094356-38,train,30.000,35.000,32000,a096d5adb0f3e91e4b529c2a1eab4104386318f9825cc05a39470d410e2f4cba
tanker-38-000035000ms,Tanker/38.wav,Tanker,2,YANKUL SILVER,yankul silver,Tanker-20160907-094356-38,train,35.000,40.000,32000,a096d5adb0f3e91e4b529c2a1eab4104386318f9825cc05a39470d410e2f4cba
tanker-38-000040000ms,Tanker/38.wav,Tanker,2,YANKUL SILVER,yankul silver,Tanker-20160907-094356-38,train,40.000,45.000,32000,a096d5adb0f3e91e4b529c2a1eab4104386318f9825cc05a39470d410e2f4cba
tanker-38-000045000ms,Tanker/38.wav,Tanker,2,YANKUL SILVER,yankul silver,Tanker-20160907-094356-38,train,45.000,50.000,32000,a096d5adb0f3e91e4b529c2a1eab4104386318f9825cc05a39470d410e2f4cba
tanker-38-000050000ms,Tanker/38.wav,Tanker,2,YANKUL SILVER,yankul silver,Tanker-20160907-094356-38,train,50.000,55.000,32000,a096d5adb0f3e91e4b529c2a1eab4104386318f9825cc05a39470d410e2f4cba
tanker-38-000055000ms,Tanker/38.wav,Tanker,2,YANKUL SILVER,yankul silver,Tanker-20160907-094356-38,train,55.000,60.000,32000,a096d5adb0f3e91e4b529c2a1eab4104386318f9825cc05a39470d410e2f4cba
tanker-38-000060000ms,Tanker/38.wav,Tanker,2,YANKUL SILVER,yankul silver,Tanker-20160907-094356-38,train,60.000,65.000,32000,a096d5adb0f3e91e4b529c2a1eab4104386318f9825cc05a39470d410e2f4cba
tanker-38-000065000ms,Tanker/38.wav,Tanker,2,YANKUL SILVER,yankul silver,Tanker-20160907-094356-38,train,65.000,70.000,32000,a096d5adb0f3e91e4b529c2a1eab4104386318f9825cc05a39470d410e2f4cba
tanker-38-000070000ms,Tanker/38.wav,Tanker,2,YANKUL SILVER,yankul silver,Tanker-20160907-094356-38,train,70.000,75.000,32000,a096d5adb0f3e91e4b529c2a1eab4104386318f9825cc05a39470d410e2f4cba
tanker-38-000075000ms,Tanker/38.wav,Tanker,2,YANKUL SILVER,yankul silver,Tanker-20160907-094356-38,train,75.000,80.000,32000,a096d5adb0f3e91e4b529c2a1eab4104386318f9825cc05a39470d410e2f4cba
tanker-38-000080000ms,Tanker/38.wav,Tanker,2,YANKUL SILVER,yankul silver,Tanker-20160907-094356-38,train,80.000,85.000,32000,a096d5adb0f3e91e4b529c2a1eab4104386318f9825cc05a39470d410e2f4cba
tanker-38-000085000ms,Tanker/38.wav,Tanker,2,YANKUL SILVER,yankul silver,Tanker-20160907-094356-38,train,85.000,90.000,32000,a096d5adb0f3e91e4b529c2a1eab4104386318f9825cc05a39470d410e2f4cba
tanker-38-000090000ms,Tanker/38.wav,Tanker,2,YANKUL SILVER,yankul silver,Tanker-20160907-094356-38,train,90.000,95.000,32000,a096d5adb0f3e91e4b529c2a1eab4104386318f9825cc05a39470d410e2f4cba
tanker-38-000095000ms,Tanker/38.wav,Tanker,2,YANKUL SILVER,yankul silver,Tanker-20160907-094356-38,train,95.000,100.000,32000,a096d5adb0f3e91e4b529c2a1eab4104386318f9825cc05a39470d410e2f4cba
tanker-38-000100000ms,Tanker/38.wav,Tanker,2,YANKUL SILVER,yankul silver,Tanker-20160907-094356-38,train,100.000,105.000,32000,a096d5adb0f3e91e4b529c2a1eab4104386318f9825cc05a39470d410e2f4cba
tanker-38-000105000ms,Tanker/38.wav,Tanker,2,YANKUL SILVER,yankul silver,Tanker-20160907-094356-38,train,105.000,110.000,32000,a096d5adb0f3e91e4b529c2a1eab4104386318f9825cc05a39470d410e2f4cba
tanker-38-000110000ms,Tanker/38.wav,Tanker,2,YANKUL SILVER,yankul silver,Tanker-20160907-094356-38,train,110.000,115.000,32000,a096d5adb0f3e91e4b529c2a1eab4104386318f9825cc05a39470d410e2f4cba
tanker-38-000115000ms,Tanker/38.wav,Tanker,2,YANKUL SILVER,yankul silver,Tanker-20160907-094356-38,train,115.000,120.000,32000,a096d5adb0f3e91e4b529c2a1eab4104386318f9825cc05a39470d410e2f4cba
tanker-38-000120000ms,Tanker/38.wav,Tanker,2,YANKUL SILVER,yankul silver,Tanker-20160907-094356-38,train,120.000,125.000,32000,a096d5adb0f3e91e4b529c2a1eab4104386318f9825cc05a39470d410e2f4cba
tanker-38-000125000ms,Tanker/38.wav,Tanker,2,YANKUL SILVER,yankul silver,Tanker-20160907-094356-38,train,125.000,130.000,32000,a096d5adb0f3e91e4b529c2a1eab4104386318f9825cc05a39470d410e2f4cba
tanker-38-000130000ms,Tanker/38.wav,Tanker,2,YANKUL SILVER,yankul silver,Tanker-20160907-094356-38,train,130.000,135.000,32000,a096d5adb0f3e91e4b529c2a1eab4104386318f9825cc05a39470d410e2f4cba
tanker-38-000135000ms,Tanker/38.wav,Tanker,2,YANKUL SILVER,yankul silver,Tanker-20160907-094356-38,train,135.000,140.000,32000,a096d5adb0f3e91e4b529c2a1eab4104386318f9825cc05a39470d410e2f4cba
tanker-38-000140000ms,Tanker/38.wav,Tanker,2,YANKUL SILVER,yankul silver,Tanker-20160907-094356-38,train,140.000,145.000,32000,a096d5adb0f3e91e4b529c2a1eab4104386318f9825cc05a39470d410e2f4cba
tanker-38-000145000ms,Tanker/38.wav,Tanker,2,YANKUL SILVER,yankul silver,Tanker-20160907-094356-38,train,145.000,150.000,32000,a096d5adb0f3e91e4b529c2a1eab4104386318f9825cc05a39470d410e2f4cba
tanker-38-000150000ms,Tanker/38.wav,Tanker,2,YANKUL SILVER,yankul silver,Tanker-20160907-094356-38,train,150.000,155.000,32000,a096d5adb0f3e91e4b529c2a1eab4104386318f9825cc05a39470d410e2f4cba
tanker-38-000155000ms,Tanker/38.wav,Tanker,2,YANKUL SILVER,yankul silver,Tanker-20160907-094356-38,train,155.000,160.000,32000,a096d5adb0f3e91e4b529c2a1eab4104386318f9825cc05a39470d410e2f4cba
tanker-38-000160000ms,Tanker/38.wav,Tanker,2,YANKUL SILVER,yankul silver,Tanker-20160907-094356-38,train,160.000,165.000,32000,a096d5adb0f3e91e4b529c2a1eab4104386318f9825cc05a39470d410e2f4cba
tanker-38-000165000ms,Tanker/38.wav,Tanker,2,YANKUL SILVER,yankul silver,Tanker-20160907-094356-38,train,165.000,170.000,32000,a096d5adb0f3e91e4b529c2a1eab4104386318f9825cc05a39470d410e2f4cba
tanker-39-000000000ms,Tanker/39.wav,Tanker,2,FUJI GALAXY,fuji galaxy,Tanker-20160910-190037-39,train,0.000,5.000,32000,a096d5adb0f3e91e4b529c2a1eab4104386318f9825cc05a39470d410e2f4cba
tanker-39-000005000ms,Tanker/39.wav,Tanker,2,FUJI GALAXY,fuji galaxy,Tanker-20160910-190037-39,train,5.000,10.000,32000,a096d5adb0f3e91e4b529c2a1eab4104386318f9825cc05a39470d410e2f4cba
tanker-39-000010000ms,Tanker/39.wav,Tanker,2,FUJI GALAXY,fuji galaxy,Tanker-20160910-190037-39,train,10.000,15.000,32000,a096d5adb0f3e91e4b529c2a1eab4104386318f9825cc05a39470d410e2f4cba
tanker-39-000015000ms,Tanker/39.wav,Tanker,2,FUJI GALAXY,fuji galaxy,Tanker-20160910-190037-39,train,15.000,20.000,32000,a096d5adb0f3e91e4b529c2a1eab4104386318f9825cc05a39470d410e2f4cba
tanker-39-000020000ms,Tanker/39.wav,Tanker,2,FUJI GALAXY,fuji galaxy,Tanker-20160910-190037-39,train,20.000,25.000,32000,a096d5adb0f3e91e4b529c2a1eab4104386318f9825cc05a39470d410e2f4cba
tanker-39-000025000ms,Tanker/39.wav,Tanker,2,FUJI GALAXY,fuji galaxy,Tanker-20160910-190037-39,train,25.000,30.000,32000,a096d5adb0f3e91e4b529c2a1eab4104386318f9825cc05a39470d410e2f4cba
tanker-39-000030000ms,Tanker/39.wav,Tanker,2,FUJI GALAXY,fuji galaxy,Tanker-20160910-190037-39,train,30.000,35.000,32000,a096d5adb0f3e91e4b529c2a1eab4104386318f9825cc05a39470d410e2f4cba
tanker-39-000035000ms,Tanker/39.wav,Tanker,2,FUJI GALAXY,fuji galaxy,Tanker-20160910-190037-39,train,35.000,40.000,32000,a096d5adb0f3e91e4b529c2a1eab4104386318f9825cc05a39470d410e2f4cba
tanker-39-000040000ms,Tanker/39.wav,Tanker,2,FUJI GALAXY,fuji galaxy,Tanker-20160910-190037-39,train,40.000,45.000,32000,a096d5adb0f3e91e4b529c2a1eab4104386318f9825cc05a39470d410e2f4cba
tanker-39-000045000ms,Tanker/39.wav,Tanker,2,FUJI GALAXY,fuji galaxy,Tanker-20160910-190037-39,train,45.000,50.000,32000,a096d5adb0f3e91e4b529c2a1eab4104386318f9825cc05a39470d410e2f4cba
tanker-39-000050000ms,Tanker/39.wav,Tanker,2,FUJI GALAXY,fuji galaxy,Tanker-20160910-190037-39,train,50.000,55.000,32000,a096d5adb0f3e91e4b529c2a1eab4104386318f9825cc05a39470d410e2f4cba
tanker-39-000055000ms,Tanker/39.wav,Tanker,2,FUJI GALAXY,fuji galaxy,Tanker-20160910-190037-39,train,55.000,60.000,32000,a096d5adb0f3e91e4b529c2a1eab4104386318f9825cc05a39470d410e2f4cba
tanker-39-000060000ms,Tanker/39.wav,Tanker,2,FUJI GALAXY,fuji galaxy,Tanker-20160910-190037-39,train,60.000,65.000,32000,a096d5adb0f3e91e4b529c2a1eab4104386318f9825cc05a39470d410e2f4cba
tanker-39-000065000ms,Tanker/39.wav,Tanker,2,FUJI GALAXY,fuji galaxy,Tanker-20160910-190037-39,train,65.000,70.000,32000,a096d5adb0f3e91e4b529c2a1eab4104386318f9825cc05a39470d410e2f4cba
tanker-39-000070000ms,Tanker/39.wav,Tanker,2,FUJI GALAXY,fuji galaxy,Tanker-20160910-190037-39,train,70.000,75.000,32000,a096d5adb0f3e91e4b529c2a1eab4104386318f9825cc05a39470d410e2f4cba
tanker-39-000075000ms,Tanker/39.wav,Tanker,2,FUJI GALAXY,fuji galaxy,Tanker-20160910-190037-39,train,75.000,80.000,32000,a096d5adb0f3e91e4b529c2a1eab4104386318f9825cc05a39470d410e2f4cba
tanker-39-000080000ms,Tanker/39.wav,Tanker,2,FUJI GALAXY,fuji galaxy,Tanker-20160910-190037-39,train,80.000,85.000,32000,a096d5adb0f3e91e4b529c2a1eab4104386318f9825cc05a39470d410e2f4cba
tanker-39-000085000ms,Tanker/39.wav,Tanker,2,FUJI GALAXY,fuji galaxy,Tanker-20160910-190037-39,train,85.000,90.000,32000,a096d5adb0f3e91e4b529c2a1eab4104386318f9825cc05a39470d410e2f4cba
tanker-39-000090000ms,Tanker/39.wav,Tanker,2,FUJI GALAXY,fuji galaxy,Tanker-20160910-190037-39,train,90.000,95.000,32000,a096d5adb0f3e91e4b529c2a1eab4104386318f9825cc05a39470d410e2f4cba
tanker-39-000095000ms,Tanker/39.wav,Tanker,2,FUJI GALAXY,fuji galaxy,Tanker-20160910-190037-39,train,95.000,100.000,32000,a096d5adb0f3e91e4b529c2a1eab4104386318f9825cc05a39470d410e2f4cba
tanker-39-000100000ms,Tanker/39.wav,Tanker,2,FUJI GALAXY,fuji galaxy,Tanker-20160910-190037-39,train,100.000,105.000,32000,a096d5adb0f3e91e4b529c2a1eab4104386318f9825cc05a39470d410e2f4cba
tanker-39-000105000ms,Tanker/39.wav,Tanker,2,FUJI GALAXY,fuji galaxy,Tanker-20160910-190037-39,train,105.000,110.000,32000,a096d5adb0f3e91e4b529c2a1eab4104386318f9825cc05a39470d410e2f4cba
tanker-39-000110000ms,Tanker/39.wav,Tanker,2,FUJI GALAXY,fuji galaxy,Tanker-20160910-190037-39,train,110.000,115.000,32000,a096d5adb0f3e91e4b529c2a1eab4104386318f9825cc05a39470d410e2f4cba
tanker-39-000115000ms,Tanker/39.wav,Tanker,2,FUJI GALAXY,fuji galaxy,Tanker-20160910-190037-39,train,115.000,120.000,32000,a096d5adb0f3e91e4b529c2a1eab4104386318f9825cc05a39470d410e2f4cba
tanker-39-000120000ms,Tanker/39.wav,Tanker,2,FUJI GALAXY,fuji galaxy,Tanker-20160910-190037-39,train,120.000,125.000,32000,a096d5adb0f3e91e4b529c2a1eab4104386318f9825cc05a39470d410e2f4cba
tanker-41-000000000ms,Tanker/41.wav,Tanker,2,ARDMORE CHEYENNE,ardmore cheyenne,Tanker-20160927-081031-41,validation,0.000,5.000,32000,a096d5adb0f3e91e4b529c2a1eab4104386318f9825cc05a39470d410e2f4cba
tanker-41-000005000ms,Tanker/41.wav,Tanker,2,ARDMORE CHEYENNE,ardmore cheyenne,Tanker-20160927-081031-41,validation,5.000,10.000,32000,a096d5adb0f3e91e4b529c2a1eab4104386318f9825cc05a39470d410e2f4cba
tanker-41-000010000ms,Tanker/41.wav,Tanker,2,ARDMORE CHEYENNE,ardmore cheyenne,Tanker-20160927-081031-41,validation,10.000,15.000,32000,a096d5adb0f3e91e4b529c2a1eab4104386318f9825cc05a39470d410e2f4cba
tanker-41-000015000ms,Tanker/41.wav,Tanker,2,ARDMORE CHEYENNE,ardmore cheyenne,Tanker-20160927-081031-41,validation,15.000,20.000,32000,a096d5adb0f3e91e4b529c2a1eab4104386318f9825cc05a39470d410e2f4cba
tanker-41-000020000ms,Tanker/41.wav,Tanker,2,ARDMORE CHEYENNE,ardmore cheyenne,Tanker-20160927-081031-41,validation,20.000,25.000,32000,a096d5adb0f3e91e4b529c2a1eab4104386318f9825cc05a39470d410e2f4cba
tanker-41-000025000ms,Tanker/41.wav,Tanker,2,ARDMORE CHEYENNE,ardmore cheyenne,Tanker-20160927-081031-41,validation,25.000,30.000,32000,a096d5adb0f3e91e4b529c2a1eab4104386318f9825cc05a39470d410e2f4cba
tanker-41-000030000ms,Tanker/41.wav,Tanker,2,ARDMORE CHEYENNE,ardmore cheyenne,Tanker-20160927-081031-41,validation,30.000,35.000,32000,a096d5adb0f3e91e4b529c2a1eab4104386318f9825cc05a39470d410e2f4cba
tanker-41-000035000ms,Tanker/41.wav,Tanker,2,ARDMORE CHEYENNE,ardmore cheyenne,Tanker-20160927-081031-41,validation,35.000,40.000,32000,a096d5adb0f3e91e4b529c2a1eab4104386318f9825cc05a39470d410e2f4cba
tanker-42-000000000ms,Tanker/42.wav,Tanker,2,CHEMBULK NEW,chembulk new,Tanker-20161002-130331-42,train,0.000,5.000,32000,a096d5adb0f3e91e4b529c2a1eab4104386318f9825cc05a39470d410e2f4cba
tanker-42-000005000ms,Tanker/42.wav,Tanker,2,CHEMBULK NEW,chembulk new,Tanker-20161002-130331-42,train,5.000,10.000,32000,a096d5adb0f3e91e4b529c2a1eab4104386318f9825cc05a39470d410e2f4cba
tanker-42-000010000ms,Tanker/42.wav,Tanker,2,CHEMBULK NEW,chembulk new,Tanker-20161002-130331-42,train,10.000,15.000,32000,a096d5adb0f3e91e4b529c2a1eab4104386318f9825cc05a39470d410e2f4cba
tanker-42-000015000ms,Tanker/42.wav,Tanker,2,CHEMBULK NEW,chembulk new,Tanker-20161002-130331-42,train,15.000,20.000,32000,a096d5adb0f3e91e4b529c2a1eab4104386318f9825cc05a39470d410e2f4cba
tanker-42-000020000ms,Tanker/42.wav,Tanker,2,CHEMBULK NEW,chembulk new,Tanker-20161002-130331-42,train,20.000,25.000,32000,a096d5adb0f3e91e4b529c2a1eab4104386318f9825cc05a39470d410e2f4cba
tanker-42-000025000ms,Tanker/42.wav,Tanker,2,CHEMBULK NEW,chembulk new,Tanker-20161002-130331-42,train,25.000,30.000,32000,a096d5adb0f3e91e4b529c2a1eab4104386318f9825cc05a39470d410e2f4cba
tanker-42-000030000ms,Tanker/42.wav,Tanker,2,CHEMBULK NEW,chembulk new,Tanker-20161002-130331-42,train,30.000,35.000,32000,a096d5adb0f3e91e4b529c2a1eab4104386318f9825cc05a39470d410e2f4cba
tanker-42-000035000ms,Tanker/42.wav,Tanker,2,CHEMBULK NEW,chembulk new,Tanker-20161002-130331-42,train,35.000,40.000,32000,a096d5adb0f3e91e4b529c2a1eab4104386318f9825cc05a39470d410e2f4cba
tanker-42-000040000ms,Tanker/42.wav,Tanker,2,CHEMBULK NEW,chembulk new,Tanker-20161002-130331-42,train,40.000,45.000,32000,a096d5adb0f3e91e4b529c2a1eab4104386318f9825cc05a39470d410e2f4cba
tanker-42-000045000ms,Tanker/42.wav,Tanker,2,CHEMBULK NEW,chembulk new,Tanker-20161002-130331-42,train,45.000,50.000,32000,a096d5adb0f3e91e4b529c2a1eab4104386318f9825cc05a39470d410e2f4cba
tanker-42-000050000ms,Tanker/42.wav,Tanker,2,CHEMBULK NEW,chembulk new,Tanker-20161002-130331-42,train,50.000,55.000,32000,a096d5adb0f3e91e4b529c2a1eab4104386318f9825cc05a39470d410e2f4cba
tanker-42-000055000ms,Tanker/42.wav,Tanker,2,CHEMBULK NEW,chembulk new,Tanker-20161002-130331-42,train,55.000,60.000,32000,a096d5adb0f3e91e4b529c2a1eab4104386318f9825cc05a39470d410e2f4cba
tanker-42-000060000ms,Tanker/42.wav,Tanker,2,CHEMBULK NEW,chembulk new,Tanker-20161002-130331-42,train,60.000,65.000,32000,a096d5adb0f3e91e4b529c2a1eab4104386318f9825cc05a39470d410e2f4cba
tanker-42-000065000ms,Tanker/42.wav,Tanker,2,CHEMBULK NEW,chembulk new,Tanker-20161002-130331-42,train,65.000,70.000,32000,a096d5adb0f3e91e4b529c2a1eab4104386318f9825cc05a39470d410e2f4cba
tanker-43-000000000ms,Tanker/43.wav,Tanker,2,KIRKEHOLMEN,kirkeholmen,Tanker-20161005-075627-43,train,0.000,5.000,32000,a096d5adb0f3e91e4b529c2a1eab4104386318f9825cc05a39470d410e2f4cba
tanker-43-000005000ms,Tanker/43.wav,Tanker,2,KIRKEHOLMEN,kirkeholmen,Tanker-20161005-075627-43,train,5.000,10.000,32000,a096d5adb0f3e91e4b529c2a1eab4104386318f9825cc05a39470d410e2f4cba
tanker-43-000010000ms,Tanker/43.wav,Tanker,2,KIRKEHOLMEN,kirkeholmen,Tanker-20161005-075627-43,train,10.000,15.000,32000,a096d5adb0f3e91e4b529c2a1eab4104386318f9825cc05a39470d410e2f4cba
tanker-43-000015000ms,Tanker/43.wav,Tanker,2,KIRKEHOLMEN,kirkeholmen,Tanker-20161005-075627-43,train,15.000,20.000,32000,a096d5adb0f3e91e4b529c2a1eab4104386318f9825cc05a39470d410e2f4cba
tanker-43-000020000ms,Tanker/43.wav,Tanker,2,KIRKEHOLMEN,kirkeholmen,Tanker-20161005-075627-43,train,20.000,25.000,32000,a096d5adb0f3e91e4b529c2a1eab4104386318f9825cc05a39470d410e2f4cba
tanker-47-000000000ms,Tanker/47.wav,Tanker,2,CHERRY GALAXY,cherry galaxy,Tanker-20161024-061514-47,train,0.000,5.000,32000,a096d5adb0f3e91e4b529c2a1eab4104386318f9825cc05a39470d410e2f4cba
tanker-47-000005000ms,Tanker/47.wav,Tanker,2,CHERRY GALAXY,cherry galaxy,Tanker-20161024-061514-47,train,5.000,10.000,32000,a096d5adb0f3e91e4b529c2a1eab4104386318f9825cc05a39470d410e2f4cba
tanker-47-000010000ms,Tanker/47.wav,Tanker,2,CHERRY GALAXY,cherry galaxy,Tanker-20161024-061514-47,train,10.000,15.000,32000,a096d5adb0f3e91e4b529c2a1eab4104386318f9825cc05a39470d410e2f4cba
tanker-47-000015000ms,Tanker/47.wav,Tanker,2,CHERRY GALAXY,cherry galaxy,Tanker-20161024-061514-47,train,15.000,20.000,32000,a096d5adb0f3e91e4b529c2a1eab4104386318f9825cc05a39470d410e2f4cba
tanker-48-000000000ms,Tanker/48.wav,Tanker,2,SILVER MUNA,silver muna,Tanker-20161027-145435-48,validation,0.000,5.000,32000,a096d5adb0f3e91e4b529c2a1eab4104386318f9825cc05a39470d410e2f4cba
tanker-48-000005000ms,Tanker/48.wav,Tanker,2,SILVER MUNA,silver muna,Tanker-20161027-145435-48,validation,5.000,10.000,32000,a096d5adb0f3e91e4b529c2a1eab4104386318f9825cc05a39470d410e2f4cba
tanker-48-000010000ms,Tanker/48.wav,Tanker,2,SILVER MUNA,silver muna,Tanker-20161027-145435-48,validation,10.000,15.000,32000,a096d5adb0f3e91e4b529c2a1eab4104386318f9825cc05a39470d410e2f4cba
tanker-48-000015000ms,Tanker/48.wav,Tanker,2,SILVER MUNA,silver muna,Tanker-20161027-145435-48,validation,15.000,20.000,32000,a096d5adb0f3e91e4b529c2a1eab4104386318f9825cc05a39470d410e2f4cba
tanker-48-000020000ms,Tanker/48.wav,Tanker,2,SILVER MUNA,silver muna,Tanker-20161027-145435-48,validation,20.000,25.000,32000,a096d5adb0f3e91e4b529c2a1eab4104386318f9825cc05a39470d410e2f4cba
tanker-48-000025000ms,Tanker/48.wav,Tanker,2,SILVER MUNA,silver muna,Tanker-20161027-145435-48,validation,25.000,30.000,32000,a096d5adb0f3e91e4b529c2a1eab4104386318f9825cc05a39470d410e2f4cba
tanker-48-000030000ms,Tanker/48.wav,Tanker,2,SILVER MUNA,silver muna,Tanker-20161027-145435-48,validation,30.000,35.000,32000,a096d5adb0f3e91e4b529c2a1eab4104386318f9825cc05a39470d410e2f4cba
tanker-49-000000000ms,Tanker/49.wav,Tanker,2,KIRKEHOLMEN,kirkeholmen,Tanker-20161030-043924-49,train,0.000,5.000,32000,a096d5adb0f3e91e4b529c2a1eab4104386318f9825cc05a39470d410e2f4cba
tanker-49-000005000ms,Tanker/49.wav,Tanker,2,KIRKEHOLMEN,kirkeholmen,Tanker-20161030-043924-49,train,5.000,10.000,32000,a096d5adb0f3e91e4b529c2a1eab4104386318f9825cc05a39470d410e2f4cba
tanker-49-000010000ms,Tanker/49.wav,Tanker,2,KIRKEHOLMEN,kirkeholmen,Tanker-20161030-043924-49,train,10.000,15.000,32000,a096d5adb0f3e91e4b529c2a1eab4104386318f9825cc05a39470d410e2f4cba
tanker-49-000015000ms,Tanker/49.wav,Tanker,2,KIRKEHOLMEN,kirkeholmen,Tanker-20161030-043924-49,train,15.000,20.000,32000,a096d5adb0f3e91e4b529c2a1eab4104386318f9825cc05a39470d410e2f4cba
tanker-49-000020000ms,Tanker/49.wav,Tanker,2,KIRKEHOLMEN,kirkeholmen,Tanker-20161030-043924-49,train,20.000,25.000,32000,a096d5adb0f3e91e4b529c2a1eab4104386318f9825cc05a39470d410e2f4cba
tanker-49-000025000ms,Tanker/49.wav,Tanker,2,KIRKEHOLMEN,kirkeholmen,Tanker-20161030-043924-49,train,25.000,30.000,32000,a096d5adb0f3e91e4b529c2a1eab4104386318f9825cc05a39470d410e2f4cba
tanker-49-000030000ms,Tanker/49.wav,Tanker,2,KIRKEHOLMEN,kirkeholmen,Tanker-20161030-043924-49,train,30.000,35.000,32000,a096d5adb0f3e91e4b529c2a1eab4104386318f9825cc05a39470d410e2f4cba
tanker-5-000000000ms,Tanker/5.wav,Tanker,2,LYNDA VICTORY,lynda victory,Tanker-20160519-123958-5,test,0.000,5.000,32000,a096d5adb0f3e91e4b529c2a1eab4104386318f9825cc05a39470d410e2f4cba
tanker-5-000005000ms,Tanker/5.wav,Tanker,2,LYNDA VICTORY,lynda victory,Tanker-20160519-123958-5,test,5.000,10.000,32000,a096d5adb0f3e91e4b529c2a1eab4104386318f9825cc05a39470d410e2f4cba
tanker-5-000010000ms,Tanker/5.wav,Tanker,2,LYNDA VICTORY,lynda victory,Tanker-20160519-123958-5,test,10.000,15.000,32000,a096d5adb0f3e91e4b529c2a1eab4104386318f9825cc05a39470d410e2f4cba
tanker-5-000015000ms,Tanker/5.wav,Tanker,2,LYNDA VICTORY,lynda victory,Tanker-20160519-123958-5,test,15.000,20.000,32000,a096d5adb0f3e91e4b529c2a1eab4104386318f9825cc05a39470d410e2f4cba
tanker-5-000020000ms,Tanker/5.wav,Tanker,2,LYNDA VICTORY,lynda victory,Tanker-20160519-123958-5,test,20.000,25.000,32000,a096d5adb0f3e91e4b529c2a1eab4104386318f9825cc05a39470d410e2f4cba
tanker-5-000025000ms,Tanker/5.wav,Tanker,2,LYNDA VICTORY,lynda victory,Tanker-20160519-123958-5,test,25.000,30.000,32000,a096d5adb0f3e91e4b529c2a1eab4104386318f9825cc05a39470d410e2f4cba
tanker-5-000030000ms,Tanker/5.wav,Tanker,2,LYNDA VICTORY,lynda victory,Tanker-20160519-123958-5,test,30.000,35.000,32000,a096d5adb0f3e91e4b529c2a1eab4104386318f9825cc05a39470d410e2f4cba
tanker-5-000035000ms,Tanker/5.wav,Tanker,2,LYNDA VICTORY,lynda victory,Tanker-20160519-123958-5,test,35.000,40.000,32000,a096d5adb0f3e91e4b529c2a1eab4104386318f9825cc05a39470d410e2f4cba
tanker-5-000040000ms,Tanker/5.wav,Tanker,2,LYNDA VICTORY,lynda victory,Tanker-20160519-123958-5,test,40.000,45.000,32000,a096d5adb0f3e91e4b529c2a1eab4104386318f9825cc05a39470d410e2f4cba
tanker-50-000000000ms,Tanker/50.wav,Tanker,2,OCEAN RELIANCE,ocean reliance,Tanker-20161101-053459-50,test,0.000,5.000,32000,a096d5adb0f3e91e4b529c2a1eab4104386318f9825cc05a39470d410e2f4cba
tanker-50-000005000ms,Tanker/50.wav,Tanker,2,OCEAN RELIANCE,ocean reliance,Tanker-20161101-053459-50,test,5.000,10.000,32000,a096d5adb0f3e91e4b529c2a1eab4104386318f9825cc05a39470d410e2f4cba
tanker-6-000000000ms,Tanker/6.wav,Tanker,2,CHAMPION EBONY,champion ebony,Tanker-20160526-193813-6,train,0.000,5.000,32000,a096d5adb0f3e91e4b529c2a1eab4104386318f9825cc05a39470d410e2f4cba
tanker-6-000005000ms,Tanker/6.wav,Tanker,2,CHAMPION EBONY,champion ebony,Tanker-20160526-193813-6,train,5.000,10.000,32000,a096d5adb0f3e91e4b529c2a1eab4104386318f9825cc05a39470d410e2f4cba
tanker-6-000010000ms,Tanker/6.wav,Tanker,2,CHAMPION EBONY,champion ebony,Tanker-20160526-193813-6,train,10.000,15.000,32000,a096d5adb0f3e91e4b529c2a1eab4104386318f9825cc05a39470d410e2f4cba
tanker-6-000015000ms,Tanker/6.wav,Tanker,2,CHAMPION EBONY,champion ebony,Tanker-20160526-193813-6,train,15.000,20.000,32000,a096d5adb0f3e91e4b529c2a1eab4104386318f9825cc05a39470d410e2f4cba
tanker-6-000020000ms,Tanker/6.wav,Tanker,2,CHAMPION EBONY,champion ebony,Tanker-20160526-193813-6,train,20.000,25.000,32000,a096d5adb0f3e91e4b529c2a1eab4104386318f9825cc05a39470d410e2f4cba
tanker-6-000025000ms,Tanker/6.wav,Tanker,2,CHAMPION EBONY,champion ebony,Tanker-20160526-193813-6,train,25.000,30.000,32000,a096d5adb0f3e91e4b529c2a1eab4104386318f9825cc05a39470d410e2f4cba
tanker-6-000030000ms,Tanker/6.wav,Tanker,2,CHAMPION EBONY,champion ebony,Tanker-20160526-193813-6,train,30.000,35.000,32000,a096d5adb0f3e91e4b529c2a1eab4104386318f9825cc05a39470d410e2f4cba
tanker-6-000035000ms,Tanker/6.wav,Tanker,2,CHAMPION EBONY,champion ebony,Tanker-20160526-193813-6,train,35.000,40.000,32000,a096d5adb0f3e91e4b529c2a1eab4104386318f9825cc05a39470d410e2f4cba
tanker-6-000040000ms,Tanker/6.wav,Tanker,2,CHAMPION EBONY,champion ebony,Tanker-20160526-193813-6,train,40.000,45.000,32000,a096d5adb0f3e91e4b529c2a1eab4104386318f9825cc05a39470d410e2f4cba
tanker-6-000045000ms,Tanker/6.wav,Tanker,2,CHAMPION EBONY,champion ebony,Tanker-20160526-193813-6,train,45.000,50.000,32000,a096d5adb0f3e91e4b529c2a1eab4104386318f9825cc05a39470d410e2f4cba
tanker-6-000050000ms,Tanker/6.wav,Tanker,2,CHAMPION EBONY,champion ebony,Tanker-20160526-193813-6,train,50.000,55.000,32000,a096d5adb0f3e91e4b529c2a1eab4104386318f9825cc05a39470d410e2f4cba
tanker-6-000055000ms,Tanker/6.wav,Tanker,2,CHAMPION EBONY,champion ebony,Tanker-20160526-193813-6,train,55.000,60.000,32000,a096d5adb0f3e91e4b529c2a1eab4104386318f9825cc05a39470d410e2f4cba
tanker-6-000060000ms,Tanker/6.wav,Tanker,2,CHAMPION EBONY,champion ebony,Tanker-20160526-193813-6,train,60.000,65.000,32000,a096d5adb0f3e91e4b529c2a1eab4104386318f9825cc05a39470d410e2f4cba
tanker-6-000065000ms,Tanker/6.wav,Tanker,2,CHAMPION EBONY,champion ebony,Tanker-20160526-193813-6,train,65.000,70.000,32000,a096d5adb0f3e91e4b529c2a1eab4104386318f9825cc05a39470d410e2f4cba
tanker-6-000070000ms,Tanker/6.wav,Tanker,2,CHAMPION EBONY,champion ebony,Tanker-20160526-193813-6,train,70.000,75.000,32000,a096d5adb0f3e91e4b529c2a1eab4104386318f9825cc05a39470d410e2f4cba
tanker-6-000075000ms,Tanker/6.wav,Tanker,2,CHAMPION EBONY,champion ebony,Tanker-20160526-193813-6,train,75.000,80.000,32000,a096d5adb0f3e91e4b529c2a1eab4104386318f9825cc05a39470d410e2f4cba
tanker-6-000080000ms,Tanker/6.wav,Tanker,2,CHAMPION EBONY,champion ebony,Tanker-20160526-193813-6,train,80.000,85.000,32000,a096d5adb0f3e91e4b529c2a1eab4104386318f9825cc05a39470d410e2f4cba
tanker-6-000085000ms,Tanker/6.wav,Tanker,2,CHAMPION EBONY,champion ebony,Tanker-20160526-193813-6,train,85.000,90.000,32000,a096d5adb0f3e91e4b529c2a1eab4104386318f9825cc05a39470d410e2f4cba
tanker-6-000090000ms,Tanker/6.wav,Tanker,2,CHAMPION EBONY,champion ebony,Tanker-20160526-193813-6,train,90.000,95.000,32000,a096d5adb0f3e91e4b529c2a1eab4104386318f9825cc05a39470d410e2f4cba
tanker-6-000095000ms,Tanker/6.wav,Tanker,2,CHAMPION EBONY,champion ebony,Tanker-20160526-193813-6,train,95.000,100.000,32000,a096d5adb0f3e91e4b529c2a1eab4104386318f9825cc05a39470d410e2f4cba
tanker-6-000100000ms,Tanker/6.wav,Tanker,2,CHAMPION EBONY,champion ebony,Tanker-20160526-193813-6,train,100.000,105.000,32000,a096d5adb0f3e91e4b529c2a1eab4104386318f9825cc05a39470d410e2f4cba
tanker-6-000105000ms,Tanker/6.wav,Tanker,2,CHAMPION EBONY,champion ebony,Tanker-20160526-193813-6,train,105.000,110.000,32000,a096d5adb0f3e91e4b529c2a1eab4104386318f9825cc05a39470d410e2f4cba
tanker-6-000110000ms,Tanker/6.wav,Tanker,2,CHAMPION EBONY,champion ebony,Tanker-20160526-193813-6,train,110.000,115.000,32000,a096d5adb0f3e91e4b529c2a1eab4104386318f9825cc05a39470d410e2f4cba
tanker-6-000115000ms,Tanker/6.wav,Tanker,2,CHAMPION EBONY,champion ebony,Tanker-20160526-193813-6,train,115.000,120.000,32000,a096d5adb0f3e91e4b529c2a1eab4104386318f9825cc05a39470d410e2f4cba
tanker-6-000120000ms,Tanker/6.wav,Tanker,2,CHAMPION EBONY,champion ebony,Tanker-20160526-193813-6,train,120.000,125.000,32000,a096d5adb0f3e91e4b529c2a1eab4104386318f9825cc05a39470d410e2f4cba
tanker-6-000125000ms,Tanker/6.wav,Tanker,2,CHAMPION EBONY,champion ebony,Tanker-20160526-193813-6,train,125.000,130.000,32000,a096d5adb0f3e91e4b529c2a1eab4104386318f9825cc05a39470d410e2f4cba
tanker-6-000130000ms,Tanker/6.wav,Tanker,2,CHAMPION EBONY,champion ebony,Tanker-20160526-193813-6,train,130.000,135.000,32000,a096d5adb0f3e91e4b529c2a1eab4104386318f9825cc05a39470d410e2f4cba
tanker-6-000135000ms,Tanker/6.wav,Tanker,2,CHAMPION EBONY,champion ebony,Tanker-20160526-193813-6,train,135.000,140.000,32000,a096d5adb0f3e91e4b529c2a1eab4104386318f9825cc05a39470d410e2f4cba
tanker-6-000140000ms,Tanker/6.wav,Tanker,2,CHAMPION EBONY,champion ebony,Tanker-20160526-193813-6,train,140.000,145.000,32000,a096d5adb0f3e91e4b529c2a1eab4104386318f9825cc05a39470d410e2f4cba
tanker-6-000145000ms,Tanker/6.wav,Tanker,2,CHAMPION EBONY,champion ebony,Tanker-20160526-193813-6,train,145.000,150.000,32000,a096d5adb0f3e91e4b529c2a1eab4104386318f9825cc05a39470d410e2f4cba
tanker-6-000150000ms,Tanker/6.wav,Tanker,2,CHAMPION EBONY,champion ebony,Tanker-20160526-193813-6,train,150.000,155.000,32000,a096d5adb0f3e91e4b529c2a1eab4104386318f9825cc05a39470d410e2f4cba
tanker-6-000155000ms,Tanker/6.wav,Tanker,2,CHAMPION EBONY,champion ebony,Tanker-20160526-193813-6,train,155.000,160.000,32000,a096d5adb0f3e91e4b529c2a1eab4104386318f9825cc05a39470d410e2f4cba
tanker-6-000160000ms,Tanker/6.wav,Tanker,2,CHAMPION EBONY,champion ebony,Tanker-20160526-193813-6,train,160.000,165.000,32000,a096d5adb0f3e91e4b529c2a1eab4104386318f9825cc05a39470d410e2f4cba
tanker-6-000165000ms,Tanker/6.wav,Tanker,2,CHAMPION EBONY,champion ebony,Tanker-20160526-193813-6,train,165.000,170.000,32000,a096d5adb0f3e91e4b529c2a1eab4104386318f9825cc05a39470d410e2f4cba
tanker-8-000000000ms,Tanker/8.wav,Tanker,2,KIRKEHOLMEN,kirkeholmen,Tanker-20160601-142520-8,train,0.000,5.000,32000,a096d5adb0f3e91e4b529c2a1eab4104386318f9825cc05a39470d410e2f4cba
tanker-8-000005000ms,Tanker/8.wav,Tanker,2,KIRKEHOLMEN,kirkeholmen,Tanker-20160601-142520-8,train,5.000,10.000,32000,a096d5adb0f3e91e4b529c2a1eab4104386318f9825cc05a39470d410e2f4cba
tanker-8-000010000ms,Tanker/8.wav,Tanker,2,KIRKEHOLMEN,kirkeholmen,Tanker-20160601-142520-8,train,10.000,15.000,32000,a096d5adb0f3e91e4b529c2a1eab4104386318f9825cc05a39470d410e2f4cba
tanker-8-000015000ms,Tanker/8.wav,Tanker,2,KIRKEHOLMEN,kirkeholmen,Tanker-20160601-142520-8,train,15.000,20.000,32000,a096d5adb0f3e91e4b529c2a1eab4104386318f9825cc05a39470d410e2f4cba
tanker-8-000020000ms,Tanker/8.wav,Tanker,2,KIRKEHOLMEN,kirkeholmen,Tanker-20160601-142520-8,train,20.000,25.000,32000,a096d5adb0f3e91e4b529c2a1eab4104386318f9825cc05a39470d410e2f4cba
tanker-8-000025000ms,Tanker/8.wav,Tanker,2,KIRKEHOLMEN,kirkeholmen,Tanker-20160601-142520-8,train,25.000,30.000,32000,a096d5adb0f3e91e4b529c2a1eab4104386318f9825cc05a39470d410e2f4cba
tanker-8-000030000ms,Tanker/8.wav,Tanker,2,KIRKEHOLMEN,kirkeholmen,Tanker-20160601-142520-8,train,30.000,35.000,32000,a096d5adb0f3e91e4b529c2a1eab4104386318f9825cc05a39470d410e2f4cba
tanker-8-000035000ms,Tanker/8.wav,Tanker,2,KIRKEHOLMEN,kirkeholmen,Tanker-20160601-142520-8,train,35.000,40.000,32000,a096d5adb0f3e91e4b529c2a1eab4104386318f9825cc05a39470d410e2f4cba
tanker-9-000000000ms,Tanker/9.wav,Tanker,2,SONGA RUBY,songa ruby,Tanker-20160602-203639-9,train,0.000,5.000,32000,a096d5adb0f3e91e4b529c2a1eab4104386318f9825cc05a39470d410e2f4cba
tanker-9-000005000ms,Tanker/9.wav,Tanker,2,SONGA RUBY,songa ruby,Tanker-20160602-203639-9,train,5.000,10.000,32000,a096d5adb0f3e91e4b529c2a1eab4104386318f9825cc05a39470d410e2f4cba
tanker-9-000010000ms,Tanker/9.wav,Tanker,2,SONGA RUBY,songa ruby,Tanker-20160602-203639-9,train,10.000,15.000,32000,a096d5adb0f3e91e4b529c2a1eab4104386318f9825cc05a39470d410e2f4cba
tug-40-000000000ms,Tug/40.wav,Tug,3,SEASPAN COMMANDER,seaspan commander,Tug-20171203-113510-40,test,0.000,5.000,32000,a096d5adb0f3e91e4b529c2a1eab4104386318f9825cc05a39470d410e2f4cba
tug-40-000005000ms,Tug/40.wav,Tug,3,SEASPAN COMMANDER,seaspan commander,Tug-20171203-113510-40,test,5.000,10.000,32000,a096d5adb0f3e91e4b529c2a1eab4104386318f9825cc05a39470d410e2f4cba
tug-40-000010000ms,Tug/40.wav,Tug,3,SEASPAN COMMANDER,seaspan commander,Tug-20171203-113510-40,test,10.000,15.000,32000,a096d5adb0f3e91e4b529c2a1eab4104386318f9825cc05a39470d410e2f4cba
tug-40-000015000ms,Tug/40.wav,Tug,3,SEASPAN COMMANDER,seaspan commander,Tug-20171203-113510-40,test,15.000,20.000,32000,a096d5adb0f3e91e4b529c2a1eab4104386318f9825cc05a39470d410e2f4cba
tug-40-000020000ms,Tug/40.wav,Tug,3,SEASPAN COMMANDER,seaspan commander,Tug-20171203-113510-40,test,20.000,25.000,32000,a096d5adb0f3e91e4b529c2a1eab4104386318f9825cc05a39470d410e2f4cba
tug-40-000025000ms,Tug/40.wav,Tug,3,SEASPAN COMMANDER,seaspan commander,Tug-20171203-113510-40,test,25.000,30.000,32000,a096d5adb0f3e91e4b529c2a1eab4104386318f9825cc05a39470d410e2f4cba
tug-40-000030000ms,Tug/40.wav,Tug,3,SEASPAN COMMANDER,seaspan commander,Tug-20171203-113510-40,test,30.000,35.000,32000,a096d5adb0f3e91e4b529c2a1eab4104386318f9825cc05a39470d410e2f4cba
tug-40-000035000ms,Tug/40.wav,Tug,3,SEASPAN COMMANDER,seaspan commander,Tug-20171203-113510-40,test,35.000,40.000,32000,a096d5adb0f3e91e4b529c2a1eab4104386318f9825cc05a39470d410e2f4cba
tug-40-000040000ms,Tug/40.wav,Tug,3,SEASPAN COMMANDER,seaspan commander,Tug-20171203-113510-40,test,40.000,45.000,32000,a096d5adb0f3e91e4b529c2a1eab4104386318f9825cc05a39470d410e2f4cba
tug-40-000045000ms,Tug/40.wav,Tug,3,SEASPAN COMMANDER,seaspan commander,Tug-20171203-113510-40,test,45.000,50.000,32000,a096d5adb0f3e91e4b529c2a1eab4104386318f9825cc05a39470d410e2f4cba
tug-40-000050000ms,Tug/40.wav,Tug,3,SEASPAN COMMANDER,seaspan commander,Tug-20171203-113510-40,test,50.000,55.000,32000,a096d5adb0f3e91e4b529c2a1eab4104386318f9825cc05a39470d410e2f4cba
tug-40-000055000ms,Tug/40.wav,Tug,3,SEASPAN COMMANDER,seaspan commander,Tug-20171203-113510-40,test,55.000,60.000,32000,a096d5adb0f3e91e4b529c2a1eab4104386318f9825cc05a39470d410e2f4cba
tug-40-000060000ms,Tug/40.wav,Tug,3,SEASPAN COMMANDER,seaspan commander,Tug-20171203-113510-40,test,60.000,65.000,32000,a096d5adb0f3e91e4b529c2a1eab4104386318f9825cc05a39470d410e2f4cba
tug-40-000065000ms,Tug/40.wav,Tug,3,SEASPAN COMMANDER,seaspan commander,Tug-20171203-113510-40,test,65.000,70.000,32000,a096d5adb0f3e91e4b529c2a1eab4104386318f9825cc05a39470d410e2f4cba
tug-40-000070000ms,Tug/40.wav,Tug,3,SEASPAN COMMANDER,seaspan commander,Tug-20171203-113510-40,test,70.000,75.000,32000,a096d5adb0f3e91e4b529c2a1eab4104386318f9825cc05a39470d410e2f4cba
tug-40-000075000ms,Tug/40.wav,Tug,3,SEASPAN COMMANDER,seaspan commander,Tug-20171203-113510-40,test,75.000,80.000,32000,a096d5adb0f3e91e4b529c2a1eab4104386318f9825cc05a39470d410e2f4cba
tug-40-000080000ms,Tug/40.wav,Tug,3,SEASPAN COMMANDER,seaspan commander,Tug-20171203-113510-40,test,80.000,85.000,32000,a096d5adb0f3e91e4b529c2a1eab4104386318f9825cc05a39470d410e2f4cba
tug-40-000085000ms,Tug/40.wav,Tug,3,SEASPAN COMMANDER,seaspan commander,Tug-20171203-113510-40,test,85.000,90.000,32000,a096d5adb0f3e91e4b529c2a1eab4104386318f9825cc05a39470d410e2f4cba
tug-40-000090000ms,Tug/40.wav,Tug,3,SEASPAN COMMANDER,seaspan commander,Tug-20171203-113510-40,test,90.000,95.000,32000,a096d5adb0f3e91e4b529c2a1eab4104386318f9825cc05a39470d410e2f4cba
tug-40-000095000ms,Tug/40.wav,Tug,3,SEASPAN COMMANDER,seaspan commander,Tug-20171203-113510-40,test,95.000,100.000,32000,a096d5adb0f3e91e4b529c2a1eab4104386318f9825cc05a39470d410e2f4cba
tug-40-000100000ms,Tug/40.wav,Tug,3,SEASPAN COMMANDER,seaspan commander,Tug-20171203-113510-40,test,100.000,105.000,32000,a096d5adb0f3e91e4b529c2a1eab4104386318f9825cc05a39470d410e2f4cba
tug-40-000105000ms,Tug/40.wav,Tug,3,SEASPAN COMMANDER,seaspan commander,Tug-20171203-113510-40,test,105.000,110.000,32000,a096d5adb0f3e91e4b529c2a1eab4104386318f9825cc05a39470d410e2f4cba
tug-40-000110000ms,Tug/40.wav,Tug,3,SEASPAN COMMANDER,seaspan commander,Tug-20171203-113510-40,test,110.000,115.000,32000,a096d5adb0f3e91e4b529c2a1eab4104386318f9825cc05a39470d410e2f4cba
tug-40-000115000ms,Tug/40.wav,Tug,3,SEASPAN COMMANDER,seaspan commander,Tug-20171203-113510-40,test,115.000,120.000,32000,a096d5adb0f3e91e4b529c2a1eab4104386318f9825cc05a39470d410e2f4cba
tug-40-000120000ms,Tug/40.wav,Tug,3,SEASPAN COMMANDER,seaspan commander,Tug-20171203-113510-40,test,120.000,125.000,32000,a096d5adb0f3e91e4b529c2a1eab4104386318f9825cc05a39470d410e2f4cba
tug-40-000125000ms,Tug/40.wav,Tug,3,SEASPAN COMMANDER,seaspan commander,Tug-20171203-113510-40,test,125.000,130.000,32000,a096d5adb0f3e91e4b529c2a1eab4104386318f9825cc05a39470d410e2f4cba
tug-40-000130000ms,Tug/40.wav,Tug,3,SEASPAN COMMANDER,seaspan commander,Tug-20171203-113510-40,test,130.000,135.000,32000,a096d5adb0f3e91e4b529c2a1eab4104386318f9825cc05a39470d410e2f4cba
tug-40-000135000ms,Tug/40.wav,Tug,3,SEASPAN COMMANDER,seaspan commander,Tug-20171203-113510-40,test,135.000,140.000,32000,a096d5adb0f3e91e4b529c2a1eab4104386318f9825cc05a39470d410e2f4cba
tug-40-000140000ms,Tug/40.wav,Tug,3,SEASPAN COMMANDER,seaspan commander,Tug-20171203-113510-40,test,140.000,145.000,32000,a096d5adb0f3e91e4b529c2a1eab4104386318f9825cc05a39470d410e2f4cba
tug-40-000145000ms,Tug/40.wav,Tug,3,SEASPAN COMMANDER,seaspan commander,Tug-20171203-113510-40,test,145.000,150.000,32000,a096d5adb0f3e91e4b529c2a1eab4104386318f9825cc05a39470d410e2f4cba
tug-40-000150000ms,Tug/40.wav,Tug,3,SEASPAN COMMANDER,seaspan commander,Tug-20171203-113510-40,test,150.000,155.000,32000,a096d5adb0f3e91e4b529c2a1eab4104386318f9825cc05a39470d410e2f4cba
tug-40-000155000ms,Tug/40.wav,Tug,3,SEASPAN COMMANDER,seaspan commander,Tug-20171203-113510-40,test,155.000,160.000,32000,a096d5adb0f3e91e4b529c2a1eab4104386318f9825cc05a39470d410e2f4cba
tug-40-000160000ms,Tug/40.wav,Tug,3,SEASPAN COMMANDER,seaspan commander,Tug-20171203-113510-40,test,160.000,165.000,32000,a096d5adb0f3e91e4b529c2a1eab4104386318f9825cc05a39470d410e2f4cba
tug-40-000165000ms,Tug/40.wav,Tug,3,SEASPAN COMMANDER,seaspan commander,Tug-20171203-113510-40,test,165.000,170.000,32000,a096d5adb0f3e91e4b529c2a1eab4104386318f9825cc05a39470d410e2f4cba
tug-40-000170000ms,Tug/40.wav,Tug,3,SEASPAN COMMANDER,seaspan commander,Tug-20171203-113510-40,test,170.000,175.000,32000,a096d5adb0f3e91e4b529c2a1eab4104386318f9825cc05a39470d410e2f4cba
tug-40-000175000ms,Tug/40.wav,Tug,3,SEASPAN COMMANDER,seaspan commander,Tug-20171203-113510-40,test,175.000,180.000,32000,a096d5adb0f3e91e4b529c2a1eab4104386318f9825cc05a39470d410e2f4cba
tug-40-000180000ms,Tug/40.wav,Tug,3,SEASPAN COMMANDER,seaspan commander,Tug-20171203-113510-40,test,180.000,185.000,32000,a096d5adb0f3e91e4b529c2a1eab4104386318f9825cc05a39470d410e2f4cba
tug-40-000185000ms,Tug/40.wav,Tug,3,SEASPAN COMMANDER,seaspan commander,Tug-20171203-113510-40,test,185.000,190.000,32000,a096d5adb0f3e91e4b529c2a1eab4104386318f9825cc05a39470d410e2f4cba
tug-40-000190000ms,Tug/40.wav,Tug,3,SEASPAN COMMANDER,seaspan commander,Tug-20171203-113510-40,test,190.000,195.000,32000,a096d5adb0f3e91e4b529c2a1eab4104386318f9825cc05a39470d410e2f4cba
tug-40-000195000ms,Tug/40.wav,Tug,3,SEASPAN COMMANDER,seaspan commander,Tug-20171203-113510-40,test,195.000,200.000,32000,a096d5adb0f3e91e4b529c2a1eab4104386318f9825cc05a39470d410e2f4cba
tug-49-000000000ms,Tug/49.wav,Tug,3,SEASPAN EAGLE,seaspan eagle,Tug-20171210-132956-49,train,0.000,5.000,32000,a096d5adb0f3e91e4b529c2a1eab4104386318f9825cc05a39470d410e2f4cba
tug-49-000005000ms,Tug/49.wav,Tug,3,SEASPAN EAGLE,seaspan eagle,Tug-20171210-132956-49,train,5.000,10.000,32000,a096d5adb0f3e91e4b529c2a1eab4104386318f9825cc05a39470d410e2f4cba
tug-49-000010000ms,Tug/49.wav,Tug,3,SEASPAN EAGLE,seaspan eagle,Tug-20171210-132956-49,train,10.000,15.000,32000,a096d5adb0f3e91e4b529c2a1eab4104386318f9825cc05a39470d410e2f4cba
tug-49-000015000ms,Tug/49.wav,Tug,3,SEASPAN EAGLE,seaspan eagle,Tug-20171210-132956-49,train,15.000,20.000,32000,a096d5adb0f3e91e4b529c2a1eab4104386318f9825cc05a39470d410e2f4cba
tug-49-000020000ms,Tug/49.wav,Tug,3,SEASPAN EAGLE,seaspan eagle,Tug-20171210-132956-49,train,20.000,25.000,32000,a096d5adb0f3e91e4b529c2a1eab4104386318f9825cc05a39470d410e2f4cba
tug-49-000025000ms,Tug/49.wav,Tug,3,SEASPAN EAGLE,seaspan eagle,Tug-20171210-132956-49,train,25.000,30.000,32000,a096d5adb0f3e91e4b529c2a1eab4104386318f9825cc05a39470d410e2f4cba
tug-49-000030000ms,Tug/49.wav,Tug,3,SEASPAN EAGLE,seaspan eagle,Tug-20171210-132956-49,train,30.000,35.000,32000,a096d5adb0f3e91e4b529c2a1eab4104386318f9825cc05a39470d410e2f4cba
tug-49-000035000ms,Tug/49.wav,Tug,3,SEASPAN EAGLE,seaspan eagle,Tug-20171210-132956-49,train,35.000,40.000,32000,a096d5adb0f3e91e4b529c2a1eab4104386318f9825cc05a39470d410e2f4cba
tug-49-000040000ms,Tug/49.wav,Tug,3,SEASPAN EAGLE,seaspan eagle,Tug-20171210-132956-49,train,40.000,45.000,32000,a096d5adb0f3e91e4b529c2a1eab4104386318f9825cc05a39470d410e2f4cba
tug-49-000045000ms,Tug/49.wav,Tug,3,SEASPAN EAGLE,seaspan eagle,Tug-20171210-132956-49,train,45.000,50.000,32000,a096d5adb0f3e91e4b529c2a1eab4104386318f9825cc05a39470d410e2f4cba
tug-49-000050000ms,Tug/49.wav,Tug,3,SEASPAN EAGLE,seaspan eagle,Tug-20171210-132956-49,train,50.000,55.000,32000,a096d5adb0f3e91e4b529c2a1eab4104386318f9825cc05a39470d410e2f4cba
tug-49-000055000ms,Tug/49.wav,Tug,3,SEASPAN EAGLE,seaspan eagle,Tug-20171210-132956-49,train,55.000,60.000,32000,a096d5adb0f3e91e4b529c2a1eab4104386318f9825cc05a39470d410e2f4cba
tug-49-000060000ms,Tug/49.wav,Tug,3,SEASPAN EAGLE,seaspan eagle,Tug-20171210-132956-49,train,60.000,65.000,32000,a096d5adb0f3e91e4b529c2a1eab4104386318f9825cc05a39470d410e2f4cba
tug-49-000065000ms,Tug/49.wav,Tug,3,SEASPAN EAGLE,seaspan eagle,Tug-20171210-132956-49,train,65.000,70.000,32000,a096d5adb0f3e91e4b529c2a1eab4104386318f9825cc05a39470d410e2f4cba
tug-49-000070000ms,Tug/49.wav,Tug,3,SEASPAN EAGLE,seaspan eagle,Tug-20171210-132956-49,train,70.000,75.000,32000,a096d5adb0f3e91e4b529c2a1eab4104386318f9825cc05a39470d410e2f4cba
tug-49-000075000ms,Tug/49.wav,Tug,3,SEASPAN EAGLE,seaspan eagle,Tug-20171210-132956-49,train,75.000,80.000,32000,a096d5adb0f3e91e4b529c2a1eab4104386318f9825cc05a39470d410e2f4cba
tug-49-000080000ms,Tug/49.wav,Tug,3,SEASPAN EAGLE,seaspan eagle,Tug-20171210-132956-49,train,80.000,85.000,32000,a096d5adb0f3e91e4b529c2a1eab4104386318f9825cc05a39470d410e2f4cba
tug-49-000085000ms,Tug/49.wav,Tug,3,SEASPAN EAGLE,seaspan eagle,Tug-20171210-132956-49,train,85.000,90.000,32000,a096d5adb0f3e91e4b529c2a1eab4104386318f9825cc05a39470d410e2f4cba
tug-49-000090000ms,Tug/49.wav,Tug,3,SEASPAN EAGLE,seaspan eagle,Tug-20171210-132956-49,train,90.000,95.000,32000,a096d5adb0f3e91e4b529c2a1eab4104386318f9825cc05a39470d410e2f4cba
tug-49-000095000ms,Tug/49.wav,Tug,3,SEASPAN EAGLE,seaspan eagle,Tug-20171210-132956-49,train,95.000,100.000,32000,a096d5adb0f3e91e4b529c2a1eab4104386318f9825cc05a39470d410e2f4cba
tug-49-000100000ms,Tug/49.wav,Tug,3,SEASPAN EAGLE,seaspan eagle,Tug-20171210-132956-49,train,100.000,105.000,32000,a096d5adb0f3e91e4b529c2a1eab4104386318f9825cc05a39470d410e2f4cba
tug-49-000105000ms,Tug/49.wav,Tug,3,SEASPAN EAGLE,seaspan eagle,Tug-20171210-132956-49,train,105.000,110.000,32000,a096d5adb0f3e91e4b529c2a1eab4104386318f9825cc05a39470d410e2f4cba
tug-49-000110000ms,Tug/49.wav,Tug,3,SEASPAN EAGLE,seaspan eagle,Tug-20171210-132956-49,train,110.000,115.000,32000,a096d5adb0f3e91e4b529c2a1eab4104386318f9825cc05a39470d410e2f4cba
tug-49-000115000ms,Tug/49.wav,Tug,3,SEASPAN EAGLE,seaspan eagle,Tug-20171210-132956-49,train,115.000,120.000,32000,a096d5adb0f3e91e4b529c2a1eab4104386318f9825cc05a39470d410e2f4cba
tug-49-000120000ms,Tug/49.wav,Tug,3,SEASPAN EAGLE,seaspan eagle,Tug-20171210-132956-49,train,120.000,125.000,32000,a096d5adb0f3e91e4b529c2a1eab4104386318f9825cc05a39470d410e2f4cba
tug-49-000125000ms,Tug/49.wav,Tug,3,SEASPAN EAGLE,seaspan eagle,Tug-20171210-132956-49,train,125.000,130.000,32000,a096d5adb0f3e91e4b529c2a1eab4104386318f9825cc05a39470d410e2f4cba
tug-49-000130000ms,Tug/49.wav,Tug,3,SEASPAN EAGLE,seaspan eagle,Tug-20171210-132956-49,train,130.000,135.000,32000,a096d5adb0f3e91e4b529c2a1eab4104386318f9825cc05a39470d410e2f4cba
tug-49-000135000ms,Tug/49.wav,Tug,3,SEASPAN EAGLE,seaspan eagle,Tug-20171210-132956-49,train,135.000,140.000,32000,a096d5adb0f3e91e4b529c2a1eab4104386318f9825cc05a39470d410e2f4cba
tug-49-000140000ms,Tug/49.wav,Tug,3,SEASPAN EAGLE,seaspan eagle,Tug-20171210-132956-49,train,140.000,145.000,32000,a096d5adb0f3e91e4b529c2a1eab4104386318f9825cc05a39470d410e2f4cba
tug-49-000145000ms,Tug/49.wav,Tug,3,SEASPAN EAGLE,seaspan eagle,Tug-20171210-132956-49,train,145.000,150.000,32000,a096d5adb0f3e91e4b529c2a1eab4104386318f9825cc05a39470d410e2f4cba
tug-49-000150000ms,Tug/49.wav,Tug,3,SEASPAN EAGLE,seaspan eagle,Tug-20171210-132956-49,train,150.000,155.000,32000,a096d5adb0f3e91e4b529c2a1eab4104386318f9825cc05a39470d410e2f4cba
tug-49-000155000ms,Tug/49.wav,Tug,3,SEASPAN EAGLE,seaspan eagle,Tug-20171210-132956-49,train,155.000,160.000,32000,a096d5adb0f3e91e4b529c2a1eab4104386318f9825cc05a39470d410e2f4cba
tug-49-000160000ms,Tug/49.wav,Tug,3,SEASPAN EAGLE,seaspan eagle,Tug-20171210-132956-49,train,160.000,165.000,32000,a096d5adb0f3e91e4b529c2a1eab4104386318f9825cc05a39470d410e2f4cba
tug-49-000165000ms,Tug/49.wav,Tug,3,SEASPAN EAGLE,seaspan eagle,Tug-20171210-132956-49,train,165.000,170.000,32000,a096d5adb0f3e91e4b529c2a1eab4104386318f9825cc05a39470d410e2f4cba
tug-49-000170000ms,Tug/49.wav,Tug,3,SEASPAN EAGLE,seaspan eagle,Tug-20171210-132956-49,train,170.000,175.000,32000,a096d5adb0f3e91e4b529c2a1eab4104386318f9825cc05a39470d410e2f4cba
tug-49-000175000ms,Tug/49.wav,Tug,3,SEASPAN EAGLE,seaspan eagle,Tug-20171210-132956-49,train,175.000,180.000,32000,a096d5adb0f3e91e4b529c2a1eab4104386318f9825cc05a39470d410e2f4cba
tug-49-000180000ms,Tug/49.wav,Tug,3,SEASPAN EAGLE,seaspan eagle,Tug-20171210-132956-49,train,180.000,185.000,32000,a096d5adb0f3e91e4b529c2a1eab4104386318f9825cc05a39470d410e2f4cba
tug-49-000185000ms,Tug/49.wav,Tug,3,SEASPAN EAGLE,seaspan eagle,Tug-20171210-132956-49,train,185.000,190.000,32000,a096d5adb0f3e91e4b529c2a1eab4104386318f9825cc05a39470d410e2f4cba
tug-9-000000000ms,Tug/9.wav,Tug,3,MILLENNIUMSTAR,millenniumstar,Tug-20171115-133938-9,validation,0.000,5.000,32000,a096d5adb0f3e91e4b529c2a1eab4104386318f9825cc05a39470d410e2f4cba
tug-9-000005000ms,Tug/9.wav,Tug,3,MILLENNIUMSTAR,millenniumstar,Tug-20171115-133938-9,validation,5.000,10.000,32000,a096d5adb0f3e91e4b529c2a1eab4104386318f9825cc05a39470d410e2f4cba
tug-9-000010000ms,Tug/9.wav,Tug,3,MILLENNIUMSTAR,millenniumstar,Tug-20171115-133938-9,validation,10.000,15.000,32000,a096d5adb0f3e91e4b529c2a1eab4104386318f9825cc05a39470d410e2f4cba
tug-9-000015000ms,Tug/9.wav,Tug,3,MILLENNIUMSTAR,millenniumstar,Tug-20171115-133938-9,validation,15.000,20.000,32000,a096d5adb0f3e91e4b529c2a1eab4104386318f9825cc05a39470d410e2f4cba
tug-9-000020000ms,Tug/9.wav,Tug,3,MILLENNIUMSTAR,millenniumstar,Tug-20171115-133938-9,validation,20.000,25.000,32000,a096d5adb0f3e91e4b529c2a1eab4104386318f9825cc05a39470d410e2f4cba
tug-9-000025000ms,Tug/9.wav,Tug,3,MILLENNIUMSTAR,millenniumstar,Tug-20171115-133938-9,validation,25.000,30.000,32000,a096d5adb0f3e91e4b529c2a1eab4104386318f9825cc05a39470d410e2f4cba
tug-9-000030000ms,Tug/9.wav,Tug,3,MILLENNIUMSTAR,millenniumstar,Tug-20171115-133938-9,validation,30.000,35.000,32000,a096d5adb0f3e91e4b529c2a1eab4104386318f9825cc05a39470d410e2f4cba
tug-9-000035000ms,Tug/9.wav,Tug,3,MILLENNIUMSTAR,millenniumstar,Tug-20171115-133938-9,validation,35.000,40.000,32000,a096d5adb0f3e91e4b529c2a1eab4104386318f9825cc05a39470d410e2f4cba
tug-9-000040000ms,Tug/9.wav,Tug,3,MILLENNIUMSTAR,millenniumstar,Tug-20171115-133938-9,validation,40.000,45.000,32000,a096d5adb0f3e91e4b529c2a1eab4104386318f9825cc05a39470d410e2f4cba
tug-9-000045000ms,Tug/9.wav,Tug,3,MILLENNIUMSTAR,millenniumstar,Tug-20171115-133938-9,validation,45.000,50.000,32000,a096d5adb0f3e91e4b529c2a1eab4104386318f9825cc05a39470d410e2f4cba
tug-9-000050000ms,Tug/9.wav,Tug,3,MILLENNIUMSTAR,millenniumstar,Tug-20171115-133938-9,validation,50.000,55.000,32000,a096d5adb0f3e91e4b529c2a1eab4104386318f9825cc05a39470d410e2f4cba
tug-9-000055000ms,Tug/9.wav,Tug,3,MILLENNIUMSTAR,millenniumstar,Tug-20171115-133938-9,validation,55.000,60.000,32000,a096d5adb0f3e91e4b529c2a1eab4104386318f9825cc05a39470d410e2f4cba
tug-9-000060000ms,Tug/9.wav,Tug,3,MILLENNIUMSTAR,millenniumstar,Tug-20171115-133938-9,validation,60.000,65.000,32000,a096d5adb0f3e91e4b529c2a1eab4104386318f9825cc05a39470d410e2f4cba
tug-9-000065000ms,Tug/9.wav,Tug,3,MILLENNIUMSTAR,millenniumstar,Tug-20171115-133938-9,validation,65.000,70.000,32000,a096d5adb0f3e91e4b529c2a1eab4104386318f9825cc05a39470d410e2f4cba
tug-9-000070000ms,Tug/9.wav,Tug,3,MILLENNIUMSTAR,millenniumstar,Tug-20171115-133938-9,validation,70.000,75.000,32000,a096d5adb0f3e91e4b529c2a1eab4104386318f9825cc05a39470d410e2f4cba
tug-9-000075000ms,Tug/9.wav,Tug,3,MILLENNIUMSTAR,millenniumstar,Tug-20171115-133938-9,validation,75.000,80.000,32000,a096d5adb0f3e91e4b529c2a1eab4104386318f9825cc05a39470d410e2f4cba
tug-9-000080000ms,Tug/9.wav,Tug,3,MILLENNIUMSTAR,millenniumstar,Tug-20171115-133938-9,validation,80.000,85.000,32000,a096d5adb0f3e91e4b529c2a1eab4104386318f9825cc05a39470d410e2f4cba
tug-9-000085000ms,Tug/9.wav,Tug,3,MILLENNIUMSTAR,millenniumstar,Tug-20171115-133938-9,validation,85.000,90.000,32000,a096d5adb0f3e91e4b529c2a1eab4104386318f9825cc05a39470d410e2f4cba
tug-9-000090000ms,Tug/9.wav,Tug,3,MILLENNIUMSTAR,millenniumstar,Tug-20171115-133938-9,validation,90.000,95.000,32000,a096d5adb0f3e91e4b529c2a1eab4104386318f9825cc05a39470d410e2f4cba
tug-9-000095000ms,Tug/9.wav,Tug,3,MILLENNIUMSTAR,millenniumstar,Tug-20171115-133938-9,validation,95.000,100.000,32000,a096d5adb0f3e91e4b529c2a1eab4104386318f9825cc05a39470d410e2f4cba
tug-9-000100000ms,Tug/9.wav,Tug,3,MILLENNIUMSTAR,millenniumstar,Tug-20171115-133938-9,validation,100.000,105.000,32000,a096d5adb0f3e91e4b529c2a1eab4104386318f9825cc05a39470d410e2f4cba
tug-9-000105000ms,Tug/9.wav,Tug,3,MILLENNIUMSTAR,millenniumstar,Tug-20171115-133938-9,validation,105.000,110.000,32000,a096d5adb0f3e91e4b529c2a1eab4104386318f9825cc05a39470d410e2f4cba
tug-9-000110000ms,Tug/9.wav,Tug,3,MILLENNIUMSTAR,millenniumstar,Tug-20171115-133938-9,validation,110.000,115.000,32000,a096d5adb0f3e91e4b529c2a1eab4104386318f9825cc05a39470d410e2f4cba
tug-9-000115000ms,Tug/9.wav,Tug,3,MILLENNIUMSTAR,millenniumstar,Tug-20171115-133938-9,validation,115.000,120.000,32000,a096d5adb0f3e91e4b529c2a1eab4104386318f9825cc05a39470d410e2f4cba
tug-9-000120000ms,Tug/9.wav,Tug,3,MILLENNIUMSTAR,millenniumstar,Tug-20171115-133938-9,validation,120.000,125.000,32000,a096d5adb0f3e91e4b529c2a1eab4104386318f9825cc05a39470d410e2f4cba
tug-9-000125000ms,Tug/9.wav,Tug,3,MILLENNIUMSTAR,millenniumstar,Tug-20171115-133938-9,validation,125.000,130.000,32000,a096d5adb0f3e91e4b529c2a1eab4104386318f9825cc05a39470d410e2f4cba
tug-9-000130000ms,Tug/9.wav,Tug,3,MILLENNIUMSTAR,millenniumstar,Tug-20171115-133938-9,validation,130.000,135.000,32000,a096d5adb0f3e91e4b529c2a1eab4104386318f9825cc05a39470d410e2f4cba
tug-9-000135000ms,Tug/9.wav,Tug,3,MILLENNIUMSTAR,millenniumstar,Tug-20171115-133938-9,validation,135.000,140.000,32000,a096d5adb0f3e91e4b529c2a1eab4104386318f9825cc05a39470d410e2f4cba
tug-9-000140000ms,Tug/9.wav,Tug,3,MILLENNIUMSTAR,millenniumstar,Tug-20171115-133938-9,validation,140.000,145.000,32000,a096d5adb0f3e91e4b529c2a1eab4104386318f9825cc05a39470d410e2f4cba
tug-9-000145000ms,Tug/9.wav,Tug,3,MILLENNIUMSTAR,millenniumstar,Tug-20171115-133938-9,validation,145.000,150.000,32000,a096d5adb0f3e91e4b529c2a1eab4104386318f9825cc05a39470d410e2f4cba
tug-9-000150000ms,Tug/9.wav,Tug,3,MILLENNIUMSTAR,millenniumstar,Tug-20171115-133938-9,validation,150.000,155.000,32000,a096d5adb0f3e91e4b529c2a1eab4104386318f9825cc05a39470d410e2f4cba
tug-9-000155000ms,Tug/9.wav,Tug,3,MILLENNIUMSTAR,millenniumstar,Tug-20171115-133938-9,validation,155.000,160.000,32000,a096d5adb0f3e91e4b529c2a1eab4104386318f9825cc05a39470d410e2f4cba
tug-9-000160000ms,Tug/9.wav,Tug,3,MILLENNIUMSTAR,millenniumstar,Tug-20171115-133938-9,validation,160.000,165.000,32000,a096d5adb0f3e91e4b529c2a1eab4104386318f9825cc05a39470d410e2f4cba
tug-9-000165000ms,Tug/9.wav,Tug,3,MILLENNIUMSTAR,millenniumstar,Tug-20171115-133938-9,validation,165.000,170.000,32000,a096d5adb0f3e91e4b529c2a1eab4104386318f9825cc05a39470d410e2f4cba
tug-9-000170000ms,Tug/9.wav,Tug,3,MILLENNIUMSTAR,millenniumstar,Tug-20171115-133938-9,validation,170.000,175.000,32000,a096d5adb0f3e91e4b529c2a1eab4104386318f9825cc05a39470d410e2f4cba
tug-9-000175000ms,Tug/9.wav,Tug,3,MILLENNIUMSTAR,millenniumstar,Tug-20171115-133938-9,validation,175.000,180.000,32000,a096d5adb0f3e91e4b529c2a1eab4104386318f9825cc05a39470d410e2f4cba
tug-9-000180000ms,Tug/9.wav,Tug,3,MILLENNIUMSTAR,millenniumstar,Tug-20171115-133938-9,validation,180.000,185.000,32000,a096d5adb0f3e91e4b529c2a1eab4104386318f9825cc05a39470d410e2f4cba
tug-9-000185000ms,Tug/9.wav,Tug,3,MILLENNIUMSTAR,millenniumstar,Tug-20171115-133938-9,validation,185.000,190.000,32000,a096d5adb0f3e91e4b529c2a1eab4104386318f9825cc05a39470d410e2f4cba
tug-9-000190000ms,Tug/9.wav,Tug,3,MILLENNIUMSTAR,millenniumstar,Tug-20171115-133938-9,validation,190.000,195.000,32000,a096d5adb0f3e91e4b529c2a1eab4104386318f9825cc05a39470d410e2f4cba
tug-9-000195000ms,Tug/9.wav,Tug,3,MILLENNIUMSTAR,millenniumstar,Tug-20171115-133938-9,validation,195.000,200.000,32000,a096d5adb0f3e91e4b529c2a1eab4104386318f9825cc05a39470d410e2f4cba
