operation,runtime,thread_policy,configured_threads,includes_decoding,iteration,duration_ns
dsp_preprocessing,pytorch_dsp,single_thread,1,False,0,3614500
dsp_preprocessing,pytorch_dsp,single_thread,1,False,1,3520709
dsp_preprocessing,pytorch_dsp,single_thread,1,False,2,3499208
dsp_preprocessing,pytorch_dsp,single_thread,1,False,3,3496166
dsp_preprocessing,pytorch_dsp,single_thread,1,False,4,3639834
dsp_preprocessing,pytorch_dsp,single_thread,1,False,5,3526042
dsp_preprocessing,pytorch_dsp,single_thread,1,False,6,3491916
dsp_preprocessing,pytorch_dsp,single_thread,1,False,7,3675708
dsp_preprocessing,pytorch_dsp,single_thread,1,False,8,3482833
dsp_preprocessing,pytorch_dsp,single_thread,1,False,9,3814584
dsp_preprocessing,pytorch_dsp,single_thread,1,False,10,3554542
dsp_preprocessing,pytorch_dsp,single_thread,1,False,11,3637167
dsp_preprocessing,pytorch_dsp,single_thread,1,False,12,3621125
dsp_preprocessing,pytorch_dsp,single_thread,1,False,13,3746666
dsp_preprocessing,pytorch_dsp,single_thread,1,False,14,3546709
dsp_preprocessing,pytorch_dsp,single_thread,1,False,15,3497750
dsp_preprocessing,pytorch_dsp,single_thread,1,False,16,3970958
dsp_preprocessing,pytorch_dsp,single_thread,1,False,17,3522042
dsp_preprocessing,pytorch_dsp,single_thread,1,False,18,3747167
dsp_preprocessing,pytorch_dsp,single_thread,1,False,19,3494375
dsp_preprocessing,pytorch_dsp,single_thread,1,False,20,3555250
dsp_preprocessing,pytorch_dsp,single_thread,1,False,21,3630958
dsp_preprocessing,pytorch_dsp,single_thread,1,False,22,3947875
dsp_preprocessing,pytorch_dsp,single_thread,1,False,23,3513833
dsp_preprocessing,pytorch_dsp,single_thread,1,False,24,3727167
dsp_preprocessing,pytorch_dsp,single_thread,1,False,25,3507500
dsp_preprocessing,pytorch_dsp,single_thread,1,False,26,3456792
dsp_preprocessing,pytorch_dsp,single_thread,1,False,27,3693916
dsp_preprocessing,pytorch_dsp,single_thread,1,False,28,3528375
dsp_preprocessing,pytorch_dsp,single_thread,1,False,29,3475041
dsp_preprocessing,pytorch_dsp,single_thread,1,False,30,3486000
dsp_preprocessing,pytorch_dsp,single_thread,1,False,31,3481750
dsp_preprocessing,pytorch_dsp,single_thread,1,False,32,3913417
dsp_preprocessing,pytorch_dsp,single_thread,1,False,33,3536833
dsp_preprocessing,pytorch_dsp,single_thread,1,False,34,3520500
dsp_preprocessing,pytorch_dsp,single_thread,1,False,35,3578292
dsp_preprocessing,pytorch_dsp,single_thread,1,False,36,3740792
dsp_preprocessing,pytorch_dsp,single_thread,1,False,37,3574541
dsp_preprocessing,pytorch_dsp,single_thread,1,False,38,3503875
dsp_preprocessing,pytorch_dsp,single_thread,1,False,39,3535083
dsp_preprocessing,pytorch_dsp,single_thread,1,False,40,3583292
dsp_preprocessing,pytorch_dsp,single_thread,1,False,41,3821291
dsp_preprocessing,pytorch_dsp,single_thread,1,False,42,3607291
dsp_preprocessing,pytorch_dsp,single_thread,1,False,43,3473042
dsp_preprocessing,pytorch_dsp,single_thread,1,False,44,3547417
dsp_preprocessing,pytorch_dsp,single_thread,1,False,45,3593792
dsp_preprocessing,pytorch_dsp,single_thread,1,False,46,3700458
dsp_preprocessing,pytorch_dsp,single_thread,1,False,47,3512667
dsp_preprocessing,pytorch_dsp,single_thread,1,False,48,3486291
dsp_preprocessing,pytorch_dsp,single_thread,1,False,49,3487584
dsp_preprocessing,pytorch_dsp,single_thread,1,False,50,3710958
dsp_preprocessing,pytorch_dsp,single_thread,1,False,51,3576917
dsp_preprocessing,pytorch_dsp,single_thread,1,False,52,3458625
dsp_preprocessing,pytorch_dsp,single_thread,1,False,53,3491209
dsp_preprocessing,pytorch_dsp,single_thread,1,False,54,3545167
dsp_preprocessing,pytorch_dsp,single_thread,1,False,55,3639666
dsp_preprocessing,pytorch_dsp,single_thread,1,False,56,3461584
dsp_preprocessing,pytorch_dsp,single_thread,1,False,57,3517000
dsp_preprocessing,pytorch_dsp,single_thread,1,False,58,3470333
dsp_preprocessing,pytorch_dsp,single_thread,1,False,59,3445042
dsp_preprocessing,pytorch_dsp,single_thread,1,False,60,3786167
dsp_preprocessing,pytorch_dsp,single_thread,1,False,61,3438208
dsp_preprocessing,pytorch_dsp,single_thread,1,False,62,3468167
dsp_preprocessing,pytorch_dsp,single_thread,1,False,63,3443833
dsp_preprocessing,pytorch_dsp,single_thread,1,False,64,3700000
dsp_preprocessing,pytorch_dsp,single_thread,1,False,65,3492292
dsp_preprocessing,pytorch_dsp,single_thread,1,False,66,3444000
dsp_preprocessing,pytorch_dsp,single_thread,1,False,67,3511375
dsp_preprocessing,pytorch_dsp,single_thread,1,False,68,3512250
dsp_preprocessing,pytorch_dsp,single_thread,1,False,69,3655125
dsp_preprocessing,pytorch_dsp,single_thread,1,False,70,3535916
dsp_preprocessing,pytorch_dsp,single_thread,1,False,71,3500458
dsp_preprocessing,pytorch_dsp,single_thread,1,False,72,3494666
dsp_preprocessing,pytorch_dsp,single_thread,1,False,73,3527166
dsp_preprocessing,pytorch_dsp,single_thread,1,False,74,3755834
dsp_preprocessing,pytorch_dsp,single_thread,1,False,75,3564583
dsp_preprocessing,pytorch_dsp,single_thread,1,False,76,3483417
dsp_preprocessing,pytorch_dsp,single_thread,1,False,77,3554041
dsp_preprocessing,pytorch_dsp,single_thread,1,False,78,3515625
dsp_preprocessing,pytorch_dsp,single_thread,1,False,79,3896000
dsp_preprocessing,pytorch_dsp,single_thread,1,False,80,3504792
dsp_preprocessing,pytorch_dsp,single_thread,1,False,81,3519375
dsp_preprocessing,pytorch_dsp,single_thread,1,False,82,3476000
dsp_preprocessing,pytorch_dsp,single_thread,1,False,83,3725792
dsp_preprocessing,pytorch_dsp,single_thread,1,False,84,3510250
dsp_preprocessing,pytorch_dsp,single_thread,1,False,85,3504167
dsp_preprocessing,pytorch_dsp,single_thread,1,False,86,3458833
dsp_preprocessing,pytorch_dsp,single_thread,1,False,87,3487542
dsp_preprocessing,pytorch_dsp,single_thread,1,False,88,3665291
dsp_preprocessing,pytorch_dsp,single_thread,1,False,89,3522333
dsp_preprocessing,pytorch_dsp,single_thread,1,False,90,3516375
dsp_preprocessing,pytorch_dsp,single_thread,1,False,91,3657792
dsp_preprocessing,pytorch_dsp,single_thread,1,False,92,3605167
dsp_preprocessing,pytorch_dsp,single_thread,1,False,93,3853000
dsp_preprocessing,pytorch_dsp,single_thread,1,False,94,3736958
dsp_preprocessing,pytorch_dsp,single_thread,1,False,95,3656666
dsp_preprocessing,pytorch_dsp,single_thread,1,False,96,3665833
dsp_preprocessing,pytorch_dsp,single_thread,1,False,97,3979291
dsp_preprocessing,pytorch_dsp,single_thread,1,False,98,3495666
dsp_preprocessing,pytorch_dsp,single_thread,1,False,99,3584417
dsp_preprocessing,pytorch_dsp,single_thread,1,False,100,3540667
dsp_preprocessing,pytorch_dsp,single_thread,1,False,101,3550209
dsp_preprocessing,pytorch_dsp,single_thread,1,False,102,3865833
dsp_preprocessing,pytorch_dsp,single_thread,1,False,103,3523416
dsp_preprocessing,pytorch_dsp,single_thread,1,False,104,3548541
dsp_preprocessing,pytorch_dsp,single_thread,1,False,105,3499709
dsp_preprocessing,pytorch_dsp,single_thread,1,False,106,3600875
dsp_preprocessing,pytorch_dsp,single_thread,1,False,107,3674125
dsp_preprocessing,pytorch_dsp,single_thread,1,False,108,3498667
dsp_preprocessing,pytorch_dsp,single_thread,1,False,109,3469958
dsp_preprocessing,pytorch_dsp,single_thread,1,False,110,3494916
dsp_preprocessing,pytorch_dsp,single_thread,1,False,111,3673125
dsp_preprocessing,pytorch_dsp,single_thread,1,False,112,3426333
dsp_preprocessing,pytorch_dsp,single_thread,1,False,113,3471167
dsp_preprocessing,pytorch_dsp,single_thread,1,False,114,3671791
dsp_preprocessing,pytorch_dsp,single_thread,1,False,115,3513084
dsp_preprocessing,pytorch_dsp,single_thread,1,False,116,3720625
dsp_preprocessing,pytorch_dsp,single_thread,1,False,117,3523916
dsp_preprocessing,pytorch_dsp,single_thread,1,False,118,3635833
dsp_preprocessing,pytorch_dsp,single_thread,1,False,119,3569167
dsp_preprocessing,pytorch_dsp,single_thread,1,False,120,3780208
dsp_preprocessing,pytorch_dsp,single_thread,1,False,121,3522459
dsp_preprocessing,pytorch_dsp,single_thread,1,False,122,3462625
dsp_preprocessing,pytorch_dsp,single_thread,1,False,123,3483417
dsp_preprocessing,pytorch_dsp,single_thread,1,False,124,3461834
dsp_preprocessing,pytorch_dsp,single_thread,1,False,125,3885708
dsp_preprocessing,pytorch_dsp,single_thread,1,False,126,3521958
dsp_preprocessing,pytorch_dsp,single_thread,1,False,127,3476458
dsp_preprocessing,pytorch_dsp,single_thread,1,False,128,3457375
dsp_preprocessing,pytorch_dsp,single_thread,1,False,129,3448875
dsp_preprocessing,pytorch_dsp,single_thread,1,False,130,4237583
dsp_preprocessing,pytorch_dsp,single_thread,1,False,131,3685917
dsp_preprocessing,pytorch_dsp,single_thread,1,False,132,3513958
dsp_preprocessing,pytorch_dsp,single_thread,1,False,133,3486875
dsp_preprocessing,pytorch_dsp,single_thread,1,False,134,3693708
dsp_preprocessing,pytorch_dsp,single_thread,1,False,135,3667417
dsp_preprocessing,pytorch_dsp,single_thread,1,False,136,3471583
dsp_preprocessing,pytorch_dsp,single_thread,1,False,137,3480750
dsp_preprocessing,pytorch_dsp,single_thread,1,False,138,3461583
dsp_preprocessing,pytorch_dsp,single_thread,1,False,139,3859083
dsp_preprocessing,pytorch_dsp,single_thread,1,False,140,3574167
dsp_preprocessing,pytorch_dsp,single_thread,1,False,141,3475000
dsp_preprocessing,pytorch_dsp,single_thread,1,False,142,3585208
dsp_preprocessing,pytorch_dsp,single_thread,1,False,143,3784792
dsp_preprocessing,pytorch_dsp,single_thread,1,False,144,3624958
dsp_preprocessing,pytorch_dsp,single_thread,1,False,145,3544833
dsp_preprocessing,pytorch_dsp,single_thread,1,False,146,3526125
dsp_preprocessing,pytorch_dsp,single_thread,1,False,147,3462542
dsp_preprocessing,pytorch_dsp,single_thread,1,False,148,3699167
dsp_preprocessing,pytorch_dsp,single_thread,1,False,149,3488167
dsp_preprocessing,pytorch_dsp,single_thread,1,False,150,3500833
dsp_preprocessing,pytorch_dsp,single_thread,1,False,151,3473208
dsp_preprocessing,pytorch_dsp,single_thread,1,False,152,3497750
dsp_preprocessing,pytorch_dsp,single_thread,1,False,153,3754250
dsp_preprocessing,pytorch_dsp,single_thread,1,False,154,3481375
dsp_preprocessing,pytorch_dsp,single_thread,1,False,155,3542083
dsp_preprocessing,pytorch_dsp,single_thread,1,False,156,3524667
dsp_preprocessing,pytorch_dsp,single_thread,1,False,157,3651125
dsp_preprocessing,pytorch_dsp,single_thread,1,False,158,3725791
dsp_preprocessing,pytorch_dsp,single_thread,1,False,159,3438083
dsp_preprocessing,pytorch_dsp,single_thread,1,False,160,3469625
dsp_preprocessing,pytorch_dsp,single_thread,1,False,161,3456958
dsp_preprocessing,pytorch_dsp,single_thread,1,False,162,3803333
dsp_preprocessing,pytorch_dsp,single_thread,1,False,163,3577250
dsp_preprocessing,pytorch_dsp,single_thread,1,False,164,3487709
dsp_preprocessing,pytorch_dsp,single_thread,1,False,165,3459250
dsp_preprocessing,pytorch_dsp,single_thread,1,False,166,3494167
dsp_preprocessing,pytorch_dsp,single_thread,1,False,167,3620917
dsp_preprocessing,pytorch_dsp,single_thread,1,False,168,3474875
dsp_preprocessing,pytorch_dsp,single_thread,1,False,169,3452917
dsp_preprocessing,pytorch_dsp,single_thread,1,False,170,3491166
dsp_preprocessing,pytorch_dsp,single_thread,1,False,171,3470208
dsp_preprocessing,pytorch_dsp,single_thread,1,False,172,3873083
dsp_preprocessing,pytorch_dsp,single_thread,1,False,173,3511792
dsp_preprocessing,pytorch_dsp,single_thread,1,False,174,3583625
dsp_preprocessing,pytorch_dsp,single_thread,1,False,175,3471583
dsp_preprocessing,pytorch_dsp,single_thread,1,False,176,4066166
dsp_preprocessing,pytorch_dsp,single_thread,1,False,177,3865209
dsp_preprocessing,pytorch_dsp,single_thread,1,False,178,3667833
dsp_preprocessing,pytorch_dsp,single_thread,1,False,179,3601250
dsp_preprocessing,pytorch_dsp,single_thread,1,False,180,4173959
dsp_preprocessing,pytorch_dsp,single_thread,1,False,181,3561042
dsp_preprocessing,pytorch_dsp,single_thread,1,False,182,3494250
dsp_preprocessing,pytorch_dsp,single_thread,1,False,183,3593750
dsp_preprocessing,pytorch_dsp,single_thread,1,False,184,3479250
dsp_preprocessing,pytorch_dsp,single_thread,1,False,185,3705583
dsp_preprocessing,pytorch_dsp,single_thread,1,False,186,3544750
dsp_preprocessing,pytorch_dsp,single_thread,1,False,187,3485667
dsp_preprocessing,pytorch_dsp,single_thread,1,False,188,3363875
dsp_preprocessing,pytorch_dsp,single_thread,1,False,189,3320708
dsp_preprocessing,pytorch_dsp,single_thread,1,False,190,3567000
dsp_preprocessing,pytorch_dsp,single_thread,1,False,191,3344542
dsp_preprocessing,pytorch_dsp,single_thread,1,False,192,3468375
dsp_preprocessing,pytorch_dsp,single_thread,1,False,193,3467334
dsp_preprocessing,pytorch_dsp,single_thread,1,False,194,3452459
dsp_preprocessing,pytorch_dsp,single_thread,1,False,195,3707208
dsp_preprocessing,pytorch_dsp,single_thread,1,False,196,3350792
dsp_preprocessing,pytorch_dsp,single_thread,1,False,197,3307292
dsp_preprocessing,pytorch_dsp,single_thread,1,False,198,3320708
dsp_preprocessing,pytorch_dsp,single_thread,1,False,199,3379083
dsp_preprocessing,pytorch_dsp,single_thread,1,False,200,3659167
dsp_preprocessing,pytorch_dsp,single_thread,1,False,201,3447417
dsp_preprocessing,pytorch_dsp,single_thread,1,False,202,3819250
dsp_preprocessing,pytorch_dsp,single_thread,1,False,203,3636667
dsp_preprocessing,pytorch_dsp,single_thread,1,False,204,3835583
dsp_preprocessing,pytorch_dsp,single_thread,1,False,205,3562625
dsp_preprocessing,pytorch_dsp,single_thread,1,False,206,3696333
dsp_preprocessing,pytorch_dsp,single_thread,1,False,207,3597958
dsp_preprocessing,pytorch_dsp,single_thread,1,False,208,3486459
dsp_preprocessing,pytorch_dsp,single_thread,1,False,209,3590833
dsp_preprocessing,pytorch_dsp,single_thread,1,False,210,3460042
dsp_preprocessing,pytorch_dsp,single_thread,1,False,211,3427875
dsp_preprocessing,pytorch_dsp,single_thread,1,False,212,3438292
dsp_preprocessing,pytorch_dsp,single_thread,1,False,213,3359750
dsp_preprocessing,pytorch_dsp,single_thread,1,False,214,3844958
dsp_preprocessing,pytorch_dsp,single_thread,1,False,215,3561167
dsp_preprocessing,pytorch_dsp,single_thread,1,False,216,3541041
dsp_preprocessing,pytorch_dsp,single_thread,1,False,217,3572583
dsp_preprocessing,pytorch_dsp,single_thread,1,False,218,4133166
dsp_preprocessing,pytorch_dsp,single_thread,1,False,219,3646417
dsp_preprocessing,pytorch_dsp,single_thread,1,False,220,3568667
dsp_preprocessing,pytorch_dsp,single_thread,1,False,221,3527375
dsp_preprocessing,pytorch_dsp,single_thread,1,False,222,3487000
dsp_preprocessing,pytorch_dsp,single_thread,1,False,223,3827209
dsp_preprocessing,pytorch_dsp,single_thread,1,False,224,3520500
dsp_preprocessing,pytorch_dsp,single_thread,1,False,225,3494875
dsp_preprocessing,pytorch_dsp,single_thread,1,False,226,3483583
dsp_preprocessing,pytorch_dsp,single_thread,1,False,227,3475625
dsp_preprocessing,pytorch_dsp,single_thread,1,False,228,3815125
dsp_preprocessing,pytorch_dsp,single_thread,1,False,229,3699042
dsp_preprocessing,pytorch_dsp,single_thread,1,False,230,3437291
dsp_preprocessing,pytorch_dsp,single_thread,1,False,231,3511709
dsp_preprocessing,pytorch_dsp,single_thread,1,False,232,3764917
dsp_preprocessing,pytorch_dsp,single_thread,1,False,233,3562209
dsp_preprocessing,pytorch_dsp,single_thread,1,False,234,3738875
dsp_preprocessing,pytorch_dsp,single_thread,1,False,235,3510208
dsp_preprocessing,pytorch_dsp,single_thread,1,False,236,3340333
dsp_preprocessing,pytorch_dsp,single_thread,1,False,237,3551750
dsp_preprocessing,pytorch_dsp,single_thread,1,False,238,3346875
dsp_preprocessing,pytorch_dsp,single_thread,1,False,239,3390375
dsp_preprocessing,pytorch_dsp,single_thread,1,False,240,3487625
dsp_preprocessing,pytorch_dsp,single_thread,1,False,241,3442750
dsp_preprocessing,pytorch_dsp,single_thread,1,False,242,3690625
dsp_preprocessing,pytorch_dsp,single_thread,1,False,243,3312334
dsp_preprocessing,pytorch_dsp,single_thread,1,False,244,3335792
dsp_preprocessing,pytorch_dsp,single_thread,1,False,245,3309084
dsp_preprocessing,pytorch_dsp,single_thread,1,False,246,3381916
dsp_preprocessing,pytorch_dsp,single_thread,1,False,247,3611500
dsp_preprocessing,pytorch_dsp,single_thread,1,False,248,3351875
dsp_preprocessing,pytorch_dsp,single_thread,1,False,249,3332292
dsp_preprocessing,pytorch_dsp,single_thread,1,False,250,3451875
dsp_preprocessing,pytorch_dsp,single_thread,1,False,251,3693750
dsp_preprocessing,pytorch_dsp,single_thread,1,False,252,3498708
dsp_preprocessing,pytorch_dsp,single_thread,1,False,253,3515500
dsp_preprocessing,pytorch_dsp,single_thread,1,False,254,3351417
dsp_preprocessing,pytorch_dsp,single_thread,1,False,255,3325750
dsp_preprocessing,pytorch_dsp,single_thread,1,False,256,3495792
dsp_preprocessing,pytorch_dsp,single_thread,1,False,257,3333000
dsp_preprocessing,pytorch_dsp,single_thread,1,False,258,3316125
dsp_preprocessing,pytorch_dsp,single_thread,1,False,259,3352458
dsp_preprocessing,pytorch_dsp,single_thread,1,False,260,3378166
dsp_preprocessing,pytorch_dsp,single_thread,1,False,261,3763625
dsp_preprocessing,pytorch_dsp,single_thread,1,False,262,3492834
dsp_preprocessing,pytorch_dsp,single_thread,1,False,263,3494292
dsp_preprocessing,pytorch_dsp,single_thread,1,False,264,3465250
dsp_preprocessing,pytorch_dsp,single_thread,1,False,265,3613625
dsp_preprocessing,pytorch_dsp,single_thread,1,False,266,3840167
dsp_preprocessing,pytorch_dsp,single_thread,1,False,267,3506208
dsp_preprocessing,pytorch_dsp,single_thread,1,False,268,3475750
dsp_preprocessing,pytorch_dsp,single_thread,1,False,269,3478042
dsp_preprocessing,pytorch_dsp,single_thread,1,False,270,3677000
dsp_preprocessing,pytorch_dsp,single_thread,1,False,271,3545959
dsp_preprocessing,pytorch_dsp,single_thread,1,False,272,3457916
dsp_preprocessing,pytorch_dsp,single_thread,1,False,273,3469833
dsp_preprocessing,pytorch_dsp,single_thread,1,False,274,3520292
dsp_preprocessing,pytorch_dsp,single_thread,1,False,275,3677750
dsp_preprocessing,pytorch_dsp,single_thread,1,False,276,3454750
dsp_preprocessing,pytorch_dsp,single_thread,1,False,277,3470542
dsp_preprocessing,pytorch_dsp,single_thread,1,False,278,3470334
dsp_preprocessing,pytorch_dsp,single_thread,1,False,279,3492833
dsp_preprocessing,pytorch_dsp,single_thread,1,False,280,3725084
dsp_preprocessing,pytorch_dsp,single_thread,1,False,281,3550792
dsp_preprocessing,pytorch_dsp,single_thread,1,False,282,3490166
dsp_preprocessing,pytorch_dsp,single_thread,1,False,283,3532292
dsp_preprocessing,pytorch_dsp,single_thread,1,False,284,3513625
dsp_preprocessing,pytorch_dsp,single_thread,1,False,285,4219000
dsp_preprocessing,pytorch_dsp,single_thread,1,False,286,3521500
dsp_preprocessing,pytorch_dsp,single_thread,1,False,287,3483875
dsp_preprocessing,pytorch_dsp,single_thread,1,False,288,3468375
dsp_preprocessing,pytorch_dsp,single_thread,1,False,289,3665417
dsp_preprocessing,pytorch_dsp,single_thread,1,False,290,3532584
dsp_preprocessing,pytorch_dsp,single_thread,1,False,291,3478333
dsp_preprocessing,pytorch_dsp,single_thread,1,False,292,3489708
dsp_preprocessing,pytorch_dsp,single_thread,1,False,293,3457334
dsp_preprocessing,pytorch_dsp,single_thread,1,False,294,4060083
dsp_preprocessing,pytorch_dsp,single_thread,1,False,295,3694208
dsp_preprocessing,pytorch_dsp,single_thread,1,False,296,3672250
dsp_preprocessing,pytorch_dsp,single_thread,1,False,297,3581000
dsp_preprocessing,pytorch_dsp,single_thread,1,False,298,3848667
dsp_preprocessing,pytorch_dsp,single_thread,1,False,299,3580875
dsp_preprocessing,pytorch_dsp,single_thread,1,False,300,3541042
dsp_preprocessing,pytorch_dsp,single_thread,1,False,301,3678375
dsp_preprocessing,pytorch_dsp,single_thread,1,False,302,3745750
dsp_preprocessing,pytorch_dsp,single_thread,1,False,303,4207125
dsp_preprocessing,pytorch_dsp,single_thread,1,False,304,3758125
dsp_preprocessing,pytorch_dsp,single_thread,1,False,305,3647208
dsp_preprocessing,pytorch_dsp,single_thread,1,False,306,3725208
dsp_preprocessing,pytorch_dsp,single_thread,1,False,307,3857750
dsp_preprocessing,pytorch_dsp,single_thread,1,False,308,3659291
dsp_preprocessing,pytorch_dsp,single_thread,1,False,309,3703833
dsp_preprocessing,pytorch_dsp,single_thread,1,False,310,3929125
dsp_preprocessing,pytorch_dsp,single_thread,1,False,311,3957334
dsp_preprocessing,pytorch_dsp,single_thread,1,False,312,4156208
dsp_preprocessing,pytorch_dsp,single_thread,1,False,313,3547500
dsp_preprocessing,pytorch_dsp,single_thread,1,False,314,3525541
dsp_preprocessing,pytorch_dsp,single_thread,1,False,315,3482166
dsp_preprocessing,pytorch_dsp,single_thread,1,False,316,3775667
dsp_preprocessing,pytorch_dsp,single_thread,1,False,317,3532667
dsp_preprocessing,pytorch_dsp,single_thread,1,False,318,3493625
dsp_preprocessing,pytorch_dsp,single_thread,1,False,319,3477958
dsp_preprocessing,pytorch_dsp,single_thread,1,False,320,3547459
dsp_preprocessing,pytorch_dsp,single_thread,1,False,321,3715459
dsp_preprocessing,pytorch_dsp,single_thread,1,False,322,3593417
dsp_preprocessing,pytorch_dsp,single_thread,1,False,323,3763292
dsp_preprocessing,pytorch_dsp,single_thread,1,False,324,3595083
dsp_preprocessing,pytorch_dsp,single_thread,1,False,325,4217166
dsp_preprocessing,pytorch_dsp,single_thread,1,False,326,3692875
dsp_preprocessing,pytorch_dsp,single_thread,1,False,327,3584625
dsp_preprocessing,pytorch_dsp,single_thread,1,False,328,3619084
dsp_preprocessing,pytorch_dsp,single_thread,1,False,329,3675209
dsp_preprocessing,pytorch_dsp,single_thread,1,False,330,3940625
dsp_preprocessing,pytorch_dsp,single_thread,1,False,331,3558417
dsp_preprocessing,pytorch_dsp,single_thread,1,False,332,3522792
dsp_preprocessing,pytorch_dsp,single_thread,1,False,333,3455833
dsp_preprocessing,pytorch_dsp,single_thread,1,False,334,3800791
dsp_preprocessing,pytorch_dsp,single_thread,1,False,335,3576500
dsp_preprocessing,pytorch_dsp,single_thread,1,False,336,3435500
dsp_preprocessing,pytorch_dsp,single_thread,1,False,337,3406375
dsp_preprocessing,pytorch_dsp,single_thread,1,False,338,3388250
dsp_preprocessing,pytorch_dsp,single_thread,1,False,339,3490500
dsp_preprocessing,pytorch_dsp,single_thread,1,False,340,3374375
dsp_preprocessing,pytorch_dsp,single_thread,1,False,341,3505791
dsp_preprocessing,pytorch_dsp,single_thread,1,False,342,3571333
dsp_preprocessing,pytorch_dsp,single_thread,1,False,343,3669083
dsp_preprocessing,pytorch_dsp,single_thread,1,False,344,3612459
dsp_preprocessing,pytorch_dsp,single_thread,1,False,345,3407000
dsp_preprocessing,pytorch_dsp,single_thread,1,False,346,3407500
dsp_preprocessing,pytorch_dsp,single_thread,1,False,347,3390334
dsp_preprocessing,pytorch_dsp,single_thread,1,False,348,3383500
dsp_preprocessing,pytorch_dsp,single_thread,1,False,349,3565208
dsp_preprocessing,pytorch_dsp,single_thread,1,False,350,3454667
dsp_preprocessing,pytorch_dsp,single_thread,1,False,351,3477833
dsp_preprocessing,pytorch_dsp,single_thread,1,False,352,3499167
dsp_preprocessing,pytorch_dsp,single_thread,1,False,353,3733750
dsp_preprocessing,pytorch_dsp,single_thread,1,False,354,3606875
dsp_preprocessing,pytorch_dsp,single_thread,1,False,355,3582167
dsp_preprocessing,pytorch_dsp,single_thread,1,False,356,3499959
dsp_preprocessing,pytorch_dsp,single_thread,1,False,357,3480375
dsp_preprocessing,pytorch_dsp,single_thread,1,False,358,3804375
dsp_preprocessing,pytorch_dsp,single_thread,1,False,359,3502584
dsp_preprocessing,pytorch_dsp,single_thread,1,False,360,3477583
dsp_preprocessing,pytorch_dsp,single_thread,1,False,361,3481417
dsp_preprocessing,pytorch_dsp,single_thread,1,False,362,3465542
dsp_preprocessing,pytorch_dsp,single_thread,1,False,363,3852000
dsp_preprocessing,pytorch_dsp,single_thread,1,False,364,3559666
dsp_preprocessing,pytorch_dsp,single_thread,1,False,365,3519875
dsp_preprocessing,pytorch_dsp,single_thread,1,False,366,3479125
dsp_preprocessing,pytorch_dsp,single_thread,1,False,367,3644708
dsp_preprocessing,pytorch_dsp,single_thread,1,False,368,3515916
dsp_preprocessing,pytorch_dsp,single_thread,1,False,369,3444125
dsp_preprocessing,pytorch_dsp,single_thread,1,False,370,3500917
dsp_preprocessing,pytorch_dsp,single_thread,1,False,371,3519167
dsp_preprocessing,pytorch_dsp,single_thread,1,False,372,3719291
dsp_preprocessing,pytorch_dsp,single_thread,1,False,373,3573500
dsp_preprocessing,pytorch_dsp,single_thread,1,False,374,3552875
dsp_preprocessing,pytorch_dsp,single_thread,1,False,375,3524917
dsp_preprocessing,pytorch_dsp,single_thread,1,False,376,3494792
dsp_preprocessing,pytorch_dsp,single_thread,1,False,377,3738125
dsp_preprocessing,pytorch_dsp,single_thread,1,False,378,3490375
dsp_preprocessing,pytorch_dsp,single_thread,1,False,379,3484541
dsp_preprocessing,pytorch_dsp,single_thread,1,False,380,3465375
dsp_preprocessing,pytorch_dsp,single_thread,1,False,381,3702667
dsp_preprocessing,pytorch_dsp,single_thread,1,False,382,3561958
dsp_preprocessing,pytorch_dsp,single_thread,1,False,383,3471916
dsp_preprocessing,pytorch_dsp,single_thread,1,False,384,3438875
dsp_preprocessing,pytorch_dsp,single_thread,1,False,385,3453583
dsp_preprocessing,pytorch_dsp,single_thread,1,False,386,3575625
dsp_preprocessing,pytorch_dsp,single_thread,1,False,387,3665417
dsp_preprocessing,pytorch_dsp,single_thread,1,False,388,3485000
dsp_preprocessing,pytorch_dsp,single_thread,1,False,389,3488958
dsp_preprocessing,pytorch_dsp,single_thread,1,False,390,3475791
dsp_preprocessing,pytorch_dsp,single_thread,1,False,391,3769958
dsp_preprocessing,pytorch_dsp,single_thread,1,False,392,3459500
dsp_preprocessing,pytorch_dsp,single_thread,1,False,393,3459334
dsp_preprocessing,pytorch_dsp,single_thread,1,False,394,3456083
dsp_preprocessing,pytorch_dsp,single_thread,1,False,395,3566334
dsp_preprocessing,pytorch_dsp,single_thread,1,False,396,3824416
dsp_preprocessing,pytorch_dsp,single_thread,1,False,397,3536958
dsp_preprocessing,pytorch_dsp,single_thread,1,False,398,3493167
dsp_preprocessing,pytorch_dsp,single_thread,1,False,399,3489416
dsp_preprocessing,pytorch_dsp,single_thread,1,False,400,3785209
dsp_preprocessing,pytorch_dsp,single_thread,1,False,401,3786458
dsp_preprocessing,pytorch_dsp,single_thread,1,False,402,3591167
dsp_preprocessing,pytorch_dsp,single_thread,1,False,403,3522291
dsp_preprocessing,pytorch_dsp,single_thread,1,False,404,3760375
dsp_preprocessing,pytorch_dsp,single_thread,1,False,405,3888875
dsp_preprocessing,pytorch_dsp,single_thread,1,False,406,3559833
dsp_preprocessing,pytorch_dsp,single_thread,1,False,407,3456708
dsp_preprocessing,pytorch_dsp,single_thread,1,False,408,3485084
dsp_preprocessing,pytorch_dsp,single_thread,1,False,409,3570417
dsp_preprocessing,pytorch_dsp,single_thread,1,False,410,3539167
dsp_preprocessing,pytorch_dsp,single_thread,1,False,411,3466792
dsp_preprocessing,pytorch_dsp,single_thread,1,False,412,3486125
dsp_preprocessing,pytorch_dsp,single_thread,1,False,413,3570000
dsp_preprocessing,pytorch_dsp,single_thread,1,False,414,3828166
dsp_preprocessing,pytorch_dsp,single_thread,1,False,415,3487958
dsp_preprocessing,pytorch_dsp,single_thread,1,False,416,3479459
dsp_preprocessing,pytorch_dsp,single_thread,1,False,417,3470833
dsp_preprocessing,pytorch_dsp,single_thread,1,False,418,3463292
dsp_preprocessing,pytorch_dsp,single_thread,1,False,419,3713125
dsp_preprocessing,pytorch_dsp,single_thread,1,False,420,3530584
dsp_preprocessing,pytorch_dsp,single_thread,1,False,421,3485584
dsp_preprocessing,pytorch_dsp,single_thread,1,False,422,3494875
dsp_preprocessing,pytorch_dsp,single_thread,1,False,423,3613667
dsp_preprocessing,pytorch_dsp,single_thread,1,False,424,3747917
dsp_preprocessing,pytorch_dsp,single_thread,1,False,425,3522125
dsp_preprocessing,pytorch_dsp,single_thread,1,False,426,3475083
dsp_preprocessing,pytorch_dsp,single_thread,1,False,427,3478208
dsp_preprocessing,pytorch_dsp,single_thread,1,False,428,3679542
dsp_preprocessing,pytorch_dsp,single_thread,1,False,429,3456417
dsp_preprocessing,pytorch_dsp,single_thread,1,False,430,3563459
dsp_preprocessing,pytorch_dsp,single_thread,1,False,431,3491250
dsp_preprocessing,pytorch_dsp,single_thread,1,False,432,3448375
dsp_preprocessing,pytorch_dsp,single_thread,1,False,433,3591500
dsp_preprocessing,pytorch_dsp,single_thread,1,False,434,3457792
dsp_preprocessing,pytorch_dsp,single_thread,1,False,435,3430625
dsp_preprocessing,pytorch_dsp,single_thread,1,False,436,3453375
dsp_preprocessing,pytorch_dsp,single_thread,1,False,437,3426209
dsp_preprocessing,pytorch_dsp,single_thread,1,False,438,3693750
dsp_preprocessing,pytorch_dsp,single_thread,1,False,439,3440833
dsp_preprocessing,pytorch_dsp,single_thread,1,False,440,3563125
dsp_preprocessing,pytorch_dsp,single_thread,1,False,441,3556292
dsp_preprocessing,pytorch_dsp,single_thread,1,False,442,3671834
dsp_preprocessing,pytorch_dsp,single_thread,1,False,443,3470042
dsp_preprocessing,pytorch_dsp,single_thread,1,False,444,3465667
dsp_preprocessing,pytorch_dsp,single_thread,1,False,445,3464791
dsp_preprocessing,pytorch_dsp,single_thread,1,False,446,3425750
dsp_preprocessing,pytorch_dsp,single_thread,1,False,447,3791916
dsp_preprocessing,pytorch_dsp,single_thread,1,False,448,3531417
dsp_preprocessing,pytorch_dsp,single_thread,1,False,449,3504083
dsp_preprocessing,pytorch_dsp,single_thread,1,False,450,3622958
dsp_preprocessing,pytorch_dsp,single_thread,1,False,451,3546333
dsp_preprocessing,pytorch_dsp,single_thread,1,False,452,3801166
dsp_preprocessing,pytorch_dsp,single_thread,1,False,453,3701500
dsp_preprocessing,pytorch_dsp,single_thread,1,False,454,3482625
dsp_preprocessing,pytorch_dsp,single_thread,1,False,455,3434417
dsp_preprocessing,pytorch_dsp,single_thread,1,False,456,3756917
dsp_preprocessing,pytorch_dsp,single_thread,1,False,457,3489791
dsp_preprocessing,pytorch_dsp,single_thread,1,False,458,3462042
dsp_preprocessing,pytorch_dsp,single_thread,1,False,459,3492000
dsp_preprocessing,pytorch_dsp,single_thread,1,False,460,3447375
dsp_preprocessing,pytorch_dsp,single_thread,1,False,461,3548584
dsp_preprocessing,pytorch_dsp,single_thread,1,False,462,3474541
dsp_preprocessing,pytorch_dsp,single_thread,1,False,463,3630208
dsp_preprocessing,pytorch_dsp,single_thread,1,False,464,3640708
dsp_preprocessing,pytorch_dsp,single_thread,1,False,465,3505208
dsp_preprocessing,pytorch_dsp,single_thread,1,False,466,3725958
dsp_preprocessing,pytorch_dsp,single_thread,1,False,467,3438459
dsp_preprocessing,pytorch_dsp,single_thread,1,False,468,3647708
dsp_preprocessing,pytorch_dsp,single_thread,1,False,469,3591583
dsp_preprocessing,pytorch_dsp,single_thread,1,False,470,3672167
dsp_preprocessing,pytorch_dsp,single_thread,1,False,471,3512958
dsp_preprocessing,pytorch_dsp,single_thread,1,False,472,3468709
dsp_preprocessing,pytorch_dsp,single_thread,1,False,473,3452375
dsp_preprocessing,pytorch_dsp,single_thread,1,False,474,3544708
dsp_preprocessing,pytorch_dsp,single_thread,1,False,475,3798709
dsp_preprocessing,pytorch_dsp,single_thread,1,False,476,3480417
dsp_preprocessing,pytorch_dsp,single_thread,1,False,477,3551833
dsp_preprocessing,pytorch_dsp,single_thread,1,False,478,3520542
dsp_preprocessing,pytorch_dsp,single_thread,1,False,479,3564792
dsp_preprocessing,pytorch_dsp,single_thread,1,False,480,3757792
dsp_preprocessing,pytorch_dsp,single_thread,1,False,481,3460209
dsp_preprocessing,pytorch_dsp,single_thread,1,False,482,3569625
dsp_preprocessing,pytorch_dsp,single_thread,1,False,483,3689833
dsp_preprocessing,pytorch_dsp,single_thread,1,False,484,3840750
dsp_preprocessing,pytorch_dsp,single_thread,1,False,485,3467750
dsp_preprocessing,pytorch_dsp,single_thread,1,False,486,3538833
dsp_preprocessing,pytorch_dsp,single_thread,1,False,487,3589084
dsp_preprocessing,pytorch_dsp,single_thread,1,False,488,3618083
dsp_preprocessing,pytorch_dsp,single_thread,1,False,489,4303625
dsp_preprocessing,pytorch_dsp,single_thread,1,False,490,3614625
dsp_preprocessing,pytorch_dsp,single_thread,1,False,491,3550625
dsp_preprocessing,pytorch_dsp,single_thread,1,False,492,3486625
dsp_preprocessing,pytorch_dsp,single_thread,1,False,493,4120083
dsp_preprocessing,pytorch_dsp,single_thread,1,False,494,3727417
dsp_preprocessing,pytorch_dsp,single_thread,1,False,495,4052458
dsp_preprocessing,pytorch_dsp,single_thread,1,False,496,3845917
dsp_preprocessing,pytorch_dsp,single_thread,1,False,497,3693417
dsp_preprocessing,pytorch_dsp,single_thread,1,False,498,4101625
dsp_preprocessing,pytorch_dsp,single_thread,1,False,499,3772042
dsp_preprocessing,pytorch_dsp,single_thread,1,False,500,3686292
dsp_preprocessing,pytorch_dsp,single_thread,1,False,501,3982209
dsp_preprocessing,pytorch_dsp,single_thread,1,False,502,4650833
dsp_preprocessing,pytorch_dsp,single_thread,1,False,503,3981541
dsp_preprocessing,pytorch_dsp,single_thread,1,False,504,4827458
dsp_preprocessing,pytorch_dsp,single_thread,1,False,505,4521500
dsp_preprocessing,pytorch_dsp,single_thread,1,False,506,5802625
dsp_preprocessing,pytorch_dsp,single_thread,1,False,507,4908959
dsp_preprocessing,pytorch_dsp,single_thread,1,False,508,4266625
dsp_preprocessing,pytorch_dsp,single_thread,1,False,509,4830583
dsp_preprocessing,pytorch_dsp,single_thread,1,False,510,4085125
dsp_preprocessing,pytorch_dsp,single_thread,1,False,511,4368625
dsp_preprocessing,pytorch_dsp,single_thread,1,False,512,4500833
dsp_preprocessing,pytorch_dsp,single_thread,1,False,513,4883625
dsp_preprocessing,pytorch_dsp,single_thread,1,False,514,3829750
dsp_preprocessing,pytorch_dsp,single_thread,1,False,515,4524750
dsp_preprocessing,pytorch_dsp,single_thread,1,False,516,4884000
dsp_preprocessing,pytorch_dsp,single_thread,1,False,517,3880083
dsp_preprocessing,pytorch_dsp,single_thread,1,False,518,3708958
dsp_preprocessing,pytorch_dsp,single_thread,1,False,519,3733500
dsp_preprocessing,pytorch_dsp,single_thread,1,False,520,3660583
dsp_preprocessing,pytorch_dsp,single_thread,1,False,521,3825958
dsp_preprocessing,pytorch_dsp,single_thread,1,False,522,3545000
dsp_preprocessing,pytorch_dsp,single_thread,1,False,523,3614625
dsp_preprocessing,pytorch_dsp,single_thread,1,False,524,3707375
dsp_preprocessing,pytorch_dsp,single_thread,1,False,525,4126792
dsp_preprocessing,pytorch_dsp,single_thread,1,False,526,4802875
dsp_preprocessing,pytorch_dsp,single_thread,1,False,527,3988959
dsp_preprocessing,pytorch_dsp,single_thread,1,False,528,4117250
dsp_preprocessing,pytorch_dsp,single_thread,1,False,529,4415583
dsp_preprocessing,pytorch_dsp,single_thread,1,False,530,4014125
dsp_preprocessing,pytorch_dsp,single_thread,1,False,531,4081208
dsp_preprocessing,pytorch_dsp,single_thread,1,False,532,3761625
dsp_preprocessing,pytorch_dsp,single_thread,1,False,533,4105625
dsp_preprocessing,pytorch_dsp,single_thread,1,False,534,3757750
dsp_preprocessing,pytorch_dsp,single_thread,1,False,535,3731500
dsp_preprocessing,pytorch_dsp,single_thread,1,False,536,3900750
dsp_preprocessing,pytorch_dsp,single_thread,1,False,537,3895416
dsp_preprocessing,pytorch_dsp,single_thread,1,False,538,3992125
dsp_preprocessing,pytorch_dsp,single_thread,1,False,539,3729917
dsp_preprocessing,pytorch_dsp,single_thread,1,False,540,3564750
dsp_preprocessing,pytorch_dsp,single_thread,1,False,541,4995042
dsp_preprocessing,pytorch_dsp,single_thread,1,False,542,4400500
dsp_preprocessing,pytorch_dsp,single_thread,1,False,543,4029667
dsp_preprocessing,pytorch_dsp,single_thread,1,False,544,3780875
dsp_preprocessing,pytorch_dsp,single_thread,1,False,545,3840166
dsp_preprocessing,pytorch_dsp,single_thread,1,False,546,4091750
dsp_preprocessing,pytorch_dsp,single_thread,1,False,547,3746000
dsp_preprocessing,pytorch_dsp,single_thread,1,False,548,3724250
dsp_preprocessing,pytorch_dsp,single_thread,1,False,549,3511541
dsp_preprocessing,pytorch_dsp,single_thread,1,False,550,3717667
dsp_preprocessing,pytorch_dsp,single_thread,1,False,551,3552042
dsp_preprocessing,pytorch_dsp,single_thread,1,False,552,3487833
dsp_preprocessing,pytorch_dsp,single_thread,1,False,553,3484000
dsp_preprocessing,pytorch_dsp,single_thread,1,False,554,3600958
dsp_preprocessing,pytorch_dsp,single_thread,1,False,555,4044792
dsp_preprocessing,pytorch_dsp,single_thread,1,False,556,3802208
dsp_preprocessing,pytorch_dsp,single_thread,1,False,557,4138667
dsp_preprocessing,pytorch_dsp,single_thread,1,False,558,3994750
dsp_preprocessing,pytorch_dsp,single_thread,1,False,559,4555916
dsp_preprocessing,pytorch_dsp,single_thread,1,False,560,4282250
dsp_preprocessing,pytorch_dsp,single_thread,1,False,561,3908791
dsp_preprocessing,pytorch_dsp,single_thread,1,False,562,3755709
dsp_preprocessing,pytorch_dsp,single_thread,1,False,563,4065417
dsp_preprocessing,pytorch_dsp,single_thread,1,False,564,4993667
dsp_preprocessing,pytorch_dsp,single_thread,1,False,565,4069541
dsp_preprocessing,pytorch_dsp,single_thread,1,False,566,4319375
dsp_preprocessing,pytorch_dsp,single_thread,1,False,567,4780375
dsp_preprocessing,pytorch_dsp,single_thread,1,False,568,3905584
dsp_preprocessing,pytorch_dsp,single_thread,1,False,569,3799625
dsp_preprocessing,pytorch_dsp,single_thread,1,False,570,3755833
dsp_preprocessing,pytorch_dsp,single_thread,1,False,571,4076500
dsp_preprocessing,pytorch_dsp,single_thread,1,False,572,3850958
dsp_preprocessing,pytorch_dsp,single_thread,1,False,573,3578584
dsp_preprocessing,pytorch_dsp,single_thread,1,False,574,3599834
dsp_preprocessing,pytorch_dsp,single_thread,1,False,575,3540834
dsp_preprocessing,pytorch_dsp,single_thread,1,False,576,4150333
dsp_preprocessing,pytorch_dsp,single_thread,1,False,577,3701750
dsp_preprocessing,pytorch_dsp,single_thread,1,False,578,3714166
dsp_preprocessing,pytorch_dsp,single_thread,1,False,579,3575209
dsp_preprocessing,pytorch_dsp,single_thread,1,False,580,3914250
dsp_preprocessing,pytorch_dsp,single_thread,1,False,581,3530500
dsp_preprocessing,pytorch_dsp,single_thread,1,False,582,3468334
dsp_preprocessing,pytorch_dsp,single_thread,1,False,583,3470583
dsp_preprocessing,pytorch_dsp,single_thread,1,False,584,3531416
dsp_preprocessing,pytorch_dsp,single_thread,1,False,585,3730042
dsp_preprocessing,pytorch_dsp,single_thread,1,False,586,3700500
dsp_preprocessing,pytorch_dsp,single_thread,1,False,587,3937833
dsp_preprocessing,pytorch_dsp,single_thread,1,False,588,3901792
dsp_preprocessing,pytorch_dsp,single_thread,1,False,589,4962834
dsp_preprocessing,pytorch_dsp,single_thread,1,False,590,3994500
dsp_preprocessing,pytorch_dsp,single_thread,1,False,591,3905875
dsp_preprocessing,pytorch_dsp,single_thread,1,False,592,4006167
dsp_preprocessing,pytorch_dsp,single_thread,1,False,593,4353292
dsp_preprocessing,pytorch_dsp,single_thread,1,False,594,3721833
dsp_preprocessing,pytorch_dsp,single_thread,1,False,595,3788000
dsp_preprocessing,pytorch_dsp,single_thread,1,False,596,3745292
dsp_preprocessing,pytorch_dsp,single_thread,1,False,597,4172875
dsp_preprocessing,pytorch_dsp,single_thread,1,False,598,3791625
dsp_preprocessing,pytorch_dsp,single_thread,1,False,599,3843791
dsp_preprocessing,pytorch_dsp,single_thread,1,False,600,3828250
dsp_preprocessing,pytorch_dsp,single_thread,1,False,601,3739708
dsp_preprocessing,pytorch_dsp,single_thread,1,False,602,4061417
dsp_preprocessing,pytorch_dsp,single_thread,1,False,603,3852083
dsp_preprocessing,pytorch_dsp,single_thread,1,False,604,3698250
dsp_preprocessing,pytorch_dsp,single_thread,1,False,605,3689291
dsp_preprocessing,pytorch_dsp,single_thread,1,False,606,4096125
dsp_preprocessing,pytorch_dsp,single_thread,1,False,607,3783125
dsp_preprocessing,pytorch_dsp,single_thread,1,False,608,3502834
dsp_preprocessing,pytorch_dsp,single_thread,1,False,609,3560250
dsp_preprocessing,pytorch_dsp,single_thread,1,False,610,3785291
dsp_preprocessing,pytorch_dsp,single_thread,1,False,611,3667500
dsp_preprocessing,pytorch_dsp,single_thread,1,False,612,3795750
dsp_preprocessing,pytorch_dsp,single_thread,1,False,613,3755125
dsp_preprocessing,pytorch_dsp,single_thread,1,False,614,3768459
dsp_preprocessing,pytorch_dsp,single_thread,1,False,615,4144875
dsp_preprocessing,pytorch_dsp,single_thread,1,False,616,3747708
dsp_preprocessing,pytorch_dsp,single_thread,1,False,617,3781000
dsp_preprocessing,pytorch_dsp,single_thread,1,False,618,3975458
dsp_preprocessing,pytorch_dsp,single_thread,1,False,619,5464250
dsp_preprocessing,pytorch_dsp,single_thread,1,False,620,6647750
dsp_preprocessing,pytorch_dsp,single_thread,1,False,621,4489667
dsp_preprocessing,pytorch_dsp,single_thread,1,False,622,5317792
dsp_preprocessing,pytorch_dsp,single_thread,1,False,623,7245375
dsp_preprocessing,pytorch_dsp,single_thread,1,False,624,9885250
dsp_preprocessing,pytorch_dsp,single_thread,1,False,625,4699834
dsp_preprocessing,pytorch_dsp,single_thread,1,False,626,4239625
dsp_preprocessing,pytorch_dsp,single_thread,1,False,627,4647792
dsp_preprocessing,pytorch_dsp,single_thread,1,False,628,4138208
dsp_preprocessing,pytorch_dsp,single_thread,1,False,629,3816958
dsp_preprocessing,pytorch_dsp,single_thread,1,False,630,3833417
dsp_preprocessing,pytorch_dsp,single_thread,1,False,631,4382583
dsp_preprocessing,pytorch_dsp,single_thread,1,False,632,3970625
dsp_preprocessing,pytorch_dsp,single_thread,1,False,633,3815417
dsp_preprocessing,pytorch_dsp,single_thread,1,False,634,5805959
dsp_preprocessing,pytorch_dsp,single_thread,1,False,635,4711208
dsp_preprocessing,pytorch_dsp,single_thread,1,False,636,4231542
dsp_preprocessing,pytorch_dsp,single_thread,1,False,637,4420000
dsp_preprocessing,pytorch_dsp,single_thread,1,False,638,4006666
dsp_preprocessing,pytorch_dsp,single_thread,1,False,639,4303750
dsp_preprocessing,pytorch_dsp,single_thread,1,False,640,5153666
dsp_preprocessing,pytorch_dsp,single_thread,1,False,641,3889334
dsp_preprocessing,pytorch_dsp,single_thread,1,False,642,3797250
dsp_preprocessing,pytorch_dsp,single_thread,1,False,643,4198958
dsp_preprocessing,pytorch_dsp,single_thread,1,False,644,3847958
dsp_preprocessing,pytorch_dsp,single_thread,1,False,645,3688667
dsp_preprocessing,pytorch_dsp,single_thread,1,False,646,3926166
dsp_preprocessing,pytorch_dsp,single_thread,1,False,647,4346334
dsp_preprocessing,pytorch_dsp,single_thread,1,False,648,3903083
dsp_preprocessing,pytorch_dsp,single_thread,1,False,649,3811125
dsp_preprocessing,pytorch_dsp,single_thread,1,False,650,3825166
dsp_preprocessing,pytorch_dsp,single_thread,1,False,651,3845000
dsp_preprocessing,pytorch_dsp,single_thread,1,False,652,4186292
dsp_preprocessing,pytorch_dsp,single_thread,1,False,653,3869750
dsp_preprocessing,pytorch_dsp,single_thread,1,False,654,3804209
dsp_preprocessing,pytorch_dsp,single_thread,1,False,655,3763500
dsp_preprocessing,pytorch_dsp,single_thread,1,False,656,4152125
dsp_preprocessing,pytorch_dsp,single_thread,1,False,657,3688041
dsp_preprocessing,pytorch_dsp,single_thread,1,False,658,3750000
dsp_preprocessing,pytorch_dsp,single_thread,1,False,659,3767666
dsp_preprocessing,pytorch_dsp,single_thread,1,False,660,4184292
dsp_preprocessing,pytorch_dsp,single_thread,1,False,661,3755417
dsp_preprocessing,pytorch_dsp,single_thread,1,False,662,3706208
dsp_preprocessing,pytorch_dsp,single_thread,1,False,663,3759916
dsp_preprocessing,pytorch_dsp,single_thread,1,False,664,3901958
dsp_preprocessing,pytorch_dsp,single_thread,1,False,665,3804375
dsp_preprocessing,pytorch_dsp,single_thread,1,False,666,3801083
dsp_preprocessing,pytorch_dsp,single_thread,1,False,667,3811125
dsp_preprocessing,pytorch_dsp,single_thread,1,False,668,3705542
dsp_preprocessing,pytorch_dsp,single_thread,1,False,669,4102958
dsp_preprocessing,pytorch_dsp,single_thread,1,False,670,3698375
dsp_preprocessing,pytorch_dsp,single_thread,1,False,671,3704875
dsp_preprocessing,pytorch_dsp,single_thread,1,False,672,3662667
dsp_preprocessing,pytorch_dsp,single_thread,1,False,673,4108166
dsp_preprocessing,pytorch_dsp,single_thread,1,False,674,3713708
dsp_preprocessing,pytorch_dsp,single_thread,1,False,675,3702458
dsp_preprocessing,pytorch_dsp,single_thread,1,False,676,3685000
dsp_preprocessing,pytorch_dsp,single_thread,1,False,677,3667000
dsp_preprocessing,pytorch_dsp,single_thread,1,False,678,4075708
dsp_preprocessing,pytorch_dsp,single_thread,1,False,679,3751750
dsp_preprocessing,pytorch_dsp,single_thread,1,False,680,3719000
dsp_preprocessing,pytorch_dsp,single_thread,1,False,681,3850792
dsp_preprocessing,pytorch_dsp,single_thread,1,False,682,4169166
dsp_preprocessing,pytorch_dsp,single_thread,1,False,683,3798167
dsp_preprocessing,pytorch_dsp,single_thread,1,False,684,3835250
dsp_preprocessing,pytorch_dsp,single_thread,1,False,685,4011458
dsp_preprocessing,pytorch_dsp,single_thread,1,False,686,4528791
dsp_preprocessing,pytorch_dsp,single_thread,1,False,687,3881417
dsp_preprocessing,pytorch_dsp,single_thread,1,False,688,3808666
dsp_preprocessing,pytorch_dsp,single_thread,1,False,689,3887708
dsp_preprocessing,pytorch_dsp,single_thread,1,False,690,4243375
dsp_preprocessing,pytorch_dsp,single_thread,1,False,691,4100125
dsp_preprocessing,pytorch_dsp,single_thread,1,False,692,4014875
dsp_preprocessing,pytorch_dsp,single_thread,1,False,693,4053417
dsp_preprocessing,pytorch_dsp,single_thread,1,False,694,4659791
dsp_preprocessing,pytorch_dsp,single_thread,1,False,695,3987333
dsp_preprocessing,pytorch_dsp,single_thread,1,False,696,3885042
dsp_preprocessing,pytorch_dsp,single_thread,1,False,697,3867750
dsp_preprocessing,pytorch_dsp,single_thread,1,False,698,4587333
dsp_preprocessing,pytorch_dsp,single_thread,1,False,699,4106958
dsp_preprocessing,pytorch_dsp,single_thread,1,False,700,3912708
dsp_preprocessing,pytorch_dsp,single_thread,1,False,701,4018417
dsp_preprocessing,pytorch_dsp,single_thread,1,False,702,4476542
dsp_preprocessing,pytorch_dsp,single_thread,1,False,703,4282375
dsp_preprocessing,pytorch_dsp,single_thread,1,False,704,3952875
dsp_preprocessing,pytorch_dsp,single_thread,1,False,705,3952292
dsp_preprocessing,pytorch_dsp,single_thread,1,False,706,4597167
dsp_preprocessing,pytorch_dsp,single_thread,1,False,707,4016875
dsp_preprocessing,pytorch_dsp,single_thread,1,False,708,4002417
dsp_preprocessing,pytorch_dsp,single_thread,1,False,709,3918292
dsp_preprocessing,pytorch_dsp,single_thread,1,False,710,3717417
dsp_preprocessing,pytorch_dsp,single_thread,1,False,711,3948209
dsp_preprocessing,pytorch_dsp,single_thread,1,False,712,3725167
dsp_preprocessing,pytorch_dsp,single_thread,1,False,713,3721000
dsp_preprocessing,pytorch_dsp,single_thread,1,False,714,3702042
dsp_preprocessing,pytorch_dsp,single_thread,1,False,715,4104500
dsp_preprocessing,pytorch_dsp,single_thread,1,False,716,3757792
dsp_preprocessing,pytorch_dsp,single_thread,1,False,717,3733708
dsp_preprocessing,pytorch_dsp,single_thread,1,False,718,3736833
dsp_preprocessing,pytorch_dsp,single_thread,1,False,719,4168625
dsp_preprocessing,pytorch_dsp,single_thread,1,False,720,3845291
dsp_preprocessing,pytorch_dsp,single_thread,1,False,721,3716958
dsp_preprocessing,pytorch_dsp,single_thread,1,False,722,3721042
dsp_preprocessing,pytorch_dsp,single_thread,1,False,723,3797292
dsp_preprocessing,pytorch_dsp,single_thread,1,False,724,4755750
dsp_preprocessing,pytorch_dsp,single_thread,1,False,725,3786625
dsp_preprocessing,pytorch_dsp,single_thread,1,False,726,3731750
dsp_preprocessing,pytorch_dsp,single_thread,1,False,727,3743541
dsp_preprocessing,pytorch_dsp,single_thread,1,False,728,4263417
dsp_preprocessing,pytorch_dsp,single_thread,1,False,729,3757375
dsp_preprocessing,pytorch_dsp,single_thread,1,False,730,3742292
dsp_preprocessing,pytorch_dsp,single_thread,1,False,731,3783208
dsp_preprocessing,pytorch_dsp,single_thread,1,False,732,4043375
dsp_preprocessing,pytorch_dsp,single_thread,1,False,733,3712667
dsp_preprocessing,pytorch_dsp,single_thread,1,False,734,3707125
dsp_preprocessing,pytorch_dsp,single_thread,1,False,735,3833667
dsp_preprocessing,pytorch_dsp,single_thread,1,False,736,4140042
dsp_preprocessing,pytorch_dsp,single_thread,1,False,737,3966291
dsp_preprocessing,pytorch_dsp,single_thread,1,False,738,3766083
dsp_preprocessing,pytorch_dsp,single_thread,1,False,739,3806084
dsp_preprocessing,pytorch_dsp,single_thread,1,False,740,3779959
dsp_preprocessing,pytorch_dsp,single_thread,1,False,741,4012958
dsp_preprocessing,pytorch_dsp,single_thread,1,False,742,3757167
dsp_preprocessing,pytorch_dsp,single_thread,1,False,743,3818833
dsp_preprocessing,pytorch_dsp,single_thread,1,False,744,3759875
dsp_preprocessing,pytorch_dsp,single_thread,1,False,745,4174291
dsp_preprocessing,pytorch_dsp,single_thread,1,False,746,3772041
dsp_preprocessing,pytorch_dsp,single_thread,1,False,747,3697208
dsp_preprocessing,pytorch_dsp,single_thread,1,False,748,3732125
dsp_preprocessing,pytorch_dsp,single_thread,1,False,749,3871250
dsp_preprocessing,pytorch_dsp,single_thread,1,False,750,3964500
dsp_preprocessing,pytorch_dsp,single_thread,1,False,751,3744625
dsp_preprocessing,pytorch_dsp,single_thread,1,False,752,3732583
dsp_preprocessing,pytorch_dsp,single_thread,1,False,753,3816875
dsp_preprocessing,pytorch_dsp,single_thread,1,False,754,4098334
dsp_preprocessing,pytorch_dsp,single_thread,1,False,755,3867583
dsp_preprocessing,pytorch_dsp,single_thread,1,False,756,3780667
dsp_preprocessing,pytorch_dsp,single_thread,1,False,757,3714375
dsp_preprocessing,pytorch_dsp,single_thread,1,False,758,4110709
dsp_preprocessing,pytorch_dsp,single_thread,1,False,759,3778459
dsp_preprocessing,pytorch_dsp,single_thread,1,False,760,3909208
dsp_preprocessing,pytorch_dsp,single_thread,1,False,761,3759083
dsp_preprocessing,pytorch_dsp,single_thread,1,False,762,4129417
dsp_preprocessing,pytorch_dsp,single_thread,1,False,763,3936458
dsp_preprocessing,pytorch_dsp,single_thread,1,False,764,3723333
dsp_preprocessing,pytorch_dsp,single_thread,1,False,765,3767584
dsp_preprocessing,pytorch_dsp,single_thread,1,False,766,3667084
dsp_preprocessing,pytorch_dsp,single_thread,1,False,767,4062125
dsp_preprocessing,pytorch_dsp,single_thread,1,False,768,3774292
dsp_preprocessing,pytorch_dsp,single_thread,1,False,769,3728833
dsp_preprocessing,pytorch_dsp,single_thread,1,False,770,3665459
dsp_preprocessing,pytorch_dsp,single_thread,1,False,771,3899750
dsp_preprocessing,pytorch_dsp,single_thread,1,False,772,3544834
dsp_preprocessing,pytorch_dsp,single_thread,1,False,773,3500875
dsp_preprocessing,pytorch_dsp,single_thread,1,False,774,3656125
dsp_preprocessing,pytorch_dsp,single_thread,1,False,775,7380250
dsp_preprocessing,pytorch_dsp,single_thread,1,False,776,16880333
dsp_preprocessing,pytorch_dsp,single_thread,1,False,777,11439625
dsp_preprocessing,pytorch_dsp,single_thread,1,False,778,6052875
dsp_preprocessing,pytorch_dsp,single_thread,1,False,779,6013750
dsp_preprocessing,pytorch_dsp,single_thread,1,False,780,8235166
dsp_preprocessing,pytorch_dsp,single_thread,1,False,781,5250834
dsp_preprocessing,pytorch_dsp,single_thread,1,False,782,4525125
dsp_preprocessing,pytorch_dsp,single_thread,1,False,783,8433250
dsp_preprocessing,pytorch_dsp,single_thread,1,False,784,7393000
dsp_preprocessing,pytorch_dsp,single_thread,1,False,785,5659208
dsp_preprocessing,pytorch_dsp,single_thread,1,False,786,7006666
dsp_preprocessing,pytorch_dsp,single_thread,1,False,787,7347250
dsp_preprocessing,pytorch_dsp,single_thread,1,False,788,7286125
dsp_preprocessing,pytorch_dsp,single_thread,1,False,789,5597292
dsp_preprocessing,pytorch_dsp,single_thread,1,False,790,5055708
dsp_preprocessing,pytorch_dsp,single_thread,1,False,791,7854125
dsp_preprocessing,pytorch_dsp,single_thread,1,False,792,6115625
dsp_preprocessing,pytorch_dsp,single_thread,1,False,793,6207292
dsp_preprocessing,pytorch_dsp,single_thread,1,False,794,4646833
dsp_preprocessing,pytorch_dsp,single_thread,1,False,795,4465333
dsp_preprocessing,pytorch_dsp,single_thread,1,False,796,4147916
dsp_preprocessing,pytorch_dsp,single_thread,1,False,797,5069209
dsp_preprocessing,pytorch_dsp,single_thread,1,False,798,4344250
dsp_preprocessing,pytorch_dsp,single_thread,1,False,799,4266083
dsp_preprocessing,pytorch_dsp,single_thread,1,False,800,4824000
dsp_preprocessing,pytorch_dsp,single_thread,1,False,801,5022459
dsp_preprocessing,pytorch_dsp,single_thread,1,False,802,3985167
dsp_preprocessing,pytorch_dsp,single_thread,1,False,803,3998958
dsp_preprocessing,pytorch_dsp,single_thread,1,False,804,4130875
dsp_preprocessing,pytorch_dsp,single_thread,1,False,805,4136583
dsp_preprocessing,pytorch_dsp,single_thread,1,False,806,4267917
dsp_preprocessing,pytorch_dsp,single_thread,1,False,807,3968417
dsp_preprocessing,pytorch_dsp,single_thread,1,False,808,4614209
dsp_preprocessing,pytorch_dsp,single_thread,1,False,809,3977166
dsp_preprocessing,pytorch_dsp,single_thread,1,False,810,3954750
dsp_preprocessing,pytorch_dsp,single_thread,1,False,811,3846375
dsp_preprocessing,pytorch_dsp,single_thread,1,False,812,4132167
dsp_preprocessing,pytorch_dsp,single_thread,1,False,813,3931208
dsp_preprocessing,pytorch_dsp,single_thread,1,False,814,3816375
dsp_preprocessing,pytorch_dsp,single_thread,1,False,815,3893541
dsp_preprocessing,pytorch_dsp,single_thread,1,False,816,3754459
dsp_preprocessing,pytorch_dsp,single_thread,1,False,817,4135167
dsp_preprocessing,pytorch_dsp,single_thread,1,False,818,3976875
dsp_preprocessing,pytorch_dsp,single_thread,1,False,819,3999625
dsp_preprocessing,pytorch_dsp,single_thread,1,False,820,3823291
dsp_preprocessing,pytorch_dsp,single_thread,1,False,821,4066166
dsp_preprocessing,pytorch_dsp,single_thread,1,False,822,3811084
dsp_preprocessing,pytorch_dsp,single_thread,1,False,823,3767208
dsp_preprocessing,pytorch_dsp,single_thread,1,False,824,3885667
dsp_preprocessing,pytorch_dsp,single_thread,1,False,825,4198083
dsp_preprocessing,pytorch_dsp,single_thread,1,False,826,3822708
dsp_preprocessing,pytorch_dsp,single_thread,1,False,827,3777417
dsp_preprocessing,pytorch_dsp,single_thread,1,False,828,3817000
dsp_preprocessing,pytorch_dsp,single_thread,1,False,829,4007250
dsp_preprocessing,pytorch_dsp,single_thread,1,False,830,3851792
dsp_preprocessing,pytorch_dsp,single_thread,1,False,831,3850541
dsp_preprocessing,pytorch_dsp,single_thread,1,False,832,3945834
dsp_preprocessing,pytorch_dsp,single_thread,1,False,833,3757334
dsp_preprocessing,pytorch_dsp,single_thread,1,False,834,3977834
dsp_preprocessing,pytorch_dsp,single_thread,1,False,835,3842208
dsp_preprocessing,pytorch_dsp,single_thread,1,False,836,3753875
dsp_preprocessing,pytorch_dsp,single_thread,1,False,837,3708250
dsp_preprocessing,pytorch_dsp,single_thread,1,False,838,4239958
dsp_preprocessing,pytorch_dsp,single_thread,1,False,839,3761875
dsp_preprocessing,pytorch_dsp,single_thread,1,False,840,3602333
dsp_preprocessing,pytorch_dsp,single_thread,1,False,841,3540833
dsp_preprocessing,pytorch_dsp,single_thread,1,False,842,3541125
dsp_preprocessing,pytorch_dsp,single_thread,1,False,843,3877917
dsp_preprocessing,pytorch_dsp,single_thread,1,False,844,3582750
dsp_preprocessing,pytorch_dsp,single_thread,1,False,845,3597333
dsp_preprocessing,pytorch_dsp,single_thread,1,False,846,3675958
dsp_preprocessing,pytorch_dsp,single_thread,1,False,847,3744541
dsp_preprocessing,pytorch_dsp,single_thread,1,False,848,3556458
dsp_preprocessing,pytorch_dsp,single_thread,1,False,849,3548917
dsp_preprocessing,pytorch_dsp,single_thread,1,False,850,3598875
dsp_preprocessing,pytorch_dsp,single_thread,1,False,851,3589792
dsp_preprocessing,pytorch_dsp,single_thread,1,False,852,3960584
dsp_preprocessing,pytorch_dsp,single_thread,1,False,853,3596500
dsp_preprocessing,pytorch_dsp,single_thread,1,False,854,3554459
dsp_preprocessing,pytorch_dsp,single_thread,1,False,855,3566083
dsp_preprocessing,pytorch_dsp,single_thread,1,False,856,3891000
dsp_preprocessing,pytorch_dsp,single_thread,1,False,857,3563542
dsp_preprocessing,pytorch_dsp,single_thread,1,False,858,3624666
dsp_preprocessing,pytorch_dsp,single_thread,1,False,859,3585042
dsp_preprocessing,pytorch_dsp,single_thread,1,False,860,3530208
dsp_preprocessing,pytorch_dsp,single_thread,1,False,861,3682875
dsp_preprocessing,pytorch_dsp,single_thread,1,False,862,3693750
dsp_preprocessing,pytorch_dsp,single_thread,1,False,863,3565959
dsp_preprocessing,pytorch_dsp,single_thread,1,False,864,3550167
dsp_preprocessing,pytorch_dsp,single_thread,1,False,865,3875375
dsp_preprocessing,pytorch_dsp,single_thread,1,False,866,3634959
dsp_preprocessing,pytorch_dsp,single_thread,1,False,867,3537583
dsp_preprocessing,pytorch_dsp,single_thread,1,False,868,3534750
dsp_preprocessing,pytorch_dsp,single_thread,1,False,869,3552333
dsp_preprocessing,pytorch_dsp,single_thread,1,False,870,4258167
dsp_preprocessing,pytorch_dsp,single_thread,1,False,871,3655084
dsp_preprocessing,pytorch_dsp,single_thread,1,False,872,3588333
dsp_preprocessing,pytorch_dsp,single_thread,1,False,873,3613208
dsp_preprocessing,pytorch_dsp,single_thread,1,False,874,3913458
dsp_preprocessing,pytorch_dsp,single_thread,1,False,875,3911125
dsp_preprocessing,pytorch_dsp,single_thread,1,False,876,3582917
dsp_preprocessing,pytorch_dsp,single_thread,1,False,877,3536667
dsp_preprocessing,pytorch_dsp,single_thread,1,False,878,3561000
dsp_preprocessing,pytorch_dsp,single_thread,1,False,879,4056750
dsp_preprocessing,pytorch_dsp,single_thread,1,False,880,3739167
dsp_preprocessing,pytorch_dsp,single_thread,1,False,881,3579042
dsp_preprocessing,pytorch_dsp,single_thread,1,False,882,3648000
dsp_preprocessing,pytorch_dsp,single_thread,1,False,883,4093542
dsp_preprocessing,pytorch_dsp,single_thread,1,False,884,3823000
dsp_preprocessing,pytorch_dsp,single_thread,1,False,885,3649625
dsp_preprocessing,pytorch_dsp,single_thread,1,False,886,3562875
dsp_preprocessing,pytorch_dsp,single_thread,1,False,887,3528750
dsp_preprocessing,pytorch_dsp,single_thread,1,False,888,3900625
dsp_preprocessing,pytorch_dsp,single_thread,1,False,889,3677875
dsp_preprocessing,pytorch_dsp,single_thread,1,False,890,3670625
dsp_preprocessing,pytorch_dsp,single_thread,1,False,891,3619792
dsp_preprocessing,pytorch_dsp,single_thread,1,False,892,4078875
dsp_preprocessing,pytorch_dsp,single_thread,1,False,893,3749250
dsp_preprocessing,pytorch_dsp,single_thread,1,False,894,3638667
dsp_preprocessing,pytorch_dsp,single_thread,1,False,895,3529167
dsp_preprocessing,pytorch_dsp,single_thread,1,False,896,3549458
dsp_preprocessing,pytorch_dsp,single_thread,1,False,897,3804375
dsp_preprocessing,pytorch_dsp,single_thread,1,False,898,3531208
dsp_preprocessing,pytorch_dsp,single_thread,1,False,899,3516708
dsp_preprocessing,pytorch_dsp,single_thread,1,False,900,3573125
dsp_preprocessing,pytorch_dsp,single_thread,1,False,901,3735250
dsp_preprocessing,pytorch_dsp,single_thread,1,False,902,3806375
dsp_preprocessing,pytorch_dsp,single_thread,1,False,903,3599250
dsp_preprocessing,pytorch_dsp,single_thread,1,False,904,3670375
dsp_preprocessing,pytorch_dsp,single_thread,1,False,905,3523667
dsp_preprocessing,pytorch_dsp,single_thread,1,False,906,3737416
dsp_preprocessing,pytorch_dsp,single_thread,1,False,907,3778916
dsp_preprocessing,pytorch_dsp,single_thread,1,False,908,3946959
dsp_preprocessing,pytorch_dsp,single_thread,1,False,909,3778750
dsp_preprocessing,pytorch_dsp,single_thread,1,False,910,3946709
dsp_preprocessing,pytorch_dsp,single_thread,1,False,911,3679041
dsp_preprocessing,pytorch_dsp,single_thread,1,False,912,3710500
dsp_preprocessing,pytorch_dsp,single_thread,1,False,913,3714333
dsp_preprocessing,pytorch_dsp,single_thread,1,False,914,3720541
dsp_preprocessing,pytorch_dsp,single_thread,1,False,915,4388334
dsp_preprocessing,pytorch_dsp,single_thread,1,False,916,4024500
dsp_preprocessing,pytorch_dsp,single_thread,1,False,917,4065875
dsp_preprocessing,pytorch_dsp,single_thread,1,False,918,4304208
dsp_preprocessing,pytorch_dsp,single_thread,1,False,919,4222958
dsp_preprocessing,pytorch_dsp,single_thread,1,False,920,4336083
dsp_preprocessing,pytorch_dsp,single_thread,1,False,921,4225542
dsp_preprocessing,pytorch_dsp,single_thread,1,False,922,4005958
dsp_preprocessing,pytorch_dsp,single_thread,1,False,923,4036083
dsp_preprocessing,pytorch_dsp,single_thread,1,False,924,3812916
dsp_preprocessing,pytorch_dsp,single_thread,1,False,925,4010000
dsp_preprocessing,pytorch_dsp,single_thread,1,False,926,4126292
dsp_preprocessing,pytorch_dsp,single_thread,1,False,927,4197209
dsp_preprocessing,pytorch_dsp,single_thread,1,False,928,4201583
dsp_preprocessing,pytorch_dsp,single_thread,1,False,929,3990291
dsp_preprocessing,pytorch_dsp,single_thread,1,False,930,3926667
dsp_preprocessing,pytorch_dsp,single_thread,1,False,931,4270084
dsp_preprocessing,pytorch_dsp,single_thread,1,False,932,3979042
dsp_preprocessing,pytorch_dsp,single_thread,1,False,933,4202208
dsp_preprocessing,pytorch_dsp,single_thread,1,False,934,3800167
dsp_preprocessing,pytorch_dsp,single_thread,1,False,935,4076625
dsp_preprocessing,pytorch_dsp,single_thread,1,False,936,3769000
dsp_preprocessing,pytorch_dsp,single_thread,1,False,937,3720916
dsp_preprocessing,pytorch_dsp,single_thread,1,False,938,3745208
dsp_preprocessing,pytorch_dsp,single_thread,1,False,939,3948041
dsp_preprocessing,pytorch_dsp,single_thread,1,False,940,3760167
dsp_preprocessing,pytorch_dsp,single_thread,1,False,941,3545750
dsp_preprocessing,pytorch_dsp,single_thread,1,False,942,3561291
dsp_preprocessing,pytorch_dsp,single_thread,1,False,943,3624417
dsp_preprocessing,pytorch_dsp,single_thread,1,False,944,3893125
dsp_preprocessing,pytorch_dsp,single_thread,1,False,945,3507084
dsp_preprocessing,pytorch_dsp,single_thread,1,False,946,3484083
dsp_preprocessing,pytorch_dsp,single_thread,1,False,947,3496667
dsp_preprocessing,pytorch_dsp,single_thread,1,False,948,3488959
dsp_preprocessing,pytorch_dsp,single_thread,1,False,949,3926625
dsp_preprocessing,pytorch_dsp,single_thread,1,False,950,3614667
dsp_preprocessing,pytorch_dsp,single_thread,1,False,951,3670291
dsp_preprocessing,pytorch_dsp,single_thread,1,False,952,3778959
dsp_preprocessing,pytorch_dsp,single_thread,1,False,953,3841209
dsp_preprocessing,pytorch_dsp,single_thread,1,False,954,3458583
dsp_preprocessing,pytorch_dsp,single_thread,1,False,955,3524292
dsp_preprocessing,pytorch_dsp,single_thread,1,False,956,3568250
dsp_preprocessing,pytorch_dsp,single_thread,1,False,957,3458167
dsp_preprocessing,pytorch_dsp,single_thread,1,False,958,3718958
dsp_preprocessing,pytorch_dsp,single_thread,1,False,959,3551917
dsp_preprocessing,pytorch_dsp,single_thread,1,False,960,3535625
dsp_preprocessing,pytorch_dsp,single_thread,1,False,961,3481583
dsp_preprocessing,pytorch_dsp,single_thread,1,False,962,3596334
dsp_preprocessing,pytorch_dsp,single_thread,1,False,963,3717833
dsp_preprocessing,pytorch_dsp,single_thread,1,False,964,3541875
dsp_preprocessing,pytorch_dsp,single_thread,1,False,965,3539917
dsp_preprocessing,pytorch_dsp,single_thread,1,False,966,3501292
dsp_preprocessing,pytorch_dsp,single_thread,1,False,967,3728166
dsp_preprocessing,pytorch_dsp,single_thread,1,False,968,3609417
dsp_preprocessing,pytorch_dsp,single_thread,1,False,969,3538541
dsp_preprocessing,pytorch_dsp,single_thread,1,False,970,3617250
dsp_preprocessing,pytorch_dsp,single_thread,1,False,971,3725417
dsp_preprocessing,pytorch_dsp,single_thread,1,False,972,4161625
dsp_preprocessing,pytorch_dsp,single_thread,1,False,973,3774333
dsp_preprocessing,pytorch_dsp,single_thread,1,False,974,3488750
dsp_preprocessing,pytorch_dsp,single_thread,1,False,975,3434167
dsp_preprocessing,pytorch_dsp,single_thread,1,False,976,3654500
dsp_preprocessing,pytorch_dsp,single_thread,1,False,977,3495500
dsp_preprocessing,pytorch_dsp,single_thread,1,False,978,3470375
dsp_preprocessing,pytorch_dsp,single_thread,1,False,979,3479292
dsp_preprocessing,pytorch_dsp,single_thread,1,False,980,3464042
dsp_preprocessing,pytorch_dsp,single_thread,1,False,981,3997416
dsp_preprocessing,pytorch_dsp,single_thread,1,False,982,3653000
dsp_preprocessing,pytorch_dsp,single_thread,1,False,983,3538208
dsp_preprocessing,pytorch_dsp,single_thread,1,False,984,3486250
dsp_preprocessing,pytorch_dsp,single_thread,1,False,985,3599125
dsp_preprocessing,pytorch_dsp,single_thread,1,False,986,3625917
dsp_preprocessing,pytorch_dsp,single_thread,1,False,987,3592333
dsp_preprocessing,pytorch_dsp,single_thread,1,False,988,3705958
dsp_preprocessing,pytorch_dsp,single_thread,1,False,989,3732750
dsp_preprocessing,pytorch_dsp,single_thread,1,False,990,3947583
dsp_preprocessing,pytorch_dsp,single_thread,1,False,991,3558291
dsp_preprocessing,pytorch_dsp,single_thread,1,False,992,3510417
dsp_preprocessing,pytorch_dsp,single_thread,1,False,993,3503667
dsp_preprocessing,pytorch_dsp,single_thread,1,False,994,3462417
dsp_preprocessing,pytorch_dsp,single_thread,1,False,995,3835167
dsp_preprocessing,pytorch_dsp,single_thread,1,False,996,3528083
dsp_preprocessing,pytorch_dsp,single_thread,1,False,997,3657542
dsp_preprocessing,pytorch_dsp,single_thread,1,False,998,3572625
dsp_preprocessing,pytorch_dsp,single_thread,1,False,999,3810500
model_inference,pytorch,single_thread,1,False,0,1146125
model_inference,pytorch,single_thread,1,False,1,1151417
model_inference,pytorch,single_thread,1,False,2,1219250
model_inference,pytorch,single_thread,1,False,3,1275459
model_inference,pytorch,single_thread,1,False,4,1170209
model_inference,pytorch,single_thread,1,False,5,1154042
model_inference,pytorch,single_thread,1,False,6,1149000
model_inference,pytorch,single_thread,1,False,7,1145167
model_inference,pytorch,single_thread,1,False,8,1148125
model_inference,pytorch,single_thread,1,False,9,1148917
model_inference,pytorch,single_thread,1,False,10,1157625
model_inference,pytorch,single_thread,1,False,11,1142709
model_inference,pytorch,single_thread,1,False,12,1134916
model_inference,pytorch,single_thread,1,False,13,1141417
model_inference,pytorch,single_thread,1,False,14,1138792
model_inference,pytorch,single_thread,1,False,15,1135791
model_inference,pytorch,single_thread,1,False,16,1134959
model_inference,pytorch,single_thread,1,False,17,1327000
model_inference,pytorch,single_thread,1,False,18,1168250
model_inference,pytorch,single_thread,1,False,19,1154375
model_inference,pytorch,single_thread,1,False,20,1157375
model_inference,pytorch,single_thread,1,False,21,1141250
model_inference,pytorch,single_thread,1,False,22,1156250
model_inference,pytorch,single_thread,1,False,23,1136875
model_inference,pytorch,single_thread,1,False,24,1132125
model_inference,pytorch,single_thread,1,False,25,1138792
model_inference,pytorch,single_thread,1,False,26,1151959
model_inference,pytorch,single_thread,1,False,27,1136125
model_inference,pytorch,single_thread,1,False,28,1133250
model_inference,pytorch,single_thread,1,False,29,1142208
model_inference,pytorch,single_thread,1,False,30,1132042
model_inference,pytorch,single_thread,1,False,31,1321167
model_inference,pytorch,single_thread,1,False,32,1193958
model_inference,pytorch,single_thread,1,False,33,1154041
model_inference,pytorch,single_thread,1,False,34,1158125
model_inference,pytorch,single_thread,1,False,35,1141250
model_inference,pytorch,single_thread,1,False,36,1139416
model_inference,pytorch,single_thread,1,False,37,1135291
model_inference,pytorch,single_thread,1,False,38,1207166
model_inference,pytorch,single_thread,1,False,39,1157083
model_inference,pytorch,single_thread,1,False,40,1137084
model_inference,pytorch,single_thread,1,False,41,1148583
model_inference,pytorch,single_thread,1,False,42,1139542
model_inference,pytorch,single_thread,1,False,43,1136542
model_inference,pytorch,single_thread,1,False,44,1141250
model_inference,pytorch,single_thread,1,False,45,1373083
model_inference,pytorch,single_thread,1,False,46,1167208
model_inference,pytorch,single_thread,1,False,47,1149167
model_inference,pytorch,single_thread,1,False,48,1151042
model_inference,pytorch,single_thread,1,False,49,1137084
model_inference,pytorch,single_thread,1,False,50,1162666
model_inference,pytorch,single_thread,1,False,51,1160333
model_inference,pytorch,single_thread,1,False,52,1153542
model_inference,pytorch,single_thread,1,False,53,1152458
model_inference,pytorch,single_thread,1,False,54,1143125
model_inference,pytorch,single_thread,1,False,55,1140750
model_inference,pytorch,single_thread,1,False,56,1155084
model_inference,pytorch,single_thread,1,False,57,1146792
model_inference,pytorch,single_thread,1,False,58,1142125
model_inference,pytorch,single_thread,1,False,59,1154917
model_inference,pytorch,single_thread,1,False,60,1349625
model_inference,pytorch,single_thread,1,False,61,1145875
model_inference,pytorch,single_thread,1,False,62,1246500
model_inference,pytorch,single_thread,1,False,63,1181042
model_inference,pytorch,single_thread,1,False,64,1160250
model_inference,pytorch,single_thread,1,False,65,1164000
model_inference,pytorch,single_thread,1,False,66,1153917
model_inference,pytorch,single_thread,1,False,67,1153666
model_inference,pytorch,single_thread,1,False,68,1163083
model_inference,pytorch,single_thread,1,False,69,1151917
model_inference,pytorch,single_thread,1,False,70,1145958
model_inference,pytorch,single_thread,1,False,71,1161417
model_inference,pytorch,single_thread,1,False,72,1151833
model_inference,pytorch,single_thread,1,False,73,1141125
model_inference,pytorch,single_thread,1,False,74,1415459
model_inference,pytorch,single_thread,1,False,75,1177542
model_inference,pytorch,single_thread,1,False,76,1152917
model_inference,pytorch,single_thread,1,False,77,1155833
model_inference,pytorch,single_thread,1,False,78,1146833
model_inference,pytorch,single_thread,1,False,79,1144709
model_inference,pytorch,single_thread,1,False,80,1145750
model_inference,pytorch,single_thread,1,False,81,1149750
model_inference,pytorch,single_thread,1,False,82,1156333
model_inference,pytorch,single_thread,1,False,83,1161667
model_inference,pytorch,single_thread,1,False,84,1138834
model_inference,pytorch,single_thread,1,False,85,1150334
model_inference,pytorch,single_thread,1,False,86,1141625
model_inference,pytorch,single_thread,1,False,87,1162459
model_inference,pytorch,single_thread,1,False,88,1396292
model_inference,pytorch,single_thread,1,False,89,1171917
model_inference,pytorch,single_thread,1,False,90,1160292
model_inference,pytorch,single_thread,1,False,91,1149625
model_inference,pytorch,single_thread,1,False,92,1161041
model_inference,pytorch,single_thread,1,False,93,1157583
model_inference,pytorch,single_thread,1,False,94,1145375
model_inference,pytorch,single_thread,1,False,95,1150708
model_inference,pytorch,single_thread,1,False,96,1155583
model_inference,pytorch,single_thread,1,False,97,1153250
model_inference,pytorch,single_thread,1,False,98,1142625
model_inference,pytorch,single_thread,1,False,99,1136375
model_inference,pytorch,single_thread,1,False,100,1135833
model_inference,pytorch,single_thread,1,False,101,1144792
model_inference,pytorch,single_thread,1,False,102,1398292
model_inference,pytorch,single_thread,1,False,103,1204458
model_inference,pytorch,single_thread,1,False,104,1162750
model_inference,pytorch,single_thread,1,False,105,1162667
model_inference,pytorch,single_thread,1,False,106,1151708
model_inference,pytorch,single_thread,1,False,107,1141209
model_inference,pytorch,single_thread,1,False,108,1158291
model_inference,pytorch,single_thread,1,False,109,1151583
model_inference,pytorch,single_thread,1,False,110,1150667
model_inference,pytorch,single_thread,1,False,111,1148083
model_inference,pytorch,single_thread,1,False,112,1243333
model_inference,pytorch,single_thread,1,False,113,1209542
model_inference,pytorch,single_thread,1,False,114,1162333
model_inference,pytorch,single_thread,1,False,115,1154583
model_inference,pytorch,single_thread,1,False,116,1346458
model_inference,pytorch,single_thread,1,False,117,1288291
model_inference,pytorch,single_thread,1,False,118,1184625
model_inference,pytorch,single_thread,1,False,119,1161000
model_inference,pytorch,single_thread,1,False,120,1155750
model_inference,pytorch,single_thread,1,False,121,1223417
model_inference,pytorch,single_thread,1,False,122,1186375
model_inference,pytorch,single_thread,1,False,123,1166291
model_inference,pytorch,single_thread,1,False,124,1152417
model_inference,pytorch,single_thread,1,False,125,1148125
model_inference,pytorch,single_thread,1,False,126,1146459
model_inference,pytorch,single_thread,1,False,127,1145458
model_inference,pytorch,single_thread,1,False,128,1146083
model_inference,pytorch,single_thread,1,False,129,1153917
model_inference,pytorch,single_thread,1,False,130,1348167
model_inference,pytorch,single_thread,1,False,131,1386542
model_inference,pytorch,single_thread,1,False,132,1190000
model_inference,pytorch,single_thread,1,False,133,1247542
model_inference,pytorch,single_thread,1,False,134,1264958
model_inference,pytorch,single_thread,1,False,135,1175041
model_inference,pytorch,single_thread,1,False,136,1156667
model_inference,pytorch,single_thread,1,False,137,1148375
model_inference,pytorch,single_thread,1,False,138,1142167
model_inference,pytorch,single_thread,1,False,139,1147583
model_inference,pytorch,single_thread,1,False,140,1203792
model_inference,pytorch,single_thread,1,False,141,1177708
model_inference,pytorch,single_thread,1,False,142,1150542
model_inference,pytorch,single_thread,1,False,143,1143708
model_inference,pytorch,single_thread,1,False,144,1368000
model_inference,pytorch,single_thread,1,False,145,1148791
model_inference,pytorch,single_thread,1,False,146,1144458
model_inference,pytorch,single_thread,1,False,147,1139625
model_inference,pytorch,single_thread,1,False,148,1148958
model_inference,pytorch,single_thread,1,False,149,1143584
model_inference,pytorch,single_thread,1,False,150,1144166
model_inference,pytorch,single_thread,1,False,151,1134000
model_inference,pytorch,single_thread,1,False,152,1136583
model_inference,pytorch,single_thread,1,False,153,1146625
model_inference,pytorch,single_thread,1,False,154,1138083
model_inference,pytorch,single_thread,1,False,155,1133917
model_inference,pytorch,single_thread,1,False,156,1134292
model_inference,pytorch,single_thread,1,False,157,1137375
model_inference,pytorch,single_thread,1,False,158,1128333
model_inference,pytorch,single_thread,1,False,159,1293000
model_inference,pytorch,single_thread,1,False,160,1190458
model_inference,pytorch,single_thread,1,False,161,1173000
model_inference,pytorch,single_thread,1,False,162,1192333
model_inference,pytorch,single_thread,1,False,163,1148083
model_inference,pytorch,single_thread,1,False,164,1142833
model_inference,pytorch,single_thread,1,False,165,1148791
model_inference,pytorch,single_thread,1,False,166,1132750
model_inference,pytorch,single_thread,1,False,167,1131334
model_inference,pytorch,single_thread,1,False,168,1133875
model_inference,pytorch,single_thread,1,False,169,1141416
model_inference,pytorch,single_thread,1,False,170,1135375
model_inference,pytorch,single_thread,1,False,171,1148625
model_inference,pytorch,single_thread,1,False,172,1146292
model_inference,pytorch,single_thread,1,False,173,1330250
model_inference,pytorch,single_thread,1,False,174,1169125
model_inference,pytorch,single_thread,1,False,175,1154000
model_inference,pytorch,single_thread,1,False,176,1139875
model_inference,pytorch,single_thread,1,False,177,1137583
model_inference,pytorch,single_thread,1,False,178,1140959
model_inference,pytorch,single_thread,1,False,179,1145625
model_inference,pytorch,single_thread,1,False,180,1135416
model_inference,pytorch,single_thread,1,False,181,1149375
model_inference,pytorch,single_thread,1,False,182,1139292
model_inference,pytorch,single_thread,1,False,183,1130166
model_inference,pytorch,single_thread,1,False,184,1142750
model_inference,pytorch,single_thread,1,False,185,1130500
model_inference,pytorch,single_thread,1,False,186,1140125
model_inference,pytorch,single_thread,1,False,187,1151584
model_inference,pytorch,single_thread,1,False,188,1392333
model_inference,pytorch,single_thread,1,False,189,1167708
model_inference,pytorch,single_thread,1,False,190,1154000
model_inference,pytorch,single_thread,1,False,191,1142500
model_inference,pytorch,single_thread,1,False,192,1140458
model_inference,pytorch,single_thread,1,False,193,1147458
model_inference,pytorch,single_thread,1,False,194,1137000
model_inference,pytorch,single_thread,1,False,195,1138459
model_inference,pytorch,single_thread,1,False,196,1150208
model_inference,pytorch,single_thread,1,False,197,1137250
model_inference,pytorch,single_thread,1,False,198,1146167
model_inference,pytorch,single_thread,1,False,199,1138667
model_inference,pytorch,single_thread,1,False,200,1142083
model_inference,pytorch,single_thread,1,False,201,1134875
model_inference,pytorch,single_thread,1,False,202,1366583
model_inference,pytorch,single_thread,1,False,203,1142959
model_inference,pytorch,single_thread,1,False,204,1135125
model_inference,pytorch,single_thread,1,False,205,1145958
model_inference,pytorch,single_thread,1,False,206,1137333
model_inference,pytorch,single_thread,1,False,207,1141042
model_inference,pytorch,single_thread,1,False,208,1148458
model_inference,pytorch,single_thread,1,False,209,1140542
model_inference,pytorch,single_thread,1,False,210,1141500
model_inference,pytorch,single_thread,1,False,211,1141333
model_inference,pytorch,single_thread,1,False,212,1135875
model_inference,pytorch,single_thread,1,False,213,1137458
model_inference,pytorch,single_thread,1,False,214,1144167
model_inference,pytorch,single_thread,1,False,215,1134417
model_inference,pytorch,single_thread,1,False,216,1492542
model_inference,pytorch,single_thread,1,False,217,1192500
model_inference,pytorch,single_thread,1,False,218,1147292
model_inference,pytorch,single_thread,1,False,219,1155125
model_inference,pytorch,single_thread,1,False,220,1141583
model_inference,pytorch,single_thread,1,False,221,1135583
model_inference,pytorch,single_thread,1,False,222,1146625
model_inference,pytorch,single_thread,1,False,223,1148208
model_inference,pytorch,single_thread,1,False,224,1135917
model_inference,pytorch,single_thread,1,False,225,1141584
model_inference,pytorch,single_thread,1,False,226,1154583
model_inference,pytorch,single_thread,1,False,227,1136875
model_inference,pytorch,single_thread,1,False,228,1143625
model_inference,pytorch,single_thread,1,False,229,1145958
model_inference,pytorch,single_thread,1,False,230,1235334
model_inference,pytorch,single_thread,1,False,231,1287541
model_inference,pytorch,single_thread,1,False,232,1150541
model_inference,pytorch,single_thread,1,False,233,1130833
model_inference,pytorch,single_thread,1,False,234,1130042
model_inference,pytorch,single_thread,1,False,235,1146042
model_inference,pytorch,single_thread,1,False,236,1143875
model_inference,pytorch,single_thread,1,False,237,1130167
model_inference,pytorch,single_thread,1,False,238,1130333
model_inference,pytorch,single_thread,1,False,239,1133584
model_inference,pytorch,single_thread,1,False,240,1129750
model_inference,pytorch,single_thread,1,False,241,1146708
model_inference,pytorch,single_thread,1,False,242,1133000
model_inference,pytorch,single_thread,1,False,243,1127958
model_inference,pytorch,single_thread,1,False,244,1145208
model_inference,pytorch,single_thread,1,False,245,1339083
model_inference,pytorch,single_thread,1,False,246,1186458
model_inference,pytorch,single_thread,1,False,247,1156709
model_inference,pytorch,single_thread,1,False,248,1144875
model_inference,pytorch,single_thread,1,False,249,1137292
model_inference,pytorch,single_thread,1,False,250,1137958
model_inference,pytorch,single_thread,1,False,251,1133792
model_inference,pytorch,single_thread,1,False,252,1137750
model_inference,pytorch,single_thread,1,False,253,1142042
model_inference,pytorch,single_thread,1,False,254,1135375
model_inference,pytorch,single_thread,1,False,255,1137000
model_inference,pytorch,single_thread,1,False,256,1134750
model_inference,pytorch,single_thread,1,False,257,1132083
model_inference,pytorch,single_thread,1,False,258,1151416
model_inference,pytorch,single_thread,1,False,259,1311542
model_inference,pytorch,single_thread,1,False,260,1214708
model_inference,pytorch,single_thread,1,False,261,1151333
model_inference,pytorch,single_thread,1,False,262,1136625
model_inference,pytorch,single_thread,1,False,263,1149459
model_inference,pytorch,single_thread,1,False,264,1138542
model_inference,pytorch,single_thread,1,False,265,1149875
model_inference,pytorch,single_thread,1,False,266,1135958
model_inference,pytorch,single_thread,1,False,267,1143959
model_inference,pytorch,single_thread,1,False,268,1135792
model_inference,pytorch,single_thread,1,False,269,1148750
model_inference,pytorch,single_thread,1,False,270,1139458
model_inference,pytorch,single_thread,1,False,271,1129709
model_inference,pytorch,single_thread,1,False,272,1134083
model_inference,pytorch,single_thread,1,False,273,1150292
model_inference,pytorch,single_thread,1,False,274,1537667
model_inference,pytorch,single_thread,1,False,275,1181958
model_inference,pytorch,single_thread,1,False,276,1158250
model_inference,pytorch,single_thread,1,False,277,1157209
model_inference,pytorch,single_thread,1,False,278,1136083
model_inference,pytorch,single_thread,1,False,279,1142917
model_inference,pytorch,single_thread,1,False,280,1153916
model_inference,pytorch,single_thread,1,False,281,1136458
model_inference,pytorch,single_thread,1,False,282,1146167
model_inference,pytorch,single_thread,1,False,283,1158750
model_inference,pytorch,single_thread,1,False,284,1131542
model_inference,pytorch,single_thread,1,False,285,1139541
model_inference,pytorch,single_thread,1,False,286,1145625
model_inference,pytorch,single_thread,1,False,287,1143459
model_inference,pytorch,single_thread,1,False,288,1401250
model_inference,pytorch,single_thread,1,False,289,1177958
model_inference,pytorch,single_thread,1,False,290,1151125
model_inference,pytorch,single_thread,1,False,291,1130791
model_inference,pytorch,single_thread,1,False,292,1142250
model_inference,pytorch,single_thread,1,False,293,1142750
model_inference,pytorch,single_thread,1,False,294,1136167
model_inference,pytorch,single_thread,1,False,295,1134292
model_inference,pytorch,single_thread,1,False,296,1140375
model_inference,pytorch,single_thread,1,False,297,1136625
model_inference,pytorch,single_thread,1,False,298,1143291
model_inference,pytorch,single_thread,1,False,299,1141458
model_inference,pytorch,single_thread,1,False,300,1145500
model_inference,pytorch,single_thread,1,False,301,1151167
model_inference,pytorch,single_thread,1,False,302,1442250
model_inference,pytorch,single_thread,1,False,303,1188291
model_inference,pytorch,single_thread,1,False,304,1151542
model_inference,pytorch,single_thread,1,False,305,1141750
model_inference,pytorch,single_thread,1,False,306,1141209
model_inference,pytorch,single_thread,1,False,307,1140666
model_inference,pytorch,single_thread,1,False,308,1140917
model_inference,pytorch,single_thread,1,False,309,1127375
model_inference,pytorch,single_thread,1,False,310,1073791
model_inference,pytorch,single_thread,1,False,311,1076417
model_inference,pytorch,single_thread,1,False,312,1081375
model_inference,pytorch,single_thread,1,False,313,1073250
model_inference,pytorch,single_thread,1,False,314,1074000
model_inference,pytorch,single_thread,1,False,315,1079625
model_inference,pytorch,single_thread,1,False,316,1079542
model_inference,pytorch,single_thread,1,False,317,1236584
model_inference,pytorch,single_thread,1,False,318,1081292
model_inference,pytorch,single_thread,1,False,319,1081959
model_inference,pytorch,single_thread,1,False,320,1102208
model_inference,pytorch,single_thread,1,False,321,1307500
model_inference,pytorch,single_thread,1,False,322,1160166
model_inference,pytorch,single_thread,1,False,323,1143708
model_inference,pytorch,single_thread,1,False,324,1140500
model_inference,pytorch,single_thread,1,False,325,1142250
model_inference,pytorch,single_thread,1,False,326,1142292
model_inference,pytorch,single_thread,1,False,327,1157875
model_inference,pytorch,single_thread,1,False,328,1136333
model_inference,pytorch,single_thread,1,False,329,1128750
model_inference,pytorch,single_thread,1,False,330,1114875
model_inference,pytorch,single_thread,1,False,331,1267667
model_inference,pytorch,single_thread,1,False,332,1169833
model_inference,pytorch,single_thread,1,False,333,1084000
model_inference,pytorch,single_thread,1,False,334,1086791
model_inference,pytorch,single_thread,1,False,335,1100416
model_inference,pytorch,single_thread,1,False,336,1095459
model_inference,pytorch,single_thread,1,False,337,1073667
model_inference,pytorch,single_thread,1,False,338,1068542
model_inference,pytorch,single_thread,1,False,339,1071875
model_inference,pytorch,single_thread,1,False,340,1078583
model_inference,pytorch,single_thread,1,False,341,1070417
model_inference,pytorch,single_thread,1,False,342,1084625
model_inference,pytorch,single_thread,1,False,343,1065250
model_inference,pytorch,single_thread,1,False,344,1068542
model_inference,pytorch,single_thread,1,False,345,1071583
model_inference,pytorch,single_thread,1,False,346,1238084
model_inference,pytorch,single_thread,1,False,347,1105334
model_inference,pytorch,single_thread,1,False,348,1083292
model_inference,pytorch,single_thread,1,False,349,1082000
model_inference,pytorch,single_thread,1,False,350,1073000
model_inference,pytorch,single_thread,1,False,351,1073208
model_inference,pytorch,single_thread,1,False,352,1083250
model_inference,pytorch,single_thread,1,False,353,1092750
model_inference,pytorch,single_thread,1,False,354,1243250
model_inference,pytorch,single_thread,1,False,355,1101792
model_inference,pytorch,single_thread,1,False,356,1081000
model_inference,pytorch,single_thread,1,False,357,1072250
model_inference,pytorch,single_thread,1,False,358,1081041
model_inference,pytorch,single_thread,1,False,359,1088375
model_inference,pytorch,single_thread,1,False,360,1085000
model_inference,pytorch,single_thread,1,False,361,1086959
model_inference,pytorch,single_thread,1,False,362,1236375
model_inference,pytorch,single_thread,1,False,363,1112667
model_inference,pytorch,single_thread,1,False,364,1089291
model_inference,pytorch,single_thread,1,False,365,1077250
model_inference,pytorch,single_thread,1,False,366,1093375
model_inference,pytorch,single_thread,1,False,367,1078375
model_inference,pytorch,single_thread,1,False,368,1074000
model_inference,pytorch,single_thread,1,False,369,1079000
model_inference,pytorch,single_thread,1,False,370,1069292
model_inference,pytorch,single_thread,1,False,371,1067875
model_inference,pytorch,single_thread,1,False,372,1070125
model_inference,pytorch,single_thread,1,False,373,1079625
model_inference,pytorch,single_thread,1,False,374,1076417
model_inference,pytorch,single_thread,1,False,375,1070750
model_inference,pytorch,single_thread,1,False,376,1074083
model_inference,pytorch,single_thread,1,False,377,1208541
model_inference,pytorch,single_thread,1,False,378,1106125
model_inference,pytorch,single_thread,1,False,379,1087958
model_inference,pytorch,single_thread,1,False,380,1081625
model_inference,pytorch,single_thread,1,False,381,1070292
model_inference,pytorch,single_thread,1,False,382,1087250
model_inference,pytorch,single_thread,1,False,383,1085083
model_inference,pytorch,single_thread,1,False,384,1067541
model_inference,pytorch,single_thread,1,False,385,1070916
model_inference,pytorch,single_thread,1,False,386,1083250
model_inference,pytorch,single_thread,1,False,387,1072041
model_inference,pytorch,single_thread,1,False,388,1080791
model_inference,pytorch,single_thread,1,False,389,1097334
model_inference,pytorch,single_thread,1,False,390,1087667
model_inference,pytorch,single_thread,1,False,391,1089500
model_inference,pytorch,single_thread,1,False,392,1264292
model_inference,pytorch,single_thread,1,False,393,1089542
model_inference,pytorch,single_thread,1,False,394,1072792
model_inference,pytorch,single_thread,1,False,395,1078167
model_inference,pytorch,single_thread,1,False,396,1077208
model_inference,pytorch,single_thread,1,False,397,1070000
model_inference,pytorch,single_thread,1,False,398,1074541
model_inference,pytorch,single_thread,1,False,399,1080083
model_inference,pytorch,single_thread,1,False,400,1068125
model_inference,pytorch,single_thread,1,False,401,1075750
model_inference,pytorch,single_thread,1,False,402,1074833
model_inference,pytorch,single_thread,1,False,403,1069834
model_inference,pytorch,single_thread,1,False,404,1068458
model_inference,pytorch,single_thread,1,False,405,1073834
model_inference,pytorch,single_thread,1,False,406,1072125
model_inference,pytorch,single_thread,1,False,407,1078209
model_inference,pytorch,single_thread,1,False,408,1185625
model_inference,pytorch,single_thread,1,False,409,1078000
model_inference,pytorch,single_thread,1,False,410,1071917
model_inference,pytorch,single_thread,1,False,411,1079458
model_inference,pytorch,single_thread,1,False,412,1071875
model_inference,pytorch,single_thread,1,False,413,1072583
model_inference,pytorch,single_thread,1,False,414,1095542
model_inference,pytorch,single_thread,1,False,415,1079625
model_inference,pytorch,single_thread,1,False,416,1068333
model_inference,pytorch,single_thread,1,False,417,1079209
model_inference,pytorch,single_thread,1,False,418,1069542
model_inference,pytorch,single_thread,1,False,419,1064875
model_inference,pytorch,single_thread,1,False,420,1073625
model_inference,pytorch,single_thread,1,False,421,1075000
model_inference,pytorch,single_thread,1,False,422,1072833
model_inference,pytorch,single_thread,1,False,423,1350792
model_inference,pytorch,single_thread,1,False,424,1112583
model_inference,pytorch,single_thread,1,False,425,1082917
model_inference,pytorch,single_thread,1,False,426,1082125
model_inference,pytorch,single_thread,1,False,427,1084208
model_inference,pytorch,single_thread,1,False,428,1075542
model_inference,pytorch,single_thread,1,False,429,1081125
model_inference,pytorch,single_thread,1,False,430,1080250
model_inference,pytorch,single_thread,1,False,431,1067791
model_inference,pytorch,single_thread,1,False,432,1074791
model_inference,pytorch,single_thread,1,False,433,1073625
model_inference,pytorch,single_thread,1,False,434,1082542
model_inference,pytorch,single_thread,1,False,435,1067500
model_inference,pytorch,single_thread,1,False,436,1073416
model_inference,pytorch,single_thread,1,False,437,1076583
model_inference,pytorch,single_thread,1,False,438,1301125
model_inference,pytorch,single_thread,1,False,439,1183875
model_inference,pytorch,single_thread,1,False,440,1132333
model_inference,pytorch,single_thread,1,False,441,1120541
model_inference,pytorch,single_thread,1,False,442,1093416
model_inference,pytorch,single_thread,1,False,443,1073209
model_inference,pytorch,single_thread,1,False,444,1087250
model_inference,pytorch,single_thread,1,False,445,1080542
model_inference,pytorch,single_thread,1,False,446,1069167
model_inference,pytorch,single_thread,1,False,447,1077167
model_inference,pytorch,single_thread,1,False,448,1078625
model_inference,pytorch,single_thread,1,False,449,1085916
model_inference,pytorch,single_thread,1,False,450,1072666
model_inference,pytorch,single_thread,1,False,451,1187458
model_inference,pytorch,single_thread,1,False,452,1125416
model_inference,pytorch,single_thread,1,False,453,1355709
model_inference,pytorch,single_thread,1,False,454,1110916
model_inference,pytorch,single_thread,1,False,455,1106791
model_inference,pytorch,single_thread,1,False,456,1096834
model_inference,pytorch,single_thread,1,False,457,1121875
model_inference,pytorch,single_thread,1,False,458,1096458
model_inference,pytorch,single_thread,1,False,459,1101666
model_inference,pytorch,single_thread,1,False,460,1086291
model_inference,pytorch,single_thread,1,False,461,1174291
model_inference,pytorch,single_thread,1,False,462,1115833
model_inference,pytorch,single_thread,1,False,463,1088917
model_inference,pytorch,single_thread,1,False,464,1079000
model_inference,pytorch,single_thread,1,False,465,1151750
model_inference,pytorch,single_thread,1,False,466,1140709
model_inference,pytorch,single_thread,1,False,467,1135666
model_inference,pytorch,single_thread,1,False,468,1243916
model_inference,pytorch,single_thread,1,False,469,1146084
model_inference,pytorch,single_thread,1,False,470,1150125
model_inference,pytorch,single_thread,1,False,471,1132167
model_inference,pytorch,single_thread,1,False,472,1137417
model_inference,pytorch,single_thread,1,False,473,1135583
model_inference,pytorch,single_thread,1,False,474,1140542
model_inference,pytorch,single_thread,1,False,475,1136458
model_inference,pytorch,single_thread,1,False,476,1136792
model_inference,pytorch,single_thread,1,False,477,1132792
model_inference,pytorch,single_thread,1,False,478,1134375
model_inference,pytorch,single_thread,1,False,479,1140250
model_inference,pytorch,single_thread,1,False,480,1142875
model_inference,pytorch,single_thread,1,False,481,1143375
model_inference,pytorch,single_thread,1,False,482,1341542
model_inference,pytorch,single_thread,1,False,483,1254375
model_inference,pytorch,single_thread,1,False,484,1174416
model_inference,pytorch,single_thread,1,False,485,1151500
model_inference,pytorch,single_thread,1,False,486,1139875
model_inference,pytorch,single_thread,1,False,487,1092083
model_inference,pytorch,single_thread,1,False,488,1091000
model_inference,pytorch,single_thread,1,False,489,1085125
model_inference,pytorch,single_thread,1,False,490,1077709
model_inference,pytorch,single_thread,1,False,491,1083791
model_inference,pytorch,single_thread,1,False,492,1070709
model_inference,pytorch,single_thread,1,False,493,1078750
model_inference,pytorch,single_thread,1,False,494,1077417
model_inference,pytorch,single_thread,1,False,495,1070875
model_inference,pytorch,single_thread,1,False,496,1081917
model_inference,pytorch,single_thread,1,False,497,1309333
model_inference,pytorch,single_thread,1,False,498,1114209
model_inference,pytorch,single_thread,1,False,499,1093125
model_inference,pytorch,single_thread,1,False,500,1078500
model_inference,pytorch,single_thread,1,False,501,1079042
model_inference,pytorch,single_thread,1,False,502,1082208
model_inference,pytorch,single_thread,1,False,503,1081750
model_inference,pytorch,single_thread,1,False,504,1086416
model_inference,pytorch,single_thread,1,False,505,1081625
model_inference,pytorch,single_thread,1,False,506,1086958
model_inference,pytorch,single_thread,1,False,507,1079917
model_inference,pytorch,single_thread,1,False,508,1080250
model_inference,pytorch,single_thread,1,False,509,1088958
model_inference,pytorch,single_thread,1,False,510,1085916
model_inference,pytorch,single_thread,1,False,511,1081416
model_inference,pytorch,single_thread,1,False,512,1262708
model_inference,pytorch,single_thread,1,False,513,1177916
model_inference,pytorch,single_thread,1,False,514,1113333
model_inference,pytorch,single_thread,1,False,515,1077625
model_inference,pytorch,single_thread,1,False,516,1074417
model_inference,pytorch,single_thread,1,False,517,1085667
model_inference,pytorch,single_thread,1,False,518,1096250
model_inference,pytorch,single_thread,1,False,519,1073917
model_inference,pytorch,single_thread,1,False,520,1151958
model_inference,pytorch,single_thread,1,False,521,1105084
model_inference,pytorch,single_thread,1,False,522,1081667
model_inference,pytorch,single_thread,1,False,523,1083458
model_inference,pytorch,single_thread,1,False,524,1079708
model_inference,pytorch,single_thread,1,False,525,1070291
model_inference,pytorch,single_thread,1,False,526,1084584
model_inference,pytorch,single_thread,1,False,527,1090875
model_inference,pytorch,single_thread,1,False,528,1226875
model_inference,pytorch,single_thread,1,False,529,1079416
model_inference,pytorch,single_thread,1,False,530,1085333
model_inference,pytorch,single_thread,1,False,531,1083292
model_inference,pytorch,single_thread,1,False,532,1078083
model_inference,pytorch,single_thread,1,False,533,1074875
model_inference,pytorch,single_thread,1,False,534,1071916
model_inference,pytorch,single_thread,1,False,535,1076166
model_inference,pytorch,single_thread,1,False,536,1074833
model_inference,pytorch,single_thread,1,False,537,1079542
model_inference,pytorch,single_thread,1,False,538,1068209
model_inference,pytorch,single_thread,1,False,539,1070875
model_inference,pytorch,single_thread,1,False,540,1076625
model_inference,pytorch,single_thread,1,False,541,1071458
model_inference,pytorch,single_thread,1,False,542,1073458
model_inference,pytorch,single_thread,1,False,543,1291291
model_inference,pytorch,single_thread,1,False,544,1106042
model_inference,pytorch,single_thread,1,False,545,1092459
model_inference,pytorch,single_thread,1,False,546,1083125
model_inference,pytorch,single_thread,1,False,547,1081292
model_inference,pytorch,single_thread,1,False,548,1077375
model_inference,pytorch,single_thread,1,False,549,1085584
model_inference,pytorch,single_thread,1,False,550,1079000
model_inference,pytorch,single_thread,1,False,551,1070875
model_inference,pytorch,single_thread,1,False,552,1086375
model_inference,pytorch,single_thread,1,False,553,1074334
model_inference,pytorch,single_thread,1,False,554,1115875
model_inference,pytorch,single_thread,1,False,555,1083542
model_inference,pytorch,single_thread,1,False,556,1077958
model_inference,pytorch,single_thread,1,False,557,1068250
model_inference,pytorch,single_thread,1,False,558,1207625
model_inference,pytorch,single_thread,1,False,559,1074666
model_inference,pytorch,single_thread,1,False,560,1072333
model_inference,pytorch,single_thread,1,False,561,1075750
model_inference,pytorch,single_thread,1,False,562,1093625
model_inference,pytorch,single_thread,1,False,563,1070625
model_inference,pytorch,single_thread,1,False,564,1077083
model_inference,pytorch,single_thread,1,False,565,1074916
model_inference,pytorch,single_thread,1,False,566,1084541
model_inference,pytorch,single_thread,1,False,567,1082458
model_inference,pytorch,single_thread,1,False,568,1076334
model_inference,pytorch,single_thread,1,False,569,1069291
model_inference,pytorch,single_thread,1,False,570,1077125
model_inference,pytorch,single_thread,1,False,571,1072833
model_inference,pytorch,single_thread,1,False,572,1073250
model_inference,pytorch,single_thread,1,False,573,1287958
model_inference,pytorch,single_thread,1,False,574,1121917
model_inference,pytorch,single_thread,1,False,575,1095583
model_inference,pytorch,single_thread,1,False,576,1111708
model_inference,pytorch,single_thread,1,False,577,1082458
model_inference,pytorch,single_thread,1,False,578,1074959
model_inference,pytorch,single_thread,1,False,579,1097416
model_inference,pytorch,single_thread,1,False,580,1099958
model_inference,pytorch,single_thread,1,False,581,1080333
model_inference,pytorch,single_thread,1,False,582,1076250
model_inference,pytorch,single_thread,1,False,583,1078875
model_inference,pytorch,single_thread,1,False,584,1067333
model_inference,pytorch,single_thread,1,False,585,1068417
model_inference,pytorch,single_thread,1,False,586,1077959
model_inference,pytorch,single_thread,1,False,587,1070208
model_inference,pytorch,single_thread,1,False,588,1297834
model_inference,pytorch,single_thread,1,False,589,1224500
model_inference,pytorch,single_thread,1,False,590,1086334
model_inference,pytorch,single_thread,1,False,591,1079792
model_inference,pytorch,single_thread,1,False,592,1078167
model_inference,pytorch,single_thread,1,False,593,1072250
model_inference,pytorch,single_thread,1,False,594,1072584
model_inference,pytorch,single_thread,1,False,595,1078500
model_inference,pytorch,single_thread,1,False,596,1068833
model_inference,pytorch,single_thread,1,False,597,1086042
model_inference,pytorch,single_thread,1,False,598,1085292
model_inference,pytorch,single_thread,1,False,599,1096959
model_inference,pytorch,single_thread,1,False,600,1073958
model_inference,pytorch,single_thread,1,False,601,1069292
model_inference,pytorch,single_thread,1,False,602,1073708
model_inference,pytorch,single_thread,1,False,603,1240750
model_inference,pytorch,single_thread,1,False,604,1080792
model_inference,pytorch,single_thread,1,False,605,1078667
model_inference,pytorch,single_thread,1,False,606,1073000
model_inference,pytorch,single_thread,1,False,607,1073333
model_inference,pytorch,single_thread,1,False,608,1071334
model_inference,pytorch,single_thread,1,False,609,1064500
model_inference,pytorch,single_thread,1,False,610,1069958
model_inference,pytorch,single_thread,1,False,611,1072417
model_inference,pytorch,single_thread,1,False,612,1070709
model_inference,pytorch,single_thread,1,False,613,1071250
model_inference,pytorch,single_thread,1,False,614,1065917
model_inference,pytorch,single_thread,1,False,615,1064583
model_inference,pytorch,single_thread,1,False,616,1074791
model_inference,pytorch,single_thread,1,False,617,1075584
model_inference,pytorch,single_thread,1,False,618,1387375
model_inference,pytorch,single_thread,1,False,619,1301083
model_inference,pytorch,single_thread,1,False,620,1163792
model_inference,pytorch,single_thread,1,False,621,1104125
model_inference,pytorch,single_thread,1,False,622,1101208
model_inference,pytorch,single_thread,1,False,623,1146792
model_inference,pytorch,single_thread,1,False,624,1102375
model_inference,pytorch,single_thread,1,False,625,1081541
model_inference,pytorch,single_thread,1,False,626,1080958
model_inference,pytorch,single_thread,1,False,627,1083167
model_inference,pytorch,single_thread,1,False,628,1069125
model_inference,pytorch,single_thread,1,False,629,1071625
model_inference,pytorch,single_thread,1,False,630,1072416
model_inference,pytorch,single_thread,1,False,631,1065750
model_inference,pytorch,single_thread,1,False,632,1081291
model_inference,pytorch,single_thread,1,False,633,1073417
model_inference,pytorch,single_thread,1,False,634,1415791
model_inference,pytorch,single_thread,1,False,635,1113292
model_inference,pytorch,single_thread,1,False,636,1080834
model_inference,pytorch,single_thread,1,False,637,1076541
model_inference,pytorch,single_thread,1,False,638,1081667
model_inference,pytorch,single_thread,1,False,639,1078500
model_inference,pytorch,single_thread,1,False,640,1072875
model_inference,pytorch,single_thread,1,False,641,1077959
model_inference,pytorch,single_thread,1,False,642,1069208
model_inference,pytorch,single_thread,1,False,643,1070000
model_inference,pytorch,single_thread,1,False,644,1072541
model_inference,pytorch,single_thread,1,False,645,1078166
model_inference,pytorch,single_thread,1,False,646,1065750
model_inference,pytorch,single_thread,1,False,647,1073750
model_inference,pytorch,single_thread,1,False,648,1070583
model_inference,pytorch,single_thread,1,False,649,1196250
model_inference,pytorch,single_thread,1,False,650,1101083
model_inference,pytorch,single_thread,1,False,651,1089083
model_inference,pytorch,single_thread,1,False,652,1071000
model_inference,pytorch,single_thread,1,False,653,1077041
model_inference,pytorch,single_thread,1,False,654,1067917
model_inference,pytorch,single_thread,1,False,655,1069667
model_inference,pytorch,single_thread,1,False,656,1076625
model_inference,pytorch,single_thread,1,False,657,1072583
model_inference,pytorch,single_thread,1,False,658,1073625
model_inference,pytorch,single_thread,1,False,659,1075875
model_inference,pytorch,single_thread,1,False,660,1067041
model_inference,pytorch,single_thread,1,False,661,1069291
model_inference,pytorch,single_thread,1,False,662,1088166
model_inference,pytorch,single_thread,1,False,663,1091291
model_inference,pytorch,single_thread,1,False,664,1130916
model_inference,pytorch,single_thread,1,False,665,1140584
model_inference,pytorch,single_thread,1,False,666,1158917
model_inference,pytorch,single_thread,1,False,667,1157000
model_inference,pytorch,single_thread,1,False,668,1105542
model_inference,pytorch,single_thread,1,False,669,1092750
model_inference,pytorch,single_thread,1,False,670,1076167
model_inference,pytorch,single_thread,1,False,671,1086708
model_inference,pytorch,single_thread,1,False,672,1079500
model_inference,pytorch,single_thread,1,False,673,1078625
model_inference,pytorch,single_thread,1,False,674,1070417
model_inference,pytorch,single_thread,1,False,675,1072458
model_inference,pytorch,single_thread,1,False,676,1068375
model_inference,pytorch,single_thread,1,False,677,1064459
model_inference,pytorch,single_thread,1,False,678,1072750
model_inference,pytorch,single_thread,1,False,679,1262625
model_inference,pytorch,single_thread,1,False,680,1080125
model_inference,pytorch,single_thread,1,False,681,1074458
model_inference,pytorch,single_thread,1,False,682,1072458
model_inference,pytorch,single_thread,1,False,683,1067542
model_inference,pytorch,single_thread,1,False,684,1074834
model_inference,pytorch,single_thread,1,False,685,1071375
model_inference,pytorch,single_thread,1,False,686,1069583
model_inference,pytorch,single_thread,1,False,687,1070500
model_inference,pytorch,single_thread,1,False,688,1071417
model_inference,pytorch,single_thread,1,False,689,1069875
model_inference,pytorch,single_thread,1,False,690,1075417
model_inference,pytorch,single_thread,1,False,691,1073417
model_inference,pytorch,single_thread,1,False,692,1064666
model_inference,pytorch,single_thread,1,False,693,1067459
model_inference,pytorch,single_thread,1,False,694,1307458
model_inference,pytorch,single_thread,1,False,695,1077042
model_inference,pytorch,single_thread,1,False,696,1084208
model_inference,pytorch,single_thread,1,False,697,1070291
model_inference,pytorch,single_thread,1,False,698,1067666
model_inference,pytorch,single_thread,1,False,699,1070583
model_inference,pytorch,single_thread,1,False,700,1074125
model_inference,pytorch,single_thread,1,False,701,1075000
model_inference,pytorch,single_thread,1,False,702,1071958
model_inference,pytorch,single_thread,1,False,703,1069250
model_inference,pytorch,single_thread,1,False,704,1071166
model_inference,pytorch,single_thread,1,False,705,1091209
model_inference,pytorch,single_thread,1,False,706,1063666
model_inference,pytorch,single_thread,1,False,707,1065709
model_inference,pytorch,single_thread,1,False,708,1077000
model_inference,pytorch,single_thread,1,False,709,1071041
model_inference,pytorch,single_thread,1,False,710,1355833
model_inference,pytorch,single_thread,1,False,711,1088000
model_inference,pytorch,single_thread,1,False,712,1107166
model_inference,pytorch,single_thread,1,False,713,1134584
model_inference,pytorch,single_thread,1,False,714,1105834
model_inference,pytorch,single_thread,1,False,715,1090000
model_inference,pytorch,single_thread,1,False,716,1411125
model_inference,pytorch,single_thread,1,False,717,1135333
model_inference,pytorch,single_thread,1,False,718,1200083
model_inference,pytorch,single_thread,1,False,719,1117625
model_inference,pytorch,single_thread,1,False,720,1086416
model_inference,pytorch,single_thread,1,False,721,1076792
model_inference,pytorch,single_thread,1,False,722,1076542
model_inference,pytorch,single_thread,1,False,723,1083209
model_inference,pytorch,single_thread,1,False,724,1083834
model_inference,pytorch,single_thread,1,False,725,1364041
model_inference,pytorch,single_thread,1,False,726,1104167
model_inference,pytorch,single_thread,1,False,727,1092208
model_inference,pytorch,single_thread,1,False,728,1074291
model_inference,pytorch,single_thread,1,False,729,1077000
model_inference,pytorch,single_thread,1,False,730,1074875
model_inference,pytorch,single_thread,1,False,731,1067583
model_inference,pytorch,single_thread,1,False,732,1082375
model_inference,pytorch,single_thread,1,False,733,1070125
model_inference,pytorch,single_thread,1,False,734,1076708
model_inference,pytorch,single_thread,1,False,735,1075709
model_inference,pytorch,single_thread,1,False,736,1077708
model_inference,pytorch,single_thread,1,False,737,1068375
model_inference,pytorch,single_thread,1,False,738,1071333
model_inference,pytorch,single_thread,1,False,739,1067000
model_inference,pytorch,single_thread,1,False,740,1222041
model_inference,pytorch,single_thread,1,False,741,1101583
model_inference,pytorch,single_thread,1,False,742,1082375
model_inference,pytorch,single_thread,1,False,743,1080209
model_inference,pytorch,single_thread,1,False,744,1081542
model_inference,pytorch,single_thread,1,False,745,1072375
model_inference,pytorch,single_thread,1,False,746,1069625
model_inference,pytorch,single_thread,1,False,747,1076541
model_inference,pytorch,single_thread,1,False,748,1075500
model_inference,pytorch,single_thread,1,False,749,1073708
model_inference,pytorch,single_thread,1,False,750,1071625
model_inference,pytorch,single_thread,1,False,751,1067625
model_inference,pytorch,single_thread,1,False,752,1066292
model_inference,pytorch,single_thread,1,False,753,1073791
model_inference,pytorch,single_thread,1,False,754,1071500
model_inference,pytorch,single_thread,1,False,755,1304792
model_inference,pytorch,single_thread,1,False,756,1116625
model_inference,pytorch,single_thread,1,False,757,1082208
model_inference,pytorch,single_thread,1,False,758,1077667
model_inference,pytorch,single_thread,1,False,759,1078042
model_inference,pytorch,single_thread,1,False,760,1079750
model_inference,pytorch,single_thread,1,False,761,1073791
model_inference,pytorch,single_thread,1,False,762,1073417
model_inference,pytorch,single_thread,1,False,763,1066167
model_inference,pytorch,single_thread,1,False,764,1070833
model_inference,pytorch,single_thread,1,False,765,1080084
model_inference,pytorch,single_thread,1,False,766,1076333
model_inference,pytorch,single_thread,1,False,767,1067167
model_inference,pytorch,single_thread,1,False,768,1072583
model_inference,pytorch,single_thread,1,False,769,1074625
model_inference,pytorch,single_thread,1,False,770,1129000
model_inference,pytorch,single_thread,1,False,771,1203167
model_inference,pytorch,single_thread,1,False,772,1072417
model_inference,pytorch,single_thread,1,False,773,1073500
model_inference,pytorch,single_thread,1,False,774,1077167
model_inference,pytorch,single_thread,1,False,775,1065041
model_inference,pytorch,single_thread,1,False,776,1065625
model_inference,pytorch,single_thread,1,False,777,1075041
model_inference,pytorch,single_thread,1,False,778,1068416
model_inference,pytorch,single_thread,1,False,779,1086916
model_inference,pytorch,single_thread,1,False,780,1098167
model_inference,pytorch,single_thread,1,False,781,1083417
model_inference,pytorch,single_thread,1,False,782,1067750
model_inference,pytorch,single_thread,1,False,783,1066125
model_inference,pytorch,single_thread,1,False,784,1073250
model_inference,pytorch,single_thread,1,False,785,1072041
model_inference,pytorch,single_thread,1,False,786,1256750
model_inference,pytorch,single_thread,1,False,787,1100167
model_inference,pytorch,single_thread,1,False,788,1078208
model_inference,pytorch,single_thread,1,False,789,1078250
model_inference,pytorch,single_thread,1,False,790,1081292
model_inference,pytorch,single_thread,1,False,791,1074750
model_inference,pytorch,single_thread,1,False,792,1074458
model_inference,pytorch,single_thread,1,False,793,1071875
model_inference,pytorch,single_thread,1,False,794,1071041
model_inference,pytorch,single_thread,1,False,795,1078333
model_inference,pytorch,single_thread,1,False,796,1091833
model_inference,pytorch,single_thread,1,False,797,1066792
model_inference,pytorch,single_thread,1,False,798,1083750
model_inference,pytorch,single_thread,1,False,799,1066833
model_inference,pytorch,single_thread,1,False,800,1227583
model_inference,pytorch,single_thread,1,False,801,1107542
model_inference,pytorch,single_thread,1,False,802,1080833
model_inference,pytorch,single_thread,1,False,803,1088292
model_inference,pytorch,single_thread,1,False,804,1075459
model_inference,pytorch,single_thread,1,False,805,1068041
model_inference,pytorch,single_thread,1,False,806,1070708
model_inference,pytorch,single_thread,1,False,807,1080583
model_inference,pytorch,single_thread,1,False,808,1072041
model_inference,pytorch,single_thread,1,False,809,1070542
model_inference,pytorch,single_thread,1,False,810,1072584
model_inference,pytorch,single_thread,1,False,811,1081416
model_inference,pytorch,single_thread,1,False,812,1073208
model_inference,pytorch,single_thread,1,False,813,1081708
model_inference,pytorch,single_thread,1,False,814,1065166
model_inference,pytorch,single_thread,1,False,815,1332458
model_inference,pytorch,single_thread,1,False,816,1181917
model_inference,pytorch,single_thread,1,False,817,1097958
model_inference,pytorch,single_thread,1,False,818,1088416
model_inference,pytorch,single_thread,1,False,819,1075708
model_inference,pytorch,single_thread,1,False,820,1073000
model_inference,pytorch,single_thread,1,False,821,1073833
model_inference,pytorch,single_thread,1,False,822,1068125
model_inference,pytorch,single_thread,1,False,823,1082084
model_inference,pytorch,single_thread,1,False,824,1083375
model_inference,pytorch,single_thread,1,False,825,1070916
model_inference,pytorch,single_thread,1,False,826,1074250
model_inference,pytorch,single_thread,1,False,827,1074292
model_inference,pytorch,single_thread,1,False,828,1068041
model_inference,pytorch,single_thread,1,False,829,1070000
model_inference,pytorch,single_thread,1,False,830,1072167
model_inference,pytorch,single_thread,1,False,831,1098583
model_inference,pytorch,single_thread,1,False,832,1317958
model_inference,pytorch,single_thread,1,False,833,1093625
model_inference,pytorch,single_thread,1,False,834,1080458
model_inference,pytorch,single_thread,1,False,835,1078500
model_inference,pytorch,single_thread,1,False,836,1076833
model_inference,pytorch,single_thread,1,False,837,1068875
model_inference,pytorch,single_thread,1,False,838,1073750
model_inference,pytorch,single_thread,1,False,839,1067584
model_inference,pytorch,single_thread,1,False,840,1067959
model_inference,pytorch,single_thread,1,False,841,1078500
model_inference,pytorch,single_thread,1,False,842,1070250
model_inference,pytorch,single_thread,1,False,843,1064750
model_inference,pytorch,single_thread,1,False,844,1077625
model_inference,pytorch,single_thread,1,False,845,1065791
model_inference,pytorch,single_thread,1,False,846,1064208
model_inference,pytorch,single_thread,1,False,847,1263292
model_inference,pytorch,single_thread,1,False,848,1104750
model_inference,pytorch,single_thread,1,False,849,1080875
model_inference,pytorch,single_thread,1,False,850,1080292
model_inference,pytorch,single_thread,1,False,851,1073750
model_inference,pytorch,single_thread,1,False,852,1072292
model_inference,pytorch,single_thread,1,False,853,1080084
model_inference,pytorch,single_thread,1,False,854,1078000
model_inference,pytorch,single_thread,1,False,855,1071041
model_inference,pytorch,single_thread,1,False,856,1103208
model_inference,pytorch,single_thread,1,False,857,1070042
model_inference,pytorch,single_thread,1,False,858,1071583
model_inference,pytorch,single_thread,1,False,859,1080000
model_inference,pytorch,single_thread,1,False,860,1092250
model_inference,pytorch,single_thread,1,False,861,1086833
model_inference,pytorch,single_thread,1,False,862,1271334
model_inference,pytorch,single_thread,1,False,863,1094292
model_inference,pytorch,single_thread,1,False,864,1080583
model_inference,pytorch,single_thread,1,False,865,1069792
model_inference,pytorch,single_thread,1,False,866,1087458
model_inference,pytorch,single_thread,1,False,867,1074584
model_inference,pytorch,single_thread,1,False,868,1073167
model_inference,pytorch,single_thread,1,False,869,1068792
model_inference,pytorch,single_thread,1,False,870,1070541
model_inference,pytorch,single_thread,1,False,871,1069834
model_inference,pytorch,single_thread,1,False,872,1073375
model_inference,pytorch,single_thread,1,False,873,1074625
model_inference,pytorch,single_thread,1,False,874,1076042
model_inference,pytorch,single_thread,1,False,875,1072125
model_inference,pytorch,single_thread,1,False,876,1070500
model_inference,pytorch,single_thread,1,False,877,1290583
model_inference,pytorch,single_thread,1,False,878,1112792
model_inference,pytorch,single_thread,1,False,879,1086291
model_inference,pytorch,single_thread,1,False,880,1080708
model_inference,pytorch,single_thread,1,False,881,1070375
model_inference,pytorch,single_thread,1,False,882,1073416
model_inference,pytorch,single_thread,1,False,883,1074959
model_inference,pytorch,single_thread,1,False,884,1071291
model_inference,pytorch,single_thread,1,False,885,1077458
model_inference,pytorch,single_thread,1,False,886,1074667
model_inference,pytorch,single_thread,1,False,887,1074417
model_inference,pytorch,single_thread,1,False,888,1075834
model_inference,pytorch,single_thread,1,False,889,1066875
model_inference,pytorch,single_thread,1,False,890,1074167
model_inference,pytorch,single_thread,1,False,891,1072500
model_inference,pytorch,single_thread,1,False,892,1252333
model_inference,pytorch,single_thread,1,False,893,1090875
model_inference,pytorch,single_thread,1,False,894,1094250
model_inference,pytorch,single_thread,1,False,895,1069583
model_inference,pytorch,single_thread,1,False,896,1067666
model_inference,pytorch,single_thread,1,False,897,1066542
model_inference,pytorch,single_thread,1,False,898,1074375
model_inference,pytorch,single_thread,1,False,899,1072250
model_inference,pytorch,single_thread,1,False,900,1072125
model_inference,pytorch,single_thread,1,False,901,1076500
model_inference,pytorch,single_thread,1,False,902,1066458
model_inference,pytorch,single_thread,1,False,903,1072667
model_inference,pytorch,single_thread,1,False,904,1081750
model_inference,pytorch,single_thread,1,False,905,1085416
model_inference,pytorch,single_thread,1,False,906,1084250
model_inference,pytorch,single_thread,1,False,907,1087666
model_inference,pytorch,single_thread,1,False,908,1302541
model_inference,pytorch,single_thread,1,False,909,1111000
model_inference,pytorch,single_thread,1,False,910,1089583
model_inference,pytorch,single_thread,1,False,911,1080917
model_inference,pytorch,single_thread,1,False,912,1085417
model_inference,pytorch,single_thread,1,False,913,1087583
model_inference,pytorch,single_thread,1,False,914,1086250
model_inference,pytorch,single_thread,1,False,915,1074500
model_inference,pytorch,single_thread,1,False,916,1074458
model_inference,pytorch,single_thread,1,False,917,1080167
model_inference,pytorch,single_thread,1,False,918,1076834
model_inference,pytorch,single_thread,1,False,919,1076500
model_inference,pytorch,single_thread,1,False,920,1084416
model_inference,pytorch,single_thread,1,False,921,1084875
model_inference,pytorch,single_thread,1,False,922,1088041
model_inference,pytorch,single_thread,1,False,923,1366041
model_inference,pytorch,single_thread,1,False,924,1118708
model_inference,pytorch,single_thread,1,False,925,1097959
model_inference,pytorch,single_thread,1,False,926,1101417
model_inference,pytorch,single_thread,1,False,927,1087250
model_inference,pytorch,single_thread,1,False,928,1085416
model_inference,pytorch,single_thread,1,False,929,1096250
model_inference,pytorch,single_thread,1,False,930,1084375
model_inference,pytorch,single_thread,1,False,931,1079167
model_inference,pytorch,single_thread,1,False,932,1090833
model_inference,pytorch,single_thread,1,False,933,1086000
model_inference,pytorch,single_thread,1,False,934,1080959
model_inference,pytorch,single_thread,1,False,935,1082375
model_inference,pytorch,single_thread,1,False,936,1073625
model_inference,pytorch,single_thread,1,False,937,1079958
model_inference,pytorch,single_thread,1,False,938,1333250
model_inference,pytorch,single_thread,1,False,939,1093375
model_inference,pytorch,single_thread,1,False,940,1084167
model_inference,pytorch,single_thread,1,False,941,1075125
model_inference,pytorch,single_thread,1,False,942,1080458
model_inference,pytorch,single_thread,1,False,943,1073416
model_inference,pytorch,single_thread,1,False,944,1078500
model_inference,pytorch,single_thread,1,False,945,1087125
model_inference,pytorch,single_thread,1,False,946,1071084
model_inference,pytorch,single_thread,1,False,947,1073500
model_inference,pytorch,single_thread,1,False,948,1075875
model_inference,pytorch,single_thread,1,False,949,1071042
model_inference,pytorch,single_thread,1,False,950,1069208
model_inference,pytorch,single_thread,1,False,951,1076666
model_inference,pytorch,single_thread,1,False,952,1086583
model_inference,pytorch,single_thread,1,False,953,1293792
model_inference,pytorch,single_thread,1,False,954,1144917
model_inference,pytorch,single_thread,1,False,955,1089083
model_inference,pytorch,single_thread,1,False,956,1101750
model_inference,pytorch,single_thread,1,False,957,1085333
model_inference,pytorch,single_thread,1,False,958,1076292
model_inference,pytorch,single_thread,1,False,959,1072625
model_inference,pytorch,single_thread,1,False,960,1078250
model_inference,pytorch,single_thread,1,False,961,1079875
model_inference,pytorch,single_thread,1,False,962,1089167
model_inference,pytorch,single_thread,1,False,963,1081250
model_inference,pytorch,single_thread,1,False,964,1067125
model_inference,pytorch,single_thread,1,False,965,1079000
model_inference,pytorch,single_thread,1,False,966,1070666
model_inference,pytorch,single_thread,1,False,967,1071125
model_inference,pytorch,single_thread,1,False,968,1200875
model_inference,pytorch,single_thread,1,False,969,1233084
model_inference,pytorch,single_thread,1,False,970,1104375
model_inference,pytorch,single_thread,1,False,971,1094875
model_inference,pytorch,single_thread,1,False,972,1089042
model_inference,pytorch,single_thread,1,False,973,1096250
model_inference,pytorch,single_thread,1,False,974,1093250
model_inference,pytorch,single_thread,1,False,975,1111500
model_inference,pytorch,single_thread,1,False,976,1087791
model_inference,pytorch,single_thread,1,False,977,1087375
model_inference,pytorch,single_thread,1,False,978,1075708
model_inference,pytorch,single_thread,1,False,979,1081417
model_inference,pytorch,single_thread,1,False,980,1092667
model_inference,pytorch,single_thread,1,False,981,1094833
model_inference,pytorch,single_thread,1,False,982,1075416
model_inference,pytorch,single_thread,1,False,983,1310458
model_inference,pytorch,single_thread,1,False,984,1101833
model_inference,pytorch,single_thread,1,False,985,1081375
model_inference,pytorch,single_thread,1,False,986,1081333
model_inference,pytorch,single_thread,1,False,987,1083542
model_inference,pytorch,single_thread,1,False,988,1079250
model_inference,pytorch,single_thread,1,False,989,1082083
model_inference,pytorch,single_thread,1,False,990,1077292
model_inference,pytorch,single_thread,1,False,991,1066334
model_inference,pytorch,single_thread,1,False,992,1076833
model_inference,pytorch,single_thread,1,False,993,1069834
model_inference,pytorch,single_thread,1,False,994,1116791
model_inference,pytorch,single_thread,1,False,995,1127917
model_inference,pytorch,single_thread,1,False,996,1084792
model_inference,pytorch,single_thread,1,False,997,1080417
model_inference,pytorch,single_thread,1,False,998,1326083
model_inference,pytorch,single_thread,1,False,999,1102334
model_inference,onnxruntime,single_thread,1,False,0,887417
model_inference,onnxruntime,single_thread,1,False,1,887000
model_inference,onnxruntime,single_thread,1,False,2,881584
model_inference,onnxruntime,single_thread,1,False,3,958750
model_inference,onnxruntime,single_thread,1,False,4,885500
model_inference,onnxruntime,single_thread,1,False,5,886000
model_inference,onnxruntime,single_thread,1,False,6,880916
model_inference,onnxruntime,single_thread,1,False,7,879750
model_inference,onnxruntime,single_thread,1,False,8,888833
model_inference,onnxruntime,single_thread,1,False,9,884791
model_inference,onnxruntime,single_thread,1,False,10,878125
model_inference,onnxruntime,single_thread,1,False,11,885958
model_inference,onnxruntime,single_thread,1,False,12,890666
model_inference,onnxruntime,single_thread,1,False,13,877958
model_inference,onnxruntime,single_thread,1,False,14,881250
model_inference,onnxruntime,single_thread,1,False,15,881541
model_inference,onnxruntime,single_thread,1,False,16,880625
model_inference,onnxruntime,single_thread,1,False,17,889625
model_inference,onnxruntime,single_thread,1,False,18,898541
model_inference,onnxruntime,single_thread,1,False,19,894000
model_inference,onnxruntime,single_thread,1,False,20,886000
model_inference,onnxruntime,single_thread,1,False,21,888250
model_inference,onnxruntime,single_thread,1,False,22,1094750
model_inference,onnxruntime,single_thread,1,False,23,909375
model_inference,onnxruntime,single_thread,1,False,24,887083
model_inference,onnxruntime,single_thread,1,False,25,879458
model_inference,onnxruntime,single_thread,1,False,26,878542
model_inference,onnxruntime,single_thread,1,False,27,884417
model_inference,onnxruntime,single_thread,1,False,28,896875
model_inference,onnxruntime,single_thread,1,False,29,878834
model_inference,onnxruntime,single_thread,1,False,30,882458
model_inference,onnxruntime,single_thread,1,False,31,884750
model_inference,onnxruntime,single_thread,1,False,32,882416
model_inference,onnxruntime,single_thread,1,False,33,886209
model_inference,onnxruntime,single_thread,1,False,34,884000
model_inference,onnxruntime,single_thread,1,False,35,878958
model_inference,onnxruntime,single_thread,1,False,36,877292
model_inference,onnxruntime,single_thread,1,False,37,877917
model_inference,onnxruntime,single_thread,1,False,38,876334
model_inference,onnxruntime,single_thread,1,False,39,878250
model_inference,onnxruntime,single_thread,1,False,40,1073792
model_inference,onnxruntime,single_thread,1,False,41,891291
model_inference,onnxruntime,single_thread,1,False,42,881041
model_inference,onnxruntime,single_thread,1,False,43,874291
model_inference,onnxruntime,single_thread,1,False,44,892791
model_inference,onnxruntime,single_thread,1,False,45,876875
model_inference,onnxruntime,single_thread,1,False,46,875458
model_inference,onnxruntime,single_thread,1,False,47,881250
model_inference,onnxruntime,single_thread,1,False,48,876458
model_inference,onnxruntime,single_thread,1,False,49,895208
model_inference,onnxruntime,single_thread,1,False,50,880333
model_inference,onnxruntime,single_thread,1,False,51,881375
model_inference,onnxruntime,single_thread,1,False,52,878375
model_inference,onnxruntime,single_thread,1,False,53,876375
model_inference,onnxruntime,single_thread,1,False,54,879500
model_inference,onnxruntime,single_thread,1,False,55,879166
model_inference,onnxruntime,single_thread,1,False,56,879000
model_inference,onnxruntime,single_thread,1,False,57,875417
model_inference,onnxruntime,single_thread,1,False,58,877833
model_inference,onnxruntime,single_thread,1,False,59,1088250
model_inference,onnxruntime,single_thread,1,False,60,905458
model_inference,onnxruntime,single_thread,1,False,61,887875
model_inference,onnxruntime,single_thread,1,False,62,916791
model_inference,onnxruntime,single_thread,1,False,63,885791
model_inference,onnxruntime,single_thread,1,False,64,880041
model_inference,onnxruntime,single_thread,1,False,65,880625
model_inference,onnxruntime,single_thread,1,False,66,878708
model_inference,onnxruntime,single_thread,1,False,67,877250
model_inference,onnxruntime,single_thread,1,False,68,883083
model_inference,onnxruntime,single_thread,1,False,69,882167
model_inference,onnxruntime,single_thread,1,False,70,881084
model_inference,onnxruntime,single_thread,1,False,71,876750
model_inference,onnxruntime,single_thread,1,False,72,882958
model_inference,onnxruntime,single_thread,1,False,73,876750
model_inference,onnxruntime,single_thread,1,False,74,875500
model_inference,onnxruntime,single_thread,1,False,75,885125
model_inference,onnxruntime,single_thread,1,False,76,884792
model_inference,onnxruntime,single_thread,1,False,77,879750
model_inference,onnxruntime,single_thread,1,False,78,1078458
model_inference,onnxruntime,single_thread,1,False,79,885375
model_inference,onnxruntime,single_thread,1,False,80,879375
model_inference,onnxruntime,single_thread,1,False,81,878334
model_inference,onnxruntime,single_thread,1,False,82,880125
model_inference,onnxruntime,single_thread,1,False,83,882167
model_inference,onnxruntime,single_thread,1,False,84,883875
model_inference,onnxruntime,single_thread,1,False,85,878292
model_inference,onnxruntime,single_thread,1,False,86,882292
model_inference,onnxruntime,single_thread,1,False,87,880833
model_inference,onnxruntime,single_thread,1,False,88,877042
model_inference,onnxruntime,single_thread,1,False,89,880334
model_inference,onnxruntime,single_thread,1,False,90,882292
model_inference,onnxruntime,single_thread,1,False,91,880916
model_inference,onnxruntime,single_thread,1,False,92,880542
model_inference,onnxruntime,single_thread,1,False,93,878917
model_inference,onnxruntime,single_thread,1,False,94,881334
model_inference,onnxruntime,single_thread,1,False,95,876875
model_inference,onnxruntime,single_thread,1,False,96,1050875
model_inference,onnxruntime,single_thread,1,False,97,917209
model_inference,onnxruntime,single_thread,1,False,98,892708
model_inference,onnxruntime,single_thread,1,False,99,881792
model_inference,onnxruntime,single_thread,1,False,100,879000
model_inference,onnxruntime,single_thread,1,False,101,882625
model_inference,onnxruntime,single_thread,1,False,102,880333
model_inference,onnxruntime,single_thread,1,False,103,875792
model_inference,onnxruntime,single_thread,1,False,104,883125
model_inference,onnxruntime,single_thread,1,False,105,879792
model_inference,onnxruntime,single_thread,1,False,106,879542
model_inference,onnxruntime,single_thread,1,False,107,880583
model_inference,onnxruntime,single_thread,1,False,108,883625
model_inference,onnxruntime,single_thread,1,False,109,875416
model_inference,onnxruntime,single_thread,1,False,110,877500
model_inference,onnxruntime,single_thread,1,False,111,882375
model_inference,onnxruntime,single_thread,1,False,112,882667
model_inference,onnxruntime,single_thread,1,False,113,874667
model_inference,onnxruntime,single_thread,1,False,114,881292
model_inference,onnxruntime,single_thread,1,False,115,1059791
model_inference,onnxruntime,single_thread,1,False,116,882209
model_inference,onnxruntime,single_thread,1,False,117,879292
model_inference,onnxruntime,single_thread,1,False,118,883000
model_inference,onnxruntime,single_thread,1,False,119,878584
model_inference,onnxruntime,single_thread,1,False,120,876875
model_inference,onnxruntime,single_thread,1,False,121,880459
model_inference,onnxruntime,single_thread,1,False,122,878333
model_inference,onnxruntime,single_thread,1,False,123,874416
model_inference,onnxruntime,single_thread,1,False,124,874083
model_inference,onnxruntime,single_thread,1,False,125,885209
model_inference,onnxruntime,single_thread,1,False,126,883292
model_inference,onnxruntime,single_thread,1,False,127,877083
model_inference,onnxruntime,single_thread,1,False,128,877500
model_inference,onnxruntime,single_thread,1,False,129,878209
model_inference,onnxruntime,single_thread,1,False,130,873958
model_inference,onnxruntime,single_thread,1,False,131,876208
model_inference,onnxruntime,single_thread,1,False,132,881042
model_inference,onnxruntime,single_thread,1,False,133,879875
model_inference,onnxruntime,single_thread,1,False,134,992417
model_inference,onnxruntime,single_thread,1,False,135,903916
model_inference,onnxruntime,single_thread,1,False,136,890625
model_inference,onnxruntime,single_thread,1,False,137,883083
model_inference,onnxruntime,single_thread,1,False,138,879958
model_inference,onnxruntime,single_thread,1,False,139,879000
model_inference,onnxruntime,single_thread,1,False,140,884334
model_inference,onnxruntime,single_thread,1,False,141,881041
model_inference,onnxruntime,single_thread,1,False,142,879000
model_inference,onnxruntime,single_thread,1,False,143,880500
model_inference,onnxruntime,single_thread,1,False,144,878916
model_inference,onnxruntime,single_thread,1,False,145,879083
model_inference,onnxruntime,single_thread,1,False,146,878333
model_inference,onnxruntime,single_thread,1,False,147,882125
model_inference,onnxruntime,single_thread,1,False,148,880542
model_inference,onnxruntime,single_thread,1,False,149,879292
model_inference,onnxruntime,single_thread,1,False,150,888834
model_inference,onnxruntime,single_thread,1,False,151,882625
model_inference,onnxruntime,single_thread,1,False,152,902708
model_inference,onnxruntime,single_thread,1,False,153,995083
model_inference,onnxruntime,single_thread,1,False,154,902417
model_inference,onnxruntime,single_thread,1,False,155,886541
model_inference,onnxruntime,single_thread,1,False,156,883709
model_inference,onnxruntime,single_thread,1,False,157,880125
model_inference,onnxruntime,single_thread,1,False,158,884250
model_inference,onnxruntime,single_thread,1,False,159,877875
model_inference,onnxruntime,single_thread,1,False,160,877167
model_inference,onnxruntime,single_thread,1,False,161,882542
model_inference,onnxruntime,single_thread,1,False,162,878959
model_inference,onnxruntime,single_thread,1,False,163,880750
model_inference,onnxruntime,single_thread,1,False,164,885959
model_inference,onnxruntime,single_thread,1,False,165,923958
model_inference,onnxruntime,single_thread,1,False,166,891208
model_inference,onnxruntime,single_thread,1,False,167,879167
model_inference,onnxruntime,single_thread,1,False,168,877500
model_inference,onnxruntime,single_thread,1,False,169,881541
model_inference,onnxruntime,single_thread,1,False,170,882792
model_inference,onnxruntime,single_thread,1,False,171,1063750
model_inference,onnxruntime,single_thread,1,False,172,908583
model_inference,onnxruntime,single_thread,1,False,173,885000
model_inference,onnxruntime,single_thread,1,False,174,879291
model_inference,onnxruntime,single_thread,1,False,175,877375
model_inference,onnxruntime,single_thread,1,False,176,881167
model_inference,onnxruntime,single_thread,1,False,177,881458
model_inference,onnxruntime,single_thread,1,False,178,879958
model_inference,onnxruntime,single_thread,1,False,179,877084
model_inference,onnxruntime,single_thread,1,False,180,880875
model_inference,onnxruntime,single_thread,1,False,181,876042
model_inference,onnxruntime,single_thread,1,False,182,874542
model_inference,onnxruntime,single_thread,1,False,183,879375
model_inference,onnxruntime,single_thread,1,False,184,882750
model_inference,onnxruntime,single_thread,1,False,185,896042
model_inference,onnxruntime,single_thread,1,False,186,873959
model_inference,onnxruntime,single_thread,1,False,187,880167
model_inference,onnxruntime,single_thread,1,False,188,880750
model_inference,onnxruntime,single_thread,1,False,189,875750
model_inference,onnxruntime,single_thread,1,False,190,979042
model_inference,onnxruntime,single_thread,1,False,191,905500
model_inference,onnxruntime,single_thread,1,False,192,891375
model_inference,onnxruntime,single_thread,1,False,193,886750
model_inference,onnxruntime,single_thread,1,False,194,883209
model_inference,onnxruntime,single_thread,1,False,195,879334
model_inference,onnxruntime,single_thread,1,False,196,877792
model_inference,onnxruntime,single_thread,1,False,197,876167
model_inference,onnxruntime,single_thread,1,False,198,881167
model_inference,onnxruntime,single_thread,1,False,199,880750
model_inference,onnxruntime,single_thread,1,False,200,883166
model_inference,onnxruntime,single_thread,1,False,201,880375
model_inference,onnxruntime,single_thread,1,False,202,882791
model_inference,onnxruntime,single_thread,1,False,203,877208
model_inference,onnxruntime,single_thread,1,False,204,874292
model_inference,onnxruntime,single_thread,1,False,205,877209
model_inference,onnxruntime,single_thread,1,False,206,880041
model_inference,onnxruntime,single_thread,1,False,207,878584
model_inference,onnxruntime,single_thread,1,False,208,878709
model_inference,onnxruntime,single_thread,1,False,209,1041458
model_inference,onnxruntime,single_thread,1,False,210,904041
model_inference,onnxruntime,single_thread,1,False,211,882917
model_inference,onnxruntime,single_thread,1,False,212,877875
model_inference,onnxruntime,single_thread,1,False,213,882167
model_inference,onnxruntime,single_thread,1,False,214,882584
model_inference,onnxruntime,single_thread,1,False,215,882750
model_inference,onnxruntime,single_thread,1,False,216,876583
model_inference,onnxruntime,single_thread,1,False,217,879292
model_inference,onnxruntime,single_thread,1,False,218,877292
model_inference,onnxruntime,single_thread,1,False,219,873084
model_inference,onnxruntime,single_thread,1,False,220,879875
model_inference,onnxruntime,single_thread,1,False,221,883375
model_inference,onnxruntime,single_thread,1,False,222,880791
model_inference,onnxruntime,single_thread,1,False,223,879625
model_inference,onnxruntime,single_thread,1,False,224,877208
model_inference,onnxruntime,single_thread,1,False,225,879875
model_inference,onnxruntime,single_thread,1,False,226,877125
model_inference,onnxruntime,single_thread,1,False,227,945541
model_inference,onnxruntime,single_thread,1,False,228,1028041
model_inference,onnxruntime,single_thread,1,False,229,894250
model_inference,onnxruntime,single_thread,1,False,230,887500
model_inference,onnxruntime,single_thread,1,False,231,881667
model_inference,onnxruntime,single_thread,1,False,232,883375
model_inference,onnxruntime,single_thread,1,False,233,876666
model_inference,onnxruntime,single_thread,1,False,234,875250
model_inference,onnxruntime,single_thread,1,False,235,875958
model_inference,onnxruntime,single_thread,1,False,236,882209
model_inference,onnxruntime,single_thread,1,False,237,883666
model_inference,onnxruntime,single_thread,1,False,238,879875
model_inference,onnxruntime,single_thread,1,False,239,880667
model_inference,onnxruntime,single_thread,1,False,240,878875
model_inference,onnxruntime,single_thread,1,False,241,878166
model_inference,onnxruntime,single_thread,1,False,242,881833
model_inference,onnxruntime,single_thread,1,False,243,884000
model_inference,onnxruntime,single_thread,1,False,244,885958
model_inference,onnxruntime,single_thread,1,False,245,876042
model_inference,onnxruntime,single_thread,1,False,246,1070417
model_inference,onnxruntime,single_thread,1,False,247,965042
model_inference,onnxruntime,single_thread,1,False,248,899750
model_inference,onnxruntime,single_thread,1,False,249,885500
model_inference,onnxruntime,single_thread,1,False,250,886750
model_inference,onnxruntime,single_thread,1,False,251,884458
model_inference,onnxruntime,single_thread,1,False,252,881708
model_inference,onnxruntime,single_thread,1,False,253,878500
model_inference,onnxruntime,single_thread,1,False,254,881541
model_inference,onnxruntime,single_thread,1,False,255,878541
model_inference,onnxruntime,single_thread,1,False,256,877291
model_inference,onnxruntime,single_thread,1,False,257,889209
model_inference,onnxruntime,single_thread,1,False,258,883542
model_inference,onnxruntime,single_thread,1,False,259,879333
model_inference,onnxruntime,single_thread,1,False,260,879958
model_inference,onnxruntime,single_thread,1,False,261,880000
model_inference,onnxruntime,single_thread,1,False,262,876125
model_inference,onnxruntime,single_thread,1,False,263,880333
model_inference,onnxruntime,single_thread,1,False,264,884958
model_inference,onnxruntime,single_thread,1,False,265,1062542
model_inference,onnxruntime,single_thread,1,False,266,899500
model_inference,onnxruntime,single_thread,1,False,267,883000
model_inference,onnxruntime,single_thread,1,False,268,885834
model_inference,onnxruntime,single_thread,1,False,269,877542
model_inference,onnxruntime,single_thread,1,False,270,875667
model_inference,onnxruntime,single_thread,1,False,271,880625
model_inference,onnxruntime,single_thread,1,False,272,883250
model_inference,onnxruntime,single_thread,1,False,273,879375
model_inference,onnxruntime,single_thread,1,False,274,877167
model_inference,onnxruntime,single_thread,1,False,275,881167
model_inference,onnxruntime,single_thread,1,False,276,883417
model_inference,onnxruntime,single_thread,1,False,277,877167
model_inference,onnxruntime,single_thread,1,False,278,880250
model_inference,onnxruntime,single_thread,1,False,279,880792
model_inference,onnxruntime,single_thread,1,False,280,881709
model_inference,onnxruntime,single_thread,1,False,281,875625
model_inference,onnxruntime,single_thread,1,False,282,881083
model_inference,onnxruntime,single_thread,1,False,283,1039708
model_inference,onnxruntime,single_thread,1,False,284,891125
model_inference,onnxruntime,single_thread,1,False,285,882833
model_inference,onnxruntime,single_thread,1,False,286,884083
model_inference,onnxruntime,single_thread,1,False,287,881709
model_inference,onnxruntime,single_thread,1,False,288,881542
model_inference,onnxruntime,single_thread,1,False,289,882833
model_inference,onnxruntime,single_thread,1,False,290,880791
model_inference,onnxruntime,single_thread,1,False,291,875541
model_inference,onnxruntime,single_thread,1,False,292,876250
model_inference,onnxruntime,single_thread,1,False,293,883792
model_inference,onnxruntime,single_thread,1,False,294,887125
model_inference,onnxruntime,single_thread,1,False,295,877667
model_inference,onnxruntime,single_thread,1,False,296,880667
model_inference,onnxruntime,single_thread,1,False,297,881000
model_inference,onnxruntime,single_thread,1,False,298,876791
model_inference,onnxruntime,single_thread,1,False,299,876500
model_inference,onnxruntime,single_thread,1,False,300,883958
model_inference,onnxruntime,single_thread,1,False,301,879959
model_inference,onnxruntime,single_thread,1,False,302,1070000
model_inference,onnxruntime,single_thread,1,False,303,897583
model_inference,onnxruntime,single_thread,1,False,304,891500
model_inference,onnxruntime,single_thread,1,False,305,883375
model_inference,onnxruntime,single_thread,1,False,306,878791
model_inference,onnxruntime,single_thread,1,False,307,880541
model_inference,onnxruntime,single_thread,1,False,308,881541
model_inference,onnxruntime,single_thread,1,False,309,882833
model_inference,onnxruntime,single_thread,1,False,310,877500
model_inference,onnxruntime,single_thread,1,False,311,878333
model_inference,onnxruntime,single_thread,1,False,312,878584
model_inference,onnxruntime,single_thread,1,False,313,879375
model_inference,onnxruntime,single_thread,1,False,314,878958
model_inference,onnxruntime,single_thread,1,False,315,883875
model_inference,onnxruntime,single_thread,1,False,316,880666
model_inference,onnxruntime,single_thread,1,False,317,878791
model_inference,onnxruntime,single_thread,1,False,318,882416
model_inference,onnxruntime,single_thread,1,False,319,882708
model_inference,onnxruntime,single_thread,1,False,320,884334
model_inference,onnxruntime,single_thread,1,False,321,979125
model_inference,onnxruntime,single_thread,1,False,322,890291
model_inference,onnxruntime,single_thread,1,False,323,883208
model_inference,onnxruntime,single_thread,1,False,324,876416
model_inference,onnxruntime,single_thread,1,False,325,881958
model_inference,onnxruntime,single_thread,1,False,326,878167
model_inference,onnxruntime,single_thread,1,False,327,877084
model_inference,onnxruntime,single_thread,1,False,328,875750
model_inference,onnxruntime,single_thread,1,False,329,892250
model_inference,onnxruntime,single_thread,1,False,330,889750
model_inference,onnxruntime,single_thread,1,False,331,891167
model_inference,onnxruntime,single_thread,1,False,332,894458
model_inference,onnxruntime,single_thread,1,False,333,890125
model_inference,onnxruntime,single_thread,1,False,334,888250
model_inference,onnxruntime,single_thread,1,False,335,886875
model_inference,onnxruntime,single_thread,1,False,336,877167
model_inference,onnxruntime,single_thread,1,False,337,876708
model_inference,onnxruntime,single_thread,1,False,338,881833
model_inference,onnxruntime,single_thread,1,False,339,878750
model_inference,onnxruntime,single_thread,1,False,340,1029667
model_inference,onnxruntime,single_thread,1,False,341,924458
model_inference,onnxruntime,single_thread,1,False,342,887042
model_inference,onnxruntime,single_thread,1,False,343,878209
model_inference,onnxruntime,single_thread,1,False,344,883333
model_inference,onnxruntime,single_thread,1,False,345,882709
model_inference,onnxruntime,single_thread,1,False,346,881041
model_inference,onnxruntime,single_thread,1,False,347,878875
model_inference,onnxruntime,single_thread,1,False,348,882042
model_inference,onnxruntime,single_thread,1,False,349,880500
model_inference,onnxruntime,single_thread,1,False,350,879583
model_inference,onnxruntime,single_thread,1,False,351,879917
model_inference,onnxruntime,single_thread,1,False,352,879833
model_inference,onnxruntime,single_thread,1,False,353,891500
model_inference,onnxruntime,single_thread,1,False,354,875709
model_inference,onnxruntime,single_thread,1,False,355,879709
model_inference,onnxruntime,single_thread,1,False,356,881792
model_inference,onnxruntime,single_thread,1,False,357,878083
model_inference,onnxruntime,single_thread,1,False,358,1040875
model_inference,onnxruntime,single_thread,1,False,359,883958
model_inference,onnxruntime,single_thread,1,False,360,878125
model_inference,onnxruntime,single_thread,1,False,361,877583
model_inference,onnxruntime,single_thread,1,False,362,885792
model_inference,onnxruntime,single_thread,1,False,363,883584
model_inference,onnxruntime,single_thread,1,False,364,879458
model_inference,onnxruntime,single_thread,1,False,365,876459
model_inference,onnxruntime,single_thread,1,False,366,881625
model_inference,onnxruntime,single_thread,1,False,367,879791
model_inference,onnxruntime,single_thread,1,False,368,878458
model_inference,onnxruntime,single_thread,1,False,369,880000
model_inference,onnxruntime,single_thread,1,False,370,882250
model_inference,onnxruntime,single_thread,1,False,371,882333
model_inference,onnxruntime,single_thread,1,False,372,873666
model_inference,onnxruntime,single_thread,1,False,373,879083
model_inference,onnxruntime,single_thread,1,False,374,879584
model_inference,onnxruntime,single_thread,1,False,375,874708
model_inference,onnxruntime,single_thread,1,False,376,875959
model_inference,onnxruntime,single_thread,1,False,377,1124416
model_inference,onnxruntime,single_thread,1,False,378,893375
model_inference,onnxruntime,single_thread,1,False,379,877791
model_inference,onnxruntime,single_thread,1,False,380,881375
model_inference,onnxruntime,single_thread,1,False,381,883667
model_inference,onnxruntime,single_thread,1,False,382,876500
model_inference,onnxruntime,single_thread,1,False,383,881792
model_inference,onnxruntime,single_thread,1,False,384,883500
model_inference,onnxruntime,single_thread,1,False,385,881208
model_inference,onnxruntime,single_thread,1,False,386,876334
model_inference,onnxruntime,single_thread,1,False,387,882416
model_inference,onnxruntime,single_thread,1,False,388,882541
model_inference,onnxruntime,single_thread,1,False,389,881208
model_inference,onnxruntime,single_thread,1,False,390,880541
model_inference,onnxruntime,single_thread,1,False,391,881166
model_inference,onnxruntime,single_thread,1,False,392,879916
model_inference,onnxruntime,single_thread,1,False,393,876417
model_inference,onnxruntime,single_thread,1,False,394,879625
model_inference,onnxruntime,single_thread,1,False,395,885250
model_inference,onnxruntime,single_thread,1,False,396,1050459
model_inference,onnxruntime,single_thread,1,False,397,1039916
model_inference,onnxruntime,single_thread,1,False,398,904417
model_inference,onnxruntime,single_thread,1,False,399,885250
model_inference,onnxruntime,single_thread,1,False,400,881708
model_inference,onnxruntime,single_thread,1,False,401,885375
model_inference,onnxruntime,single_thread,1,False,402,880542
model_inference,onnxruntime,single_thread,1,False,403,876375
model_inference,onnxruntime,single_thread,1,False,404,890041
model_inference,onnxruntime,single_thread,1,False,405,885583
model_inference,onnxruntime,single_thread,1,False,406,885750
model_inference,onnxruntime,single_thread,1,False,407,881083
model_inference,onnxruntime,single_thread,1,False,408,883417
model_inference,onnxruntime,single_thread,1,False,409,880584
model_inference,onnxruntime,single_thread,1,False,410,876500
model_inference,onnxruntime,single_thread,1,False,411,882417
model_inference,onnxruntime,single_thread,1,False,412,884500
model_inference,onnxruntime,single_thread,1,False,413,878542
model_inference,onnxruntime,single_thread,1,False,414,1112750
model_inference,onnxruntime,single_thread,1,False,415,885083
model_inference,onnxruntime,single_thread,1,False,416,877500
model_inference,onnxruntime,single_thread,1,False,417,877959
model_inference,onnxruntime,single_thread,1,False,418,882625
model_inference,onnxruntime,single_thread,1,False,419,879500
model_inference,onnxruntime,single_thread,1,False,420,879250
model_inference,onnxruntime,single_thread,1,False,421,875791
model_inference,onnxruntime,single_thread,1,False,422,880958
model_inference,onnxruntime,single_thread,1,False,423,874459
model_inference,onnxruntime,single_thread,1,False,424,882625
model_inference,onnxruntime,single_thread,1,False,425,887250
model_inference,onnxruntime,single_thread,1,False,426,885041
model_inference,onnxruntime,single_thread,1,False,427,876458
model_inference,onnxruntime,single_thread,1,False,428,883209
model_inference,onnxruntime,single_thread,1,False,429,881167
model_inference,onnxruntime,single_thread,1,False,430,875875
model_inference,onnxruntime,single_thread,1,False,431,877625
model_inference,onnxruntime,single_thread,1,False,432,887292
model_inference,onnxruntime,single_thread,1,False,433,1028833
model_inference,onnxruntime,single_thread,1,False,434,883084
model_inference,onnxruntime,single_thread,1,False,435,877500
model_inference,onnxruntime,single_thread,1,False,436,882417
model_inference,onnxruntime,single_thread,1,False,437,876042
model_inference,onnxruntime,single_thread,1,False,438,877708
model_inference,onnxruntime,single_thread,1,False,439,881000
model_inference,onnxruntime,single_thread,1,False,440,885042
model_inference,onnxruntime,single_thread,1,False,441,881583
model_inference,onnxruntime,single_thread,1,False,442,881916
model_inference,onnxruntime,single_thread,1,False,443,881250
model_inference,onnxruntime,single_thread,1,False,444,878208
model_inference,onnxruntime,single_thread,1,False,445,879958
model_inference,onnxruntime,single_thread,1,False,446,880958
model_inference,onnxruntime,single_thread,1,False,447,886166
model_inference,onnxruntime,single_thread,1,False,448,876083
model_inference,onnxruntime,single_thread,1,False,449,882667
model_inference,onnxruntime,single_thread,1,False,450,878667
model_inference,onnxruntime,single_thread,1,False,451,898625
model_inference,onnxruntime,single_thread,1,False,452,952875
model_inference,onnxruntime,single_thread,1,False,453,890250
model_inference,onnxruntime,single_thread,1,False,454,885583
model_inference,onnxruntime,single_thread,1,False,455,876708
model_inference,onnxruntime,single_thread,1,False,456,882375
model_inference,onnxruntime,single_thread,1,False,457,882709
model_inference,onnxruntime,single_thread,1,False,458,881250
model_inference,onnxruntime,single_thread,1,False,459,882500
model_inference,onnxruntime,single_thread,1,False,460,884709
model_inference,onnxruntime,single_thread,1,False,461,878542
model_inference,onnxruntime,single_thread,1,False,462,877583
model_inference,onnxruntime,single_thread,1,False,463,882166
model_inference,onnxruntime,single_thread,1,False,464,899916
model_inference,onnxruntime,single_thread,1,False,465,882250
model_inference,onnxruntime,single_thread,1,False,466,877792
model_inference,onnxruntime,single_thread,1,False,467,882917
model_inference,onnxruntime,single_thread,1,False,468,886958
model_inference,onnxruntime,single_thread,1,False,469,1035000
model_inference,onnxruntime,single_thread,1,False,470,905708
model_inference,onnxruntime,single_thread,1,False,471,890750
model_inference,onnxruntime,single_thread,1,False,472,881292
model_inference,onnxruntime,single_thread,1,False,473,880750
model_inference,onnxruntime,single_thread,1,False,474,881959
model_inference,onnxruntime,single_thread,1,False,475,888625
model_inference,onnxruntime,single_thread,1,False,476,882875
model_inference,onnxruntime,single_thread,1,False,477,885875
model_inference,onnxruntime,single_thread,1,False,478,882041
model_inference,onnxruntime,single_thread,1,False,479,880708
model_inference,onnxruntime,single_thread,1,False,480,884833
model_inference,onnxruntime,single_thread,1,False,481,882167
model_inference,onnxruntime,single_thread,1,False,482,884792
model_inference,onnxruntime,single_thread,1,False,483,888584
model_inference,onnxruntime,single_thread,1,False,484,896708
model_inference,onnxruntime,single_thread,1,False,485,876375
model_inference,onnxruntime,single_thread,1,False,486,874833
model_inference,onnxruntime,single_thread,1,False,487,877209
model_inference,onnxruntime,single_thread,1,False,488,1063083
model_inference,onnxruntime,single_thread,1,False,489,892875
model_inference,onnxruntime,single_thread,1,False,490,883416
model_inference,onnxruntime,single_thread,1,False,491,879458
model_inference,onnxruntime,single_thread,1,False,492,880375
model_inference,onnxruntime,single_thread,1,False,493,879333
model_inference,onnxruntime,single_thread,1,False,494,876166
model_inference,onnxruntime,single_thread,1,False,495,878750
model_inference,onnxruntime,single_thread,1,False,496,880459
model_inference,onnxruntime,single_thread,1,False,497,880333
model_inference,onnxruntime,single_thread,1,False,498,877917
model_inference,onnxruntime,single_thread,1,False,499,883625
model_inference,onnxruntime,single_thread,1,False,500,879041
model_inference,onnxruntime,single_thread,1,False,501,878458
model_inference,onnxruntime,single_thread,1,False,502,882959
model_inference,onnxruntime,single_thread,1,False,503,879250
model_inference,onnxruntime,single_thread,1,False,504,877791
model_inference,onnxruntime,single_thread,1,False,505,876916
model_inference,onnxruntime,single_thread,1,False,506,882292
model_inference,onnxruntime,single_thread,1,False,507,877542
model_inference,onnxruntime,single_thread,1,False,508,968584
model_inference,onnxruntime,single_thread,1,False,509,889458
model_inference,onnxruntime,single_thread,1,False,510,880791
model_inference,onnxruntime,single_thread,1,False,511,877250
model_inference,onnxruntime,single_thread,1,False,512,875333
model_inference,onnxruntime,single_thread,1,False,513,882084
model_inference,onnxruntime,single_thread,1,False,514,875083
model_inference,onnxruntime,single_thread,1,False,515,882583
model_inference,onnxruntime,single_thread,1,False,516,886500
model_inference,onnxruntime,single_thread,1,False,517,878250
model_inference,onnxruntime,single_thread,1,False,518,876292
model_inference,onnxruntime,single_thread,1,False,519,881375
model_inference,onnxruntime,single_thread,1,False,520,900667
model_inference,onnxruntime,single_thread,1,False,521,880250
model_inference,onnxruntime,single_thread,1,False,522,886334
model_inference,onnxruntime,single_thread,1,False,523,883792
model_inference,onnxruntime,single_thread,1,False,524,875541
model_inference,onnxruntime,single_thread,1,False,525,887166
model_inference,onnxruntime,single_thread,1,False,526,941750
model_inference,onnxruntime,single_thread,1,False,527,988125
model_inference,onnxruntime,single_thread,1,False,528,886833
model_inference,onnxruntime,single_thread,1,False,529,886792
model_inference,onnxruntime,single_thread,1,False,530,886042
model_inference,onnxruntime,single_thread,1,False,531,877375
model_inference,onnxruntime,single_thread,1,False,532,881459
model_inference,onnxruntime,single_thread,1,False,533,885958
model_inference,onnxruntime,single_thread,1,False,534,878291
model_inference,onnxruntime,single_thread,1,False,535,880042
model_inference,onnxruntime,single_thread,1,False,536,887167
model_inference,onnxruntime,single_thread,1,False,537,886875
model_inference,onnxruntime,single_thread,1,False,538,889916
model_inference,onnxruntime,single_thread,1,False,539,878416
model_inference,onnxruntime,single_thread,1,False,540,883416
model_inference,onnxruntime,single_thread,1,False,541,877333
model_inference,onnxruntime,single_thread,1,False,542,876583
model_inference,onnxruntime,single_thread,1,False,543,882166
model_inference,onnxruntime,single_thread,1,False,544,882291
model_inference,onnxruntime,single_thread,1,False,545,1054875
model_inference,onnxruntime,single_thread,1,False,546,906792
model_inference,onnxruntime,single_thread,1,False,547,905500
model_inference,onnxruntime,single_thread,1,False,548,896250
model_inference,onnxruntime,single_thread,1,False,549,896667
model_inference,onnxruntime,single_thread,1,False,550,887375
model_inference,onnxruntime,single_thread,1,False,551,887208
model_inference,onnxruntime,single_thread,1,False,552,884208
model_inference,onnxruntime,single_thread,1,False,553,882792
model_inference,onnxruntime,single_thread,1,False,554,884250
model_inference,onnxruntime,single_thread,1,False,555,881083
model_inference,onnxruntime,single_thread,1,False,556,883542
model_inference,onnxruntime,single_thread,1,False,557,879625
model_inference,onnxruntime,single_thread,1,False,558,887250
model_inference,onnxruntime,single_thread,1,False,559,889708
model_inference,onnxruntime,single_thread,1,False,560,878459
model_inference,onnxruntime,single_thread,1,False,561,879708
model_inference,onnxruntime,single_thread,1,False,562,881791
model_inference,onnxruntime,single_thread,1,False,563,878375
model_inference,onnxruntime,single_thread,1,False,564,978417
model_inference,onnxruntime,single_thread,1,False,565,908583
model_inference,onnxruntime,single_thread,1,False,566,886125
model_inference,onnxruntime,single_thread,1,False,567,884916
model_inference,onnxruntime,single_thread,1,False,568,881208
model_inference,onnxruntime,single_thread,1,False,569,885084
model_inference,onnxruntime,single_thread,1,False,570,882833
model_inference,onnxruntime,single_thread,1,False,571,884167
model_inference,onnxruntime,single_thread,1,False,572,886458
model_inference,onnxruntime,single_thread,1,False,573,895583
model_inference,onnxruntime,single_thread,1,False,574,882208
model_inference,onnxruntime,single_thread,1,False,575,891042
model_inference,onnxruntime,single_thread,1,False,576,885584
model_inference,onnxruntime,single_thread,1,False,577,877000
model_inference,onnxruntime,single_thread,1,False,578,874334
model_inference,onnxruntime,single_thread,1,False,579,893000
model_inference,onnxruntime,single_thread,1,False,580,882875
model_inference,onnxruntime,single_thread,1,False,581,951334
model_inference,onnxruntime,single_thread,1,False,582,1023459
model_inference,onnxruntime,single_thread,1,False,583,900625
model_inference,onnxruntime,single_thread,1,False,584,893166
model_inference,onnxruntime,single_thread,1,False,585,878833
model_inference,onnxruntime,single_thread,1,False,586,880417
model_inference,onnxruntime,single_thread,1,False,587,880666
model_inference,onnxruntime,single_thread,1,False,588,877958
model_inference,onnxruntime,single_thread,1,False,589,884458
model_inference,onnxruntime,single_thread,1,False,590,886583
model_inference,onnxruntime,single_thread,1,False,591,887125
model_inference,onnxruntime,single_thread,1,False,592,885125
model_inference,onnxruntime,single_thread,1,False,593,886542
model_inference,onnxruntime,single_thread,1,False,594,883666
model_inference,onnxruntime,single_thread,1,False,595,885458
model_inference,onnxruntime,single_thread,1,False,596,876625
model_inference,onnxruntime,single_thread,1,False,597,877041
model_inference,onnxruntime,single_thread,1,False,598,882708
model_inference,onnxruntime,single_thread,1,False,599,882084
model_inference,onnxruntime,single_thread,1,False,600,875292
model_inference,onnxruntime,single_thread,1,False,601,1040583
model_inference,onnxruntime,single_thread,1,False,602,892042
model_inference,onnxruntime,single_thread,1,False,603,880000
model_inference,onnxruntime,single_thread,1,False,604,884750
model_inference,onnxruntime,single_thread,1,False,605,886334
model_inference,onnxruntime,single_thread,1,False,606,891833
model_inference,onnxruntime,single_thread,1,False,607,880042
model_inference,onnxruntime,single_thread,1,False,608,884959
model_inference,onnxruntime,single_thread,1,False,609,881250
model_inference,onnxruntime,single_thread,1,False,610,883583
model_inference,onnxruntime,single_thread,1,False,611,906500
model_inference,onnxruntime,single_thread,1,False,612,899833
model_inference,onnxruntime,single_thread,1,False,613,885583
model_inference,onnxruntime,single_thread,1,False,614,882250
model_inference,onnxruntime,single_thread,1,False,615,875291
model_inference,onnxruntime,single_thread,1,False,616,881708
model_inference,onnxruntime,single_thread,1,False,617,880917
model_inference,onnxruntime,single_thread,1,False,618,876583
model_inference,onnxruntime,single_thread,1,False,619,884208
model_inference,onnxruntime,single_thread,1,False,620,1020500
model_inference,onnxruntime,single_thread,1,False,621,909833
model_inference,onnxruntime,single_thread,1,False,622,885542
model_inference,onnxruntime,single_thread,1,False,623,885125
model_inference,onnxruntime,single_thread,1,False,624,880500
model_inference,onnxruntime,single_thread,1,False,625,875875
model_inference,onnxruntime,single_thread,1,False,626,890834
model_inference,onnxruntime,single_thread,1,False,627,885542
model_inference,onnxruntime,single_thread,1,False,628,888625
model_inference,onnxruntime,single_thread,1,False,629,878208
model_inference,onnxruntime,single_thread,1,False,630,882959
model_inference,onnxruntime,single_thread,1,False,631,882458
model_inference,onnxruntime,single_thread,1,False,632,873583
model_inference,onnxruntime,single_thread,1,False,633,879334
model_inference,onnxruntime,single_thread,1,False,634,883791
model_inference,onnxruntime,single_thread,1,False,635,882416
model_inference,onnxruntime,single_thread,1,False,636,876166
model_inference,onnxruntime,single_thread,1,False,637,883250
model_inference,onnxruntime,single_thread,1,False,638,878833
model_inference,onnxruntime,single_thread,1,False,639,952250
model_inference,onnxruntime,single_thread,1,False,640,894500
model_inference,onnxruntime,single_thread,1,False,641,893709
model_inference,onnxruntime,single_thread,1,False,642,884667
model_inference,onnxruntime,single_thread,1,False,643,878333
model_inference,onnxruntime,single_thread,1,False,644,882042
model_inference,onnxruntime,single_thread,1,False,645,878917
model_inference,onnxruntime,single_thread,1,False,646,877625
model_inference,onnxruntime,single_thread,1,False,647,881417
model_inference,onnxruntime,single_thread,1,False,648,891958
model_inference,onnxruntime,single_thread,1,False,649,896959
model_inference,onnxruntime,single_thread,1,False,650,896375
model_inference,onnxruntime,single_thread,1,False,651,887208
model_inference,onnxruntime,single_thread,1,False,652,883708
model_inference,onnxruntime,single_thread,1,False,653,878209
model_inference,onnxruntime,single_thread,1,False,654,880292
model_inference,onnxruntime,single_thread,1,False,655,879916
model_inference,onnxruntime,single_thread,1,False,656,884334
model_inference,onnxruntime,single_thread,1,False,657,912875
model_inference,onnxruntime,single_thread,1,False,658,911667
model_inference,onnxruntime,single_thread,1,False,659,923959
model_inference,onnxruntime,single_thread,1,False,660,886542
model_inference,onnxruntime,single_thread,1,False,661,876291
model_inference,onnxruntime,single_thread,1,False,662,879000
model_inference,onnxruntime,single_thread,1,False,663,879208
model_inference,onnxruntime,single_thread,1,False,664,878250
model_inference,onnxruntime,single_thread,1,False,665,881083
model_inference,onnxruntime,single_thread,1,False,666,899959
model_inference,onnxruntime,single_thread,1,False,667,882125
model_inference,onnxruntime,single_thread,1,False,668,880500
model_inference,onnxruntime,single_thread,1,False,669,879958
model_inference,onnxruntime,single_thread,1,False,670,878834
model_inference,onnxruntime,single_thread,1,False,671,875500
model_inference,onnxruntime,single_thread,1,False,672,890541
model_inference,onnxruntime,single_thread,1,False,673,883708
model_inference,onnxruntime,single_thread,1,False,674,882416
model_inference,onnxruntime,single_thread,1,False,675,893916
model_inference,onnxruntime,single_thread,1,False,676,1016166
model_inference,onnxruntime,single_thread,1,False,677,916042
model_inference,onnxruntime,single_thread,1,False,678,901959
model_inference,onnxruntime,single_thread,1,False,679,901250
model_inference,onnxruntime,single_thread,1,False,680,891500
model_inference,onnxruntime,single_thread,1,False,681,907917
model_inference,onnxruntime,single_thread,1,False,682,885541
model_inference,onnxruntime,single_thread,1,False,683,880916
model_inference,onnxruntime,single_thread,1,False,684,881500
model_inference,onnxruntime,single_thread,1,False,685,914792
model_inference,onnxruntime,single_thread,1,False,686,903542
model_inference,onnxruntime,single_thread,1,False,687,891083
model_inference,onnxruntime,single_thread,1,False,688,885416
model_inference,onnxruntime,single_thread,1,False,689,886584
model_inference,onnxruntime,single_thread,1,False,690,892791
model_inference,onnxruntime,single_thread,1,False,691,880250
model_inference,onnxruntime,single_thread,1,False,692,882750
model_inference,onnxruntime,single_thread,1,False,693,884417
model_inference,onnxruntime,single_thread,1,False,694,957709
model_inference,onnxruntime,single_thread,1,False,695,1021583
model_inference,onnxruntime,single_thread,1,False,696,897083
model_inference,onnxruntime,single_thread,1,False,697,887042
model_inference,onnxruntime,single_thread,1,False,698,883708
model_inference,onnxruntime,single_thread,1,False,699,886333
model_inference,onnxruntime,single_thread,1,False,700,885666
model_inference,onnxruntime,single_thread,1,False,701,883833
model_inference,onnxruntime,single_thread,1,False,702,877250
model_inference,onnxruntime,single_thread,1,False,703,883541
model_inference,onnxruntime,single_thread,1,False,704,878541
model_inference,onnxruntime,single_thread,1,False,705,882000
model_inference,onnxruntime,single_thread,1,False,706,884833
model_inference,onnxruntime,single_thread,1,False,707,887000
model_inference,onnxruntime,single_thread,1,False,708,880791
model_inference,onnxruntime,single_thread,1,False,709,893791
model_inference,onnxruntime,single_thread,1,False,710,893500
model_inference,onnxruntime,single_thread,1,False,711,886250
model_inference,onnxruntime,single_thread,1,False,712,881208
model_inference,onnxruntime,single_thread,1,False,713,1050541
model_inference,onnxruntime,single_thread,1,False,714,915750
model_inference,onnxruntime,single_thread,1,False,715,891375
model_inference,onnxruntime,single_thread,1,False,716,884041
model_inference,onnxruntime,single_thread,1,False,717,881500
model_inference,onnxruntime,single_thread,1,False,718,888375
model_inference,onnxruntime,single_thread,1,False,719,885792
model_inference,onnxruntime,single_thread,1,False,720,877625
model_inference,onnxruntime,single_thread,1,False,721,883167
model_inference,onnxruntime,single_thread,1,False,722,881292
model_inference,onnxruntime,single_thread,1,False,723,884208
model_inference,onnxruntime,single_thread,1,False,724,880250
model_inference,onnxruntime,single_thread,1,False,725,883500
model_inference,onnxruntime,single_thread,1,False,726,878875
model_inference,onnxruntime,single_thread,1,False,727,881708
model_inference,onnxruntime,single_thread,1,False,728,883083
model_inference,onnxruntime,single_thread,1,False,729,910375
model_inference,onnxruntime,single_thread,1,False,730,902500
model_inference,onnxruntime,single_thread,1,False,731,886875
model_inference,onnxruntime,single_thread,1,False,732,1147125
model_inference,onnxruntime,single_thread,1,False,733,891167
model_inference,onnxruntime,single_thread,1,False,734,880750
model_inference,onnxruntime,single_thread,1,False,735,878125
model_inference,onnxruntime,single_thread,1,False,736,880000
model_inference,onnxruntime,single_thread,1,False,737,881167
model_inference,onnxruntime,single_thread,1,False,738,897000
model_inference,onnxruntime,single_thread,1,False,739,877458
model_inference,onnxruntime,single_thread,1,False,740,884459
model_inference,onnxruntime,single_thread,1,False,741,879500
model_inference,onnxruntime,single_thread,1,False,742,877959
model_inference,onnxruntime,single_thread,1,False,743,884500
model_inference,onnxruntime,single_thread,1,False,744,885791
model_inference,onnxruntime,single_thread,1,False,745,895709
model_inference,onnxruntime,single_thread,1,False,746,885416
model_inference,onnxruntime,single_thread,1,False,747,886000
model_inference,onnxruntime,single_thread,1,False,748,898166
model_inference,onnxruntime,single_thread,1,False,749,889500
model_inference,onnxruntime,single_thread,1,False,750,932458
model_inference,onnxruntime,single_thread,1,False,751,934542
model_inference,onnxruntime,single_thread,1,False,752,904667
model_inference,onnxruntime,single_thread,1,False,753,889541
model_inference,onnxruntime,single_thread,1,False,754,884292
model_inference,onnxruntime,single_thread,1,False,755,879875
model_inference,onnxruntime,single_thread,1,False,756,882792
model_inference,onnxruntime,single_thread,1,False,757,882542
model_inference,onnxruntime,single_thread,1,False,758,877833
model_inference,onnxruntime,single_thread,1,False,759,883334
model_inference,onnxruntime,single_thread,1,False,760,881792
model_inference,onnxruntime,single_thread,1,False,761,890458
model_inference,onnxruntime,single_thread,1,False,762,874750
model_inference,onnxruntime,single_thread,1,False,763,881250
model_inference,onnxruntime,single_thread,1,False,764,878250
model_inference,onnxruntime,single_thread,1,False,765,877542
model_inference,onnxruntime,single_thread,1,False,766,878250
model_inference,onnxruntime,single_thread,1,False,767,879750
model_inference,onnxruntime,single_thread,1,False,768,887709
model_inference,onnxruntime,single_thread,1,False,769,1030167
model_inference,onnxruntime,single_thread,1,False,770,903166
model_inference,onnxruntime,single_thread,1,False,771,895292
model_inference,onnxruntime,single_thread,1,False,772,891500
model_inference,onnxruntime,single_thread,1,False,773,897000
model_inference,onnxruntime,single_thread,1,False,774,908958
model_inference,onnxruntime,single_thread,1,False,775,905333
model_inference,onnxruntime,single_thread,1,False,776,893459
model_inference,onnxruntime,single_thread,1,False,777,876084
model_inference,onnxruntime,single_thread,1,False,778,879250
model_inference,onnxruntime,single_thread,1,False,779,878125
model_inference,onnxruntime,single_thread,1,False,780,884750
model_inference,onnxruntime,single_thread,1,False,781,879084
model_inference,onnxruntime,single_thread,1,False,782,879916
model_inference,onnxruntime,single_thread,1,False,783,879875
model_inference,onnxruntime,single_thread,1,False,784,879875
model_inference,onnxruntime,single_thread,1,False,785,877291
model_inference,onnxruntime,single_thread,1,False,786,880416
model_inference,onnxruntime,single_thread,1,False,787,877833
model_inference,onnxruntime,single_thread,1,False,788,952000
model_inference,onnxruntime,single_thread,1,False,789,882541
model_inference,onnxruntime,single_thread,1,False,790,881083
model_inference,onnxruntime,single_thread,1,False,791,881167
model_inference,onnxruntime,single_thread,1,False,792,878834
model_inference,onnxruntime,single_thread,1,False,793,881750
model_inference,onnxruntime,single_thread,1,False,794,878083
model_inference,onnxruntime,single_thread,1,False,795,878708
model_inference,onnxruntime,single_thread,1,False,796,879709
model_inference,onnxruntime,single_thread,1,False,797,884083
model_inference,onnxruntime,single_thread,1,False,798,879000
model_inference,onnxruntime,single_thread,1,False,799,882500
model_inference,onnxruntime,single_thread,1,False,800,877333
model_inference,onnxruntime,single_thread,1,False,801,878209
model_inference,onnxruntime,single_thread,1,False,802,880333
model_inference,onnxruntime,single_thread,1,False,803,880958
model_inference,onnxruntime,single_thread,1,False,804,881042
model_inference,onnxruntime,single_thread,1,False,805,1009792
model_inference,onnxruntime,single_thread,1,False,806,885208
model_inference,onnxruntime,single_thread,1,False,807,878750
model_inference,onnxruntime,single_thread,1,False,808,875416
model_inference,onnxruntime,single_thread,1,False,809,878250
model_inference,onnxruntime,single_thread,1,False,810,879917
model_inference,onnxruntime,single_thread,1,False,811,883667
model_inference,onnxruntime,single_thread,1,False,812,876708
model_inference,onnxruntime,single_thread,1,False,813,879125
model_inference,onnxruntime,single_thread,1,False,814,877583
model_inference,onnxruntime,single_thread,1,False,815,882333
model_inference,onnxruntime,single_thread,1,False,816,877292
model_inference,onnxruntime,single_thread,1,False,817,882792
model_inference,onnxruntime,single_thread,1,False,818,879167
model_inference,onnxruntime,single_thread,1,False,819,876875
model_inference,onnxruntime,single_thread,1,False,820,878291
model_inference,onnxruntime,single_thread,1,False,821,880166
model_inference,onnxruntime,single_thread,1,False,822,882791
model_inference,onnxruntime,single_thread,1,False,823,879583
model_inference,onnxruntime,single_thread,1,False,824,877167
model_inference,onnxruntime,single_thread,1,False,825,984917
model_inference,onnxruntime,single_thread,1,False,826,920875
model_inference,onnxruntime,single_thread,1,False,827,895458
model_inference,onnxruntime,single_thread,1,False,828,890708
model_inference,onnxruntime,single_thread,1,False,829,889834
model_inference,onnxruntime,single_thread,1,False,830,889667
model_inference,onnxruntime,single_thread,1,False,831,889291
model_inference,onnxruntime,single_thread,1,False,832,888959
model_inference,onnxruntime,single_thread,1,False,833,892875
model_inference,onnxruntime,single_thread,1,False,834,886916
model_inference,onnxruntime,single_thread,1,False,835,882666
model_inference,onnxruntime,single_thread,1,False,836,884708
model_inference,onnxruntime,single_thread,1,False,837,885666
model_inference,onnxruntime,single_thread,1,False,838,888000
model_inference,onnxruntime,single_thread,1,False,839,887750
model_inference,onnxruntime,single_thread,1,False,840,882791
model_inference,onnxruntime,single_thread,1,False,841,887083
model_inference,onnxruntime,single_thread,1,False,842,879750
model_inference,onnxruntime,single_thread,1,False,843,886000
model_inference,onnxruntime,single_thread,1,False,844,988959
model_inference,onnxruntime,single_thread,1,False,845,910333
model_inference,onnxruntime,single_thread,1,False,846,895292
model_inference,onnxruntime,single_thread,1,False,847,889500
model_inference,onnxruntime,single_thread,1,False,848,885792
model_inference,onnxruntime,single_thread,1,False,849,887417
model_inference,onnxruntime,single_thread,1,False,850,882750
model_inference,onnxruntime,single_thread,1,False,851,884291
model_inference,onnxruntime,single_thread,1,False,852,882791
model_inference,onnxruntime,single_thread,1,False,853,895458
model_inference,onnxruntime,single_thread,1,False,854,895333
model_inference,onnxruntime,single_thread,1,False,855,892542
model_inference,onnxruntime,single_thread,1,False,856,888542
model_inference,onnxruntime,single_thread,1,False,857,888042
model_inference,onnxruntime,single_thread,1,False,858,886667
model_inference,onnxruntime,single_thread,1,False,859,880541
model_inference,onnxruntime,single_thread,1,False,860,885166
model_inference,onnxruntime,single_thread,1,False,861,884625
model_inference,onnxruntime,single_thread,1,False,862,991084
model_inference,onnxruntime,single_thread,1,False,863,1053208
model_inference,onnxruntime,single_thread,1,False,864,900875
model_inference,onnxruntime,single_thread,1,False,865,888375
model_inference,onnxruntime,single_thread,1,False,866,885166
model_inference,onnxruntime,single_thread,1,False,867,881791
model_inference,onnxruntime,single_thread,1,False,868,882334
model_inference,onnxruntime,single_thread,1,False,869,883000
model_inference,onnxruntime,single_thread,1,False,870,889833
model_inference,onnxruntime,single_thread,1,False,871,892167
model_inference,onnxruntime,single_thread,1,False,872,887958
model_inference,onnxruntime,single_thread,1,False,873,890291
model_inference,onnxruntime,single_thread,1,False,874,882916
model_inference,onnxruntime,single_thread,1,False,875,880958
model_inference,onnxruntime,single_thread,1,False,876,882084
model_inference,onnxruntime,single_thread,1,False,877,895250
model_inference,onnxruntime,single_thread,1,False,878,899833
model_inference,onnxruntime,single_thread,1,False,879,894333
model_inference,onnxruntime,single_thread,1,False,880,888292
model_inference,onnxruntime,single_thread,1,False,881,880042
model_inference,onnxruntime,single_thread,1,False,882,885750
model_inference,onnxruntime,single_thread,1,False,883,879750
model_inference,onnxruntime,single_thread,1,False,884,884416
model_inference,onnxruntime,single_thread,1,False,885,888625
model_inference,onnxruntime,single_thread,1,False,886,883000
model_inference,onnxruntime,single_thread,1,False,887,886125
model_inference,onnxruntime,single_thread,1,False,888,880708
model_inference,onnxruntime,single_thread,1,False,889,882958
model_inference,onnxruntime,single_thread,1,False,890,886125
model_inference,onnxruntime,single_thread,1,False,891,879458
model_inference,onnxruntime,single_thread,1,False,892,882417
model_inference,onnxruntime,single_thread,1,False,893,881167
model_inference,onnxruntime,single_thread,1,False,894,880709
model_inference,onnxruntime,single_thread,1,False,895,882208
model_inference,onnxruntime,single_thread,1,False,896,881459
model_inference,onnxruntime,single_thread,1,False,897,885083
model_inference,onnxruntime,single_thread,1,False,898,878500
model_inference,onnxruntime,single_thread,1,False,899,884583
model_inference,onnxruntime,single_thread,1,False,900,1155334
model_inference,onnxruntime,single_thread,1,False,901,911292
model_inference,onnxruntime,single_thread,1,False,902,884583
model_inference,onnxruntime,single_thread,1,False,903,890125
model_inference,onnxruntime,single_thread,1,False,904,885000
model_inference,onnxruntime,single_thread,1,False,905,880542
model_inference,onnxruntime,single_thread,1,False,906,886500
model_inference,onnxruntime,single_thread,1,False,907,886042
model_inference,onnxruntime,single_thread,1,False,908,880792
model_inference,onnxruntime,single_thread,1,False,909,883125
model_inference,onnxruntime,single_thread,1,False,910,884167
model_inference,onnxruntime,single_thread,1,False,911,885125
model_inference,onnxruntime,single_thread,1,False,912,887500
model_inference,onnxruntime,single_thread,1,False,913,884458
model_inference,onnxruntime,single_thread,1,False,914,882458
model_inference,onnxruntime,single_thread,1,False,915,882042
model_inference,onnxruntime,single_thread,1,False,916,882625
model_inference,onnxruntime,single_thread,1,False,917,884125
model_inference,onnxruntime,single_thread,1,False,918,978916
model_inference,onnxruntime,single_thread,1,False,919,884459
model_inference,onnxruntime,single_thread,1,False,920,881666
model_inference,onnxruntime,single_thread,1,False,921,885125
model_inference,onnxruntime,single_thread,1,False,922,886917
model_inference,onnxruntime,single_thread,1,False,923,881333
model_inference,onnxruntime,single_thread,1,False,924,882500
model_inference,onnxruntime,single_thread,1,False,925,885708
model_inference,onnxruntime,single_thread,1,False,926,899292
model_inference,onnxruntime,single_thread,1,False,927,898917
model_inference,onnxruntime,single_thread,1,False,928,894167
model_inference,onnxruntime,single_thread,1,False,929,889834
model_inference,onnxruntime,single_thread,1,False,930,887416
model_inference,onnxruntime,single_thread,1,False,931,877833
model_inference,onnxruntime,single_thread,1,False,932,880875
model_inference,onnxruntime,single_thread,1,False,933,885041
model_inference,onnxruntime,single_thread,1,False,934,881208
model_inference,onnxruntime,single_thread,1,False,935,879291
model_inference,onnxruntime,single_thread,1,False,936,888083
model_inference,onnxruntime,single_thread,1,False,937,1074334
model_inference,onnxruntime,single_thread,1,False,938,913334
model_inference,onnxruntime,single_thread,1,False,939,886250
model_inference,onnxruntime,single_thread,1,False,940,882792
model_inference,onnxruntime,single_thread,1,False,941,879292
model_inference,onnxruntime,single_thread,1,False,942,879375
model_inference,onnxruntime,single_thread,1,False,943,887666
model_inference,onnxruntime,single_thread,1,False,944,893209
model_inference,onnxruntime,single_thread,1,False,945,880792
model_inference,onnxruntime,single_thread,1,False,946,882084
model_inference,onnxruntime,single_thread,1,False,947,883958
model_inference,onnxruntime,single_thread,1,False,948,884583
model_inference,onnxruntime,single_thread,1,False,949,875875
model_inference,onnxruntime,single_thread,1,False,950,882708
model_inference,onnxruntime,single_thread,1,False,951,878250
model_inference,onnxruntime,single_thread,1,False,952,878875
model_inference,onnxruntime,single_thread,1,False,953,878791
model_inference,onnxruntime,single_thread,1,False,954,887125
model_inference,onnxruntime,single_thread,1,False,955,906625
model_inference,onnxruntime,single_thread,1,False,956,1088875
model_inference,onnxruntime,single_thread,1,False,957,899083
model_inference,onnxruntime,single_thread,1,False,958,877834
model_inference,onnxruntime,single_thread,1,False,959,890625
model_inference,onnxruntime,single_thread,1,False,960,884166
model_inference,onnxruntime,single_thread,1,False,961,884709
model_inference,onnxruntime,single_thread,1,False,962,882625
model_inference,onnxruntime,single_thread,1,False,963,879125
model_inference,onnxruntime,single_thread,1,False,964,885292
model_inference,onnxruntime,single_thread,1,False,965,879333
model_inference,onnxruntime,single_thread,1,False,966,878750
model_inference,onnxruntime,single_thread,1,False,967,885041
model_inference,onnxruntime,single_thread,1,False,968,884500
model_inference,onnxruntime,single_thread,1,False,969,879458
model_inference,onnxruntime,single_thread,1,False,970,877916
model_inference,onnxruntime,single_thread,1,False,971,881375
model_inference,onnxruntime,single_thread,1,False,972,881792
model_inference,onnxruntime,single_thread,1,False,973,878000
model_inference,onnxruntime,single_thread,1,False,974,984291
model_inference,onnxruntime,single_thread,1,False,975,904083
model_inference,onnxruntime,single_thread,1,False,976,887666
model_inference,onnxruntime,single_thread,1,False,977,881500
model_inference,onnxruntime,single_thread,1,False,978,882083
model_inference,onnxruntime,single_thread,1,False,979,879125
model_inference,onnxruntime,single_thread,1,False,980,877958
model_inference,onnxruntime,single_thread,1,False,981,883667
model_inference,onnxruntime,single_thread,1,False,982,881334
model_inference,onnxruntime,single_thread,1,False,983,879583
model_inference,onnxruntime,single_thread,1,False,984,879834
model_inference,onnxruntime,single_thread,1,False,985,881792
model_inference,onnxruntime,single_thread,1,False,986,883791
model_inference,onnxruntime,single_thread,1,False,987,880042
model_inference,onnxruntime,single_thread,1,False,988,884250
model_inference,onnxruntime,single_thread,1,False,989,885125
model_inference,onnxruntime,single_thread,1,False,990,877333
model_inference,onnxruntime,single_thread,1,False,991,882917
model_inference,onnxruntime,single_thread,1,False,992,1035834
model_inference,onnxruntime,single_thread,1,False,993,882625
model_inference,onnxruntime,single_thread,1,False,994,876583
model_inference,onnxruntime,single_thread,1,False,995,885708
model_inference,onnxruntime,single_thread,1,False,996,885333
model_inference,onnxruntime,single_thread,1,False,997,875917
model_inference,onnxruntime,single_thread,1,False,998,879500
model_inference,onnxruntime,single_thread,1,False,999,880125
model_inference,pytorch,runtime_default,4,False,0,873791
model_inference,pytorch,runtime_default,4,False,1,902250
model_inference,pytorch,runtime_default,4,False,2,839583
model_inference,pytorch,runtime_default,4,False,3,838458
model_inference,pytorch,runtime_default,4,False,4,660958
model_inference,pytorch,runtime_default,4,False,5,745291
model_inference,pytorch,runtime_default,4,False,6,892708
model_inference,pytorch,runtime_default,4,False,7,865000
model_inference,pytorch,runtime_default,4,False,8,884792
model_inference,pytorch,runtime_default,4,False,9,847125
model_inference,pytorch,runtime_default,4,False,10,777375
model_inference,pytorch,runtime_default,4,False,11,899416
model_inference,pytorch,runtime_default,4,False,12,723917
model_inference,pytorch,runtime_default,4,False,13,659709
model_inference,pytorch,runtime_default,4,False,14,719708
model_inference,pytorch,runtime_default,4,False,15,1095917
model_inference,pytorch,runtime_default,4,False,16,890959
model_inference,pytorch,runtime_default,4,False,17,876917
model_inference,pytorch,runtime_default,4,False,18,813334
model_inference,pytorch,runtime_default,4,False,19,773250
model_inference,pytorch,runtime_default,4,False,20,743334
model_inference,pytorch,runtime_default,4,False,21,657458
model_inference,pytorch,runtime_default,4,False,22,645209
model_inference,pytorch,runtime_default,4,False,23,645375
model_inference,pytorch,runtime_default,4,False,24,706250
model_inference,pytorch,runtime_default,4,False,25,644000
model_inference,pytorch,runtime_default,4,False,26,801334
model_inference,pytorch,runtime_default,4,False,27,798208
model_inference,pytorch,runtime_default,4,False,28,855208
model_inference,pytorch,runtime_default,4,False,29,844667
model_inference,pytorch,runtime_default,4,False,30,924584
model_inference,pytorch,runtime_default,4,False,31,786167
model_inference,pytorch,runtime_default,4,False,32,881709
model_inference,pytorch,runtime_default,4,False,33,848750
model_inference,pytorch,runtime_default,4,False,34,899000
model_inference,pytorch,runtime_default,4,False,35,929291
model_inference,pytorch,runtime_default,4,False,36,838041
model_inference,pytorch,runtime_default,4,False,37,1186250
model_inference,pytorch,runtime_default,4,False,38,935709
model_inference,pytorch,runtime_default,4,False,39,850250
model_inference,pytorch,runtime_default,4,False,40,695625
model_inference,pytorch,runtime_default,4,False,41,693500
model_inference,pytorch,runtime_default,4,False,42,711750
model_inference,pytorch,runtime_default,4,False,43,705250
model_inference,pytorch,runtime_default,4,False,44,669167
model_inference,pytorch,runtime_default,4,False,45,635000
model_inference,pytorch,runtime_default,4,False,46,798083
model_inference,pytorch,runtime_default,4,False,47,843417
model_inference,pytorch,runtime_default,4,False,48,847791
model_inference,pytorch,runtime_default,4,False,49,827625
model_inference,pytorch,runtime_default,4,False,50,811667
model_inference,pytorch,runtime_default,4,False,51,779584
model_inference,pytorch,runtime_default,4,False,52,835709
model_inference,pytorch,runtime_default,4,False,53,700459
model_inference,pytorch,runtime_default,4,False,54,719791
model_inference,pytorch,runtime_default,4,False,55,788750
model_inference,pytorch,runtime_default,4,False,56,830791
model_inference,pytorch,runtime_default,4,False,57,811959
model_inference,pytorch,runtime_default,4,False,58,1048542
model_inference,pytorch,runtime_default,4,False,59,814958
model_inference,pytorch,runtime_default,4,False,60,604667
model_inference,pytorch,runtime_default,4,False,61,629709
model_inference,pytorch,runtime_default,4,False,62,598708
model_inference,pytorch,runtime_default,4,False,63,578208
model_inference,pytorch,runtime_default,4,False,64,614416
model_inference,pytorch,runtime_default,4,False,65,745709
model_inference,pytorch,runtime_default,4,False,66,878083
model_inference,pytorch,runtime_default,4,False,67,883000
model_inference,pytorch,runtime_default,4,False,68,856667
model_inference,pytorch,runtime_default,4,False,69,857708
model_inference,pytorch,runtime_default,4,False,70,669375
model_inference,pytorch,runtime_default,4,False,71,864833
model_inference,pytorch,runtime_default,4,False,72,788125
model_inference,pytorch,runtime_default,4,False,73,724209
model_inference,pytorch,runtime_default,4,False,74,871500
model_inference,pytorch,runtime_default,4,False,75,847959
model_inference,pytorch,runtime_default,4,False,76,860250
model_inference,pytorch,runtime_default,4,False,77,859083
model_inference,pytorch,runtime_default,4,False,78,1011125
model_inference,pytorch,runtime_default,4,False,79,883416
model_inference,pytorch,runtime_default,4,False,80,735208
model_inference,pytorch,runtime_default,4,False,81,693666
model_inference,pytorch,runtime_default,4,False,82,827584
model_inference,pytorch,runtime_default,4,False,83,887500
model_inference,pytorch,runtime_default,4,False,84,846625
model_inference,pytorch,runtime_default,4,False,85,839541
model_inference,pytorch,runtime_default,4,False,86,865416
model_inference,pytorch,runtime_default,4,False,87,848625
model_inference,pytorch,runtime_default,4,False,88,846125
model_inference,pytorch,runtime_default,4,False,89,672750
model_inference,pytorch,runtime_default,4,False,90,642917
model_inference,pytorch,runtime_default,4,False,91,645416
model_inference,pytorch,runtime_default,4,False,92,688292
model_inference,pytorch,runtime_default,4,False,93,676791
model_inference,pytorch,runtime_default,4,False,94,736792
model_inference,pytorch,runtime_default,4,False,95,860875
model_inference,pytorch,runtime_default,4,False,96,875583
model_inference,pytorch,runtime_default,4,False,97,874666
model_inference,pytorch,runtime_default,4,False,98,776292
model_inference,pytorch,runtime_default,4,False,99,727417
model_inference,pytorch,runtime_default,4,False,100,1115458
model_inference,pytorch,runtime_default,4,False,101,654375
model_inference,pytorch,runtime_default,4,False,102,716000
model_inference,pytorch,runtime_default,4,False,103,814333
model_inference,pytorch,runtime_default,4,False,104,909917
model_inference,pytorch,runtime_default,4,False,105,907583
model_inference,pytorch,runtime_default,4,False,106,834084
model_inference,pytorch,runtime_default,4,False,107,837416
model_inference,pytorch,runtime_default,4,False,108,829500
model_inference,pytorch,runtime_default,4,False,109,652041
model_inference,pytorch,runtime_default,4,False,110,642625
model_inference,pytorch,runtime_default,4,False,111,635667
model_inference,pytorch,runtime_default,4,False,112,669625
model_inference,pytorch,runtime_default,4,False,113,676041
model_inference,pytorch,runtime_default,4,False,114,742125
model_inference,pytorch,runtime_default,4,False,115,872833
model_inference,pytorch,runtime_default,4,False,116,893584
model_inference,pytorch,runtime_default,4,False,117,826167
model_inference,pytorch,runtime_default,4,False,118,829459
model_inference,pytorch,runtime_default,4,False,119,650750
model_inference,pytorch,runtime_default,4,False,120,898125
model_inference,pytorch,runtime_default,4,False,121,915250
model_inference,pytorch,runtime_default,4,False,122,722708
model_inference,pytorch,runtime_default,4,False,123,825584
model_inference,pytorch,runtime_default,4,False,124,850167
model_inference,pytorch,runtime_default,4,False,125,859625
model_inference,pytorch,runtime_default,4,False,126,894458
model_inference,pytorch,runtime_default,4,False,127,839125
model_inference,pytorch,runtime_default,4,False,128,780125
model_inference,pytorch,runtime_default,4,False,129,902583
model_inference,pytorch,runtime_default,4,False,130,649583
model_inference,pytorch,runtime_default,4,False,131,705292
model_inference,pytorch,runtime_default,4,False,132,775208
model_inference,pytorch,runtime_default,4,False,133,875417
model_inference,pytorch,runtime_default,4,False,134,834916
model_inference,pytorch,runtime_default,4,False,135,860209
model_inference,pytorch,runtime_default,4,False,136,839375
model_inference,pytorch,runtime_default,4,False,137,873291
model_inference,pytorch,runtime_default,4,False,138,833959
model_inference,pytorch,runtime_default,4,False,139,649083
model_inference,pytorch,runtime_default,4,False,140,706917
model_inference,pytorch,runtime_default,4,False,141,737333
model_inference,pytorch,runtime_default,4,False,142,1200125
model_inference,pytorch,runtime_default,4,False,143,884584
model_inference,pytorch,runtime_default,4,False,144,863750
model_inference,pytorch,runtime_default,4,False,145,867042
model_inference,pytorch,runtime_default,4,False,146,793917
model_inference,pytorch,runtime_default,4,False,147,668542
model_inference,pytorch,runtime_default,4,False,148,650458
model_inference,pytorch,runtime_default,4,False,149,642709
model_inference,pytorch,runtime_default,4,False,150,698750
model_inference,pytorch,runtime_default,4,False,151,652042
model_inference,pytorch,runtime_default,4,False,152,775083
model_inference,pytorch,runtime_default,4,False,153,855584
model_inference,pytorch,runtime_default,4,False,154,841792
model_inference,pytorch,runtime_default,4,False,155,875875
model_inference,pytorch,runtime_default,4,False,156,835625
model_inference,pytorch,runtime_default,4,False,157,811750
model_inference,pytorch,runtime_default,4,False,158,876000
model_inference,pytorch,runtime_default,4,False,159,652459
model_inference,pytorch,runtime_default,4,False,160,738500
model_inference,pytorch,runtime_default,4,False,161,793666
model_inference,pytorch,runtime_default,4,False,162,1109792
model_inference,pytorch,runtime_default,4,False,163,940541
model_inference,pytorch,runtime_default,4,False,164,871625
model_inference,pytorch,runtime_default,4,False,165,874041
model_inference,pytorch,runtime_default,4,False,166,839167
model_inference,pytorch,runtime_default,4,False,167,738917
model_inference,pytorch,runtime_default,4,False,168,876750
model_inference,pytorch,runtime_default,4,False,169,679250
model_inference,pytorch,runtime_default,4,False,170,716750
model_inference,pytorch,runtime_default,4,False,171,695166
model_inference,pytorch,runtime_default,4,False,172,869625
model_inference,pytorch,runtime_default,4,False,173,835083
model_inference,pytorch,runtime_default,4,False,174,861875
model_inference,pytorch,runtime_default,4,False,175,868792
model_inference,pytorch,runtime_default,4,False,176,870250
model_inference,pytorch,runtime_default,4,False,177,731875
model_inference,pytorch,runtime_default,4,False,178,656500
model_inference,pytorch,runtime_default,4,False,179,648500
model_inference,pytorch,runtime_default,4,False,180,642791
model_inference,pytorch,runtime_default,4,False,181,700917
model_inference,pytorch,runtime_default,4,False,182,658167
model_inference,pytorch,runtime_default,4,False,183,930167
model_inference,pytorch,runtime_default,4,False,184,973750
model_inference,pytorch,runtime_default,4,False,185,870792
model_inference,pytorch,runtime_default,4,False,186,832500
model_inference,pytorch,runtime_default,4,False,187,763500
model_inference,pytorch,runtime_default,4,False,188,775250
model_inference,pytorch,runtime_default,4,False,189,843250
model_inference,pytorch,runtime_default,4,False,190,631625
model_inference,pytorch,runtime_default,4,False,191,705958
model_inference,pytorch,runtime_default,4,False,192,758500
model_inference,pytorch,runtime_default,4,False,193,856125
model_inference,pytorch,runtime_default,4,False,194,890917
model_inference,pytorch,runtime_default,4,False,195,800000
model_inference,pytorch,runtime_default,4,False,196,847625
model_inference,pytorch,runtime_default,4,False,197,871209
model_inference,pytorch,runtime_default,4,False,198,679667
model_inference,pytorch,runtime_default,4,False,199,656208
model_inference,pytorch,runtime_default,4,False,200,631041
model_inference,pytorch,runtime_default,4,False,201,669416
model_inference,pytorch,runtime_default,4,False,202,662125
model_inference,pytorch,runtime_default,4,False,203,773542
model_inference,pytorch,runtime_default,4,False,204,870041
model_inference,pytorch,runtime_default,4,False,205,996709
model_inference,pytorch,runtime_default,4,False,206,789958
model_inference,pytorch,runtime_default,4,False,207,874083
model_inference,pytorch,runtime_default,4,False,208,654375
model_inference,pytorch,runtime_default,4,False,209,893875
model_inference,pytorch,runtime_default,4,False,210,715125
model_inference,pytorch,runtime_default,4,False,211,654166
model_inference,pytorch,runtime_default,4,False,212,663083
model_inference,pytorch,runtime_default,4,False,213,869417
model_inference,pytorch,runtime_default,4,False,214,883875
model_inference,pytorch,runtime_default,4,False,215,796542
model_inference,pytorch,runtime_default,4,False,216,840625
model_inference,pytorch,runtime_default,4,False,217,871125
model_inference,pytorch,runtime_default,4,False,218,788166
model_inference,pytorch,runtime_default,4,False,219,647834
model_inference,pytorch,runtime_default,4,False,220,650625
model_inference,pytorch,runtime_default,4,False,221,634541
model_inference,pytorch,runtime_default,4,False,222,690125
model_inference,pytorch,runtime_default,4,False,223,645875
model_inference,pytorch,runtime_default,4,False,224,801417
model_inference,pytorch,runtime_default,4,False,225,864167
model_inference,pytorch,runtime_default,4,False,226,980500
model_inference,pytorch,runtime_default,4,False,227,839750
model_inference,pytorch,runtime_default,4,False,228,828958
model_inference,pytorch,runtime_default,4,False,229,845833
model_inference,pytorch,runtime_default,4,False,230,801708
model_inference,pytorch,runtime_default,4,False,231,642000
model_inference,pytorch,runtime_default,4,False,232,746167
model_inference,pytorch,runtime_default,4,False,233,879834
model_inference,pytorch,runtime_default,4,False,234,850041
model_inference,pytorch,runtime_default,4,False,235,881500
model_inference,pytorch,runtime_default,4,False,236,844042
model_inference,pytorch,runtime_default,4,False,237,826875
model_inference,pytorch,runtime_default,4,False,238,760666
model_inference,pytorch,runtime_default,4,False,239,663291
model_inference,pytorch,runtime_default,4,False,240,648917
model_inference,pytorch,runtime_default,4,False,241,640750
model_inference,pytorch,runtime_default,4,False,242,659667
model_inference,pytorch,runtime_default,4,False,243,642250
model_inference,pytorch,runtime_default,4,False,244,791000
model_inference,pytorch,runtime_default,4,False,245,860083
model_inference,pytorch,runtime_default,4,False,246,880000
model_inference,pytorch,runtime_default,4,False,247,1019917
model_inference,pytorch,runtime_default,4,False,248,892958
model_inference,pytorch,runtime_default,4,False,249,786166
model_inference,pytorch,runtime_default,4,False,250,792625
model_inference,pytorch,runtime_default,4,False,251,632042
model_inference,pytorch,runtime_default,4,False,252,717958
model_inference,pytorch,runtime_default,4,False,253,859917
model_inference,pytorch,runtime_default,4,False,254,924083
model_inference,pytorch,runtime_default,4,False,255,930708
model_inference,pytorch,runtime_default,4,False,256,935875
model_inference,pytorch,runtime_default,4,False,257,902708
model_inference,pytorch,runtime_default,4,False,258,832334
model_inference,pytorch,runtime_default,4,False,259,877791
model_inference,pytorch,runtime_default,4,False,260,864875
model_inference,pytorch,runtime_default,4,False,261,689417
model_inference,pytorch,runtime_default,4,False,262,891833
model_inference,pytorch,runtime_default,4,False,263,901500
model_inference,pytorch,runtime_default,4,False,264,855083
model_inference,pytorch,runtime_default,4,False,265,888750
model_inference,pytorch,runtime_default,4,False,266,888000
model_inference,pytorch,runtime_default,4,False,267,1123916
model_inference,pytorch,runtime_default,4,False,268,700667
model_inference,pytorch,runtime_default,4,False,269,695583
model_inference,pytorch,runtime_default,4,False,270,687541
model_inference,pytorch,runtime_default,4,False,271,751584
model_inference,pytorch,runtime_default,4,False,272,720667
model_inference,pytorch,runtime_default,4,False,273,928667
model_inference,pytorch,runtime_default,4,False,274,901125
model_inference,pytorch,runtime_default,4,False,275,929458
model_inference,pytorch,runtime_default,4,False,276,857917
model_inference,pytorch,runtime_default,4,False,277,765416
model_inference,pytorch,runtime_default,4,False,278,838666
model_inference,pytorch,runtime_default,4,False,279,894333
model_inference,pytorch,runtime_default,4,False,280,889459
model_inference,pytorch,runtime_default,4,False,281,762500
model_inference,pytorch,runtime_default,4,False,282,889291
model_inference,pytorch,runtime_default,4,False,283,921125
model_inference,pytorch,runtime_default,4,False,284,896542
model_inference,pytorch,runtime_default,4,False,285,927792
model_inference,pytorch,runtime_default,4,False,286,868666
model_inference,pytorch,runtime_default,4,False,287,1004375
model_inference,pytorch,runtime_default,4,False,288,690667
model_inference,pytorch,runtime_default,4,False,289,684209
model_inference,pytorch,runtime_default,4,False,290,765042
model_inference,pytorch,runtime_default,4,False,291,705166
model_inference,pytorch,runtime_default,4,False,292,842750
model_inference,pytorch,runtime_default,4,False,293,831334
model_inference,pytorch,runtime_default,4,False,294,850167
model_inference,pytorch,runtime_default,4,False,295,850583
model_inference,pytorch,runtime_default,4,False,296,869208
model_inference,pytorch,runtime_default,4,False,297,739000
model_inference,pytorch,runtime_default,4,False,298,850542
model_inference,pytorch,runtime_default,4,False,299,724292
model_inference,pytorch,runtime_default,4,False,300,781209
model_inference,pytorch,runtime_default,4,False,301,865916
model_inference,pytorch,runtime_default,4,False,302,904041
model_inference,pytorch,runtime_default,4,False,303,827084
model_inference,pytorch,runtime_default,4,False,304,879375
model_inference,pytorch,runtime_default,4,False,305,840458
model_inference,pytorch,runtime_default,4,False,306,750000
model_inference,pytorch,runtime_default,4,False,307,998667
model_inference,pytorch,runtime_default,4,False,308,872417
model_inference,pytorch,runtime_default,4,False,309,906500
model_inference,pytorch,runtime_default,4,False,310,1107417
model_inference,pytorch,runtime_default,4,False,311,953583
model_inference,pytorch,runtime_default,4,False,312,748375
model_inference,pytorch,runtime_default,4,False,313,691291
model_inference,pytorch,runtime_default,4,False,314,721750
model_inference,pytorch,runtime_default,4,False,315,688709
model_inference,pytorch,runtime_default,4,False,316,715625
model_inference,pytorch,runtime_default,4,False,317,882958
model_inference,pytorch,runtime_default,4,False,318,899334
model_inference,pytorch,runtime_default,4,False,319,879542
model_inference,pytorch,runtime_default,4,False,320,868666
model_inference,pytorch,runtime_default,4,False,321,875875
model_inference,pytorch,runtime_default,4,False,322,707250
model_inference,pytorch,runtime_default,4,False,323,866875
model_inference,pytorch,runtime_default,4,False,324,707666
model_inference,pytorch,runtime_default,4,False,325,710666
model_inference,pytorch,runtime_default,4,False,326,675917
model_inference,pytorch,runtime_default,4,False,327,1329167
model_inference,pytorch,runtime_default,4,False,328,1208917
model_inference,pytorch,runtime_default,4,False,329,922667
model_inference,pytorch,runtime_default,4,False,330,929000
model_inference,pytorch,runtime_default,4,False,331,866541
model_inference,pytorch,runtime_default,4,False,332,871542
model_inference,pytorch,runtime_default,4,False,333,770916
model_inference,pytorch,runtime_default,4,False,334,681667
model_inference,pytorch,runtime_default,4,False,335,733125
model_inference,pytorch,runtime_default,4,False,336,885958
model_inference,pytorch,runtime_default,4,False,337,866375
model_inference,pytorch,runtime_default,4,False,338,859167
model_inference,pytorch,runtime_default,4,False,339,877750
model_inference,pytorch,runtime_default,4,False,340,887792
model_inference,pytorch,runtime_default,4,False,341,774541
model_inference,pytorch,runtime_default,4,False,342,697292
model_inference,pytorch,runtime_default,4,False,343,674250
model_inference,pytorch,runtime_default,4,False,344,666167
model_inference,pytorch,runtime_default,4,False,345,669750
model_inference,pytorch,runtime_default,4,False,346,734459
model_inference,pytorch,runtime_default,4,False,347,904500
model_inference,pytorch,runtime_default,4,False,348,950292
model_inference,pytorch,runtime_default,4,False,349,890750
model_inference,pytorch,runtime_default,4,False,350,855458
model_inference,pytorch,runtime_default,4,False,351,881417
model_inference,pytorch,runtime_default,4,False,352,866792
model_inference,pytorch,runtime_default,4,False,353,754542
model_inference,pytorch,runtime_default,4,False,354,856708
model_inference,pytorch,runtime_default,4,False,355,681750
model_inference,pytorch,runtime_default,4,False,356,733708
model_inference,pytorch,runtime_default,4,False,357,767625
model_inference,pytorch,runtime_default,4,False,358,843000
model_inference,pytorch,runtime_default,4,False,359,895500
model_inference,pytorch,runtime_default,4,False,360,860625
model_inference,pytorch,runtime_default,4,False,361,858792
model_inference,pytorch,runtime_default,4,False,362,882792
model_inference,pytorch,runtime_default,4,False,363,867834
model_inference,pytorch,runtime_default,4,False,364,670417
model_inference,pytorch,runtime_default,4,False,365,714000
model_inference,pytorch,runtime_default,4,False,366,753042
model_inference,pytorch,runtime_default,4,False,367,1203250
model_inference,pytorch,runtime_default,4,False,368,904708
model_inference,pytorch,runtime_default,4,False,369,846834
model_inference,pytorch,runtime_default,4,False,370,857666
model_inference,pytorch,runtime_default,4,False,371,857167
model_inference,pytorch,runtime_default,4,False,372,792000
model_inference,pytorch,runtime_default,4,False,373,681250
model_inference,pytorch,runtime_default,4,False,374,727917
model_inference,pytorch,runtime_default,4,False,375,711791
model_inference,pytorch,runtime_default,4,False,376,709875
model_inference,pytorch,runtime_default,4,False,377,680416
model_inference,pytorch,runtime_default,4,False,378,703292
model_inference,pytorch,runtime_default,4,False,379,846000
model_inference,pytorch,runtime_default,4,False,380,896333
model_inference,pytorch,runtime_default,4,False,381,855000
model_inference,pytorch,runtime_default,4,False,382,906625
model_inference,pytorch,runtime_default,4,False,383,778333
model_inference,pytorch,runtime_default,4,False,384,809208
model_inference,pytorch,runtime_default,4,False,385,881250
model_inference,pytorch,runtime_default,4,False,386,681917
model_inference,pytorch,runtime_default,4,False,387,712208
model_inference,pytorch,runtime_default,4,False,388,1107791
model_inference,pytorch,runtime_default,4,False,389,887917
model_inference,pytorch,runtime_default,4,False,390,884917
model_inference,pytorch,runtime_default,4,False,391,868292
model_inference,pytorch,runtime_default,4,False,392,859875
model_inference,pytorch,runtime_default,4,False,393,864208
model_inference,pytorch,runtime_default,4,False,394,826375
model_inference,pytorch,runtime_default,4,False,395,675208
model_inference,pytorch,runtime_default,4,False,396,794291
model_inference,pytorch,runtime_default,4,False,397,846375
model_inference,pytorch,runtime_default,4,False,398,837708
model_inference,pytorch,runtime_default,4,False,399,831000
model_inference,pytorch,runtime_default,4,False,400,887541
model_inference,pytorch,runtime_default,4,False,401,843292
model_inference,pytorch,runtime_default,4,False,402,876625
model_inference,pytorch,runtime_default,4,False,403,688792
model_inference,pytorch,runtime_default,4,False,404,685125
model_inference,pytorch,runtime_default,4,False,405,672792
model_inference,pytorch,runtime_default,4,False,406,675417
model_inference,pytorch,runtime_default,4,False,407,701500
model_inference,pytorch,runtime_default,4,False,408,956542
model_inference,pytorch,runtime_default,4,False,409,965708
model_inference,pytorch,runtime_default,4,False,410,841584
model_inference,pytorch,runtime_default,4,False,411,824041
model_inference,pytorch,runtime_default,4,False,412,894500
model_inference,pytorch,runtime_default,4,False,413,726500
model_inference,pytorch,runtime_default,4,False,414,872917
model_inference,pytorch,runtime_default,4,False,415,679167
model_inference,pytorch,runtime_default,4,False,416,701209
model_inference,pytorch,runtime_default,4,False,417,786083
model_inference,pytorch,runtime_default,4,False,418,859292
model_inference,pytorch,runtime_default,4,False,419,892292
model_inference,pytorch,runtime_default,4,False,420,838500
model_inference,pytorch,runtime_default,4,False,421,890041
model_inference,pytorch,runtime_default,4,False,422,865209
model_inference,pytorch,runtime_default,4,False,423,851583
model_inference,pytorch,runtime_default,4,False,424,836125
model_inference,pytorch,runtime_default,4,False,425,804625
model_inference,pytorch,runtime_default,4,False,426,835959
model_inference,pytorch,runtime_default,4,False,427,870125
model_inference,pytorch,runtime_default,4,False,428,1186542
model_inference,pytorch,runtime_default,4,False,429,843209
model_inference,pytorch,runtime_default,4,False,430,832834
model_inference,pytorch,runtime_default,4,False,431,836792
model_inference,pytorch,runtime_default,4,False,432,713000
model_inference,pytorch,runtime_default,4,False,433,647000
model_inference,pytorch,runtime_default,4,False,434,724458
model_inference,pytorch,runtime_default,4,False,435,890042
model_inference,pytorch,runtime_default,4,False,436,808750
model_inference,pytorch,runtime_default,4,False,437,807375
model_inference,pytorch,runtime_default,4,False,438,822667
model_inference,pytorch,runtime_default,4,False,439,837000
model_inference,pytorch,runtime_default,4,False,440,731792
model_inference,pytorch,runtime_default,4,False,441,656791
model_inference,pytorch,runtime_default,4,False,442,637917
model_inference,pytorch,runtime_default,4,False,443,651166
model_inference,pytorch,runtime_default,4,False,444,749583
model_inference,pytorch,runtime_default,4,False,445,667959
model_inference,pytorch,runtime_default,4,False,446,863458
model_inference,pytorch,runtime_default,4,False,447,821333
model_inference,pytorch,runtime_default,4,False,448,836292
model_inference,pytorch,runtime_default,4,False,449,1129500
model_inference,pytorch,runtime_default,4,False,450,831125
model_inference,pytorch,runtime_default,4,False,451,770667
model_inference,pytorch,runtime_default,4,False,452,849166
model_inference,pytorch,runtime_default,4,False,453,676708
model_inference,pytorch,runtime_default,4,False,454,746208
model_inference,pytorch,runtime_default,4,False,455,864334
model_inference,pytorch,runtime_default,4,False,456,875458
model_inference,pytorch,runtime_default,4,False,457,872625
model_inference,pytorch,runtime_default,4,False,458,851292
model_inference,pytorch,runtime_default,4,False,459,886792
model_inference,pytorch,runtime_default,4,False,460,873041
model_inference,pytorch,runtime_default,4,False,461,832750
model_inference,pytorch,runtime_default,4,False,462,863542
model_inference,pytorch,runtime_default,4,False,463,739334
model_inference,pytorch,runtime_default,4,False,464,885708
model_inference,pytorch,runtime_default,4,False,465,851292
model_inference,pytorch,runtime_default,4,False,466,825708
model_inference,pytorch,runtime_default,4,False,467,869083
model_inference,pytorch,runtime_default,4,False,468,864291
model_inference,pytorch,runtime_default,4,False,469,1107042
model_inference,pytorch,runtime_default,4,False,470,808125
model_inference,pytorch,runtime_default,4,False,471,767709
model_inference,pytorch,runtime_default,4,False,472,861209
model_inference,pytorch,runtime_default,4,False,473,898792
model_inference,pytorch,runtime_default,4,False,474,841834
model_inference,pytorch,runtime_default,4,False,475,863709
model_inference,pytorch,runtime_default,4,False,476,884250
model_inference,pytorch,runtime_default,4,False,477,840792
model_inference,pytorch,runtime_default,4,False,478,892542
model_inference,pytorch,runtime_default,4,False,479,767792
model_inference,pytorch,runtime_default,4,False,480,838292
model_inference,pytorch,runtime_default,4,False,481,724333
model_inference,pytorch,runtime_default,4,False,482,902125
model_inference,pytorch,runtime_default,4,False,483,846208
model_inference,pytorch,runtime_default,4,False,484,835542
model_inference,pytorch,runtime_default,4,False,485,816667
model_inference,pytorch,runtime_default,4,False,486,896458
model_inference,pytorch,runtime_default,4,False,487,788666
model_inference,pytorch,runtime_default,4,False,488,1073417
model_inference,pytorch,runtime_default,4,False,489,875417
model_inference,pytorch,runtime_default,4,False,490,680084
model_inference,pytorch,runtime_default,4,False,491,849041
model_inference,pytorch,runtime_default,4,False,492,813750
model_inference,pytorch,runtime_default,4,False,493,786667
model_inference,pytorch,runtime_default,4,False,494,820625
model_inference,pytorch,runtime_default,4,False,495,836833
model_inference,pytorch,runtime_default,4,False,496,862083
model_inference,pytorch,runtime_default,4,False,497,709250
model_inference,pytorch,runtime_default,4,False,498,679208
model_inference,pytorch,runtime_default,4,False,499,783667
model_inference,pytorch,runtime_default,4,False,500,849875
model_inference,pytorch,runtime_default,4,False,501,822667
model_inference,pytorch,runtime_default,4,False,502,855792
model_inference,pytorch,runtime_default,4,False,503,876584
model_inference,pytorch,runtime_default,4,False,504,903583
model_inference,pytorch,runtime_default,4,False,505,873916
model_inference,pytorch,runtime_default,4,False,506,677333
model_inference,pytorch,runtime_default,4,False,507,761167
model_inference,pytorch,runtime_default,4,False,508,835542
model_inference,pytorch,runtime_default,4,False,509,1234750
model_inference,pytorch,runtime_default,4,False,510,846583
model_inference,pytorch,runtime_default,4,False,511,887250
model_inference,pytorch,runtime_default,4,False,512,865750
model_inference,pytorch,runtime_default,4,False,513,754834
model_inference,pytorch,runtime_default,4,False,514,863708
model_inference,pytorch,runtime_default,4,False,515,738875
model_inference,pytorch,runtime_default,4,False,516,740750
model_inference,pytorch,runtime_default,4,False,517,968750
model_inference,pytorch,runtime_default,4,False,518,858625
model_inference,pytorch,runtime_default,4,False,519,863792
model_inference,pytorch,runtime_default,4,False,520,825500
model_inference,pytorch,runtime_default,4,False,521,864458
model_inference,pytorch,runtime_default,4,False,522,883292
model_inference,pytorch,runtime_default,4,False,523,824000
model_inference,pytorch,runtime_default,4,False,524,673958
model_inference,pytorch,runtime_default,4,False,525,724292
model_inference,pytorch,runtime_default,4,False,526,792750
model_inference,pytorch,runtime_default,4,False,527,870041
model_inference,pytorch,runtime_default,4,False,528,1149583
model_inference,pytorch,runtime_default,4,False,529,952416
model_inference,pytorch,runtime_default,4,False,530,879583
model_inference,pytorch,runtime_default,4,False,531,885333
model_inference,pytorch,runtime_default,4,False,532,770083
model_inference,pytorch,runtime_default,4,False,533,648792
model_inference,pytorch,runtime_default,4,False,534,727583
model_inference,pytorch,runtime_default,4,False,535,831000
model_inference,pytorch,runtime_default,4,False,536,801875
model_inference,pytorch,runtime_default,4,False,537,811958
model_inference,pytorch,runtime_default,4,False,538,793917
model_inference,pytorch,runtime_default,4,False,539,805792
model_inference,pytorch,runtime_default,4,False,540,843792
model_inference,pytorch,runtime_default,4,False,541,801625
model_inference,pytorch,runtime_default,4,False,542,724750
model_inference,pytorch,runtime_default,4,False,543,803333
model_inference,pytorch,runtime_default,4,False,544,818958
model_inference,pytorch,runtime_default,4,False,545,820708
model_inference,pytorch,runtime_default,4,False,546,832333
model_inference,pytorch,runtime_default,4,False,547,856834
model_inference,pytorch,runtime_default,4,False,548,1097042
model_inference,pytorch,runtime_default,4,False,549,886083
model_inference,pytorch,runtime_default,4,False,550,680500
model_inference,pytorch,runtime_default,4,False,551,745708
model_inference,pytorch,runtime_default,4,False,552,887250
model_inference,pytorch,runtime_default,4,False,553,880791
model_inference,pytorch,runtime_default,4,False,554,838125
model_inference,pytorch,runtime_default,4,False,555,857083
model_inference,pytorch,runtime_default,4,False,556,855167
model_inference,pytorch,runtime_default,4,False,557,825959
model_inference,pytorch,runtime_default,4,False,558,911458
model_inference,pytorch,runtime_default,4,False,559,680250
model_inference,pytorch,runtime_default,4,False,560,739709
model_inference,pytorch,runtime_default,4,False,561,837625
model_inference,pytorch,runtime_default,4,False,562,871625
model_inference,pytorch,runtime_default,4,False,563,851292
model_inference,pytorch,runtime_default,4,False,564,868833
model_inference,pytorch,runtime_default,4,False,565,836458
model_inference,pytorch,runtime_default,4,False,566,889709
model_inference,pytorch,runtime_default,4,False,567,813500
model_inference,pytorch,runtime_default,4,False,568,915042
model_inference,pytorch,runtime_default,4,False,569,851541
model_inference,pytorch,runtime_default,4,False,570,866250
model_inference,pytorch,runtime_default,4,False,571,876542
model_inference,pytorch,runtime_default,4,False,572,894792
model_inference,pytorch,runtime_default,4,False,573,868583
model_inference,pytorch,runtime_default,4,False,574,857041
model_inference,pytorch,runtime_default,4,False,575,869750
model_inference,pytorch,runtime_default,4,False,576,721667
model_inference,pytorch,runtime_default,4,False,577,655459
model_inference,pytorch,runtime_default,4,False,578,719417
model_inference,pytorch,runtime_default,4,False,579,796083
model_inference,pytorch,runtime_default,4,False,580,828625
model_inference,pytorch,runtime_default,4,False,581,810417
model_inference,pytorch,runtime_default,4,False,582,837458
model_inference,pytorch,runtime_default,4,False,583,770584
model_inference,pytorch,runtime_default,4,False,584,829375
model_inference,pytorch,runtime_default,4,False,585,721292
model_inference,pytorch,runtime_default,4,False,586,639333
model_inference,pytorch,runtime_default,4,False,587,731125
model_inference,pytorch,runtime_default,4,False,588,857708
model_inference,pytorch,runtime_default,4,False,589,1109291
model_inference,pytorch,runtime_default,4,False,590,866708
model_inference,pytorch,runtime_default,4,False,591,865791
model_inference,pytorch,runtime_default,4,False,592,896083
model_inference,pytorch,runtime_default,4,False,593,867875
model_inference,pytorch,runtime_default,4,False,594,917750
model_inference,pytorch,runtime_default,4,False,595,670625
model_inference,pytorch,runtime_default,4,False,596,723250
model_inference,pytorch,runtime_default,4,False,597,753166
model_inference,pytorch,runtime_default,4,False,598,890917
model_inference,pytorch,runtime_default,4,False,599,842583
model_inference,pytorch,runtime_default,4,False,600,875333
model_inference,pytorch,runtime_default,4,False,601,841541
model_inference,pytorch,runtime_default,4,False,602,875625
model_inference,pytorch,runtime_default,4,False,603,751875
model_inference,pytorch,runtime_default,4,False,604,698916
model_inference,pytorch,runtime_default,4,False,605,673292
model_inference,pytorch,runtime_default,4,False,606,663416
model_inference,pytorch,runtime_default,4,False,607,714417
model_inference,pytorch,runtime_default,4,False,608,687334
model_inference,pytorch,runtime_default,4,False,609,946458
model_inference,pytorch,runtime_default,4,False,610,1043334
model_inference,pytorch,runtime_default,4,False,611,856916
model_inference,pytorch,runtime_default,4,False,612,871750
model_inference,pytorch,runtime_default,4,False,613,809542
model_inference,pytorch,runtime_default,4,False,614,777708
model_inference,pytorch,runtime_default,4,False,615,837500
model_inference,pytorch,runtime_default,4,False,616,677167
model_inference,pytorch,runtime_default,4,False,617,743917
model_inference,pytorch,runtime_default,4,False,618,842917
model_inference,pytorch,runtime_default,4,False,619,853334
model_inference,pytorch,runtime_default,4,False,620,850458
model_inference,pytorch,runtime_default,4,False,621,864958
model_inference,pytorch,runtime_default,4,False,622,875458
model_inference,pytorch,runtime_default,4,False,623,810667
model_inference,pytorch,runtime_default,4,False,624,751417
model_inference,pytorch,runtime_default,4,False,625,678166
model_inference,pytorch,runtime_default,4,False,626,675500
model_inference,pytorch,runtime_default,4,False,627,689250
model_inference,pytorch,runtime_default,4,False,628,756500
model_inference,pytorch,runtime_default,4,False,629,682667
model_inference,pytorch,runtime_default,4,False,630,1042417
model_inference,pytorch,runtime_default,4,False,631,878375
model_inference,pytorch,runtime_default,4,False,632,850000
model_inference,pytorch,runtime_default,4,False,633,856083
model_inference,pytorch,runtime_default,4,False,634,836708
model_inference,pytorch,runtime_default,4,False,635,710500
model_inference,pytorch,runtime_default,4,False,636,968334
model_inference,pytorch,runtime_default,4,False,637,877416
model_inference,pytorch,runtime_default,4,False,638,862291
model_inference,pytorch,runtime_default,4,False,639,720875
model_inference,pytorch,runtime_default,4,False,640,866542
model_inference,pytorch,runtime_default,4,False,641,764833
model_inference,pytorch,runtime_default,4,False,642,657166
model_inference,pytorch,runtime_default,4,False,643,680875
model_inference,pytorch,runtime_default,4,False,644,906834
model_inference,pytorch,runtime_default,4,False,645,808250
model_inference,pytorch,runtime_default,4,False,646,809208
model_inference,pytorch,runtime_default,4,False,647,681083
model_inference,pytorch,runtime_default,4,False,648,850292
model_inference,pytorch,runtime_default,4,False,649,703083
model_inference,pytorch,runtime_default,4,False,650,714167
model_inference,pytorch,runtime_default,4,False,651,1105250
model_inference,pytorch,runtime_default,4,False,652,881958
model_inference,pytorch,runtime_default,4,False,653,874375
model_inference,pytorch,runtime_default,4,False,654,855375
model_inference,pytorch,runtime_default,4,False,655,851125
model_inference,pytorch,runtime_default,4,False,656,882000
model_inference,pytorch,runtime_default,4,False,657,925334
model_inference,pytorch,runtime_default,4,False,658,747458
model_inference,pytorch,runtime_default,4,False,659,747750
model_inference,pytorch,runtime_default,4,False,660,724625
model_inference,pytorch,runtime_default,4,False,661,883875
model_inference,pytorch,runtime_default,4,False,662,843666
model_inference,pytorch,runtime_default,4,False,663,890292
model_inference,pytorch,runtime_default,4,False,664,859417
model_inference,pytorch,runtime_default,4,False,665,883792
model_inference,pytorch,runtime_default,4,False,666,780625
model_inference,pytorch,runtime_default,4,False,667,672333
model_inference,pytorch,runtime_default,4,False,668,671167
model_inference,pytorch,runtime_default,4,False,669,672375
model_inference,pytorch,runtime_default,4,False,670,753666
model_inference,pytorch,runtime_default,4,False,671,1097583
model_inference,pytorch,runtime_default,4,False,672,883416
model_inference,pytorch,runtime_default,4,False,673,827750
model_inference,pytorch,runtime_default,4,False,674,836625
model_inference,pytorch,runtime_default,4,False,675,829917
model_inference,pytorch,runtime_default,4,False,676,787417
model_inference,pytorch,runtime_default,4,False,677,868041
model_inference,pytorch,runtime_default,4,False,678,790042
model_inference,pytorch,runtime_default,4,False,679,687584
model_inference,pytorch,runtime_default,4,False,680,796333
model_inference,pytorch,runtime_default,4,False,681,857583
model_inference,pytorch,runtime_default,4,False,682,870042
model_inference,pytorch,runtime_default,4,False,683,825083
model_inference,pytorch,runtime_default,4,False,684,891833
model_inference,pytorch,runtime_default,4,False,685,910833
model_inference,pytorch,runtime_default,4,False,686,938708
model_inference,pytorch,runtime_default,4,False,687,761583
model_inference,pytorch,runtime_default,4,False,688,711750
model_inference,pytorch,runtime_default,4,False,689,684958
model_inference,pytorch,runtime_default,4,False,690,911333
model_inference,pytorch,runtime_default,4,False,691,1225292
model_inference,pytorch,runtime_default,4,False,692,928375
model_inference,pytorch,runtime_default,4,False,693,857041
model_inference,pytorch,runtime_default,4,False,694,867792
model_inference,pytorch,runtime_default,4,False,695,879167
model_inference,pytorch,runtime_default,4,False,696,746958
model_inference,pytorch,runtime_default,4,False,697,705917
model_inference,pytorch,runtime_default,4,False,698,696833
model_inference,pytorch,runtime_default,4,False,699,887667
model_inference,pytorch,runtime_default,4,False,700,867583
model_inference,pytorch,runtime_default,4,False,701,835334
model_inference,pytorch,runtime_default,4,False,702,878834
model_inference,pytorch,runtime_default,4,False,703,859875
model_inference,pytorch,runtime_default,4,False,704,809958
model_inference,pytorch,runtime_default,4,False,705,743500
model_inference,pytorch,runtime_default,4,False,706,673208
model_inference,pytorch,runtime_default,4,False,707,664834
model_inference,pytorch,runtime_default,4,False,708,757584
model_inference,pytorch,runtime_default,4,False,709,669250
model_inference,pytorch,runtime_default,4,False,710,822375
model_inference,pytorch,runtime_default,4,False,711,1219459
model_inference,pytorch,runtime_default,4,False,712,838667
model_inference,pytorch,runtime_default,4,False,713,871250
model_inference,pytorch,runtime_default,4,False,714,717792
model_inference,pytorch,runtime_default,4,False,715,694459
model_inference,pytorch,runtime_default,4,False,716,852583
model_inference,pytorch,runtime_default,4,False,717,712875
model_inference,pytorch,runtime_default,4,False,718,660458
model_inference,pytorch,runtime_default,4,False,719,747667
model_inference,pytorch,runtime_default,4,False,720,878500
model_inference,pytorch,runtime_default,4,False,721,809292
model_inference,pytorch,runtime_default,4,False,722,789584
model_inference,pytorch,runtime_default,4,False,723,791291
model_inference,pytorch,runtime_default,4,False,724,887709
model_inference,pytorch,runtime_default,4,False,725,835375
model_inference,pytorch,runtime_default,4,False,726,688000
model_inference,pytorch,runtime_default,4,False,727,675542
model_inference,pytorch,runtime_default,4,False,728,671416
model_inference,pytorch,runtime_default,4,False,729,704792
model_inference,pytorch,runtime_default,4,False,730,667875
model_inference,pytorch,runtime_default,4,False,731,787083
model_inference,pytorch,runtime_default,4,False,732,1093833
model_inference,pytorch,runtime_default,4,False,733,1008500
model_inference,pytorch,runtime_default,4,False,734,882000
model_inference,pytorch,runtime_default,4,False,735,819125
model_inference,pytorch,runtime_default,4,False,736,730334
model_inference,pytorch,runtime_default,4,False,737,856250
model_inference,pytorch,runtime_default,4,False,738,749083
model_inference,pytorch,runtime_default,4,False,739,677500
model_inference,pytorch,runtime_default,4,False,740,753208
model_inference,pytorch,runtime_default,4,False,741,890750
model_inference,pytorch,runtime_default,4,False,742,848083
model_inference,pytorch,runtime_default,4,False,743,890417
model_inference,pytorch,runtime_default,4,False,744,892334
model_inference,pytorch,runtime_default,4,False,745,925958
model_inference,pytorch,runtime_default,4,False,746,909792
model_inference,pytorch,runtime_default,4,False,747,675584
model_inference,pytorch,runtime_default,4,False,748,716250
model_inference,pytorch,runtime_default,4,False,749,770000
model_inference,pytorch,runtime_default,4,False,750,861792
model_inference,pytorch,runtime_default,4,False,751,890625
model_inference,pytorch,runtime_default,4,False,752,1228583
model_inference,pytorch,runtime_default,4,False,753,931125
model_inference,pytorch,runtime_default,4,False,754,891750
model_inference,pytorch,runtime_default,4,False,755,859959
model_inference,pytorch,runtime_default,4,False,756,869166
model_inference,pytorch,runtime_default,4,False,757,839666
model_inference,pytorch,runtime_default,4,False,758,841959
model_inference,pytorch,runtime_default,4,False,759,841667
model_inference,pytorch,runtime_default,4,False,760,876875
model_inference,pytorch,runtime_default,4,False,761,817500
model_inference,pytorch,runtime_default,4,False,762,678458
model_inference,pytorch,runtime_default,4,False,763,764417
model_inference,pytorch,runtime_default,4,False,764,856000
model_inference,pytorch,runtime_default,4,False,765,867917
model_inference,pytorch,runtime_default,4,False,766,988333
model_inference,pytorch,runtime_default,4,False,767,1008792
model_inference,pytorch,runtime_default,4,False,768,1088083
model_inference,pytorch,runtime_default,4,False,769,1011458
model_inference,pytorch,runtime_default,4,False,770,884708
model_inference,pytorch,runtime_default,4,False,771,1154209
model_inference,pytorch,runtime_default,4,False,772,953250
model_inference,pytorch,runtime_default,4,False,773,1073541
model_inference,pytorch,runtime_default,4,False,774,1055166
model_inference,pytorch,runtime_default,4,False,775,1053084
model_inference,pytorch,runtime_default,4,False,776,933209
model_inference,pytorch,runtime_default,4,False,777,1085792
model_inference,pytorch,runtime_default,4,False,778,1043709
model_inference,pytorch,runtime_default,4,False,779,719291
model_inference,pytorch,runtime_default,4,False,780,700834
model_inference,pytorch,runtime_default,4,False,781,792958
model_inference,pytorch,runtime_default,4,False,782,751292
model_inference,pytorch,runtime_default,4,False,783,776750
model_inference,pytorch,runtime_default,4,False,784,872875
model_inference,pytorch,runtime_default,4,False,785,1007750
model_inference,pytorch,runtime_default,4,False,786,1209666
model_inference,pytorch,runtime_default,4,False,787,1022917
model_inference,pytorch,runtime_default,4,False,788,1461041
model_inference,pytorch,runtime_default,4,False,789,1065541
model_inference,pytorch,runtime_default,4,False,790,936917
model_inference,pytorch,runtime_default,4,False,791,748292
model_inference,pytorch,runtime_default,4,False,792,721625
model_inference,pytorch,runtime_default,4,False,793,696583
model_inference,pytorch,runtime_default,4,False,794,815750
model_inference,pytorch,runtime_default,4,False,795,756167
model_inference,pytorch,runtime_default,4,False,796,923916
model_inference,pytorch,runtime_default,4,False,797,945458
model_inference,pytorch,runtime_default,4,False,798,970000
model_inference,pytorch,runtime_default,4,False,799,979500
model_inference,pytorch,runtime_default,4,False,800,890750
model_inference,pytorch,runtime_default,4,False,801,758500
model_inference,pytorch,runtime_default,4,False,802,905458
model_inference,pytorch,runtime_default,4,False,803,715125
model_inference,pytorch,runtime_default,4,False,804,784541
model_inference,pytorch,runtime_default,4,False,805,790416
model_inference,pytorch,runtime_default,4,False,806,891583
model_inference,pytorch,runtime_default,4,False,807,1291667
model_inference,pytorch,runtime_default,4,False,808,924083
model_inference,pytorch,runtime_default,4,False,809,902416
model_inference,pytorch,runtime_default,4,False,810,901292
model_inference,pytorch,runtime_default,4,False,811,909167
model_inference,pytorch,runtime_default,4,False,812,792916
model_inference,pytorch,runtime_default,4,False,813,707375
model_inference,pytorch,runtime_default,4,False,814,785042
model_inference,pytorch,runtime_default,4,False,815,946958
model_inference,pytorch,runtime_default,4,False,816,894750
model_inference,pytorch,runtime_default,4,False,817,970459
model_inference,pytorch,runtime_default,4,False,818,905959
model_inference,pytorch,runtime_default,4,False,819,842750
model_inference,pytorch,runtime_default,4,False,820,844166
model_inference,pytorch,runtime_default,4,False,821,744125
model_inference,pytorch,runtime_default,4,False,822,686292
model_inference,pytorch,runtime_default,4,False,823,770000
model_inference,pytorch,runtime_default,4,False,824,767417
model_inference,pytorch,runtime_default,4,False,825,692750
model_inference,pytorch,runtime_default,4,False,826,1166958
model_inference,pytorch,runtime_default,4,False,827,1135833
model_inference,pytorch,runtime_default,4,False,828,940542
model_inference,pytorch,runtime_default,4,False,829,936666
model_inference,pytorch,runtime_default,4,False,830,806791
model_inference,pytorch,runtime_default,4,False,831,722125
model_inference,pytorch,runtime_default,4,False,832,909958
model_inference,pytorch,runtime_default,4,False,833,745750
model_inference,pytorch,runtime_default,4,False,834,729208
model_inference,pytorch,runtime_default,4,False,835,806417
model_inference,pytorch,runtime_default,4,False,836,933583
model_inference,pytorch,runtime_default,4,False,837,954792
model_inference,pytorch,runtime_default,4,False,838,906000
model_inference,pytorch,runtime_default,4,False,839,899167
model_inference,pytorch,runtime_default,4,False,840,906625
model_inference,pytorch,runtime_default,4,False,841,788167
model_inference,pytorch,runtime_default,4,False,842,697417
model_inference,pytorch,runtime_default,4,False,843,676667
model_inference,pytorch,runtime_default,4,False,844,696708
model_inference,pytorch,runtime_default,4,False,845,817416
model_inference,pytorch,runtime_default,4,False,846,1220750
model_inference,pytorch,runtime_default,4,False,847,917125
model_inference,pytorch,runtime_default,4,False,848,889042
model_inference,pytorch,runtime_default,4,False,849,873833
model_inference,pytorch,runtime_default,4,False,850,916500
model_inference,pytorch,runtime_default,4,False,851,733334
model_inference,pytorch,runtime_default,4,False,852,920417
model_inference,pytorch,runtime_default,4,False,853,754041
model_inference,pytorch,runtime_default,4,False,854,787167
model_inference,pytorch,runtime_default,4,False,855,732167
model_inference,pytorch,runtime_default,4,False,856,862666
model_inference,pytorch,runtime_default,4,False,857,917708
model_inference,pytorch,runtime_default,4,False,858,908292
model_inference,pytorch,runtime_default,4,False,859,836792
model_inference,pytorch,runtime_default,4,False,860,850000
model_inference,pytorch,runtime_default,4,False,861,873083
model_inference,pytorch,runtime_default,4,False,862,869708
model_inference,pytorch,runtime_default,4,False,863,847291
model_inference,pytorch,runtime_default,4,False,864,875667
model_inference,pytorch,runtime_default,4,False,865,1257792
model_inference,pytorch,runtime_default,4,False,866,955625
model_inference,pytorch,runtime_default,4,False,867,907500
model_inference,pytorch,runtime_default,4,False,868,818583
model_inference,pytorch,runtime_default,4,False,869,839042
model_inference,pytorch,runtime_default,4,False,870,963125
model_inference,pytorch,runtime_default,4,False,871,696125
model_inference,pytorch,runtime_default,4,False,872,746375
model_inference,pytorch,runtime_default,4,False,873,732459
model_inference,pytorch,runtime_default,4,False,874,892125
model_inference,pytorch,runtime_default,4,False,875,921292
model_inference,pytorch,runtime_default,4,False,876,904458
model_inference,pytorch,runtime_default,4,False,877,922875
model_inference,pytorch,runtime_default,4,False,878,802583
model_inference,pytorch,runtime_default,4,False,879,911042
model_inference,pytorch,runtime_default,4,False,880,695583
model_inference,pytorch,runtime_default,4,False,881,671000
model_inference,pytorch,runtime_default,4,False,882,668958
model_inference,pytorch,runtime_default,4,False,883,747583
model_inference,pytorch,runtime_default,4,False,884,671875
model_inference,pytorch,runtime_default,4,False,885,1517750
model_inference,pytorch,runtime_default,4,False,886,1124584
model_inference,pytorch,runtime_default,4,False,887,962417
model_inference,pytorch,runtime_default,4,False,888,910583
model_inference,pytorch,runtime_default,4,False,889,829625
model_inference,pytorch,runtime_default,4,False,890,715750
model_inference,pytorch,runtime_default,4,False,891,851167
model_inference,pytorch,runtime_default,4,False,892,686125
model_inference,pytorch,runtime_default,4,False,893,855458
model_inference,pytorch,runtime_default,4,False,894,722125
model_inference,pytorch,runtime_default,4,False,895,847416
model_inference,pytorch,runtime_default,4,False,896,817500
model_inference,pytorch,runtime_default,4,False,897,828875
model_inference,pytorch,runtime_default,4,False,898,844875
model_inference,pytorch,runtime_default,4,False,899,918375
model_inference,pytorch,runtime_default,4,False,900,855708
model_inference,pytorch,runtime_default,4,False,901,710250
model_inference,pytorch,runtime_default,4,False,902,682000
model_inference,pytorch,runtime_default,4,False,903,672041
model_inference,pytorch,runtime_default,4,False,904,991333
model_inference,pytorch,runtime_default,4,False,905,740875
model_inference,pytorch,runtime_default,4,False,906,911667
model_inference,pytorch,runtime_default,4,False,907,876959
model_inference,pytorch,runtime_default,4,False,908,849500
model_inference,pytorch,runtime_default,4,False,909,855583
model_inference,pytorch,runtime_default,4,False,910,844167
model_inference,pytorch,runtime_default,4,False,911,799667
model_inference,pytorch,runtime_default,4,False,912,828375
model_inference,pytorch,runtime_default,4,False,913,845375
model_inference,pytorch,runtime_default,4,False,914,798250
model_inference,pytorch,runtime_default,4,False,915,890833
model_inference,pytorch,runtime_default,4,False,916,898000
model_inference,pytorch,runtime_default,4,False,917,884833
model_inference,pytorch,runtime_default,4,False,918,895667
model_inference,pytorch,runtime_default,4,False,919,815125
model_inference,pytorch,runtime_default,4,False,920,870375
model_inference,pytorch,runtime_default,4,False,921,682708
model_inference,pytorch,runtime_default,4,False,922,699083
model_inference,pytorch,runtime_default,4,False,923,768542
model_inference,pytorch,runtime_default,4,False,924,1163750
model_inference,pytorch,runtime_default,4,False,925,902208
model_inference,pytorch,runtime_default,4,False,926,835792
model_inference,pytorch,runtime_default,4,False,927,842625
model_inference,pytorch,runtime_default,4,False,928,794750
model_inference,pytorch,runtime_default,4,False,929,770458
model_inference,pytorch,runtime_default,4,False,930,679375
model_inference,pytorch,runtime_default,4,False,931,679875
model_inference,pytorch,runtime_default,4,False,932,665959
model_inference,pytorch,runtime_default,4,False,933,745958
model_inference,pytorch,runtime_default,4,False,934,771709
model_inference,pytorch,runtime_default,4,False,935,858917
model_inference,pytorch,runtime_default,4,False,936,886083
model_inference,pytorch,runtime_default,4,False,937,892208
model_inference,pytorch,runtime_default,4,False,938,876875
model_inference,pytorch,runtime_default,4,False,939,760959
model_inference,pytorch,runtime_default,4,False,940,780042
model_inference,pytorch,runtime_default,4,False,941,692375
model_inference,pytorch,runtime_default,4,False,942,672042
model_inference,pytorch,runtime_default,4,False,943,665250
model_inference,pytorch,runtime_default,4,False,944,729709
model_inference,pytorch,runtime_default,4,False,945,950000
model_inference,pytorch,runtime_default,4,False,946,939834
model_inference,pytorch,runtime_default,4,False,947,889041
model_inference,pytorch,runtime_default,4,False,948,827417
model_inference,pytorch,runtime_default,4,False,949,889125
model_inference,pytorch,runtime_default,4,False,950,769459
model_inference,pytorch,runtime_default,4,False,951,807375
model_inference,pytorch,runtime_default,4,False,952,837958
model_inference,pytorch,runtime_default,4,False,953,668666
model_inference,pytorch,runtime_default,4,False,954,843625
model_inference,pytorch,runtime_default,4,False,955,926958
model_inference,pytorch,runtime_default,4,False,956,865083
model_inference,pytorch,runtime_default,4,False,957,876375
model_inference,pytorch,runtime_default,4,False,958,885083
model_inference,pytorch,runtime_default,4,False,959,891083
model_inference,pytorch,runtime_default,4,False,960,830917
model_inference,pytorch,runtime_default,4,False,961,692083
model_inference,pytorch,runtime_default,4,False,962,680459
model_inference,pytorch,runtime_default,4,False,963,672917
model_inference,pytorch,runtime_default,4,False,964,691208
model_inference,pytorch,runtime_default,4,False,965,759708
model_inference,pytorch,runtime_default,4,False,966,979417
model_inference,pytorch,runtime_default,4,False,967,879583
model_inference,pytorch,runtime_default,4,False,968,849625
model_inference,pytorch,runtime_default,4,False,969,826750
model_inference,pytorch,runtime_default,4,False,970,934291
model_inference,pytorch,runtime_default,4,False,971,701250
model_inference,pytorch,runtime_default,4,False,972,905125
model_inference,pytorch,runtime_default,4,False,973,827375
model_inference,pytorch,runtime_default,4,False,974,729083
model_inference,pytorch,runtime_default,4,False,975,756334
model_inference,pytorch,runtime_default,4,False,976,891250
model_inference,pytorch,runtime_default,4,False,977,861209
model_inference,pytorch,runtime_default,4,False,978,882583
model_inference,pytorch,runtime_default,4,False,979,892458
model_inference,pytorch,runtime_default,4,False,980,896125
model_inference,pytorch,runtime_default,4,False,981,812292
model_inference,pytorch,runtime_default,4,False,982,682625
model_inference,pytorch,runtime_default,4,False,983,674625
model_inference,pytorch,runtime_default,4,False,984,666583
model_inference,pytorch,runtime_default,4,False,985,746625
model_inference,pytorch,runtime_default,4,False,986,1053500
model_inference,pytorch,runtime_default,4,False,987,832584
model_inference,pytorch,runtime_default,4,False,988,869625
model_inference,pytorch,runtime_default,4,False,989,863291
model_inference,pytorch,runtime_default,4,False,990,882708
model_inference,pytorch,runtime_default,4,False,991,783709
model_inference,pytorch,runtime_default,4,False,992,901458
model_inference,pytorch,runtime_default,4,False,993,795792
model_inference,pytorch,runtime_default,4,False,994,675500
model_inference,pytorch,runtime_default,4,False,995,769500
model_inference,pytorch,runtime_default,4,False,996,864125
model_inference,pytorch,runtime_default,4,False,997,907250
model_inference,pytorch,runtime_default,4,False,998,850500
model_inference,pytorch,runtime_default,4,False,999,836500
model_inference,onnxruntime,runtime_default,0,False,0,305959
model_inference,onnxruntime,runtime_default,0,False,1,375084
model_inference,onnxruntime,runtime_default,0,False,2,575000
model_inference,onnxruntime,runtime_default,0,False,3,521875
model_inference,onnxruntime,runtime_default,0,False,4,429708
model_inference,onnxruntime,runtime_default,0,False,5,361667
model_inference,onnxruntime,runtime_default,0,False,6,363791
model_inference,onnxruntime,runtime_default,0,False,7,362917
model_inference,onnxruntime,runtime_default,0,False,8,360500
model_inference,onnxruntime,runtime_default,0,False,9,378625
model_inference,onnxruntime,runtime_default,0,False,10,361750
model_inference,onnxruntime,runtime_default,0,False,11,365583
model_inference,onnxruntime,runtime_default,0,False,12,362042
model_inference,onnxruntime,runtime_default,0,False,13,388667
model_inference,onnxruntime,runtime_default,0,False,14,416708
model_inference,onnxruntime,runtime_default,0,False,15,371458
model_inference,onnxruntime,runtime_default,0,False,16,384541
model_inference,onnxruntime,runtime_default,0,False,17,347584
model_inference,onnxruntime,runtime_default,0,False,18,297000
model_inference,onnxruntime,runtime_default,0,False,19,295333
model_inference,onnxruntime,runtime_default,0,False,20,295792
model_inference,onnxruntime,runtime_default,0,False,21,364167
model_inference,onnxruntime,runtime_default,0,False,22,312083
model_inference,onnxruntime,runtime_default,0,False,23,386750
model_inference,onnxruntime,runtime_default,0,False,24,423916
model_inference,onnxruntime,runtime_default,0,False,25,376000
model_inference,onnxruntime,runtime_default,0,False,26,366209
model_inference,onnxruntime,runtime_default,0,False,27,362583
model_inference,onnxruntime,runtime_default,0,False,28,363542
model_inference,onnxruntime,runtime_default,0,False,29,360375
model_inference,onnxruntime,runtime_default,0,False,30,395167
model_inference,onnxruntime,runtime_default,0,False,31,378333
model_inference,onnxruntime,runtime_default,0,False,32,394125
model_inference,onnxruntime,runtime_default,0,False,33,385667
model_inference,onnxruntime,runtime_default,0,False,34,444958
model_inference,onnxruntime,runtime_default,0,False,35,418750
model_inference,onnxruntime,runtime_default,0,False,36,305875
model_inference,onnxruntime,runtime_default,0,False,37,301625
model_inference,onnxruntime,runtime_default,0,False,38,298000
model_inference,onnxruntime,runtime_default,0,False,39,296417
model_inference,onnxruntime,runtime_default,0,False,40,296125
model_inference,onnxruntime,runtime_default,0,False,41,297375
model_inference,onnxruntime,runtime_default,0,False,42,295208
model_inference,onnxruntime,runtime_default,0,False,43,295084
model_inference,onnxruntime,runtime_default,0,False,44,368125
model_inference,onnxruntime,runtime_default,0,False,45,297250
model_inference,onnxruntime,runtime_default,0,False,46,294791
model_inference,onnxruntime,runtime_default,0,False,47,295375
model_inference,onnxruntime,runtime_default,0,False,48,670125
model_inference,onnxruntime,runtime_default,0,False,49,484125
model_inference,onnxruntime,runtime_default,0,False,50,348125
model_inference,onnxruntime,runtime_default,0,False,51,304000
model_inference,onnxruntime,runtime_default,0,False,52,296875
model_inference,onnxruntime,runtime_default,0,False,53,295208
model_inference,onnxruntime,runtime_default,0,False,54,295084
model_inference,onnxruntime,runtime_default,0,False,55,300708
model_inference,onnxruntime,runtime_default,0,False,56,296667
model_inference,onnxruntime,runtime_default,0,False,57,295958
model_inference,onnxruntime,runtime_default,0,False,58,297167
model_inference,onnxruntime,runtime_default,0,False,59,295875
model_inference,onnxruntime,runtime_default,0,False,60,294375
model_inference,onnxruntime,runtime_default,0,False,61,294500
model_inference,onnxruntime,runtime_default,0,False,62,293875
model_inference,onnxruntime,runtime_default,0,False,63,294584
model_inference,onnxruntime,runtime_default,0,False,64,295708
model_inference,onnxruntime,runtime_default,0,False,65,294792
model_inference,onnxruntime,runtime_default,0,False,66,294250
model_inference,onnxruntime,runtime_default,0,False,67,294416
model_inference,onnxruntime,runtime_default,0,False,68,296167
model_inference,onnxruntime,runtime_default,0,False,69,295250
model_inference,onnxruntime,runtime_default,0,False,70,326375
model_inference,onnxruntime,runtime_default,0,False,71,368000
model_inference,onnxruntime,runtime_default,0,False,72,384958
model_inference,onnxruntime,runtime_default,0,False,73,358125
model_inference,onnxruntime,runtime_default,0,False,74,296167
model_inference,onnxruntime,runtime_default,0,False,75,308958
model_inference,onnxruntime,runtime_default,0,False,76,399500
model_inference,onnxruntime,runtime_default,0,False,77,339042
model_inference,onnxruntime,runtime_default,0,False,78,313708
model_inference,onnxruntime,runtime_default,0,False,79,378166
model_inference,onnxruntime,runtime_default,0,False,80,466500
model_inference,onnxruntime,runtime_default,0,False,81,381625
model_inference,onnxruntime,runtime_default,0,False,82,384958
model_inference,onnxruntime,runtime_default,0,False,83,378042
model_inference,onnxruntime,runtime_default,0,False,84,377209
model_inference,onnxruntime,runtime_default,0,False,85,371666
model_inference,onnxruntime,runtime_default,0,False,86,371084
model_inference,onnxruntime,runtime_default,0,False,87,398291
model_inference,onnxruntime,runtime_default,0,False,88,391292
model_inference,onnxruntime,runtime_default,0,False,89,373292
model_inference,onnxruntime,runtime_default,0,False,90,385000
model_inference,onnxruntime,runtime_default,0,False,91,369416
model_inference,onnxruntime,runtime_default,0,False,92,379375
model_inference,onnxruntime,runtime_default,0,False,93,298375
model_inference,onnxruntime,runtime_default,0,False,94,297042
model_inference,onnxruntime,runtime_default,0,False,95,296083
model_inference,onnxruntime,runtime_default,0,False,96,423542
model_inference,onnxruntime,runtime_default,0,False,97,605791
model_inference,onnxruntime,runtime_default,0,False,98,310708
model_inference,onnxruntime,runtime_default,0,False,99,310042
model_inference,onnxruntime,runtime_default,0,False,100,295875
model_inference,onnxruntime,runtime_default,0,False,101,295125
model_inference,onnxruntime,runtime_default,0,False,102,356625
model_inference,onnxruntime,runtime_default,0,False,103,297708
model_inference,onnxruntime,runtime_default,0,False,104,294458
model_inference,onnxruntime,runtime_default,0,False,105,295167
model_inference,onnxruntime,runtime_default,0,False,106,300667
model_inference,onnxruntime,runtime_default,0,False,107,419584
model_inference,onnxruntime,runtime_default,0,False,108,459583
model_inference,onnxruntime,runtime_default,0,False,109,415625
model_inference,onnxruntime,runtime_default,0,False,110,414208
model_inference,onnxruntime,runtime_default,0,False,111,381625
model_inference,onnxruntime,runtime_default,0,False,112,359375
model_inference,onnxruntime,runtime_default,0,False,113,302250
model_inference,onnxruntime,runtime_default,0,False,114,296333
model_inference,onnxruntime,runtime_default,0,False,115,294291
model_inference,onnxruntime,runtime_default,0,False,116,296250
model_inference,onnxruntime,runtime_default,0,False,117,297958
model_inference,onnxruntime,runtime_default,0,False,118,296709
model_inference,onnxruntime,runtime_default,0,False,119,295125
model_inference,onnxruntime,runtime_default,0,False,120,295375
model_inference,onnxruntime,runtime_default,0,False,121,293917
model_inference,onnxruntime,runtime_default,0,False,122,294583
model_inference,onnxruntime,runtime_default,0,False,123,294875
model_inference,onnxruntime,runtime_default,0,False,124,329250
model_inference,onnxruntime,runtime_default,0,False,125,380834
model_inference,onnxruntime,runtime_default,0,False,126,378458
model_inference,onnxruntime,runtime_default,0,False,127,340875
model_inference,onnxruntime,runtime_default,0,False,128,296791
model_inference,onnxruntime,runtime_default,0,False,129,296958
model_inference,onnxruntime,runtime_default,0,False,130,294625
model_inference,onnxruntime,runtime_default,0,False,131,294333
model_inference,onnxruntime,runtime_default,0,False,132,295417
model_inference,onnxruntime,runtime_default,0,False,133,295750
model_inference,onnxruntime,runtime_default,0,False,134,294833
model_inference,onnxruntime,runtime_default,0,False,135,294916
model_inference,onnxruntime,runtime_default,0,False,136,294042
model_inference,onnxruntime,runtime_default,0,False,137,293583
model_inference,onnxruntime,runtime_default,0,False,138,328000
model_inference,onnxruntime,runtime_default,0,False,139,373250
model_inference,onnxruntime,runtime_default,0,False,140,376833
model_inference,onnxruntime,runtime_default,0,False,141,300667
model_inference,onnxruntime,runtime_default,0,False,142,307916
model_inference,onnxruntime,runtime_default,0,False,143,444125
model_inference,onnxruntime,runtime_default,0,False,144,376375
model_inference,onnxruntime,runtime_default,0,False,145,368208
model_inference,onnxruntime,runtime_default,0,False,146,562583
model_inference,onnxruntime,runtime_default,0,False,147,453083
model_inference,onnxruntime,runtime_default,0,False,148,387333
model_inference,onnxruntime,runtime_default,0,False,149,368625
model_inference,onnxruntime,runtime_default,0,False,150,368834
model_inference,onnxruntime,runtime_default,0,False,151,367417
model_inference,onnxruntime,runtime_default,0,False,152,386667
model_inference,onnxruntime,runtime_default,0,False,153,375292
model_inference,onnxruntime,runtime_default,0,False,154,372125
model_inference,onnxruntime,runtime_default,0,False,155,368958
model_inference,onnxruntime,runtime_default,0,False,156,436625
model_inference,onnxruntime,runtime_default,0,False,157,430917
model_inference,onnxruntime,runtime_default,0,False,158,328000
model_inference,onnxruntime,runtime_default,0,False,159,297375
model_inference,onnxruntime,runtime_default,0,False,160,295583
model_inference,onnxruntime,runtime_default,0,False,161,351083
model_inference,onnxruntime,runtime_default,0,False,162,327000
model_inference,onnxruntime,runtime_default,0,False,163,295458
model_inference,onnxruntime,runtime_default,0,False,164,482750
model_inference,onnxruntime,runtime_default,0,False,165,406666
model_inference,onnxruntime,runtime_default,0,False,166,413458
model_inference,onnxruntime,runtime_default,0,False,167,393959
model_inference,onnxruntime,runtime_default,0,False,168,375833
model_inference,onnxruntime,runtime_default,0,False,169,377041
model_inference,onnxruntime,runtime_default,0,False,170,372500
model_inference,onnxruntime,runtime_default,0,False,171,366209
model_inference,onnxruntime,runtime_default,0,False,172,372291
model_inference,onnxruntime,runtime_default,0,False,173,385291
model_inference,onnxruntime,runtime_default,0,False,174,357500
model_inference,onnxruntime,runtime_default,0,False,175,317416
model_inference,onnxruntime,runtime_default,0,False,176,321500
model_inference,onnxruntime,runtime_default,0,False,177,321333
model_inference,onnxruntime,runtime_default,0,False,178,320375
model_inference,onnxruntime,runtime_default,0,False,179,320875
model_inference,onnxruntime,runtime_default,0,False,180,319417
model_inference,onnxruntime,runtime_default,0,False,181,320000
model_inference,onnxruntime,runtime_default,0,False,182,449625
model_inference,onnxruntime,runtime_default,0,False,183,472500
model_inference,onnxruntime,runtime_default,0,False,184,330500
model_inference,onnxruntime,runtime_default,0,False,185,322042
model_inference,onnxruntime,runtime_default,0,False,186,321500
model_inference,onnxruntime,runtime_default,0,False,187,320167
model_inference,onnxruntime,runtime_default,0,False,188,320541
model_inference,onnxruntime,runtime_default,0,False,189,322459
model_inference,onnxruntime,runtime_default,0,False,190,320875
model_inference,onnxruntime,runtime_default,0,False,191,447667
model_inference,onnxruntime,runtime_default,0,False,192,657542
model_inference,onnxruntime,runtime_default,0,False,193,331333
model_inference,onnxruntime,runtime_default,0,False,194,349708
model_inference,onnxruntime,runtime_default,0,False,195,323500
model_inference,onnxruntime,runtime_default,0,False,196,320125
model_inference,onnxruntime,runtime_default,0,False,197,321917
model_inference,onnxruntime,runtime_default,0,False,198,321625
model_inference,onnxruntime,runtime_default,0,False,199,322000
model_inference,onnxruntime,runtime_default,0,False,200,324125
model_inference,onnxruntime,runtime_default,0,False,201,322375
model_inference,onnxruntime,runtime_default,0,False,202,321458
model_inference,onnxruntime,runtime_default,0,False,203,324542
model_inference,onnxruntime,runtime_default,0,False,204,322125
model_inference,onnxruntime,runtime_default,0,False,205,325750
model_inference,onnxruntime,runtime_default,0,False,206,320875
model_inference,onnxruntime,runtime_default,0,False,207,321750
model_inference,onnxruntime,runtime_default,0,False,208,320041
model_inference,onnxruntime,runtime_default,0,False,209,320750
model_inference,onnxruntime,runtime_default,0,False,210,322875
model_inference,onnxruntime,runtime_default,0,False,211,324291
model_inference,onnxruntime,runtime_default,0,False,212,320208
model_inference,onnxruntime,runtime_default,0,False,213,321167
model_inference,onnxruntime,runtime_default,0,False,214,321333
model_inference,onnxruntime,runtime_default,0,False,215,321667
model_inference,onnxruntime,runtime_default,0,False,216,322000
model_inference,onnxruntime,runtime_default,0,False,217,428833
model_inference,onnxruntime,runtime_default,0,False,218,415083
model_inference,onnxruntime,runtime_default,0,False,219,398042
model_inference,onnxruntime,runtime_default,0,False,220,320958
model_inference,onnxruntime,runtime_default,0,False,221,321791
model_inference,onnxruntime,runtime_default,0,False,222,321625
model_inference,onnxruntime,runtime_default,0,False,223,321000
model_inference,onnxruntime,runtime_default,0,False,224,319417
model_inference,onnxruntime,runtime_default,0,False,225,318625
model_inference,onnxruntime,runtime_default,0,False,226,319125
model_inference,onnxruntime,runtime_default,0,False,227,319500
model_inference,onnxruntime,runtime_default,0,False,228,319291
model_inference,onnxruntime,runtime_default,0,False,229,317000
model_inference,onnxruntime,runtime_default,0,False,230,319750
model_inference,onnxruntime,runtime_default,0,False,231,319209
model_inference,onnxruntime,runtime_default,0,False,232,318250
model_inference,onnxruntime,runtime_default,0,False,233,319417
model_inference,onnxruntime,runtime_default,0,False,234,320708
model_inference,onnxruntime,runtime_default,0,False,235,319125
model_inference,onnxruntime,runtime_default,0,False,236,319750
model_inference,onnxruntime,runtime_default,0,False,237,319542
model_inference,onnxruntime,runtime_default,0,False,238,320417
model_inference,onnxruntime,runtime_default,0,False,239,319500
model_inference,onnxruntime,runtime_default,0,False,240,318875
model_inference,onnxruntime,runtime_default,0,False,241,623375
model_inference,onnxruntime,runtime_default,0,False,242,370500
model_inference,onnxruntime,runtime_default,0,False,243,330875
model_inference,onnxruntime,runtime_default,0,False,244,421500
model_inference,onnxruntime,runtime_default,0,False,245,428916
model_inference,onnxruntime,runtime_default,0,False,246,417916
model_inference,onnxruntime,runtime_default,0,False,247,422625
model_inference,onnxruntime,runtime_default,0,False,248,416666
model_inference,onnxruntime,runtime_default,0,False,249,419125
model_inference,onnxruntime,runtime_default,0,False,250,410208
model_inference,onnxruntime,runtime_default,0,False,251,428000
model_inference,onnxruntime,runtime_default,0,False,252,415791
model_inference,onnxruntime,runtime_default,0,False,253,405083
model_inference,onnxruntime,runtime_default,0,False,254,423958
model_inference,onnxruntime,runtime_default,0,False,255,403417
model_inference,onnxruntime,runtime_default,0,False,256,370417
model_inference,onnxruntime,runtime_default,0,False,257,418250
model_inference,onnxruntime,runtime_default,0,False,258,325000
model_inference,onnxruntime,runtime_default,0,False,259,321958
model_inference,onnxruntime,runtime_default,0,False,260,321083
model_inference,onnxruntime,runtime_default,0,False,261,321500
model_inference,onnxruntime,runtime_default,0,False,262,321291
model_inference,onnxruntime,runtime_default,0,False,263,322166
model_inference,onnxruntime,runtime_default,0,False,264,319541
model_inference,onnxruntime,runtime_default,0,False,265,378834
model_inference,onnxruntime,runtime_default,0,False,266,322791
model_inference,onnxruntime,runtime_default,0,False,267,321542
model_inference,onnxruntime,runtime_default,0,False,268,319750
model_inference,onnxruntime,runtime_default,0,False,269,348417
model_inference,onnxruntime,runtime_default,0,False,270,325000
model_inference,onnxruntime,runtime_default,0,False,271,320542
model_inference,onnxruntime,runtime_default,0,False,272,320375
model_inference,onnxruntime,runtime_default,0,False,273,319209
model_inference,onnxruntime,runtime_default,0,False,274,322333
model_inference,onnxruntime,runtime_default,0,False,275,321584
model_inference,onnxruntime,runtime_default,0,False,276,323375
model_inference,onnxruntime,runtime_default,0,False,277,321750
model_inference,onnxruntime,runtime_default,0,False,278,324291
model_inference,onnxruntime,runtime_default,0,False,279,323166
model_inference,onnxruntime,runtime_default,0,False,280,323375
model_inference,onnxruntime,runtime_default,0,False,281,320625
model_inference,onnxruntime,runtime_default,0,False,282,320833
model_inference,onnxruntime,runtime_default,0,False,283,318583
model_inference,onnxruntime,runtime_default,0,False,284,318917
model_inference,onnxruntime,runtime_default,0,False,285,320917
model_inference,onnxruntime,runtime_default,0,False,286,321500
model_inference,onnxruntime,runtime_default,0,False,287,491250
model_inference,onnxruntime,runtime_default,0,False,288,460709
model_inference,onnxruntime,runtime_default,0,False,289,338334
model_inference,onnxruntime,runtime_default,0,False,290,392458
model_inference,onnxruntime,runtime_default,0,False,291,336917
model_inference,onnxruntime,runtime_default,0,False,292,452083
model_inference,onnxruntime,runtime_default,0,False,293,426959
model_inference,onnxruntime,runtime_default,0,False,294,421375
model_inference,onnxruntime,runtime_default,0,False,295,324083
model_inference,onnxruntime,runtime_default,0,False,296,321167
model_inference,onnxruntime,runtime_default,0,False,297,336042
model_inference,onnxruntime,runtime_default,0,False,298,350000
model_inference,onnxruntime,runtime_default,0,False,299,322959
model_inference,onnxruntime,runtime_default,0,False,300,420875
model_inference,onnxruntime,runtime_default,0,False,301,432167
model_inference,onnxruntime,runtime_default,0,False,302,424208
model_inference,onnxruntime,runtime_default,0,False,303,416625
model_inference,onnxruntime,runtime_default,0,False,304,402959
model_inference,onnxruntime,runtime_default,0,False,305,408666
model_inference,onnxruntime,runtime_default,0,False,306,414167
model_inference,onnxruntime,runtime_default,0,False,307,415916
model_inference,onnxruntime,runtime_default,0,False,308,409667
model_inference,onnxruntime,runtime_default,0,False,309,416209
model_inference,onnxruntime,runtime_default,0,False,310,424250
model_inference,onnxruntime,runtime_default,0,False,311,414958
model_inference,onnxruntime,runtime_default,0,False,312,436042
model_inference,onnxruntime,runtime_default,0,False,313,430833
model_inference,onnxruntime,runtime_default,0,False,314,328208
model_inference,onnxruntime,runtime_default,0,False,315,320625
model_inference,onnxruntime,runtime_default,0,False,316,319834
model_inference,onnxruntime,runtime_default,0,False,317,321083
model_inference,onnxruntime,runtime_default,0,False,318,320416
model_inference,onnxruntime,runtime_default,0,False,319,321000
model_inference,onnxruntime,runtime_default,0,False,320,319500
model_inference,onnxruntime,runtime_default,0,False,321,367375
model_inference,onnxruntime,runtime_default,0,False,322,322625
model_inference,onnxruntime,runtime_default,0,False,323,320000
model_inference,onnxruntime,runtime_default,0,False,324,320791
model_inference,onnxruntime,runtime_default,0,False,325,357916
model_inference,onnxruntime,runtime_default,0,False,326,320250
model_inference,onnxruntime,runtime_default,0,False,327,319750
model_inference,onnxruntime,runtime_default,0,False,328,321584
model_inference,onnxruntime,runtime_default,0,False,329,319375
model_inference,onnxruntime,runtime_default,0,False,330,323625
model_inference,onnxruntime,runtime_default,0,False,331,320625
model_inference,onnxruntime,runtime_default,0,False,332,517625
model_inference,onnxruntime,runtime_default,0,False,333,581084
model_inference,onnxruntime,runtime_default,0,False,334,439292
model_inference,onnxruntime,runtime_default,0,False,335,410209
model_inference,onnxruntime,runtime_default,0,False,336,412916
model_inference,onnxruntime,runtime_default,0,False,337,399250
model_inference,onnxruntime,runtime_default,0,False,338,416709
model_inference,onnxruntime,runtime_default,0,False,339,350125
model_inference,onnxruntime,runtime_default,0,False,340,322917
model_inference,onnxruntime,runtime_default,0,False,341,411500
model_inference,onnxruntime,runtime_default,0,False,342,351417
model_inference,onnxruntime,runtime_default,0,False,343,322208
model_inference,onnxruntime,runtime_default,0,False,344,320542
model_inference,onnxruntime,runtime_default,0,False,345,320208
model_inference,onnxruntime,runtime_default,0,False,346,320583
model_inference,onnxruntime,runtime_default,0,False,347,322084
model_inference,onnxruntime,runtime_default,0,False,348,321458
model_inference,onnxruntime,runtime_default,0,False,349,322667
model_inference,onnxruntime,runtime_default,0,False,350,409958
model_inference,onnxruntime,runtime_default,0,False,351,324041
model_inference,onnxruntime,runtime_default,0,False,352,319083
model_inference,onnxruntime,runtime_default,0,False,353,321334
model_inference,onnxruntime,runtime_default,0,False,354,319625
model_inference,onnxruntime,runtime_default,0,False,355,341708
model_inference,onnxruntime,runtime_default,0,False,356,320334
model_inference,onnxruntime,runtime_default,0,False,357,319166
model_inference,onnxruntime,runtime_default,0,False,358,320375
model_inference,onnxruntime,runtime_default,0,False,359,320792
model_inference,onnxruntime,runtime_default,0,False,360,323500
model_inference,onnxruntime,runtime_default,0,False,361,322417
model_inference,onnxruntime,runtime_default,0,False,362,322291
model_inference,onnxruntime,runtime_default,0,False,363,323166
model_inference,onnxruntime,runtime_default,0,False,364,322250
model_inference,onnxruntime,runtime_default,0,False,365,330291
model_inference,onnxruntime,runtime_default,0,False,366,319750
model_inference,onnxruntime,runtime_default,0,False,367,320084
model_inference,onnxruntime,runtime_default,0,False,368,320291
model_inference,onnxruntime,runtime_default,0,False,369,320875
model_inference,onnxruntime,runtime_default,0,False,370,318791
model_inference,onnxruntime,runtime_default,0,False,371,321875
model_inference,onnxruntime,runtime_default,0,False,372,321833
model_inference,onnxruntime,runtime_default,0,False,373,320125
model_inference,onnxruntime,runtime_default,0,False,374,321375
model_inference,onnxruntime,runtime_default,0,False,375,321583
model_inference,onnxruntime,runtime_default,0,False,376,322000
model_inference,onnxruntime,runtime_default,0,False,377,325000
model_inference,onnxruntime,runtime_default,0,False,378,321875
model_inference,onnxruntime,runtime_default,0,False,379,342292
model_inference,onnxruntime,runtime_default,0,False,380,575375
model_inference,onnxruntime,runtime_default,0,False,381,442000
model_inference,onnxruntime,runtime_default,0,False,382,418417
model_inference,onnxruntime,runtime_default,0,False,383,331666
model_inference,onnxruntime,runtime_default,0,False,384,327584
model_inference,onnxruntime,runtime_default,0,False,385,324959
model_inference,onnxruntime,runtime_default,0,False,386,391000
model_inference,onnxruntime,runtime_default,0,False,387,327250
model_inference,onnxruntime,runtime_default,0,False,388,403292
model_inference,onnxruntime,runtime_default,0,False,389,511125
model_inference,onnxruntime,runtime_default,0,False,390,449750
model_inference,onnxruntime,runtime_default,0,False,391,442584
model_inference,onnxruntime,runtime_default,0,False,392,438667
model_inference,onnxruntime,runtime_default,0,False,393,445958
model_inference,onnxruntime,runtime_default,0,False,394,440000
model_inference,onnxruntime,runtime_default,0,False,395,470584
model_inference,onnxruntime,runtime_default,0,False,396,451583
model_inference,onnxruntime,runtime_default,0,False,397,442000
model_inference,onnxruntime,runtime_default,0,False,398,419167
model_inference,onnxruntime,runtime_default,0,False,399,409292
model_inference,onnxruntime,runtime_default,0,False,400,372584
model_inference,onnxruntime,runtime_default,0,False,401,433000
model_inference,onnxruntime,runtime_default,0,False,402,415833
model_inference,onnxruntime,runtime_default,0,False,403,323583
model_inference,onnxruntime,runtime_default,0,False,404,325375
model_inference,onnxruntime,runtime_default,0,False,405,324542
model_inference,onnxruntime,runtime_default,0,False,406,321416
model_inference,onnxruntime,runtime_default,0,False,407,320875
model_inference,onnxruntime,runtime_default,0,False,408,319583
model_inference,onnxruntime,runtime_default,0,False,409,319500
model_inference,onnxruntime,runtime_default,0,False,410,322584
model_inference,onnxruntime,runtime_default,0,False,411,416750
model_inference,onnxruntime,runtime_default,0,False,412,324083
model_inference,onnxruntime,runtime_default,0,False,413,322333
model_inference,onnxruntime,runtime_default,0,False,414,320375
model_inference,onnxruntime,runtime_default,0,False,415,332083
model_inference,onnxruntime,runtime_default,0,False,416,324292
model_inference,onnxruntime,runtime_default,0,False,417,323041
model_inference,onnxruntime,runtime_default,0,False,418,323833
model_inference,onnxruntime,runtime_default,0,False,419,321042
model_inference,onnxruntime,runtime_default,0,False,420,321083
model_inference,onnxruntime,runtime_default,0,False,421,324375
model_inference,onnxruntime,runtime_default,0,False,422,321000
model_inference,onnxruntime,runtime_default,0,False,423,320083
model_inference,onnxruntime,runtime_default,0,False,424,424459
model_inference,onnxruntime,runtime_default,0,False,425,649208
model_inference,onnxruntime,runtime_default,0,False,426,346125
model_inference,onnxruntime,runtime_default,0,False,427,358834
model_inference,onnxruntime,runtime_default,0,False,428,413291
model_inference,onnxruntime,runtime_default,0,False,429,373834
model_inference,onnxruntime,runtime_default,0,False,430,326791
model_inference,onnxruntime,runtime_default,0,False,431,321166
model_inference,onnxruntime,runtime_default,0,False,432,322209
model_inference,onnxruntime,runtime_default,0,False,433,321416
model_inference,onnxruntime,runtime_default,0,False,434,320750
model_inference,onnxruntime,runtime_default,0,False,435,319417
model_inference,onnxruntime,runtime_default,0,False,436,417334
model_inference,onnxruntime,runtime_default,0,False,437,346416
model_inference,onnxruntime,runtime_default,0,False,438,319541
model_inference,onnxruntime,runtime_default,0,False,439,319041
model_inference,onnxruntime,runtime_default,0,False,440,322209
model_inference,onnxruntime,runtime_default,0,False,441,319583
model_inference,onnxruntime,runtime_default,0,False,442,321750
model_inference,onnxruntime,runtime_default,0,False,443,321666
model_inference,onnxruntime,runtime_default,0,False,444,360459
model_inference,onnxruntime,runtime_default,0,False,445,351791
model_inference,onnxruntime,runtime_default,0,False,446,319458
model_inference,onnxruntime,runtime_default,0,False,447,321292
model_inference,onnxruntime,runtime_default,0,False,448,319959
model_inference,onnxruntime,runtime_default,0,False,449,319000
model_inference,onnxruntime,runtime_default,0,False,450,319333
model_inference,onnxruntime,runtime_default,0,False,451,319875
model_inference,onnxruntime,runtime_default,0,False,452,319875
model_inference,onnxruntime,runtime_default,0,False,453,373250
model_inference,onnxruntime,runtime_default,0,False,454,321292
model_inference,onnxruntime,runtime_default,0,False,455,406334
model_inference,onnxruntime,runtime_default,0,False,456,325834
model_inference,onnxruntime,runtime_default,0,False,457,337292
model_inference,onnxruntime,runtime_default,0,False,458,324208
model_inference,onnxruntime,runtime_default,0,False,459,323542
model_inference,onnxruntime,runtime_default,0,False,460,322458
model_inference,onnxruntime,runtime_default,0,False,461,334625
model_inference,onnxruntime,runtime_default,0,False,462,324834
model_inference,onnxruntime,runtime_default,0,False,463,344958
model_inference,onnxruntime,runtime_default,0,False,464,325750
model_inference,onnxruntime,runtime_default,0,False,465,323959
model_inference,onnxruntime,runtime_default,0,False,466,325458
model_inference,onnxruntime,runtime_default,0,False,467,326792
model_inference,onnxruntime,runtime_default,0,False,468,326875
model_inference,onnxruntime,runtime_default,0,False,469,330708
model_inference,onnxruntime,runtime_default,0,False,470,332459
model_inference,onnxruntime,runtime_default,0,False,471,331666
model_inference,onnxruntime,runtime_default,0,False,472,775792
model_inference,onnxruntime,runtime_default,0,False,473,553458
model_inference,onnxruntime,runtime_default,0,False,474,419750
model_inference,onnxruntime,runtime_default,0,False,475,416792
model_inference,onnxruntime,runtime_default,0,False,476,381458
model_inference,onnxruntime,runtime_default,0,False,477,473875
model_inference,onnxruntime,runtime_default,0,False,478,473000
model_inference,onnxruntime,runtime_default,0,False,479,437166
model_inference,onnxruntime,runtime_default,0,False,480,336500
model_inference,onnxruntime,runtime_default,0,False,481,338583
model_inference,onnxruntime,runtime_default,0,False,482,379917
model_inference,onnxruntime,runtime_default,0,False,483,390708
model_inference,onnxruntime,runtime_default,0,False,484,363125
model_inference,onnxruntime,runtime_default,0,False,485,488833
model_inference,onnxruntime,runtime_default,0,False,486,463584
model_inference,onnxruntime,runtime_default,0,False,487,439416
model_inference,onnxruntime,runtime_default,0,False,488,435917
model_inference,onnxruntime,runtime_default,0,False,489,434333
model_inference,onnxruntime,runtime_default,0,False,490,436167
model_inference,onnxruntime,runtime_default,0,False,491,438792
model_inference,onnxruntime,runtime_default,0,False,492,438000
model_inference,onnxruntime,runtime_default,0,False,493,452667
model_inference,onnxruntime,runtime_default,0,False,494,450000
model_inference,onnxruntime,runtime_default,0,False,495,442209
model_inference,onnxruntime,runtime_default,0,False,496,427542
model_inference,onnxruntime,runtime_default,0,False,497,420125
model_inference,onnxruntime,runtime_default,0,False,498,570584
model_inference,onnxruntime,runtime_default,0,False,499,384792
model_inference,onnxruntime,runtime_default,0,False,500,363958
model_inference,onnxruntime,runtime_default,0,False,501,359542
model_inference,onnxruntime,runtime_default,0,False,502,359125
model_inference,onnxruntime,runtime_default,0,False,503,372416
model_inference,onnxruntime,runtime_default,0,False,504,360708
model_inference,onnxruntime,runtime_default,0,False,505,375792
model_inference,onnxruntime,runtime_default,0,False,506,396375
model_inference,onnxruntime,runtime_default,0,False,507,360334
model_inference,onnxruntime,runtime_default,0,False,508,361667
model_inference,onnxruntime,runtime_default,0,False,509,382792
model_inference,onnxruntime,runtime_default,0,False,510,361834
model_inference,onnxruntime,runtime_default,0,False,511,359875
model_inference,onnxruntime,runtime_default,0,False,512,486042
model_inference,onnxruntime,runtime_default,0,False,513,558041
model_inference,onnxruntime,runtime_default,0,False,514,371417
model_inference,onnxruntime,runtime_default,0,False,515,369333
model_inference,onnxruntime,runtime_default,0,False,516,360375
model_inference,onnxruntime,runtime_default,0,False,517,365917
model_inference,onnxruntime,runtime_default,0,False,518,360167
model_inference,onnxruntime,runtime_default,0,False,519,360209
model_inference,onnxruntime,runtime_default,0,False,520,358041
model_inference,onnxruntime,runtime_default,0,False,521,361209
model_inference,onnxruntime,runtime_default,0,False,522,357791
model_inference,onnxruntime,runtime_default,0,False,523,359334
model_inference,onnxruntime,runtime_default,0,False,524,362625
model_inference,onnxruntime,runtime_default,0,False,525,361250
model_inference,onnxruntime,runtime_default,0,False,526,362958
model_inference,onnxruntime,runtime_default,0,False,527,358750
model_inference,onnxruntime,runtime_default,0,False,528,410959
model_inference,onnxruntime,runtime_default,0,False,529,522333
model_inference,onnxruntime,runtime_default,0,False,530,473834
model_inference,onnxruntime,runtime_default,0,False,531,476458
model_inference,onnxruntime,runtime_default,0,False,532,383458
model_inference,onnxruntime,runtime_default,0,False,533,374417
model_inference,onnxruntime,runtime_default,0,False,534,402000
model_inference,onnxruntime,runtime_default,0,False,535,422917
model_inference,onnxruntime,runtime_default,0,False,536,381167
model_inference,onnxruntime,runtime_default,0,False,537,440375
model_inference,onnxruntime,runtime_default,0,False,538,494875
model_inference,onnxruntime,runtime_default,0,False,539,454542
model_inference,onnxruntime,runtime_default,0,False,540,442792
model_inference,onnxruntime,runtime_default,0,False,541,446041
model_inference,onnxruntime,runtime_default,0,False,542,441209
model_inference,onnxruntime,runtime_default,0,False,543,434208
model_inference,onnxruntime,runtime_default,0,False,544,440750
model_inference,onnxruntime,runtime_default,0,False,545,436667
model_inference,onnxruntime,runtime_default,0,False,546,456958
model_inference,onnxruntime,runtime_default,0,False,547,444041
model_inference,onnxruntime,runtime_default,0,False,548,464958
model_inference,onnxruntime,runtime_default,0,False,549,417250
model_inference,onnxruntime,runtime_default,0,False,550,655333
model_inference,onnxruntime,runtime_default,0,False,551,542000
model_inference,onnxruntime,runtime_default,0,False,552,445875
model_inference,onnxruntime,runtime_default,0,False,553,366083
model_inference,onnxruntime,runtime_default,0,False,554,391375
model_inference,onnxruntime,runtime_default,0,False,555,433792
model_inference,onnxruntime,runtime_default,0,False,556,390459
model_inference,onnxruntime,runtime_default,0,False,557,457916
model_inference,onnxruntime,runtime_default,0,False,558,498583
model_inference,onnxruntime,runtime_default,0,False,559,485292
model_inference,onnxruntime,runtime_default,0,False,560,462250
model_inference,onnxruntime,runtime_default,0,False,561,455625
model_inference,onnxruntime,runtime_default,0,False,562,453042
model_inference,onnxruntime,runtime_default,0,False,563,451708
model_inference,onnxruntime,runtime_default,0,False,564,453500
model_inference,onnxruntime,runtime_default,0,False,565,461917
model_inference,onnxruntime,runtime_default,0,False,566,454583
model_inference,onnxruntime,runtime_default,0,False,567,449958
model_inference,onnxruntime,runtime_default,0,False,568,423167
model_inference,onnxruntime,runtime_default,0,False,569,441750
model_inference,onnxruntime,runtime_default,0,False,570,433958
model_inference,onnxruntime,runtime_default,0,False,571,438209
model_inference,onnxruntime,runtime_default,0,False,572,421416
model_inference,onnxruntime,runtime_default,0,False,573,363166
model_inference,onnxruntime,runtime_default,0,False,574,359792
model_inference,onnxruntime,runtime_default,0,False,575,462583
model_inference,onnxruntime,runtime_default,0,False,576,366084
model_inference,onnxruntime,runtime_default,0,False,577,360250
model_inference,onnxruntime,runtime_default,0,False,578,359541
model_inference,onnxruntime,runtime_default,0,False,579,358875
model_inference,onnxruntime,runtime_default,0,False,580,359708
model_inference,onnxruntime,runtime_default,0,False,581,357792
model_inference,onnxruntime,runtime_default,0,False,582,415917
model_inference,onnxruntime,runtime_default,0,False,583,404167
model_inference,onnxruntime,runtime_default,0,False,584,478750
model_inference,onnxruntime,runtime_default,0,False,585,453167
model_inference,onnxruntime,runtime_default,0,False,586,444292
model_inference,onnxruntime,runtime_default,0,False,587,440417
model_inference,onnxruntime,runtime_default,0,False,588,441500
model_inference,onnxruntime,runtime_default,0,False,589,433917
model_inference,onnxruntime,runtime_default,0,False,590,440042
model_inference,onnxruntime,runtime_default,0,False,591,782667
model_inference,onnxruntime,runtime_default,0,False,592,449250
model_inference,onnxruntime,runtime_default,0,False,593,436292
model_inference,onnxruntime,runtime_default,0,False,594,481291
model_inference,onnxruntime,runtime_default,0,False,595,550041
model_inference,onnxruntime,runtime_default,0,False,596,478167
model_inference,onnxruntime,runtime_default,0,False,597,452958
model_inference,onnxruntime,runtime_default,0,False,598,365875
model_inference,onnxruntime,runtime_default,0,False,599,359500
model_inference,onnxruntime,runtime_default,0,False,600,390167
model_inference,onnxruntime,runtime_default,0,False,601,438625
model_inference,onnxruntime,runtime_default,0,False,602,407667
model_inference,onnxruntime,runtime_default,0,False,603,466125
model_inference,onnxruntime,runtime_default,0,False,604,448375
model_inference,onnxruntime,runtime_default,0,False,605,429959
model_inference,onnxruntime,runtime_default,0,False,606,432125
model_inference,onnxruntime,runtime_default,0,False,607,435792
model_inference,onnxruntime,runtime_default,0,False,608,433042
model_inference,onnxruntime,runtime_default,0,False,609,447625
model_inference,onnxruntime,runtime_default,0,False,610,466167
model_inference,onnxruntime,runtime_default,0,False,611,442708
model_inference,onnxruntime,runtime_default,0,False,612,434042
model_inference,onnxruntime,runtime_default,0,False,613,439125
model_inference,onnxruntime,runtime_default,0,False,614,364083
model_inference,onnxruntime,runtime_default,0,False,615,583625
model_inference,onnxruntime,runtime_default,0,False,616,433541
model_inference,onnxruntime,runtime_default,0,False,617,365833
model_inference,onnxruntime,runtime_default,0,False,618,360792
model_inference,onnxruntime,runtime_default,0,False,619,359333
model_inference,onnxruntime,runtime_default,0,False,620,358833
model_inference,onnxruntime,runtime_default,0,False,621,358792
model_inference,onnxruntime,runtime_default,0,False,622,358875
model_inference,onnxruntime,runtime_default,0,False,623,455667
model_inference,onnxruntime,runtime_default,0,False,624,366417
model_inference,onnxruntime,runtime_default,0,False,625,361125
model_inference,onnxruntime,runtime_default,0,False,626,358833
model_inference,onnxruntime,runtime_default,0,False,627,378625
model_inference,onnxruntime,runtime_default,0,False,628,357917
model_inference,onnxruntime,runtime_default,0,False,629,466792
model_inference,onnxruntime,runtime_default,0,False,630,663167
model_inference,onnxruntime,runtime_default,0,False,631,450625
model_inference,onnxruntime,runtime_default,0,False,632,366417
model_inference,onnxruntime,runtime_default,0,False,633,364458
model_inference,onnxruntime,runtime_default,0,False,634,360959
model_inference,onnxruntime,runtime_default,0,False,635,359417
model_inference,onnxruntime,runtime_default,0,False,636,358375
model_inference,onnxruntime,runtime_default,0,False,637,358500
model_inference,onnxruntime,runtime_default,0,False,638,359083
model_inference,onnxruntime,runtime_default,0,False,639,358709
model_inference,onnxruntime,runtime_default,0,False,640,361750
model_inference,onnxruntime,runtime_default,0,False,641,359916
model_inference,onnxruntime,runtime_default,0,False,642,360375
model_inference,onnxruntime,runtime_default,0,False,643,359209
model_inference,onnxruntime,runtime_default,0,False,644,358583
model_inference,onnxruntime,runtime_default,0,False,645,410458
model_inference,onnxruntime,runtime_default,0,False,646,464625
model_inference,onnxruntime,runtime_default,0,False,647,436584
model_inference,onnxruntime,runtime_default,0,False,648,427291
model_inference,onnxruntime,runtime_default,0,False,649,362333
model_inference,onnxruntime,runtime_default,0,False,650,361500
model_inference,onnxruntime,runtime_default,0,False,651,359458
model_inference,onnxruntime,runtime_default,0,False,652,357500
model_inference,onnxruntime,runtime_default,0,False,653,445459
model_inference,onnxruntime,runtime_default,0,False,654,434250
model_inference,onnxruntime,runtime_default,0,False,655,439959
model_inference,onnxruntime,runtime_default,0,False,656,365375
model_inference,onnxruntime,runtime_default,0,False,657,360208
model_inference,onnxruntime,runtime_default,0,False,658,360083
model_inference,onnxruntime,runtime_default,0,False,659,358750
model_inference,onnxruntime,runtime_default,0,False,660,358667
model_inference,onnxruntime,runtime_default,0,False,661,358583
model_inference,onnxruntime,runtime_default,0,False,662,357000
model_inference,onnxruntime,runtime_default,0,False,663,360917
model_inference,onnxruntime,runtime_default,0,False,664,358750
model_inference,onnxruntime,runtime_default,0,False,665,357542
model_inference,onnxruntime,runtime_default,0,False,666,357875
model_inference,onnxruntime,runtime_default,0,False,667,359625
model_inference,onnxruntime,runtime_default,0,False,668,359209
model_inference,onnxruntime,runtime_default,0,False,669,360000
model_inference,onnxruntime,runtime_default,0,False,670,360166
model_inference,onnxruntime,runtime_default,0,False,671,360416
model_inference,onnxruntime,runtime_default,0,False,672,362041
model_inference,onnxruntime,runtime_default,0,False,673,681625
model_inference,onnxruntime,runtime_default,0,False,674,462000
model_inference,onnxruntime,runtime_default,0,False,675,445875
model_inference,onnxruntime,runtime_default,0,False,676,445167
model_inference,onnxruntime,runtime_default,0,False,677,440583
model_inference,onnxruntime,runtime_default,0,False,678,444000
model_inference,onnxruntime,runtime_default,0,False,679,442542
model_inference,onnxruntime,runtime_default,0,False,680,503041
model_inference,onnxruntime,runtime_default,0,False,681,512958
model_inference,onnxruntime,runtime_default,0,False,682,461459
model_inference,onnxruntime,runtime_default,0,False,683,445750
model_inference,onnxruntime,runtime_default,0,False,684,370541
model_inference,onnxruntime,runtime_default,0,False,685,475834
model_inference,onnxruntime,runtime_default,0,False,686,400791
model_inference,onnxruntime,runtime_default,0,False,687,366583
model_inference,onnxruntime,runtime_default,0,False,688,361541
model_inference,onnxruntime,runtime_default,0,False,689,360417
model_inference,onnxruntime,runtime_default,0,False,690,364667
model_inference,onnxruntime,runtime_default,0,False,691,359625
model_inference,onnxruntime,runtime_default,0,False,692,358959
model_inference,onnxruntime,runtime_default,0,False,693,435625
model_inference,onnxruntime,runtime_default,0,False,694,360417
model_inference,onnxruntime,runtime_default,0,False,695,360000
model_inference,onnxruntime,runtime_default,0,False,696,358750
model_inference,onnxruntime,runtime_default,0,False,697,383584
model_inference,onnxruntime,runtime_default,0,False,698,360959
model_inference,onnxruntime,runtime_default,0,False,699,362292
model_inference,onnxruntime,runtime_default,0,False,700,360792
model_inference,onnxruntime,runtime_default,0,False,701,361500
model_inference,onnxruntime,runtime_default,0,False,702,363250
model_inference,onnxruntime,runtime_default,0,False,703,360625
model_inference,onnxruntime,runtime_default,0,False,704,364959
model_inference,onnxruntime,runtime_default,0,False,705,368959
model_inference,onnxruntime,runtime_default,0,False,706,367875
model_inference,onnxruntime,runtime_default,0,False,707,368750
model_inference,onnxruntime,runtime_default,0,False,708,435584
model_inference,onnxruntime,runtime_default,0,False,709,500250
model_inference,onnxruntime,runtime_default,0,False,710,483125
model_inference,onnxruntime,runtime_default,0,False,711,458167
model_inference,onnxruntime,runtime_default,0,False,712,459292
model_inference,onnxruntime,runtime_default,0,False,713,630166
model_inference,onnxruntime,runtime_default,0,False,714,518584
model_inference,onnxruntime,runtime_default,0,False,715,518583
model_inference,onnxruntime,runtime_default,0,False,716,467291
model_inference,onnxruntime,runtime_default,0,False,717,418500
model_inference,onnxruntime,runtime_default,0,False,718,371333
model_inference,onnxruntime,runtime_default,0,False,719,366375
model_inference,onnxruntime,runtime_default,0,False,720,363250
model_inference,onnxruntime,runtime_default,0,False,721,360500
model_inference,onnxruntime,runtime_default,0,False,722,360042
model_inference,onnxruntime,runtime_default,0,False,723,361209
model_inference,onnxruntime,runtime_default,0,False,724,358500
model_inference,onnxruntime,runtime_default,0,False,725,363292
model_inference,onnxruntime,runtime_default,0,False,726,362833
model_inference,onnxruntime,runtime_default,0,False,727,363334
model_inference,onnxruntime,runtime_default,0,False,728,361583
model_inference,onnxruntime,runtime_default,0,False,729,359875
model_inference,onnxruntime,runtime_default,0,False,730,361708
model_inference,onnxruntime,runtime_default,0,False,731,366625
model_inference,onnxruntime,runtime_default,0,False,732,362542
model_inference,onnxruntime,runtime_default,0,False,733,419875
model_inference,onnxruntime,runtime_default,0,False,734,428125
model_inference,onnxruntime,runtime_default,0,False,735,394292
model_inference,onnxruntime,runtime_default,0,False,736,593125
model_inference,onnxruntime,runtime_default,0,False,737,454833
model_inference,onnxruntime,runtime_default,0,False,738,590834
model_inference,onnxruntime,runtime_default,0,False,739,701958
model_inference,onnxruntime,runtime_default,0,False,740,771083
model_inference,onnxruntime,runtime_default,0,False,741,712166
model_inference,onnxruntime,runtime_default,0,False,742,514208
model_inference,onnxruntime,runtime_default,0,False,743,506458
model_inference,onnxruntime,runtime_default,0,False,744,496333
model_inference,onnxruntime,runtime_default,0,False,745,486958
model_inference,onnxruntime,runtime_default,0,False,746,480625
model_inference,onnxruntime,runtime_default,0,False,747,570834
model_inference,onnxruntime,runtime_default,0,False,748,576959
model_inference,onnxruntime,runtime_default,0,False,749,843625
model_inference,onnxruntime,runtime_default,0,False,750,521333
model_inference,onnxruntime,runtime_default,0,False,751,546458
model_inference,onnxruntime,runtime_default,0,False,752,546125
model_inference,onnxruntime,runtime_default,0,False,753,597542
model_inference,onnxruntime,runtime_default,0,False,754,523917
model_inference,onnxruntime,runtime_default,0,False,755,582875
model_inference,onnxruntime,runtime_default,0,False,756,403125
model_inference,onnxruntime,runtime_default,0,False,757,617000
model_inference,onnxruntime,runtime_default,0,False,758,688917
model_inference,onnxruntime,runtime_default,0,False,759,605916
model_inference,onnxruntime,runtime_default,0,False,760,510000
model_inference,onnxruntime,runtime_default,0,False,761,493000
model_inference,onnxruntime,runtime_default,0,False,762,569334
model_inference,onnxruntime,runtime_default,0,False,763,642459
model_inference,onnxruntime,runtime_default,0,False,764,641416
model_inference,onnxruntime,runtime_default,0,False,765,628208
model_inference,onnxruntime,runtime_default,0,False,766,693208
model_inference,onnxruntime,runtime_default,0,False,767,605584
model_inference,onnxruntime,runtime_default,0,False,768,916375
model_inference,onnxruntime,runtime_default,0,False,769,521667
model_inference,onnxruntime,runtime_default,0,False,770,490375
model_inference,onnxruntime,runtime_default,0,False,771,608084
model_inference,onnxruntime,runtime_default,0,False,772,448959
model_inference,onnxruntime,runtime_default,0,False,773,558958
model_inference,onnxruntime,runtime_default,0,False,774,438791
model_inference,onnxruntime,runtime_default,0,False,775,404292
model_inference,onnxruntime,runtime_default,0,False,776,426834
model_inference,onnxruntime,runtime_default,0,False,777,448041
model_inference,onnxruntime,runtime_default,0,False,778,563500
model_inference,onnxruntime,runtime_default,0,False,779,689292
model_inference,onnxruntime,runtime_default,0,False,780,474250
model_inference,onnxruntime,runtime_default,0,False,781,473625
model_inference,onnxruntime,runtime_default,0,False,782,500500
model_inference,onnxruntime,runtime_default,0,False,783,522959
model_inference,onnxruntime,runtime_default,0,False,784,457208
model_inference,onnxruntime,runtime_default,0,False,785,451208
model_inference,onnxruntime,runtime_default,0,False,786,479250
model_inference,onnxruntime,runtime_default,0,False,787,498084
model_inference,onnxruntime,runtime_default,0,False,788,545333
model_inference,onnxruntime,runtime_default,0,False,789,463334
model_inference,onnxruntime,runtime_default,0,False,790,457250
model_inference,onnxruntime,runtime_default,0,False,791,459167
model_inference,onnxruntime,runtime_default,0,False,792,384917
model_inference,onnxruntime,runtime_default,0,False,793,416958
model_inference,onnxruntime,runtime_default,0,False,794,400458
model_inference,onnxruntime,runtime_default,0,False,795,376709
model_inference,onnxruntime,runtime_default,0,False,796,381375
model_inference,onnxruntime,runtime_default,0,False,797,434167
model_inference,onnxruntime,runtime_default,0,False,798,439625
model_inference,onnxruntime,runtime_default,0,False,799,412917
model_inference,onnxruntime,runtime_default,0,False,800,439917
model_inference,onnxruntime,runtime_default,0,False,801,373250
model_inference,onnxruntime,runtime_default,0,False,802,518375
model_inference,onnxruntime,runtime_default,0,False,803,499750
model_inference,onnxruntime,runtime_default,0,False,804,458917
model_inference,onnxruntime,runtime_default,0,False,805,438166
model_inference,onnxruntime,runtime_default,0,False,806,451500
model_inference,onnxruntime,runtime_default,0,False,807,435042
model_inference,onnxruntime,runtime_default,0,False,808,459042
model_inference,onnxruntime,runtime_default,0,False,809,434458
model_inference,onnxruntime,runtime_default,0,False,810,429041
model_inference,onnxruntime,runtime_default,0,False,811,427167
model_inference,onnxruntime,runtime_default,0,False,812,427250
model_inference,onnxruntime,runtime_default,0,False,813,396959
model_inference,onnxruntime,runtime_default,0,False,814,456917
model_inference,onnxruntime,runtime_default,0,False,815,726000
model_inference,onnxruntime,runtime_default,0,False,816,453458
model_inference,onnxruntime,runtime_default,0,False,817,410667
model_inference,onnxruntime,runtime_default,0,False,818,361250
model_inference,onnxruntime,runtime_default,0,False,819,359708
model_inference,onnxruntime,runtime_default,0,False,820,437583
model_inference,onnxruntime,runtime_default,0,False,821,361209
model_inference,onnxruntime,runtime_default,0,False,822,451166
model_inference,onnxruntime,runtime_default,0,False,823,442792
model_inference,onnxruntime,runtime_default,0,False,824,432833
model_inference,onnxruntime,runtime_default,0,False,825,434625
model_inference,onnxruntime,runtime_default,0,False,826,431959
model_inference,onnxruntime,runtime_default,0,False,827,428500
model_inference,onnxruntime,runtime_default,0,False,828,427917
model_inference,onnxruntime,runtime_default,0,False,829,436875
model_inference,onnxruntime,runtime_default,0,False,830,433792
model_inference,onnxruntime,runtime_default,0,False,831,435875
model_inference,onnxruntime,runtime_default,0,False,832,430083
model_inference,onnxruntime,runtime_default,0,False,833,444959
model_inference,onnxruntime,runtime_default,0,False,834,519708
model_inference,onnxruntime,runtime_default,0,False,835,532167
model_inference,onnxruntime,runtime_default,0,False,836,486083
model_inference,onnxruntime,runtime_default,0,False,837,410042
model_inference,onnxruntime,runtime_default,0,False,838,367416
model_inference,onnxruntime,runtime_default,0,False,839,362209
model_inference,onnxruntime,runtime_default,0,False,840,490042
model_inference,onnxruntime,runtime_default,0,False,841,365042
model_inference,onnxruntime,runtime_default,0,False,842,426000
model_inference,onnxruntime,runtime_default,0,False,843,466833
model_inference,onnxruntime,runtime_default,0,False,844,440167
model_inference,onnxruntime,runtime_default,0,False,845,434834
model_inference,onnxruntime,runtime_default,0,False,846,429750
model_inference,onnxruntime,runtime_default,0,False,847,428708
model_inference,onnxruntime,runtime_default,0,False,848,426250
model_inference,onnxruntime,runtime_default,0,False,849,426208
model_inference,onnxruntime,runtime_default,0,False,850,427625
model_inference,onnxruntime,runtime_default,0,False,851,437209
model_inference,onnxruntime,runtime_default,0,False,852,431875
model_inference,onnxruntime,runtime_default,0,False,853,623209
model_inference,onnxruntime,runtime_default,0,False,854,594417
model_inference,onnxruntime,runtime_default,0,False,855,498084
model_inference,onnxruntime,runtime_default,0,False,856,463666
model_inference,onnxruntime,runtime_default,0,False,857,404500
model_inference,onnxruntime,runtime_default,0,False,858,369375
model_inference,onnxruntime,runtime_default,0,False,859,379583
model_inference,onnxruntime,runtime_default,0,False,860,470500
model_inference,onnxruntime,runtime_default,0,False,861,435042
model_inference,onnxruntime,runtime_default,0,False,862,490084
model_inference,onnxruntime,runtime_default,0,False,863,445500
model_inference,onnxruntime,runtime_default,0,False,864,436791
model_inference,onnxruntime,runtime_default,0,False,865,437500
model_inference,onnxruntime,runtime_default,0,False,866,443500
model_inference,onnxruntime,runtime_default,0,False,867,433167
model_inference,onnxruntime,runtime_default,0,False,868,429583
model_inference,onnxruntime,runtime_default,0,False,869,452250
model_inference,onnxruntime,runtime_default,0,False,870,481792
model_inference,onnxruntime,runtime_default,0,False,871,492458
model_inference,onnxruntime,runtime_default,0,False,872,472875
model_inference,onnxruntime,runtime_default,0,False,873,487667
model_inference,onnxruntime,runtime_default,0,False,874,446750
model_inference,onnxruntime,runtime_default,0,False,875,704833
model_inference,onnxruntime,runtime_default,0,False,876,361541
model_inference,onnxruntime,runtime_default,0,False,877,360292
model_inference,onnxruntime,runtime_default,0,False,878,362208
model_inference,onnxruntime,runtime_default,0,False,879,358709
model_inference,onnxruntime,runtime_default,0,False,880,358875
model_inference,onnxruntime,runtime_default,0,False,881,359834
model_inference,onnxruntime,runtime_default,0,False,882,357292
model_inference,onnxruntime,runtime_default,0,False,883,361958
model_inference,onnxruntime,runtime_default,0,False,884,358459
model_inference,onnxruntime,runtime_default,0,False,885,357083
model_inference,onnxruntime,runtime_default,0,False,886,368875
model_inference,onnxruntime,runtime_default,0,False,887,474125
model_inference,onnxruntime,runtime_default,0,False,888,455084
model_inference,onnxruntime,runtime_default,0,False,889,715250
model_inference,onnxruntime,runtime_default,0,False,890,414292
model_inference,onnxruntime,runtime_default,0,False,891,379458
model_inference,onnxruntime,runtime_default,0,False,892,361959
model_inference,onnxruntime,runtime_default,0,False,893,364750
model_inference,onnxruntime,runtime_default,0,False,894,360625
model_inference,onnxruntime,runtime_default,0,False,895,360250
model_inference,onnxruntime,runtime_default,0,False,896,363792
model_inference,onnxruntime,runtime_default,0,False,897,358833
model_inference,onnxruntime,runtime_default,0,False,898,359833
model_inference,onnxruntime,runtime_default,0,False,899,364250
model_inference,onnxruntime,runtime_default,0,False,900,358416
model_inference,onnxruntime,runtime_default,0,False,901,359042
model_inference,onnxruntime,runtime_default,0,False,902,360959
model_inference,onnxruntime,runtime_default,0,False,903,357959
model_inference,onnxruntime,runtime_default,0,False,904,361042
model_inference,onnxruntime,runtime_default,0,False,905,363458
model_inference,onnxruntime,runtime_default,0,False,906,362291
model_inference,onnxruntime,runtime_default,0,False,907,358875
model_inference,onnxruntime,runtime_default,0,False,908,360834
model_inference,onnxruntime,runtime_default,0,False,909,359500
model_inference,onnxruntime,runtime_default,0,False,910,433292
model_inference,onnxruntime,runtime_default,0,False,911,442542
model_inference,onnxruntime,runtime_default,0,False,912,440709
model_inference,onnxruntime,runtime_default,0,False,913,416792
model_inference,onnxruntime,runtime_default,0,False,914,361417
model_inference,onnxruntime,runtime_default,0,False,915,360083
model_inference,onnxruntime,runtime_default,0,False,916,425542
model_inference,onnxruntime,runtime_default,0,False,917,362333
model_inference,onnxruntime,runtime_default,0,False,918,359875
model_inference,onnxruntime,runtime_default,0,False,919,359000
model_inference,onnxruntime,runtime_default,0,False,920,358959
model_inference,onnxruntime,runtime_default,0,False,921,458666
model_inference,onnxruntime,runtime_default,0,False,922,469792
model_inference,onnxruntime,runtime_default,0,False,923,442125
model_inference,onnxruntime,runtime_default,0,False,924,428792
model_inference,onnxruntime,runtime_default,0,False,925,430958
model_inference,onnxruntime,runtime_default,0,False,926,434500
model_inference,onnxruntime,runtime_default,0,False,927,427625
model_inference,onnxruntime,runtime_default,0,False,928,429542
model_inference,onnxruntime,runtime_default,0,False,929,428375
model_inference,onnxruntime,runtime_default,0,False,930,426083
model_inference,onnxruntime,runtime_default,0,False,931,441708
model_inference,onnxruntime,runtime_default,0,False,932,547750
model_inference,onnxruntime,runtime_default,0,False,933,631167
model_inference,onnxruntime,runtime_default,0,False,934,572084
model_inference,onnxruntime,runtime_default,0,False,935,420000
model_inference,onnxruntime,runtime_default,0,False,936,366334
model_inference,onnxruntime,runtime_default,0,False,937,364875
model_inference,onnxruntime,runtime_default,0,False,938,363333
model_inference,onnxruntime,runtime_default,0,False,939,362708
model_inference,onnxruntime,runtime_default,0,False,940,380334
model_inference,onnxruntime,runtime_default,0,False,941,385375
model_inference,onnxruntime,runtime_default,0,False,942,359667
model_inference,onnxruntime,runtime_default,0,False,943,362167
model_inference,onnxruntime,runtime_default,0,False,944,372791
model_inference,onnxruntime,runtime_default,0,False,945,361666
model_inference,onnxruntime,runtime_default,0,False,946,359667
model_inference,onnxruntime,runtime_default,0,False,947,359375
model_inference,onnxruntime,runtime_default,0,False,948,361500
model_inference,onnxruntime,runtime_default,0,False,949,362708
model_inference,onnxruntime,runtime_default,0,False,950,358916
model_inference,onnxruntime,runtime_default,0,False,951,362625
model_inference,onnxruntime,runtime_default,0,False,952,399000
model_inference,onnxruntime,runtime_default,0,False,953,359292
model_inference,onnxruntime,runtime_default,0,False,954,361208
model_inference,onnxruntime,runtime_default,0,False,955,366917
model_inference,onnxruntime,runtime_default,0,False,956,359959
model_inference,onnxruntime,runtime_default,0,False,957,361959
model_inference,onnxruntime,runtime_default,0,False,958,361084
model_inference,onnxruntime,runtime_default,0,False,959,360750
model_inference,onnxruntime,runtime_default,0,False,960,360083
model_inference,onnxruntime,runtime_default,0,False,961,365833
model_inference,onnxruntime,runtime_default,0,False,962,363500
model_inference,onnxruntime,runtime_default,0,False,963,362208
model_inference,onnxruntime,runtime_default,0,False,964,441083
model_inference,onnxruntime,runtime_default,0,False,965,436333
model_inference,onnxruntime,runtime_default,0,False,966,423917
model_inference,onnxruntime,runtime_default,0,False,967,360125
model_inference,onnxruntime,runtime_default,0,False,968,358750
model_inference,onnxruntime,runtime_default,0,False,969,398958
model_inference,onnxruntime,runtime_default,0,False,970,368667
model_inference,onnxruntime,runtime_default,0,False,971,462500
model_inference,onnxruntime,runtime_default,0,False,972,518583
model_inference,onnxruntime,runtime_default,0,False,973,426208
model_inference,onnxruntime,runtime_default,0,False,974,431084
model_inference,onnxruntime,runtime_default,0,False,975,635625
model_inference,onnxruntime,runtime_default,0,False,976,544875
model_inference,onnxruntime,runtime_default,0,False,977,475167
model_inference,onnxruntime,runtime_default,0,False,978,460542
model_inference,onnxruntime,runtime_default,0,False,979,440792
model_inference,onnxruntime,runtime_default,0,False,980,433625
model_inference,onnxruntime,runtime_default,0,False,981,428667
model_inference,onnxruntime,runtime_default,0,False,982,487375
model_inference,onnxruntime,runtime_default,0,False,983,465125
model_inference,onnxruntime,runtime_default,0,False,984,436500
model_inference,onnxruntime,runtime_default,0,False,985,402167
model_inference,onnxruntime,runtime_default,0,False,986,442000
model_inference,onnxruntime,runtime_default,0,False,987,379500
model_inference,onnxruntime,runtime_default,0,False,988,363917
model_inference,onnxruntime,runtime_default,0,False,989,362250
model_inference,onnxruntime,runtime_default,0,False,990,374208
model_inference,onnxruntime,runtime_default,0,False,991,416584
model_inference,onnxruntime,runtime_default,0,False,992,373709
model_inference,onnxruntime,runtime_default,0,False,993,446541
model_inference,onnxruntime,runtime_default,0,False,994,379625
model_inference,onnxruntime,runtime_default,0,False,995,409709
model_inference,onnxruntime,runtime_default,0,False,996,433417
model_inference,onnxruntime,runtime_default,0,False,997,384750
model_inference,onnxruntime,runtime_default,0,False,998,432625
model_inference,onnxruntime,runtime_default,0,False,999,387209
compute_pipeline,pytorch,single_thread,1,False,0,5798500
compute_pipeline,pytorch,single_thread,1,False,1,5354167
compute_pipeline,pytorch,single_thread,1,False,2,5280458
compute_pipeline,pytorch,single_thread,1,False,3,5719416
compute_pipeline,pytorch,single_thread,1,False,4,5433167
compute_pipeline,pytorch,single_thread,1,False,5,5331041
compute_pipeline,pytorch,single_thread,1,False,6,5791083
compute_pipeline,pytorch,single_thread,1,False,7,5335583
compute_pipeline,pytorch,single_thread,1,False,8,5255417
compute_pipeline,pytorch,single_thread,1,False,9,5719333
compute_pipeline,pytorch,single_thread,1,False,10,5253958
compute_pipeline,pytorch,single_thread,1,False,11,5301583
compute_pipeline,pytorch,single_thread,1,False,12,5716333
compute_pipeline,pytorch,single_thread,1,False,13,5304459
compute_pipeline,pytorch,single_thread,1,False,14,5457083
compute_pipeline,pytorch,single_thread,1,False,15,5708292
compute_pipeline,pytorch,single_thread,1,False,16,5361250
compute_pipeline,pytorch,single_thread,1,False,17,5246500
compute_pipeline,pytorch,single_thread,1,False,18,6071250
compute_pipeline,pytorch,single_thread,1,False,19,5366166
compute_pipeline,pytorch,single_thread,1,False,20,5364083
compute_pipeline,pytorch,single_thread,1,False,21,5745833
compute_pipeline,pytorch,single_thread,1,False,22,5345334
compute_pipeline,pytorch,single_thread,1,False,23,5349875
compute_pipeline,pytorch,single_thread,1,False,24,5790125
compute_pipeline,pytorch,single_thread,1,False,25,5365708
compute_pipeline,pytorch,single_thread,1,False,26,5575750
compute_pipeline,pytorch,single_thread,1,False,27,5962458
compute_pipeline,pytorch,single_thread,1,False,28,5427583
compute_pipeline,pytorch,single_thread,1,False,29,5372541
compute_pipeline,pytorch,single_thread,1,False,30,5515542
compute_pipeline,pytorch,single_thread,1,False,31,4990375
compute_pipeline,pytorch,single_thread,1,False,32,5190125
compute_pipeline,pytorch,single_thread,1,False,33,5376167
compute_pipeline,pytorch,single_thread,1,False,34,4984875
compute_pipeline,pytorch,single_thread,1,False,35,5078542
compute_pipeline,pytorch,single_thread,1,False,36,5538625
compute_pipeline,pytorch,single_thread,1,False,37,5166917
compute_pipeline,pytorch,single_thread,1,False,38,4899917
compute_pipeline,pytorch,single_thread,1,False,39,4887125
compute_pipeline,pytorch,single_thread,1,False,40,5175125
compute_pipeline,pytorch,single_thread,1,False,41,5011375
compute_pipeline,pytorch,single_thread,1,False,42,4955000
compute_pipeline,pytorch,single_thread,1,False,43,5476208
compute_pipeline,pytorch,single_thread,1,False,44,5044959
compute_pipeline,pytorch,single_thread,1,False,45,5026167
compute_pipeline,pytorch,single_thread,1,False,46,5102125
compute_pipeline,pytorch,single_thread,1,False,47,4943333
compute_pipeline,pytorch,single_thread,1,False,48,4848125
compute_pipeline,pytorch,single_thread,1,False,49,4938542
compute_pipeline,pytorch,single_thread,1,False,50,5213500
compute_pipeline,pytorch,single_thread,1,False,51,4890583
compute_pipeline,pytorch,single_thread,1,False,52,4971875
compute_pipeline,pytorch,single_thread,1,False,53,5294875
compute_pipeline,pytorch,single_thread,1,False,54,4936083
compute_pipeline,pytorch,single_thread,1,False,55,4986916
compute_pipeline,pytorch,single_thread,1,False,56,5329250
compute_pipeline,pytorch,single_thread,1,False,57,5075458
compute_pipeline,pytorch,single_thread,1,False,58,4897500
compute_pipeline,pytorch,single_thread,1,False,59,4975250
compute_pipeline,pytorch,single_thread,1,False,60,5186916
compute_pipeline,pytorch,single_thread,1,False,61,5151625
compute_pipeline,pytorch,single_thread,1,False,62,5164375
compute_pipeline,pytorch,single_thread,1,False,63,5440416
compute_pipeline,pytorch,single_thread,1,False,64,4936333
compute_pipeline,pytorch,single_thread,1,False,65,4945083
compute_pipeline,pytorch,single_thread,1,False,66,5347584
compute_pipeline,pytorch,single_thread,1,False,67,5014292
compute_pipeline,pytorch,single_thread,1,False,68,4891792
compute_pipeline,pytorch,single_thread,1,False,69,5246584
compute_pipeline,pytorch,single_thread,1,False,70,5040417
compute_pipeline,pytorch,single_thread,1,False,71,5065125
compute_pipeline,pytorch,single_thread,1,False,72,4950666
compute_pipeline,pytorch,single_thread,1,False,73,5333625
compute_pipeline,pytorch,single_thread,1,False,74,4929167
compute_pipeline,pytorch,single_thread,1,False,75,4864250
compute_pipeline,pytorch,single_thread,1,False,76,5388750
compute_pipeline,pytorch,single_thread,1,False,77,4917917
compute_pipeline,pytorch,single_thread,1,False,78,5125500
compute_pipeline,pytorch,single_thread,1,False,79,5445000
compute_pipeline,pytorch,single_thread,1,False,80,5116625
compute_pipeline,pytorch,single_thread,1,False,81,5019625
compute_pipeline,pytorch,single_thread,1,False,82,5256167
compute_pipeline,pytorch,single_thread,1,False,83,4967667
compute_pipeline,pytorch,single_thread,1,False,84,4795333
compute_pipeline,pytorch,single_thread,1,False,85,4789084
compute_pipeline,pytorch,single_thread,1,False,86,5114958
compute_pipeline,pytorch,single_thread,1,False,87,4936333
compute_pipeline,pytorch,single_thread,1,False,88,4825166
compute_pipeline,pytorch,single_thread,1,False,89,5256208
compute_pipeline,pytorch,single_thread,1,False,90,4897625
compute_pipeline,pytorch,single_thread,1,False,91,5009541
compute_pipeline,pytorch,single_thread,1,False,92,5349708
compute_pipeline,pytorch,single_thread,1,False,93,5130666
compute_pipeline,pytorch,single_thread,1,False,94,4924125
compute_pipeline,pytorch,single_thread,1,False,95,4915625
compute_pipeline,pytorch,single_thread,1,False,96,5464666
compute_pipeline,pytorch,single_thread,1,False,97,4896125
compute_pipeline,pytorch,single_thread,1,False,98,5158333
compute_pipeline,pytorch,single_thread,1,False,99,5185583
compute_pipeline,pytorch,single_thread,1,False,100,5058375
compute_pipeline,pytorch,single_thread,1,False,101,5012500
compute_pipeline,pytorch,single_thread,1,False,102,5413750
compute_pipeline,pytorch,single_thread,1,False,103,4934000
compute_pipeline,pytorch,single_thread,1,False,104,4884625
compute_pipeline,pytorch,single_thread,1,False,105,5326916
compute_pipeline,pytorch,single_thread,1,False,106,5026500
compute_pipeline,pytorch,single_thread,1,False,107,4970917
compute_pipeline,pytorch,single_thread,1,False,108,4991917
compute_pipeline,pytorch,single_thread,1,False,109,5889917
compute_pipeline,pytorch,single_thread,1,False,110,4923875
compute_pipeline,pytorch,single_thread,1,False,111,4879834
compute_pipeline,pytorch,single_thread,1,False,112,5173667
compute_pipeline,pytorch,single_thread,1,False,113,5233459
compute_pipeline,pytorch,single_thread,1,False,114,5040292
compute_pipeline,pytorch,single_thread,1,False,115,5669541
compute_pipeline,pytorch,single_thread,1,False,116,5175500
compute_pipeline,pytorch,single_thread,1,False,117,5160708
compute_pipeline,pytorch,single_thread,1,False,118,5531500
compute_pipeline,pytorch,single_thread,1,False,119,5236458
compute_pipeline,pytorch,single_thread,1,False,120,5030084
compute_pipeline,pytorch,single_thread,1,False,121,5240209
compute_pipeline,pytorch,single_thread,1,False,122,5024167
compute_pipeline,pytorch,single_thread,1,False,123,5061917
compute_pipeline,pytorch,single_thread,1,False,124,4957250
compute_pipeline,pytorch,single_thread,1,False,125,5432875
compute_pipeline,pytorch,single_thread,1,False,126,4986125
compute_pipeline,pytorch,single_thread,1,False,127,4956750
compute_pipeline,pytorch,single_thread,1,False,128,5372125
compute_pipeline,pytorch,single_thread,1,False,129,5070209
compute_pipeline,pytorch,single_thread,1,False,130,5110125
compute_pipeline,pytorch,single_thread,1,False,131,5406625
compute_pipeline,pytorch,single_thread,1,False,132,5317792
compute_pipeline,pytorch,single_thread,1,False,133,5033583
compute_pipeline,pytorch,single_thread,1,False,134,5395084
compute_pipeline,pytorch,single_thread,1,False,135,5701084
compute_pipeline,pytorch,single_thread,1,False,136,6535875
compute_pipeline,pytorch,single_thread,1,False,137,6052750
compute_pipeline,pytorch,single_thread,1,False,138,5464666
compute_pipeline,pytorch,single_thread,1,False,139,5306750
compute_pipeline,pytorch,single_thread,1,False,140,6661500
compute_pipeline,pytorch,single_thread,1,False,141,5270875
compute_pipeline,pytorch,single_thread,1,False,142,5049000
compute_pipeline,pytorch,single_thread,1,False,143,5387291
compute_pipeline,pytorch,single_thread,1,False,144,5237792
compute_pipeline,pytorch,single_thread,1,False,145,5103250
compute_pipeline,pytorch,single_thread,1,False,146,5592083
compute_pipeline,pytorch,single_thread,1,False,147,5777375
compute_pipeline,pytorch,single_thread,1,False,148,5394958
compute_pipeline,pytorch,single_thread,1,False,149,5640250
compute_pipeline,pytorch,single_thread,1,False,150,5584166
compute_pipeline,pytorch,single_thread,1,False,151,9961625
compute_pipeline,pytorch,single_thread,1,False,152,5789000
compute_pipeline,pytorch,single_thread,1,False,153,5068875
compute_pipeline,pytorch,single_thread,1,False,154,5107625
compute_pipeline,pytorch,single_thread,1,False,155,5172666
compute_pipeline,pytorch,single_thread,1,False,156,4990750
compute_pipeline,pytorch,single_thread,1,False,157,4994208
compute_pipeline,pytorch,single_thread,1,False,158,5269959
compute_pipeline,pytorch,single_thread,1,False,159,4956125
compute_pipeline,pytorch,single_thread,1,False,160,4965083
compute_pipeline,pytorch,single_thread,1,False,161,5337875
compute_pipeline,pytorch,single_thread,1,False,162,5184458
compute_pipeline,pytorch,single_thread,1,False,163,5122958
compute_pipeline,pytorch,single_thread,1,False,164,5140667
compute_pipeline,pytorch,single_thread,1,False,165,5075583
compute_pipeline,pytorch,single_thread,1,False,166,4742750
compute_pipeline,pytorch,single_thread,1,False,167,4821041
compute_pipeline,pytorch,single_thread,1,False,168,5399792
compute_pipeline,pytorch,single_thread,1,False,169,4974542
compute_pipeline,pytorch,single_thread,1,False,170,5024958
compute_pipeline,pytorch,single_thread,1,False,171,4878042
compute_pipeline,pytorch,single_thread,1,False,172,4716500
compute_pipeline,pytorch,single_thread,1,False,173,5019125
compute_pipeline,pytorch,single_thread,1,False,174,4983834
compute_pipeline,pytorch,single_thread,1,False,175,4765875
compute_pipeline,pytorch,single_thread,1,False,176,4713125
compute_pipeline,pytorch,single_thread,1,False,177,4677084
compute_pipeline,pytorch,single_thread,1,False,178,5062541
compute_pipeline,pytorch,single_thread,1,False,179,4629875
compute_pipeline,pytorch,single_thread,1,False,180,4652500
compute_pipeline,pytorch,single_thread,1,False,181,4975500
compute_pipeline,pytorch,single_thread,1,False,182,5055375
compute_pipeline,pytorch,single_thread,1,False,183,4880958
compute_pipeline,pytorch,single_thread,1,False,184,4787291
compute_pipeline,pytorch,single_thread,1,False,185,4968458
compute_pipeline,pytorch,single_thread,1,False,186,4724417
compute_pipeline,pytorch,single_thread,1,False,187,4688959
compute_pipeline,pytorch,single_thread,1,False,188,4787500
compute_pipeline,pytorch,single_thread,1,False,189,4798875
compute_pipeline,pytorch,single_thread,1,False,190,4715959
compute_pipeline,pytorch,single_thread,1,False,191,4913375
compute_pipeline,pytorch,single_thread,1,False,192,4807959
compute_pipeline,pytorch,single_thread,1,False,193,4671083
compute_pipeline,pytorch,single_thread,1,False,194,4673750
compute_pipeline,pytorch,single_thread,1,False,195,5035583
compute_pipeline,pytorch,single_thread,1,False,196,4732666
compute_pipeline,pytorch,single_thread,1,False,197,4668041
compute_pipeline,pytorch,single_thread,1,False,198,4646250
compute_pipeline,pytorch,single_thread,1,False,199,5097542
compute_pipeline,pytorch,single_thread,1,False,200,4943250
compute_pipeline,pytorch,single_thread,1,False,201,4718791
compute_pipeline,pytorch,single_thread,1,False,202,5097083
compute_pipeline,pytorch,single_thread,1,False,203,4701458
compute_pipeline,pytorch,single_thread,1,False,204,4725417
compute_pipeline,pytorch,single_thread,1,False,205,4746208
compute_pipeline,pytorch,single_thread,1,False,206,5224459
compute_pipeline,pytorch,single_thread,1,False,207,4730875
compute_pipeline,pytorch,single_thread,1,False,208,4814584
compute_pipeline,pytorch,single_thread,1,False,209,4833708
compute_pipeline,pytorch,single_thread,1,False,210,4647666
compute_pipeline,pytorch,single_thread,1,False,211,4652625
compute_pipeline,pytorch,single_thread,1,False,212,5039000
compute_pipeline,pytorch,single_thread,1,False,213,4973000
compute_pipeline,pytorch,single_thread,1,False,214,4723708
compute_pipeline,pytorch,single_thread,1,False,215,4626291
compute_pipeline,pytorch,single_thread,1,False,216,4910250
compute_pipeline,pytorch,single_thread,1,False,217,4768583
compute_pipeline,pytorch,single_thread,1,False,218,4688042
compute_pipeline,pytorch,single_thread,1,False,219,4876041
compute_pipeline,pytorch,single_thread,1,False,220,4677083
compute_pipeline,pytorch,single_thread,1,False,221,4728417
compute_pipeline,pytorch,single_thread,1,False,222,4939292
compute_pipeline,pytorch,single_thread,1,False,223,4939375
compute_pipeline,pytorch,single_thread,1,False,224,5148834
compute_pipeline,pytorch,single_thread,1,False,225,5042917
compute_pipeline,pytorch,single_thread,1,False,226,5363875
compute_pipeline,pytorch,single_thread,1,False,227,5087709
compute_pipeline,pytorch,single_thread,1,False,228,4965583
compute_pipeline,pytorch,single_thread,1,False,229,5372000
compute_pipeline,pytorch,single_thread,1,False,230,5163708
compute_pipeline,pytorch,single_thread,1,False,231,5023625
compute_pipeline,pytorch,single_thread,1,False,232,4981750
compute_pipeline,pytorch,single_thread,1,False,233,5189666
compute_pipeline,pytorch,single_thread,1,False,234,4961750
compute_pipeline,pytorch,single_thread,1,False,235,4954375
compute_pipeline,pytorch,single_thread,1,False,236,5047000
compute_pipeline,pytorch,single_thread,1,False,237,4877708
compute_pipeline,pytorch,single_thread,1,False,238,4921708
compute_pipeline,pytorch,single_thread,1,False,239,5289834
compute_pipeline,pytorch,single_thread,1,False,240,4977750
compute_pipeline,pytorch,single_thread,1,False,241,5062542
compute_pipeline,pytorch,single_thread,1,False,242,5177792
compute_pipeline,pytorch,single_thread,1,False,243,5066083
compute_pipeline,pytorch,single_thread,1,False,244,4942458
compute_pipeline,pytorch,single_thread,1,False,245,4840958
compute_pipeline,pytorch,single_thread,1,False,246,5272875
compute_pipeline,pytorch,single_thread,1,False,247,4982500
compute_pipeline,pytorch,single_thread,1,False,248,4744084
compute_pipeline,pytorch,single_thread,1,False,249,4888042
compute_pipeline,pytorch,single_thread,1,False,250,4826209
compute_pipeline,pytorch,single_thread,1,False,251,4916542
compute_pipeline,pytorch,single_thread,1,False,252,4881250
compute_pipeline,pytorch,single_thread,1,False,253,4881750
compute_pipeline,pytorch,single_thread,1,False,254,4589083
compute_pipeline,pytorch,single_thread,1,False,255,4621584
compute_pipeline,pytorch,single_thread,1,False,256,4864625
compute_pipeline,pytorch,single_thread,1,False,257,4700416
compute_pipeline,pytorch,single_thread,1,False,258,4640542
compute_pipeline,pytorch,single_thread,1,False,259,4583083
compute_pipeline,pytorch,single_thread,1,False,260,4753208
compute_pipeline,pytorch,single_thread,1,False,261,4607667
compute_pipeline,pytorch,single_thread,1,False,262,4593583
compute_pipeline,pytorch,single_thread,1,False,263,4923166
compute_pipeline,pytorch,single_thread,1,False,264,4758458
compute_pipeline,pytorch,single_thread,1,False,265,4663458
compute_pipeline,pytorch,single_thread,1,False,266,4613250
compute_pipeline,pytorch,single_thread,1,False,267,4841250
compute_pipeline,pytorch,single_thread,1,False,268,4670750
compute_pipeline,pytorch,single_thread,1,False,269,4688250
compute_pipeline,pytorch,single_thread,1,False,270,4938708
compute_pipeline,pytorch,single_thread,1,False,271,4803000
compute_pipeline,pytorch,single_thread,1,False,272,4755500
compute_pipeline,pytorch,single_thread,1,False,273,4766917
compute_pipeline,pytorch,single_thread,1,False,274,5023000
compute_pipeline,pytorch,single_thread,1,False,275,4748458
compute_pipeline,pytorch,single_thread,1,False,276,4666209
compute_pipeline,pytorch,single_thread,1,False,277,5108875
compute_pipeline,pytorch,single_thread,1,False,278,4798125
compute_pipeline,pytorch,single_thread,1,False,279,4706583
compute_pipeline,pytorch,single_thread,1,False,280,4617000
compute_pipeline,pytorch,single_thread,1,False,281,4962125
compute_pipeline,pytorch,single_thread,1,False,282,4679792
compute_pipeline,pytorch,single_thread,1,False,283,4634500
compute_pipeline,pytorch,single_thread,1,False,284,4829666
compute_pipeline,pytorch,single_thread,1,False,285,4604875
compute_pipeline,pytorch,single_thread,1,False,286,4662375
compute_pipeline,pytorch,single_thread,1,False,287,4658916
compute_pipeline,pytorch,single_thread,1,False,288,4794708
compute_pipeline,pytorch,single_thread,1,False,289,4545125
compute_pipeline,pytorch,single_thread,1,False,290,4600708
compute_pipeline,pytorch,single_thread,1,False,291,4918166
compute_pipeline,pytorch,single_thread,1,False,292,4876458
compute_pipeline,pytorch,single_thread,1,False,293,4737708
compute_pipeline,pytorch,single_thread,1,False,294,4747834
compute_pipeline,pytorch,single_thread,1,False,295,5039084
compute_pipeline,pytorch,single_thread,1,False,296,4829291
compute_pipeline,pytorch,single_thread,1,False,297,4683250
compute_pipeline,pytorch,single_thread,1,False,298,4769042
compute_pipeline,pytorch,single_thread,1,False,299,4604625
compute_pipeline,pytorch,single_thread,1,False,300,4585291
compute_pipeline,pytorch,single_thread,1,False,301,4544042
compute_pipeline,pytorch,single_thread,1,False,302,4966458
compute_pipeline,pytorch,single_thread,1,False,303,4674500
compute_pipeline,pytorch,single_thread,1,False,304,4617750
compute_pipeline,pytorch,single_thread,1,False,305,4975667
compute_pipeline,pytorch,single_thread,1,False,306,4750500
compute_pipeline,pytorch,single_thread,1,False,307,4635958
compute_pipeline,pytorch,single_thread,1,False,308,4595083
compute_pipeline,pytorch,single_thread,1,False,309,4891708
compute_pipeline,pytorch,single_thread,1,False,310,4590916
compute_pipeline,pytorch,single_thread,1,False,311,4572750
compute_pipeline,pytorch,single_thread,1,False,312,4841792
compute_pipeline,pytorch,single_thread,1,False,313,4623625
compute_pipeline,pytorch,single_thread,1,False,314,4571250
compute_pipeline,pytorch,single_thread,1,False,315,4589042
compute_pipeline,pytorch,single_thread,1,False,316,4951416
compute_pipeline,pytorch,single_thread,1,False,317,4674000
compute_pipeline,pytorch,single_thread,1,False,318,4652875
compute_pipeline,pytorch,single_thread,1,False,319,4583500
compute_pipeline,pytorch,single_thread,1,False,320,4955416
compute_pipeline,pytorch,single_thread,1,False,321,4640917
compute_pipeline,pytorch,single_thread,1,False,322,4622542
compute_pipeline,pytorch,single_thread,1,False,323,4890375
compute_pipeline,pytorch,single_thread,1,False,324,4574708
compute_pipeline,pytorch,single_thread,1,False,325,4637125
compute_pipeline,pytorch,single_thread,1,False,326,4603708
compute_pipeline,pytorch,single_thread,1,False,327,5182250
compute_pipeline,pytorch,single_thread,1,False,328,5012583
compute_pipeline,pytorch,single_thread,1,False,329,5029250
compute_pipeline,pytorch,single_thread,1,False,330,5478250
compute_pipeline,pytorch,single_thread,1,False,331,5003917
compute_pipeline,pytorch,single_thread,1,False,332,4968000
compute_pipeline,pytorch,single_thread,1,False,333,5429583
compute_pipeline,pytorch,single_thread,1,False,334,5096291
compute_pipeline,pytorch,single_thread,1,False,335,4999208
compute_pipeline,pytorch,single_thread,1,False,336,5321375
compute_pipeline,pytorch,single_thread,1,False,337,5034791
compute_pipeline,pytorch,single_thread,1,False,338,4931834
compute_pipeline,pytorch,single_thread,1,False,339,4930583
compute_pipeline,pytorch,single_thread,1,False,340,5172084
compute_pipeline,pytorch,single_thread,1,False,341,4921833
compute_pipeline,pytorch,single_thread,1,False,342,4938250
compute_pipeline,pytorch,single_thread,1,False,343,5464916
compute_pipeline,pytorch,single_thread,1,False,344,4987125
compute_pipeline,pytorch,single_thread,1,False,345,4953750
compute_pipeline,pytorch,single_thread,1,False,346,5115542
compute_pipeline,pytorch,single_thread,1,False,347,4914041
compute_pipeline,pytorch,single_thread,1,False,348,5086792
compute_pipeline,pytorch,single_thread,1,False,349,4967625
compute_pipeline,pytorch,single_thread,1,False,350,5150875
compute_pipeline,pytorch,single_thread,1,False,351,4952416
compute_pipeline,pytorch,single_thread,1,False,352,4904500
compute_pipeline,pytorch,single_thread,1,False,353,5167250
compute_pipeline,pytorch,single_thread,1,False,354,4977291
compute_pipeline,pytorch,single_thread,1,False,355,4915458
compute_pipeline,pytorch,single_thread,1,False,356,5192125
compute_pipeline,pytorch,single_thread,1,False,357,4901875
compute_pipeline,pytorch,single_thread,1,False,358,4873959
compute_pipeline,pytorch,single_thread,1,False,359,4673667
compute_pipeline,pytorch,single_thread,1,False,360,4893666
compute_pipeline,pytorch,single_thread,1,False,361,4666167
compute_pipeline,pytorch,single_thread,1,False,362,4603417
compute_pipeline,pytorch,single_thread,1,False,363,4869584
compute_pipeline,pytorch,single_thread,1,False,364,4689500
compute_pipeline,pytorch,single_thread,1,False,365,4641041
compute_pipeline,pytorch,single_thread,1,False,366,4590958
compute_pipeline,pytorch,single_thread,1,False,367,4810417
compute_pipeline,pytorch,single_thread,1,False,368,4612708
compute_pipeline,pytorch,single_thread,1,False,369,4642583
compute_pipeline,pytorch,single_thread,1,False,370,4781875
compute_pipeline,pytorch,single_thread,1,False,371,4596458
compute_pipeline,pytorch,single_thread,1,False,372,4807041
compute_pipeline,pytorch,single_thread,1,False,373,4833791
compute_pipeline,pytorch,single_thread,1,False,374,4928958
compute_pipeline,pytorch,single_thread,1,False,375,4563542
compute_pipeline,pytorch,single_thread,1,False,376,4573333
compute_pipeline,pytorch,single_thread,1,False,377,4852708
compute_pipeline,pytorch,single_thread,1,False,378,4726916
compute_pipeline,pytorch,single_thread,1,False,379,4639959
compute_pipeline,pytorch,single_thread,1,False,380,4682750
compute_pipeline,pytorch,single_thread,1,False,381,4792167
compute_pipeline,pytorch,single_thread,1,False,382,4634625
compute_pipeline,pytorch,single_thread,1,False,383,4640708
compute_pipeline,pytorch,single_thread,1,False,384,4772750
compute_pipeline,pytorch,single_thread,1,False,385,4735292
compute_pipeline,pytorch,single_thread,1,False,386,4650417
compute_pipeline,pytorch,single_thread,1,False,387,4600208
compute_pipeline,pytorch,single_thread,1,False,388,4886208
compute_pipeline,pytorch,single_thread,1,False,389,4591167
compute_pipeline,pytorch,single_thread,1,False,390,4589875
compute_pipeline,pytorch,single_thread,1,False,391,4572084
compute_pipeline,pytorch,single_thread,1,False,392,4696750
compute_pipeline,pytorch,single_thread,1,False,393,4551041
compute_pipeline,pytorch,single_thread,1,False,394,4575917
compute_pipeline,pytorch,single_thread,1,False,395,5000791
compute_pipeline,pytorch,single_thread,1,False,396,4673375
compute_pipeline,pytorch,single_thread,1,False,397,4609625
compute_pipeline,pytorch,single_thread,1,False,398,4593083
compute_pipeline,pytorch,single_thread,1,False,399,4774791
compute_pipeline,pytorch,single_thread,1,False,400,4614625
compute_pipeline,pytorch,single_thread,1,False,401,4607542
compute_pipeline,pytorch,single_thread,1,False,402,4770875
compute_pipeline,pytorch,single_thread,1,False,403,4641666
compute_pipeline,pytorch,single_thread,1,False,404,4628709
compute_pipeline,pytorch,single_thread,1,False,405,4635333
compute_pipeline,pytorch,single_thread,1,False,406,4830667
compute_pipeline,pytorch,single_thread,1,False,407,4596708
compute_pipeline,pytorch,single_thread,1,False,408,4587792
compute_pipeline,pytorch,single_thread,1,False,409,4765625
compute_pipeline,pytorch,single_thread,1,False,410,4722250
compute_pipeline,pytorch,single_thread,1,False,411,4598792
compute_pipeline,pytorch,single_thread,1,False,412,4589875
compute_pipeline,pytorch,single_thread,1,False,413,4781250
compute_pipeline,pytorch,single_thread,1,False,414,4656916
compute_pipeline,pytorch,single_thread,1,False,415,4638042
compute_pipeline,pytorch,single_thread,1,False,416,4771167
compute_pipeline,pytorch,single_thread,1,False,417,4713250
compute_pipeline,pytorch,single_thread,1,False,418,4561125
compute_pipeline,pytorch,single_thread,1,False,419,4570458
compute_pipeline,pytorch,single_thread,1,False,420,4878250
compute_pipeline,pytorch,single_thread,1,False,421,4690291
compute_pipeline,pytorch,single_thread,1,False,422,4628750
compute_pipeline,pytorch,single_thread,1,False,423,4582792
compute_pipeline,pytorch,single_thread,1,False,424,4791417
compute_pipeline,pytorch,single_thread,1,False,425,4621333
compute_pipeline,pytorch,single_thread,1,False,426,4577625
compute_pipeline,pytorch,single_thread,1,False,427,4894916
compute_pipeline,pytorch,single_thread,1,False,428,4732792
compute_pipeline,pytorch,single_thread,1,False,429,4701000
compute_pipeline,pytorch,single_thread,1,False,430,4575125
compute_pipeline,pytorch,single_thread,1,False,431,4937250
compute_pipeline,pytorch,single_thread,1,False,432,4619667
compute_pipeline,pytorch,single_thread,1,False,433,4629833
compute_pipeline,pytorch,single_thread,1,False,434,4976708
compute_pipeline,pytorch,single_thread,1,False,435,4674750
compute_pipeline,pytorch,single_thread,1,False,436,4624166
compute_pipeline,pytorch,single_thread,1,False,437,4586542
compute_pipeline,pytorch,single_thread,1,False,438,4990000
compute_pipeline,pytorch,single_thread,1,False,439,4693333
compute_pipeline,pytorch,single_thread,1,False,440,4639417
compute_pipeline,pytorch,single_thread,1,False,441,4804042
compute_pipeline,pytorch,single_thread,1,False,442,4707000
compute_pipeline,pytorch,single_thread,1,False,443,4654459
compute_pipeline,pytorch,single_thread,1,False,444,4586166
compute_pipeline,pytorch,single_thread,1,False,445,4749625
compute_pipeline,pytorch,single_thread,1,False,446,4574125
compute_pipeline,pytorch,single_thread,1,False,447,4611042
compute_pipeline,pytorch,single_thread,1,False,448,4868750
compute_pipeline,pytorch,single_thread,1,False,449,4598958
compute_pipeline,pytorch,single_thread,1,False,450,4639708
compute_pipeline,pytorch,single_thread,1,False,451,4705417
compute_pipeline,pytorch,single_thread,1,False,452,5330958
compute_pipeline,pytorch,single_thread,1,False,453,4786667
compute_pipeline,pytorch,single_thread,1,False,454,4877417
compute_pipeline,pytorch,single_thread,1,False,455,5040084
compute_pipeline,pytorch,single_thread,1,False,456,4836292
compute_pipeline,pytorch,single_thread,1,False,457,4725292
compute_pipeline,pytorch,single_thread,1,False,458,4732042
compute_pipeline,pytorch,single_thread,1,False,459,4898583
compute_pipeline,pytorch,single_thread,1,False,460,4625583
compute_pipeline,pytorch,single_thread,1,False,461,4682583
compute_pipeline,pytorch,single_thread,1,False,462,4942625
compute_pipeline,pytorch,single_thread,1,False,463,4716125
compute_pipeline,pytorch,single_thread,1,False,464,4639625
compute_pipeline,pytorch,single_thread,1,False,465,4633458
compute_pipeline,pytorch,single_thread,1,False,466,4909375
compute_pipeline,pytorch,single_thread,1,False,467,4663041
compute_pipeline,pytorch,single_thread,1,False,468,4669541
compute_pipeline,pytorch,single_thread,1,False,469,4831167
compute_pipeline,pytorch,single_thread,1,False,470,4717500
compute_pipeline,pytorch,single_thread,1,False,471,4795833
compute_pipeline,pytorch,single_thread,1,False,472,4666375
compute_pipeline,pytorch,single_thread,1,False,473,4829500
compute_pipeline,pytorch,single_thread,1,False,474,4604875
compute_pipeline,pytorch,single_thread,1,False,475,4783125
compute_pipeline,pytorch,single_thread,1,False,476,4856875
compute_pipeline,pytorch,single_thread,1,False,477,4630542
compute_pipeline,pytorch,single_thread,1,False,478,4624250
compute_pipeline,pytorch,single_thread,1,False,479,4584708
compute_pipeline,pytorch,single_thread,1,False,480,4837666
compute_pipeline,pytorch,single_thread,1,False,481,4627458
compute_pipeline,pytorch,single_thread,1,False,482,4629875
compute_pipeline,pytorch,single_thread,1,False,483,4812250
compute_pipeline,pytorch,single_thread,1,False,484,4627500
compute_pipeline,pytorch,single_thread,1,False,485,4561250
compute_pipeline,pytorch,single_thread,1,False,486,4578417
compute_pipeline,pytorch,single_thread,1,False,487,4765959
compute_pipeline,pytorch,single_thread,1,False,488,4596042
compute_pipeline,pytorch,single_thread,1,False,489,4629792
compute_pipeline,pytorch,single_thread,1,False,490,4557250
compute_pipeline,pytorch,single_thread,1,False,491,4813375
compute_pipeline,pytorch,single_thread,1,False,492,4587084
compute_pipeline,pytorch,single_thread,1,False,493,4564209
compute_pipeline,pytorch,single_thread,1,False,494,4750875
compute_pipeline,pytorch,single_thread,1,False,495,4590750
compute_pipeline,pytorch,single_thread,1,False,496,4568958
compute_pipeline,pytorch,single_thread,1,False,497,4553333
compute_pipeline,pytorch,single_thread,1,False,498,4849583
compute_pipeline,pytorch,single_thread,1,False,499,4593875
compute_pipeline,pytorch,single_thread,1,False,500,4603333
compute_pipeline,pytorch,single_thread,1,False,501,4800083
compute_pipeline,pytorch,single_thread,1,False,502,4655833
compute_pipeline,pytorch,single_thread,1,False,503,4597542
compute_pipeline,pytorch,single_thread,1,False,504,4760166
compute_pipeline,pytorch,single_thread,1,False,505,4871792
compute_pipeline,pytorch,single_thread,1,False,506,4620375
compute_pipeline,pytorch,single_thread,1,False,507,4606667
compute_pipeline,pytorch,single_thread,1,False,508,4692333
compute_pipeline,pytorch,single_thread,1,False,509,4811000
compute_pipeline,pytorch,single_thread,1,False,510,4612833
compute_pipeline,pytorch,single_thread,1,False,511,4590000
compute_pipeline,pytorch,single_thread,1,False,512,4803084
compute_pipeline,pytorch,single_thread,1,False,513,4630291
compute_pipeline,pytorch,single_thread,1,False,514,4627667
compute_pipeline,pytorch,single_thread,1,False,515,4577333
compute_pipeline,pytorch,single_thread,1,False,516,4785625
compute_pipeline,pytorch,single_thread,1,False,517,4599541
compute_pipeline,pytorch,single_thread,1,False,518,4603625
compute_pipeline,pytorch,single_thread,1,False,519,4744750
compute_pipeline,pytorch,single_thread,1,False,520,4560625
compute_pipeline,pytorch,single_thread,1,False,521,4573875
compute_pipeline,pytorch,single_thread,1,False,522,4553708
compute_pipeline,pytorch,single_thread,1,False,523,4687750
compute_pipeline,pytorch,single_thread,1,False,524,4571375
compute_pipeline,pytorch,single_thread,1,False,525,4591334
compute_pipeline,pytorch,single_thread,1,False,526,4847292
compute_pipeline,pytorch,single_thread,1,False,527,4710834
compute_pipeline,pytorch,single_thread,1,False,528,4619042
compute_pipeline,pytorch,single_thread,1,False,529,4610833
compute_pipeline,pytorch,single_thread,1,False,530,4941834
compute_pipeline,pytorch,single_thread,1,False,531,4610292
compute_pipeline,pytorch,single_thread,1,False,532,4587708
compute_pipeline,pytorch,single_thread,1,False,533,4631708
compute_pipeline,pytorch,single_thread,1,False,534,4885708
compute_pipeline,pytorch,single_thread,1,False,535,4608167
compute_pipeline,pytorch,single_thread,1,False,536,4590833
compute_pipeline,pytorch,single_thread,1,False,537,4970959
compute_pipeline,pytorch,single_thread,1,False,538,4643458
compute_pipeline,pytorch,single_thread,1,False,539,4611250
compute_pipeline,pytorch,single_thread,1,False,540,4617667
compute_pipeline,pytorch,single_thread,1,False,541,4994917
compute_pipeline,pytorch,single_thread,1,False,542,4646459
compute_pipeline,pytorch,single_thread,1,False,543,4699625
compute_pipeline,pytorch,single_thread,1,False,544,4840833
compute_pipeline,pytorch,single_thread,1,False,545,4651417
compute_pipeline,pytorch,single_thread,1,False,546,4595167
compute_pipeline,pytorch,single_thread,1,False,547,4555750
compute_pipeline,pytorch,single_thread,1,False,548,5423708
compute_pipeline,pytorch,single_thread,1,False,549,4789416
compute_pipeline,pytorch,single_thread,1,False,550,4636291
compute_pipeline,pytorch,single_thread,1,False,551,5463875
compute_pipeline,pytorch,single_thread,1,False,552,4716333
compute_pipeline,pytorch,single_thread,1,False,553,4636250
compute_pipeline,pytorch,single_thread,1,False,554,5009416
compute_pipeline,pytorch,single_thread,1,False,555,4830167
compute_pipeline,pytorch,single_thread,1,False,556,4640167
compute_pipeline,pytorch,single_thread,1,False,557,4595292
compute_pipeline,pytorch,single_thread,1,False,558,5024625
compute_pipeline,pytorch,single_thread,1,False,559,4634833
compute_pipeline,pytorch,single_thread,1,False,560,4627084
compute_pipeline,pytorch,single_thread,1,False,561,4650584
compute_pipeline,pytorch,single_thread,1,False,562,4684417
compute_pipeline,pytorch,single_thread,1,False,563,4566209
compute_pipeline,pytorch,single_thread,1,False,564,4591584
compute_pipeline,pytorch,single_thread,1,False,565,4976125
compute_pipeline,pytorch,single_thread,1,False,566,4645167
compute_pipeline,pytorch,single_thread,1,False,567,4613208
compute_pipeline,pytorch,single_thread,1,False,568,4633875
compute_pipeline,pytorch,single_thread,1,False,569,5036667
compute_pipeline,pytorch,single_thread,1,False,570,4670667
compute_pipeline,pytorch,single_thread,1,False,571,4666750
compute_pipeline,pytorch,single_thread,1,False,572,4920500
compute_pipeline,pytorch,single_thread,1,False,573,4615208
compute_pipeline,pytorch,single_thread,1,False,574,4614125
compute_pipeline,pytorch,single_thread,1,False,575,4569208
compute_pipeline,pytorch,single_thread,1,False,576,4919334
compute_pipeline,pytorch,single_thread,1,False,577,4632458
compute_pipeline,pytorch,single_thread,1,False,578,4675750
compute_pipeline,pytorch,single_thread,1,False,579,4867292
compute_pipeline,pytorch,single_thread,1,False,580,4732709
compute_pipeline,pytorch,single_thread,1,False,581,4628750
compute_pipeline,pytorch,single_thread,1,False,582,4627125
compute_pipeline,pytorch,single_thread,1,False,583,4906000
compute_pipeline,pytorch,single_thread,1,False,584,4604000
compute_pipeline,pytorch,single_thread,1,False,585,4596959
compute_pipeline,pytorch,single_thread,1,False,586,4927750
compute_pipeline,pytorch,single_thread,1,False,587,4650666
compute_pipeline,pytorch,single_thread,1,False,588,4592167
compute_pipeline,pytorch,single_thread,1,False,589,4586208
compute_pipeline,pytorch,single_thread,1,False,590,5088708
compute_pipeline,pytorch,single_thread,1,False,591,4654250
compute_pipeline,pytorch,single_thread,1,False,592,4644042
compute_pipeline,pytorch,single_thread,1,False,593,5235709
compute_pipeline,pytorch,single_thread,1,False,594,4747000
compute_pipeline,pytorch,single_thread,1,False,595,4662792
compute_pipeline,pytorch,single_thread,1,False,596,4607708
compute_pipeline,pytorch,single_thread,1,False,597,4870750
compute_pipeline,pytorch,single_thread,1,False,598,4622792
compute_pipeline,pytorch,single_thread,1,False,599,4650708
compute_pipeline,pytorch,single_thread,1,False,600,4942875
compute_pipeline,pytorch,single_thread,1,False,601,4676125
compute_pipeline,pytorch,single_thread,1,False,602,4618000
compute_pipeline,pytorch,single_thread,1,False,603,4571791
compute_pipeline,pytorch,single_thread,1,False,604,4935042
compute_pipeline,pytorch,single_thread,1,False,605,4657250
compute_pipeline,pytorch,single_thread,1,False,606,4636667
compute_pipeline,pytorch,single_thread,1,False,607,4751584
compute_pipeline,pytorch,single_thread,1,False,608,4695625
compute_pipeline,pytorch,single_thread,1,False,609,4613125
compute_pipeline,pytorch,single_thread,1,False,610,4592917
compute_pipeline,pytorch,single_thread,1,False,611,4882958
compute_pipeline,pytorch,single_thread,1,False,612,4666292
compute_pipeline,pytorch,single_thread,1,False,613,4664292
compute_pipeline,pytorch,single_thread,1,False,614,4877292
compute_pipeline,pytorch,single_thread,1,False,615,4852750
compute_pipeline,pytorch,single_thread,1,False,616,4620125
compute_pipeline,pytorch,single_thread,1,False,617,4592500
compute_pipeline,pytorch,single_thread,1,False,618,5089583
compute_pipeline,pytorch,single_thread,1,False,619,4731125
compute_pipeline,pytorch,single_thread,1,False,620,4725958
compute_pipeline,pytorch,single_thread,1,False,621,5050708
compute_pipeline,pytorch,single_thread,1,False,622,5012958
compute_pipeline,pytorch,single_thread,1,False,623,4750083
compute_pipeline,pytorch,single_thread,1,False,624,4721875
compute_pipeline,pytorch,single_thread,1,False,625,5211250
compute_pipeline,pytorch,single_thread,1,False,626,4812917
compute_pipeline,pytorch,single_thread,1,False,627,4684709
compute_pipeline,pytorch,single_thread,1,False,628,4970125
compute_pipeline,pytorch,single_thread,1,False,629,4750625
compute_pipeline,pytorch,single_thread,1,False,630,4696042
compute_pipeline,pytorch,single_thread,1,False,631,4640292
compute_pipeline,pytorch,single_thread,1,False,632,5261250
compute_pipeline,pytorch,single_thread,1,False,633,4723000
compute_pipeline,pytorch,single_thread,1,False,634,4673041
compute_pipeline,pytorch,single_thread,1,False,635,4972750
compute_pipeline,pytorch,single_thread,1,False,636,4715708
compute_pipeline,pytorch,single_thread,1,False,637,4689208
compute_pipeline,pytorch,single_thread,1,False,638,4706834
compute_pipeline,pytorch,single_thread,1,False,639,5000250
compute_pipeline,pytorch,single_thread,1,False,640,4662042
compute_pipeline,pytorch,single_thread,1,False,641,4604750
compute_pipeline,pytorch,single_thread,1,False,642,5167042
compute_pipeline,pytorch,single_thread,1,False,643,4680750
compute_pipeline,pytorch,single_thread,1,False,644,4618292
compute_pipeline,pytorch,single_thread,1,False,645,4576417
compute_pipeline,pytorch,single_thread,1,False,646,5128541
compute_pipeline,pytorch,single_thread,1,False,647,4667000
compute_pipeline,pytorch,single_thread,1,False,648,4675875
compute_pipeline,pytorch,single_thread,1,False,649,5062166
compute_pipeline,pytorch,single_thread,1,False,650,4656625
compute_pipeline,pytorch,single_thread,1,False,651,4646333
compute_pipeline,pytorch,single_thread,1,False,652,4888375
compute_pipeline,pytorch,single_thread,1,False,653,4863625
compute_pipeline,pytorch,single_thread,1,False,654,4683666
compute_pipeline,pytorch,single_thread,1,False,655,4651959
compute_pipeline,pytorch,single_thread,1,False,656,5201750
compute_pipeline,pytorch,single_thread,1,False,657,4712708
compute_pipeline,pytorch,single_thread,1,False,658,4685250
compute_pipeline,pytorch,single_thread,1,False,659,4953167
compute_pipeline,pytorch,single_thread,1,False,660,4687000
compute_pipeline,pytorch,single_thread,1,False,661,4628875
compute_pipeline,pytorch,single_thread,1,False,662,4610084
compute_pipeline,pytorch,single_thread,1,False,663,5103333
compute_pipeline,pytorch,single_thread,1,False,664,4611375
compute_pipeline,pytorch,single_thread,1,False,665,4614708
compute_pipeline,pytorch,single_thread,1,False,666,4791625
compute_pipeline,pytorch,single_thread,1,False,667,5072834
compute_pipeline,pytorch,single_thread,1,False,668,4665334
compute_pipeline,pytorch,single_thread,1,False,669,4643625
compute_pipeline,pytorch,single_thread,1,False,670,4915167
compute_pipeline,pytorch,single_thread,1,False,671,4630625
compute_pipeline,pytorch,single_thread,1,False,672,4612958
compute_pipeline,pytorch,single_thread,1,False,673,4609375
compute_pipeline,pytorch,single_thread,1,False,674,4861667
compute_pipeline,pytorch,single_thread,1,False,675,4638416
compute_pipeline,pytorch,single_thread,1,False,676,4606875
compute_pipeline,pytorch,single_thread,1,False,677,5133917
compute_pipeline,pytorch,single_thread,1,False,678,4671083
compute_pipeline,pytorch,single_thread,1,False,679,4653417
compute_pipeline,pytorch,single_thread,1,False,680,4591167
compute_pipeline,pytorch,single_thread,1,False,681,4877542
compute_pipeline,pytorch,single_thread,1,False,682,4610667
compute_pipeline,pytorch,single_thread,1,False,683,4577000
compute_pipeline,pytorch,single_thread,1,False,684,5168042
compute_pipeline,pytorch,single_thread,1,False,685,4698583
compute_pipeline,pytorch,single_thread,1,False,686,4633792
compute_pipeline,pytorch,single_thread,1,False,687,4599041
compute_pipeline,pytorch,single_thread,1,False,688,5024459
compute_pipeline,pytorch,single_thread,1,False,689,4758750
compute_pipeline,pytorch,single_thread,1,False,690,4638875
compute_pipeline,pytorch,single_thread,1,False,691,5014958
compute_pipeline,pytorch,single_thread,1,False,692,4658042
compute_pipeline,pytorch,single_thread,1,False,693,4636833
compute_pipeline,pytorch,single_thread,1,False,694,4597834
compute_pipeline,pytorch,single_thread,1,False,695,5031792
compute_pipeline,pytorch,single_thread,1,False,696,4616792
compute_pipeline,pytorch,single_thread,1,False,697,4643333
compute_pipeline,pytorch,single_thread,1,False,698,5008708
compute_pipeline,pytorch,single_thread,1,False,699,4652541
compute_pipeline,pytorch,single_thread,1,False,700,4641875
compute_pipeline,pytorch,single_thread,1,False,701,4559458
compute_pipeline,pytorch,single_thread,1,False,702,4963875
compute_pipeline,pytorch,single_thread,1,False,703,4652167
compute_pipeline,pytorch,single_thread,1,False,704,4635417
compute_pipeline,pytorch,single_thread,1,False,705,5028250
compute_pipeline,pytorch,single_thread,1,False,706,4700042
compute_pipeline,pytorch,single_thread,1,False,707,4641250
compute_pipeline,pytorch,single_thread,1,False,708,4588000
compute_pipeline,pytorch,single_thread,1,False,709,4968292
compute_pipeline,pytorch,single_thread,1,False,710,4775500
compute_pipeline,pytorch,single_thread,1,False,711,4669125
compute_pipeline,pytorch,single_thread,1,False,712,5072875
compute_pipeline,pytorch,single_thread,1,False,713,4686541
compute_pipeline,pytorch,single_thread,1,False,714,4638541
compute_pipeline,pytorch,single_thread,1,False,715,4620833
compute_pipeline,pytorch,single_thread,1,False,716,4939667
compute_pipeline,pytorch,single_thread,1,False,717,4602125
compute_pipeline,pytorch,single_thread,1,False,718,4630166
compute_pipeline,pytorch,single_thread,1,False,719,4959791
compute_pipeline,pytorch,single_thread,1,False,720,4596500
compute_pipeline,pytorch,single_thread,1,False,721,4618541
compute_pipeline,pytorch,single_thread,1,False,722,4591000
compute_pipeline,pytorch,single_thread,1,False,723,4767792
compute_pipeline,pytorch,single_thread,1,False,724,4621333
compute_pipeline,pytorch,single_thread,1,False,725,4589792
compute_pipeline,pytorch,single_thread,1,False,726,4841042
compute_pipeline,pytorch,single_thread,1,False,727,4697125
compute_pipeline,pytorch,single_thread,1,False,728,4626542
compute_pipeline,pytorch,single_thread,1,False,729,4578375
compute_pipeline,pytorch,single_thread,1,False,730,4800166
compute_pipeline,pytorch,single_thread,1,False,731,4605583
compute_pipeline,pytorch,single_thread,1,False,732,4654500
compute_pipeline,pytorch,single_thread,1,False,733,4760666
compute_pipeline,pytorch,single_thread,1,False,734,4565417
compute_pipeline,pytorch,single_thread,1,False,735,4575791
compute_pipeline,pytorch,single_thread,1,False,736,4760209
compute_pipeline,pytorch,single_thread,1,False,737,5028583
compute_pipeline,pytorch,single_thread,1,False,738,4753708
compute_pipeline,pytorch,single_thread,1,False,739,4711625
compute_pipeline,pytorch,single_thread,1,False,740,4995708
compute_pipeline,pytorch,single_thread,1,False,741,4921208
compute_pipeline,pytorch,single_thread,1,False,742,4822625
compute_pipeline,pytorch,single_thread,1,False,743,4809917
compute_pipeline,pytorch,single_thread,1,False,744,5022541
compute_pipeline,pytorch,single_thread,1,False,745,4687542
compute_pipeline,pytorch,single_thread,1,False,746,4668042
compute_pipeline,pytorch,single_thread,1,False,747,4790542
compute_pipeline,pytorch,single_thread,1,False,748,4636417
compute_pipeline,pytorch,single_thread,1,False,749,4643458
compute_pipeline,pytorch,single_thread,1,False,750,4763833
compute_pipeline,pytorch,single_thread,1,False,751,5124208
compute_pipeline,pytorch,single_thread,1,False,752,4685542
compute_pipeline,pytorch,single_thread,1,False,753,4626375
compute_pipeline,pytorch,single_thread,1,False,754,5012000
compute_pipeline,pytorch,single_thread,1,False,755,4762833
compute_pipeline,pytorch,single_thread,1,False,756,4672333
compute_pipeline,pytorch,single_thread,1,False,757,4639417
compute_pipeline,pytorch,single_thread,1,False,758,5326750
compute_pipeline,pytorch,single_thread,1,False,759,4969959
compute_pipeline,pytorch,single_thread,1,False,760,4711583
compute_pipeline,pytorch,single_thread,1,False,761,4966000
compute_pipeline,pytorch,single_thread,1,False,762,4733000
compute_pipeline,pytorch,single_thread,1,False,763,4643416
compute_pipeline,pytorch,single_thread,1,False,764,4627459
compute_pipeline,pytorch,single_thread,1,False,765,5025292
compute_pipeline,pytorch,single_thread,1,False,766,4606792
compute_pipeline,pytorch,single_thread,1,False,767,4589167
compute_pipeline,pytorch,single_thread,1,False,768,4880083
compute_pipeline,pytorch,single_thread,1,False,769,4605042
compute_pipeline,pytorch,single_thread,1,False,770,4597250
compute_pipeline,pytorch,single_thread,1,False,771,4561333
compute_pipeline,pytorch,single_thread,1,False,772,4843458
compute_pipeline,pytorch,single_thread,1,False,773,4590375
compute_pipeline,pytorch,single_thread,1,False,774,4592166
compute_pipeline,pytorch,single_thread,1,False,775,4792875
compute_pipeline,pytorch,single_thread,1,False,776,4744041
compute_pipeline,pytorch,single_thread,1,False,777,4664209
compute_pipeline,pytorch,single_thread,1,False,778,4593167
compute_pipeline,pytorch,single_thread,1,False,779,4693292
compute_pipeline,pytorch,single_thread,1,False,780,4587833
compute_pipeline,pytorch,single_thread,1,False,781,4603458
compute_pipeline,pytorch,single_thread,1,False,782,4611167
compute_pipeline,pytorch,single_thread,1,False,783,4787750
compute_pipeline,pytorch,single_thread,1,False,784,4595208
compute_pipeline,pytorch,single_thread,1,False,785,4569250
compute_pipeline,pytorch,single_thread,1,False,786,4884667
compute_pipeline,pytorch,single_thread,1,False,787,4605958
compute_pipeline,pytorch,single_thread,1,False,788,4572333
compute_pipeline,pytorch,single_thread,1,False,789,4586458
compute_pipeline,pytorch,single_thread,1,False,790,4780333
compute_pipeline,pytorch,single_thread,1,False,791,4634000
compute_pipeline,pytorch,single_thread,1,False,792,4614417
compute_pipeline,pytorch,single_thread,1,False,793,4849042
compute_pipeline,pytorch,single_thread,1,False,794,4671417
compute_pipeline,pytorch,single_thread,1,False,795,4682208
compute_pipeline,pytorch,single_thread,1,False,796,4578417
compute_pipeline,pytorch,single_thread,1,False,797,4919125
compute_pipeline,pytorch,single_thread,1,False,798,4633667
compute_pipeline,pytorch,single_thread,1,False,799,4673959
compute_pipeline,pytorch,single_thread,1,False,800,4889667
compute_pipeline,pytorch,single_thread,1,False,801,4763917
compute_pipeline,pytorch,single_thread,1,False,802,4644917
compute_pipeline,pytorch,single_thread,1,False,803,4595041
compute_pipeline,pytorch,single_thread,1,False,804,4790375
compute_pipeline,pytorch,single_thread,1,False,805,4581333
compute_pipeline,pytorch,single_thread,1,False,806,4609291
compute_pipeline,pytorch,single_thread,1,False,807,5060417
compute_pipeline,pytorch,single_thread,1,False,808,4926542
compute_pipeline,pytorch,single_thread,1,False,809,4717500
compute_pipeline,pytorch,single_thread,1,False,810,4764375
compute_pipeline,pytorch,single_thread,1,False,811,4847375
compute_pipeline,pytorch,single_thread,1,False,812,4618542
compute_pipeline,pytorch,single_thread,1,False,813,4599167
compute_pipeline,pytorch,single_thread,1,False,814,4801125
compute_pipeline,pytorch,single_thread,1,False,815,4681667
compute_pipeline,pytorch,single_thread,1,False,816,4645792
compute_pipeline,pytorch,single_thread,1,False,817,4616791
compute_pipeline,pytorch,single_thread,1,False,818,4806417
compute_pipeline,pytorch,single_thread,1,False,819,4635167
compute_pipeline,pytorch,single_thread,1,False,820,4651250
compute_pipeline,pytorch,single_thread,1,False,821,4958542
compute_pipeline,pytorch,single_thread,1,False,822,4710708
compute_pipeline,pytorch,single_thread,1,False,823,4662583
compute_pipeline,pytorch,single_thread,1,False,824,4570917
compute_pipeline,pytorch,single_thread,1,False,825,4859542
compute_pipeline,pytorch,single_thread,1,False,826,4639167
compute_pipeline,pytorch,single_thread,1,False,827,4592459
compute_pipeline,pytorch,single_thread,1,False,828,4585958
compute_pipeline,pytorch,single_thread,1,False,829,4786125
compute_pipeline,pytorch,single_thread,1,False,830,4605875
compute_pipeline,pytorch,single_thread,1,False,831,4587208
compute_pipeline,pytorch,single_thread,1,False,832,4922917
compute_pipeline,pytorch,single_thread,1,False,833,4643458
compute_pipeline,pytorch,single_thread,1,False,834,4578667
compute_pipeline,pytorch,single_thread,1,False,835,4749417
compute_pipeline,pytorch,single_thread,1,False,836,4606917
compute_pipeline,pytorch,single_thread,1,False,837,4583792
compute_pipeline,pytorch,single_thread,1,False,838,4566208
compute_pipeline,pytorch,single_thread,1,False,839,4667292
compute_pipeline,pytorch,single_thread,1,False,840,4600541
compute_pipeline,pytorch,single_thread,1,False,841,4559541
compute_pipeline,pytorch,single_thread,1,False,842,4569292
compute_pipeline,pytorch,single_thread,1,False,843,4943334
compute_pipeline,pytorch,single_thread,1,False,844,4631750
compute_pipeline,pytorch,single_thread,1,False,845,4630000
compute_pipeline,pytorch,single_thread,1,False,846,5109833
compute_pipeline,pytorch,single_thread,1,False,847,4729542
compute_pipeline,pytorch,single_thread,1,False,848,4608625
compute_pipeline,pytorch,single_thread,1,False,849,4607000
compute_pipeline,pytorch,single_thread,1,False,850,4725541
compute_pipeline,pytorch,single_thread,1,False,851,4605750
compute_pipeline,pytorch,single_thread,1,False,852,4618417
compute_pipeline,pytorch,single_thread,1,False,853,4962542
compute_pipeline,pytorch,single_thread,1,False,854,4728584
compute_pipeline,pytorch,single_thread,1,False,855,4655584
compute_pipeline,pytorch,single_thread,1,False,856,4612000
compute_pipeline,pytorch,single_thread,1,False,857,4942750
compute_pipeline,pytorch,single_thread,1,False,858,4623834
compute_pipeline,pytorch,single_thread,1,False,859,4609875
compute_pipeline,pytorch,single_thread,1,False,860,4855958
compute_pipeline,pytorch,single_thread,1,False,861,4718084
compute_pipeline,pytorch,single_thread,1,False,862,4767750
compute_pipeline,pytorch,single_thread,1,False,863,4713708
compute_pipeline,pytorch,single_thread,1,False,864,4985667
compute_pipeline,pytorch,single_thread,1,False,865,4816917
compute_pipeline,pytorch,single_thread,1,False,866,4826125
compute_pipeline,pytorch,single_thread,1,False,867,4861459
compute_pipeline,pytorch,single_thread,1,False,868,4777125
compute_pipeline,pytorch,single_thread,1,False,869,4904459
compute_pipeline,pytorch,single_thread,1,False,870,4760791
compute_pipeline,pytorch,single_thread,1,False,871,5065334
compute_pipeline,pytorch,single_thread,1,False,872,4679875
compute_pipeline,pytorch,single_thread,1,False,873,4636291
compute_pipeline,pytorch,single_thread,1,False,874,4864000
compute_pipeline,pytorch,single_thread,1,False,875,4687209
compute_pipeline,pytorch,single_thread,1,False,876,4668666
compute_pipeline,pytorch,single_thread,1,False,877,4628958
compute_pipeline,pytorch,single_thread,1,False,878,4964208
compute_pipeline,pytorch,single_thread,1,False,879,4719875
compute_pipeline,pytorch,single_thread,1,False,880,4698292
compute_pipeline,pytorch,single_thread,1,False,881,4986334
compute_pipeline,pytorch,single_thread,1,False,882,4699125
compute_pipeline,pytorch,single_thread,1,False,883,4665042
compute_pipeline,pytorch,single_thread,1,False,884,4661250
compute_pipeline,pytorch,single_thread,1,False,885,4879208
compute_pipeline,pytorch,single_thread,1,False,886,4680083
compute_pipeline,pytorch,single_thread,1,False,887,4774375
compute_pipeline,pytorch,single_thread,1,False,888,4843584
compute_pipeline,pytorch,single_thread,1,False,889,4711083
compute_pipeline,pytorch,single_thread,1,False,890,4658541
compute_pipeline,pytorch,single_thread,1,False,891,4561667
compute_pipeline,pytorch,single_thread,1,False,892,4927583
compute_pipeline,pytorch,single_thread,1,False,893,4655083
compute_pipeline,pytorch,single_thread,1,False,894,4628833
compute_pipeline,pytorch,single_thread,1,False,895,4788084
compute_pipeline,pytorch,single_thread,1,False,896,4735500
compute_pipeline,pytorch,single_thread,1,False,897,4576416
compute_pipeline,pytorch,single_thread,1,False,898,4640250
compute_pipeline,pytorch,single_thread,1,False,899,4810083
compute_pipeline,pytorch,single_thread,1,False,900,4555333
compute_pipeline,pytorch,single_thread,1,False,901,4583041
compute_pipeline,pytorch,single_thread,1,False,902,4574542
compute_pipeline,pytorch,single_thread,1,False,903,5007708
compute_pipeline,pytorch,single_thread,1,False,904,4660041
compute_pipeline,pytorch,single_thread,1,False,905,4630334
compute_pipeline,pytorch,single_thread,1,False,906,4948792
compute_pipeline,pytorch,single_thread,1,False,907,4634584
compute_pipeline,pytorch,single_thread,1,False,908,4616041
compute_pipeline,pytorch,single_thread,1,False,909,4576125
compute_pipeline,pytorch,single_thread,1,False,910,4815084
compute_pipeline,pytorch,single_thread,1,False,911,4588625
compute_pipeline,pytorch,single_thread,1,False,912,4598292
compute_pipeline,pytorch,single_thread,1,False,913,4829000
compute_pipeline,pytorch,single_thread,1,False,914,4590791
compute_pipeline,pytorch,single_thread,1,False,915,4594667
compute_pipeline,pytorch,single_thread,1,False,916,4528959
compute_pipeline,pytorch,single_thread,1,False,917,4998125
compute_pipeline,pytorch,single_thread,1,False,918,4710708
compute_pipeline,pytorch,single_thread,1,False,919,4637750
compute_pipeline,pytorch,single_thread,1,False,920,4796375
compute_pipeline,pytorch,single_thread,1,False,921,4632583
compute_pipeline,pytorch,single_thread,1,False,922,4615459
compute_pipeline,pytorch,single_thread,1,False,923,4576958
compute_pipeline,pytorch,single_thread,1,False,924,4766750
compute_pipeline,pytorch,single_thread,1,False,925,4531667
compute_pipeline,pytorch,single_thread,1,False,926,4597916
compute_pipeline,pytorch,single_thread,1,False,927,4639167
compute_pipeline,pytorch,single_thread,1,False,928,4921458
compute_pipeline,pytorch,single_thread,1,False,929,4628541
compute_pipeline,pytorch,single_thread,1,False,930,4608750
compute_pipeline,pytorch,single_thread,1,False,931,4878667
compute_pipeline,pytorch,single_thread,1,False,932,4678542
compute_pipeline,pytorch,single_thread,1,False,933,4638250
compute_pipeline,pytorch,single_thread,1,False,934,4596125
compute_pipeline,pytorch,single_thread,1,False,935,4679917
compute_pipeline,pytorch,single_thread,1,False,936,4605125
compute_pipeline,pytorch,single_thread,1,False,937,4582208
compute_pipeline,pytorch,single_thread,1,False,938,4921042
compute_pipeline,pytorch,single_thread,1,False,939,4701584
compute_pipeline,pytorch,single_thread,1,False,940,4658625
compute_pipeline,pytorch,single_thread,1,False,941,4600500
compute_pipeline,pytorch,single_thread,1,False,942,4820083
compute_pipeline,pytorch,single_thread,1,False,943,4563375
compute_pipeline,pytorch,single_thread,1,False,944,4577459
compute_pipeline,pytorch,single_thread,1,False,945,4787459
compute_pipeline,pytorch,single_thread,1,False,946,4721875
compute_pipeline,pytorch,single_thread,1,False,947,4612250
compute_pipeline,pytorch,single_thread,1,False,948,4583375
compute_pipeline,pytorch,single_thread,1,False,949,4889792
compute_pipeline,pytorch,single_thread,1,False,950,4616750
compute_pipeline,pytorch,single_thread,1,False,951,4613375
compute_pipeline,pytorch,single_thread,1,False,952,4839792
compute_pipeline,pytorch,single_thread,1,False,953,4689708
compute_pipeline,pytorch,single_thread,1,False,954,4646167
compute_pipeline,pytorch,single_thread,1,False,955,4625958
compute_pipeline,pytorch,single_thread,1,False,956,4835334
compute_pipeline,pytorch,single_thread,1,False,957,4609625
compute_pipeline,pytorch,single_thread,1,False,958,4598625
compute_pipeline,pytorch,single_thread,1,False,959,4569375
compute_pipeline,pytorch,single_thread,1,False,960,4951416
compute_pipeline,pytorch,single_thread,1,False,961,4615125
compute_pipeline,pytorch,single_thread,1,False,962,4583792
compute_pipeline,pytorch,single_thread,1,False,963,4926792
compute_pipeline,pytorch,single_thread,1,False,964,4611791
compute_pipeline,pytorch,single_thread,1,False,965,4600709
compute_pipeline,pytorch,single_thread,1,False,966,4584083
compute_pipeline,pytorch,single_thread,1,False,967,4951583
compute_pipeline,pytorch,single_thread,1,False,968,4677625
compute_pipeline,pytorch,single_thread,1,False,969,4650708
compute_pipeline,pytorch,single_thread,1,False,970,4887917
compute_pipeline,pytorch,single_thread,1,False,971,4811416
compute_pipeline,pytorch,single_thread,1,False,972,4662125
compute_pipeline,pytorch,single_thread,1,False,973,4807459
compute_pipeline,pytorch,single_thread,1,False,974,4645750
compute_pipeline,pytorch,single_thread,1,False,975,4586291
compute_pipeline,pytorch,single_thread,1,False,976,4637875
compute_pipeline,pytorch,single_thread,1,False,977,5014334
compute_pipeline,pytorch,single_thread,1,False,978,4658333
compute_pipeline,pytorch,single_thread,1,False,979,4641375
compute_pipeline,pytorch,single_thread,1,False,980,4706375
compute_pipeline,pytorch,single_thread,1,False,981,4877083
compute_pipeline,pytorch,single_thread,1,False,982,4631375
compute_pipeline,pytorch,single_thread,1,False,983,4651959
compute_pipeline,pytorch,single_thread,1,False,984,4898583
compute_pipeline,pytorch,single_thread,1,False,985,4661209
compute_pipeline,pytorch,single_thread,1,False,986,4617292
compute_pipeline,pytorch,single_thread,1,False,987,4365500
compute_pipeline,pytorch,single_thread,1,False,988,4561958
compute_pipeline,pytorch,single_thread,1,False,989,4688500
compute_pipeline,pytorch,single_thread,1,False,990,4620292
compute_pipeline,pytorch,single_thread,1,False,991,4812416
compute_pipeline,pytorch,single_thread,1,False,992,4536000
compute_pipeline,pytorch,single_thread,1,False,993,4416125
compute_pipeline,pytorch,single_thread,1,False,994,4494500
compute_pipeline,pytorch,single_thread,1,False,995,4706583
compute_pipeline,pytorch,single_thread,1,False,996,4433458
compute_pipeline,pytorch,single_thread,1,False,997,4413083
compute_pipeline,pytorch,single_thread,1,False,998,4336583
compute_pipeline,pytorch,single_thread,1,False,999,4598750
compute_pipeline,onnxruntime,single_thread,1,False,0,4488000
compute_pipeline,onnxruntime,single_thread,1,False,1,4457958
compute_pipeline,onnxruntime,single_thread,1,False,2,4754791
compute_pipeline,onnxruntime,single_thread,1,False,3,4641041
compute_pipeline,onnxruntime,single_thread,1,False,4,4549000
compute_pipeline,onnxruntime,single_thread,1,False,5,4449166
compute_pipeline,onnxruntime,single_thread,1,False,6,4921125
compute_pipeline,onnxruntime,single_thread,1,False,7,4541417
compute_pipeline,onnxruntime,single_thread,1,False,8,4478666
compute_pipeline,onnxruntime,single_thread,1,False,9,4627625
compute_pipeline,onnxruntime,single_thread,1,False,10,4488125
compute_pipeline,onnxruntime,single_thread,1,False,11,4476084
compute_pipeline,onnxruntime,single_thread,1,False,12,4556333
compute_pipeline,onnxruntime,single_thread,1,False,13,6778083
compute_pipeline,onnxruntime,single_thread,1,False,14,5406292
compute_pipeline,onnxruntime,single_thread,1,False,15,4822917
compute_pipeline,onnxruntime,single_thread,1,False,16,5063750
compute_pipeline,onnxruntime,single_thread,1,False,17,4872000
compute_pipeline,onnxruntime,single_thread,1,False,18,4809375
compute_pipeline,onnxruntime,single_thread,1,False,19,5060250
compute_pipeline,onnxruntime,single_thread,1,False,20,4796709
compute_pipeline,onnxruntime,single_thread,1,False,21,4800042
compute_pipeline,onnxruntime,single_thread,1,False,22,4839583
compute_pipeline,onnxruntime,single_thread,1,False,23,5217750
compute_pipeline,onnxruntime,single_thread,1,False,24,4792417
compute_pipeline,onnxruntime,single_thread,1,False,25,4726625
compute_pipeline,onnxruntime,single_thread,1,False,26,5165833
compute_pipeline,onnxruntime,single_thread,1,False,27,4853583
compute_pipeline,onnxruntime,single_thread,1,False,28,4752250
compute_pipeline,onnxruntime,single_thread,1,False,29,4712250
compute_pipeline,onnxruntime,single_thread,1,False,30,5107083
compute_pipeline,onnxruntime,single_thread,1,False,31,4767083
compute_pipeline,onnxruntime,single_thread,1,False,32,4761083
compute_pipeline,onnxruntime,single_thread,1,False,33,4958583
compute_pipeline,onnxruntime,single_thread,1,False,34,4971542
compute_pipeline,onnxruntime,single_thread,1,False,35,4780375
compute_pipeline,onnxruntime,single_thread,1,False,36,4899333
compute_pipeline,onnxruntime,single_thread,1,False,37,4788334
compute_pipeline,onnxruntime,single_thread,1,False,38,4694458
compute_pipeline,onnxruntime,single_thread,1,False,39,4448083
compute_pipeline,onnxruntime,single_thread,1,False,40,4676000
compute_pipeline,onnxruntime,single_thread,1,False,41,4439875
compute_pipeline,onnxruntime,single_thread,1,False,42,4450916
compute_pipeline,onnxruntime,single_thread,1,False,43,4418208
compute_pipeline,onnxruntime,single_thread,1,False,44,4699750
compute_pipeline,onnxruntime,single_thread,1,False,45,4482917
compute_pipeline,onnxruntime,single_thread,1,False,46,4351750
compute_pipeline,onnxruntime,single_thread,1,False,47,4423792
compute_pipeline,onnxruntime,single_thread,1,False,48,4582292
compute_pipeline,onnxruntime,single_thread,1,False,49,4430000
compute_pipeline,onnxruntime,single_thread,1,False,50,4451250
compute_pipeline,onnxruntime,single_thread,1,False,51,4689166
compute_pipeline,onnxruntime,single_thread,1,False,52,4485000
compute_pipeline,onnxruntime,single_thread,1,False,53,4394792
compute_pipeline,onnxruntime,single_thread,1,False,54,4370208
compute_pipeline,onnxruntime,single_thread,1,False,55,4520000
compute_pipeline,onnxruntime,single_thread,1,False,56,4420292
compute_pipeline,onnxruntime,single_thread,1,False,57,4413541
compute_pipeline,onnxruntime,single_thread,1,False,58,4470875
compute_pipeline,onnxruntime,single_thread,1,False,59,4721625
compute_pipeline,onnxruntime,single_thread,1,False,60,4449042
compute_pipeline,onnxruntime,single_thread,1,False,61,4460708
compute_pipeline,onnxruntime,single_thread,1,False,62,4607875
compute_pipeline,onnxruntime,single_thread,1,False,63,4526583
compute_pipeline,onnxruntime,single_thread,1,False,64,4464166
compute_pipeline,onnxruntime,single_thread,1,False,65,4421917
compute_pipeline,onnxruntime,single_thread,1,False,66,4755083
compute_pipeline,onnxruntime,single_thread,1,False,67,4742625
compute_pipeline,onnxruntime,single_thread,1,False,68,5372334
compute_pipeline,onnxruntime,single_thread,1,False,69,4607417
compute_pipeline,onnxruntime,single_thread,1,False,70,4555417
compute_pipeline,onnxruntime,single_thread,1,False,71,4460500
compute_pipeline,onnxruntime,single_thread,1,False,72,4458750
compute_pipeline,onnxruntime,single_thread,1,False,73,4716250
compute_pipeline,onnxruntime,single_thread,1,False,74,4455250
compute_pipeline,onnxruntime,single_thread,1,False,75,4439041
compute_pipeline,onnxruntime,single_thread,1,False,76,4398708
compute_pipeline,onnxruntime,single_thread,1,False,77,4757834
compute_pipeline,onnxruntime,single_thread,1,False,78,4537708
compute_pipeline,onnxruntime,single_thread,1,False,79,4449625
compute_pipeline,onnxruntime,single_thread,1,False,80,4593250
compute_pipeline,onnxruntime,single_thread,1,False,81,4426375
compute_pipeline,onnxruntime,single_thread,1,False,82,4409459
compute_pipeline,onnxruntime,single_thread,1,False,83,4418708
compute_pipeline,onnxruntime,single_thread,1,False,84,4686708
compute_pipeline,onnxruntime,single_thread,1,False,85,4486125
compute_pipeline,onnxruntime,single_thread,1,False,86,4449542
compute_pipeline,onnxruntime,single_thread,1,False,87,4466750
compute_pipeline,onnxruntime,single_thread,1,False,88,4689041
compute_pipeline,onnxruntime,single_thread,1,False,89,4459792
compute_pipeline,onnxruntime,single_thread,1,False,90,4450417
compute_pipeline,onnxruntime,single_thread,1,False,91,4627167
compute_pipeline,onnxruntime,single_thread,1,False,92,4509333
compute_pipeline,onnxruntime,single_thread,1,False,93,4445917
compute_pipeline,onnxruntime,single_thread,1,False,94,4465166
compute_pipeline,onnxruntime,single_thread,1,False,95,4731417
compute_pipeline,onnxruntime,single_thread,1,False,96,4458917
compute_pipeline,onnxruntime,single_thread,1,False,97,4420791
compute_pipeline,onnxruntime,single_thread,1,False,98,4397000
compute_pipeline,onnxruntime,single_thread,1,False,99,4606792
compute_pipeline,onnxruntime,single_thread,1,False,100,4414458
compute_pipeline,onnxruntime,single_thread,1,False,101,4452208
compute_pipeline,onnxruntime,single_thread,1,False,102,4352542
compute_pipeline,onnxruntime,single_thread,1,False,103,4685833
compute_pipeline,onnxruntime,single_thread,1,False,104,4471875
compute_pipeline,onnxruntime,single_thread,1,False,105,4428625
compute_pipeline,onnxruntime,single_thread,1,False,106,4674500
compute_pipeline,onnxruntime,single_thread,1,False,107,4535750
compute_pipeline,onnxruntime,single_thread,1,False,108,4446000
compute_pipeline,onnxruntime,single_thread,1,False,109,4435667
compute_pipeline,onnxruntime,single_thread,1,False,110,4647042
compute_pipeline,onnxruntime,single_thread,1,False,111,4443834
compute_pipeline,onnxruntime,single_thread,1,False,112,4448875
compute_pipeline,onnxruntime,single_thread,1,False,113,4458166
compute_pipeline,onnxruntime,single_thread,1,False,114,4660542
compute_pipeline,onnxruntime,single_thread,1,False,115,4480625
compute_pipeline,onnxruntime,single_thread,1,False,116,4464125
compute_pipeline,onnxruntime,single_thread,1,False,117,4663208
compute_pipeline,onnxruntime,single_thread,1,False,118,4498875
compute_pipeline,onnxruntime,single_thread,1,False,119,4431833
compute_pipeline,onnxruntime,single_thread,1,False,120,4426041
compute_pipeline,onnxruntime,single_thread,1,False,121,4629708
compute_pipeline,onnxruntime,single_thread,1,False,122,4399667
compute_pipeline,onnxruntime,single_thread,1,False,123,4803708
compute_pipeline,onnxruntime,single_thread,1,False,124,4622458
compute_pipeline,onnxruntime,single_thread,1,False,125,4662292
compute_pipeline,onnxruntime,single_thread,1,False,126,4437375
compute_pipeline,onnxruntime,single_thread,1,False,127,4426583
compute_pipeline,onnxruntime,single_thread,1,False,128,4560500
compute_pipeline,onnxruntime,single_thread,1,False,129,4666042
compute_pipeline,onnxruntime,single_thread,1,False,130,4510333
compute_pipeline,onnxruntime,single_thread,1,False,131,4439041
compute_pipeline,onnxruntime,single_thread,1,False,132,4653291
compute_pipeline,onnxruntime,single_thread,1,False,133,4495208
compute_pipeline,onnxruntime,single_thread,1,False,134,4417333
compute_pipeline,onnxruntime,single_thread,1,False,135,4411834
compute_pipeline,onnxruntime,single_thread,1,False,136,4695542
compute_pipeline,onnxruntime,single_thread,1,False,137,4438167
compute_pipeline,onnxruntime,single_thread,1,False,138,4433917
compute_pipeline,onnxruntime,single_thread,1,False,139,4600167
compute_pipeline,onnxruntime,single_thread,1,False,140,4571584
compute_pipeline,onnxruntime,single_thread,1,False,141,4429667
compute_pipeline,onnxruntime,single_thread,1,False,142,4459167
compute_pipeline,onnxruntime,single_thread,1,False,143,4663000
compute_pipeline,onnxruntime,single_thread,1,False,144,4438334
compute_pipeline,onnxruntime,single_thread,1,False,145,4407417
compute_pipeline,onnxruntime,single_thread,1,False,146,4448250
compute_pipeline,onnxruntime,single_thread,1,False,147,4655792
compute_pipeline,onnxruntime,single_thread,1,False,148,4494167
compute_pipeline,onnxruntime,single_thread,1,False,149,4436792
compute_pipeline,onnxruntime,single_thread,1,False,150,4430708
compute_pipeline,onnxruntime,single_thread,1,False,151,4695625
compute_pipeline,onnxruntime,single_thread,1,False,152,4468625
compute_pipeline,onnxruntime,single_thread,1,False,153,4453333
compute_pipeline,onnxruntime,single_thread,1,False,154,4688125
compute_pipeline,onnxruntime,single_thread,1,False,155,4455833
compute_pipeline,onnxruntime,single_thread,1,False,156,4384250
compute_pipeline,onnxruntime,single_thread,1,False,157,4393250
compute_pipeline,onnxruntime,single_thread,1,False,158,4492292
compute_pipeline,onnxruntime,single_thread,1,False,159,4390584
compute_pipeline,onnxruntime,single_thread,1,False,160,4409792
compute_pipeline,onnxruntime,single_thread,1,False,161,4373916
compute_pipeline,onnxruntime,single_thread,1,False,162,4698250
compute_pipeline,onnxruntime,single_thread,1,False,163,4434750
compute_pipeline,onnxruntime,single_thread,1,False,164,4439750
compute_pipeline,onnxruntime,single_thread,1,False,165,4727417
compute_pipeline,onnxruntime,single_thread,1,False,166,4497792
compute_pipeline,onnxruntime,single_thread,1,False,167,4417750
compute_pipeline,onnxruntime,single_thread,1,False,168,4415042
compute_pipeline,onnxruntime,single_thread,1,False,169,4598500
compute_pipeline,onnxruntime,single_thread,1,False,170,4464458
compute_pipeline,onnxruntime,single_thread,1,False,171,4432459
compute_pipeline,onnxruntime,single_thread,1,False,172,4375166
compute_pipeline,onnxruntime,single_thread,1,False,173,4690542
compute_pipeline,onnxruntime,single_thread,1,False,174,4469875
compute_pipeline,onnxruntime,single_thread,1,False,175,4440167
compute_pipeline,onnxruntime,single_thread,1,False,176,4762500
compute_pipeline,onnxruntime,single_thread,1,False,177,4546041
compute_pipeline,onnxruntime,single_thread,1,False,178,4405334
compute_pipeline,onnxruntime,single_thread,1,False,179,4429416
compute_pipeline,onnxruntime,single_thread,1,False,180,4594708
compute_pipeline,onnxruntime,single_thread,1,False,181,4423000
compute_pipeline,onnxruntime,single_thread,1,False,182,4413458
compute_pipeline,onnxruntime,single_thread,1,False,183,4561250
compute_pipeline,onnxruntime,single_thread,1,False,184,4688958
compute_pipeline,onnxruntime,single_thread,1,False,185,4513625
compute_pipeline,onnxruntime,single_thread,1,False,186,4459958
compute_pipeline,onnxruntime,single_thread,1,False,187,4616250
compute_pipeline,onnxruntime,single_thread,1,False,188,4547333
compute_pipeline,onnxruntime,single_thread,1,False,189,4402583
compute_pipeline,onnxruntime,single_thread,1,False,190,4404250
compute_pipeline,onnxruntime,single_thread,1,False,191,4637292
compute_pipeline,onnxruntime,single_thread,1,False,192,4424041
compute_pipeline,onnxruntime,single_thread,1,False,193,4340917
compute_pipeline,onnxruntime,single_thread,1,False,194,4383917
compute_pipeline,onnxruntime,single_thread,1,False,195,4566458
compute_pipeline,onnxruntime,single_thread,1,False,196,4431250
compute_pipeline,onnxruntime,single_thread,1,False,197,4443958
compute_pipeline,onnxruntime,single_thread,1,False,198,4569667
compute_pipeline,onnxruntime,single_thread,1,False,199,4892042
compute_pipeline,onnxruntime,single_thread,1,False,200,4616209
compute_pipeline,onnxruntime,single_thread,1,False,201,4613250
compute_pipeline,onnxruntime,single_thread,1,False,202,4826500
compute_pipeline,onnxruntime,single_thread,1,False,203,4573583
compute_pipeline,onnxruntime,single_thread,1,False,204,4546292
compute_pipeline,onnxruntime,single_thread,1,False,205,4785167
compute_pipeline,onnxruntime,single_thread,1,False,206,4986833
compute_pipeline,onnxruntime,single_thread,1,False,207,4719083
compute_pipeline,onnxruntime,single_thread,1,False,208,4697750
compute_pipeline,onnxruntime,single_thread,1,False,209,5327083
compute_pipeline,onnxruntime,single_thread,1,False,210,4940334
compute_pipeline,onnxruntime,single_thread,1,False,211,4751791
compute_pipeline,onnxruntime,single_thread,1,False,212,4620959
compute_pipeline,onnxruntime,single_thread,1,False,213,4767459
compute_pipeline,onnxruntime,single_thread,1,False,214,4477833
compute_pipeline,onnxruntime,single_thread,1,False,215,4460875
compute_pipeline,onnxruntime,single_thread,1,False,216,4825041
compute_pipeline,onnxruntime,single_thread,1,False,217,4530666
compute_pipeline,onnxruntime,single_thread,1,False,218,4462375
compute_pipeline,onnxruntime,single_thread,1,False,219,4415917
compute_pipeline,onnxruntime,single_thread,1,False,220,4697917
compute_pipeline,onnxruntime,single_thread,1,False,221,4424458
compute_pipeline,onnxruntime,single_thread,1,False,222,4438875
compute_pipeline,onnxruntime,single_thread,1,False,223,4400416
compute_pipeline,onnxruntime,single_thread,1,False,224,5008292
compute_pipeline,onnxruntime,single_thread,1,False,225,4502416
compute_pipeline,onnxruntime,single_thread,1,False,226,4445541
compute_pipeline,onnxruntime,single_thread,1,False,227,4546667
compute_pipeline,onnxruntime,single_thread,1,False,228,4586166
compute_pipeline,onnxruntime,single_thread,1,False,229,4460834
compute_pipeline,onnxruntime,single_thread,1,False,230,4437292
compute_pipeline,onnxruntime,single_thread,1,False,231,4646042
compute_pipeline,onnxruntime,single_thread,1,False,232,4600208
compute_pipeline,onnxruntime,single_thread,1,False,233,4448459
compute_pipeline,onnxruntime,single_thread,1,False,234,4435583
compute_pipeline,onnxruntime,single_thread,1,False,235,4809417
compute_pipeline,onnxruntime,single_thread,1,False,236,4454833
compute_pipeline,onnxruntime,single_thread,1,False,237,4416542
compute_pipeline,onnxruntime,single_thread,1,False,238,4615959
compute_pipeline,onnxruntime,single_thread,1,False,239,4408958
compute_pipeline,onnxruntime,single_thread,1,False,240,4400208
compute_pipeline,onnxruntime,single_thread,1,False,241,4379834
compute_pipeline,onnxruntime,single_thread,1,False,242,4739583
compute_pipeline,onnxruntime,single_thread,1,False,243,4485959
compute_pipeline,onnxruntime,single_thread,1,False,244,4522625
compute_pipeline,onnxruntime,single_thread,1,False,245,4463292
compute_pipeline,onnxruntime,single_thread,1,False,246,4681292
compute_pipeline,onnxruntime,single_thread,1,False,247,4409916
compute_pipeline,onnxruntime,single_thread,1,False,248,4430958
compute_pipeline,onnxruntime,single_thread,1,False,249,4671083
compute_pipeline,onnxruntime,single_thread,1,False,250,4523167
compute_pipeline,onnxruntime,single_thread,1,False,251,4429375
compute_pipeline,onnxruntime,single_thread,1,False,252,4389000
compute_pipeline,onnxruntime,single_thread,1,False,253,4812375
compute_pipeline,onnxruntime,single_thread,1,False,254,4476459
compute_pipeline,onnxruntime,single_thread,1,False,255,4430167
compute_pipeline,onnxruntime,single_thread,1,False,256,4430083
compute_pipeline,onnxruntime,single_thread,1,False,257,4613792
compute_pipeline,onnxruntime,single_thread,1,False,258,4404833
compute_pipeline,onnxruntime,single_thread,1,False,259,4395917
compute_pipeline,onnxruntime,single_thread,1,False,260,4514250
compute_pipeline,onnxruntime,single_thread,1,False,261,4550416
compute_pipeline,onnxruntime,single_thread,1,False,262,4412417
compute_pipeline,onnxruntime,single_thread,1,False,263,4419709
compute_pipeline,onnxruntime,single_thread,1,False,264,4695333
compute_pipeline,onnxruntime,single_thread,1,False,265,4435250
compute_pipeline,onnxruntime,single_thread,1,False,266,4399375
compute_pipeline,onnxruntime,single_thread,1,False,267,4372042
compute_pipeline,onnxruntime,single_thread,1,False,268,4719917
compute_pipeline,onnxruntime,single_thread,1,False,269,4470500
compute_pipeline,onnxruntime,single_thread,1,False,270,4408250
compute_pipeline,onnxruntime,single_thread,1,False,271,4396084
compute_pipeline,onnxruntime,single_thread,1,False,272,4702167
compute_pipeline,onnxruntime,single_thread,1,False,273,4390209
compute_pipeline,onnxruntime,single_thread,1,False,274,4433708
compute_pipeline,onnxruntime,single_thread,1,False,275,4712292
compute_pipeline,onnxruntime,single_thread,1,False,276,4525250
compute_pipeline,onnxruntime,single_thread,1,False,277,4479583
compute_pipeline,onnxruntime,single_thread,1,False,278,4451625
compute_pipeline,onnxruntime,single_thread,1,False,279,4620709
compute_pipeline,onnxruntime,single_thread,1,False,280,4401167
compute_pipeline,onnxruntime,single_thread,1,False,281,4390083
compute_pipeline,onnxruntime,single_thread,1,False,282,4355417
compute_pipeline,onnxruntime,single_thread,1,False,283,4591750
compute_pipeline,onnxruntime,single_thread,1,False,284,4384750
compute_pipeline,onnxruntime,single_thread,1,False,285,4388459
compute_pipeline,onnxruntime,single_thread,1,False,286,4641584
compute_pipeline,onnxruntime,single_thread,1,False,287,4905959
compute_pipeline,onnxruntime,single_thread,1,False,288,4730125
compute_pipeline,onnxruntime,single_thread,1,False,289,11674000
compute_pipeline,onnxruntime,single_thread,1,False,290,7083958
compute_pipeline,onnxruntime,single_thread,1,False,291,5032917
compute_pipeline,onnxruntime,single_thread,1,False,292,4784834
compute_pipeline,onnxruntime,single_thread,1,False,293,4742542
compute_pipeline,onnxruntime,single_thread,1,False,294,4672292
compute_pipeline,onnxruntime,single_thread,1,False,295,5066042
compute_pipeline,onnxruntime,single_thread,1,False,296,4858333
compute_pipeline,onnxruntime,single_thread,1,False,297,5135917
compute_pipeline,onnxruntime,single_thread,1,False,298,5014208
compute_pipeline,onnxruntime,single_thread,1,False,299,4734042
compute_pipeline,onnxruntime,single_thread,1,False,300,4671625
compute_pipeline,onnxruntime,single_thread,1,False,301,4472750
compute_pipeline,onnxruntime,single_thread,1,False,302,4558333
compute_pipeline,onnxruntime,single_thread,1,False,303,4502625
compute_pipeline,onnxruntime,single_thread,1,False,304,4658792
compute_pipeline,onnxruntime,single_thread,1,False,305,4930541
compute_pipeline,onnxruntime,single_thread,1,False,306,4657000
compute_pipeline,onnxruntime,single_thread,1,False,307,4406375
compute_pipeline,onnxruntime,single_thread,1,False,308,4392041
compute_pipeline,onnxruntime,single_thread,1,False,309,4656500
compute_pipeline,onnxruntime,single_thread,1,False,310,4473208
compute_pipeline,onnxruntime,single_thread,1,False,311,4436875
compute_pipeline,onnxruntime,single_thread,1,False,312,4393625
compute_pipeline,onnxruntime,single_thread,1,False,313,4584042
compute_pipeline,onnxruntime,single_thread,1,False,314,4395958
compute_pipeline,onnxruntime,single_thread,1,False,315,4395083
compute_pipeline,onnxruntime,single_thread,1,False,316,4403834
compute_pipeline,onnxruntime,single_thread,1,False,317,4629416
compute_pipeline,onnxruntime,single_thread,1,False,318,4387000
compute_pipeline,onnxruntime,single_thread,1,False,319,4414750
compute_pipeline,onnxruntime,single_thread,1,False,320,4687875
compute_pipeline,onnxruntime,single_thread,1,False,321,4520875
compute_pipeline,onnxruntime,single_thread,1,False,322,4407334
compute_pipeline,onnxruntime,single_thread,1,False,323,4405833
compute_pipeline,onnxruntime,single_thread,1,False,324,4691917
compute_pipeline,onnxruntime,single_thread,1,False,325,4445750
compute_pipeline,onnxruntime,single_thread,1,False,326,4423250
compute_pipeline,onnxruntime,single_thread,1,False,327,4403917
compute_pipeline,onnxruntime,single_thread,1,False,328,4663625
compute_pipeline,onnxruntime,single_thread,1,False,329,4441958
compute_pipeline,onnxruntime,single_thread,1,False,330,4441792
compute_pipeline,onnxruntime,single_thread,1,False,331,4656459
compute_pipeline,onnxruntime,single_thread,1,False,332,4540291
compute_pipeline,onnxruntime,single_thread,1,False,333,4416208
compute_pipeline,onnxruntime,single_thread,1,False,334,4530125
compute_pipeline,onnxruntime,single_thread,1,False,335,4971333
compute_pipeline,onnxruntime,single_thread,1,False,336,4634167
compute_pipeline,onnxruntime,single_thread,1,False,337,4506083
compute_pipeline,onnxruntime,single_thread,1,False,338,4528875
compute_pipeline,onnxruntime,single_thread,1,False,339,5221958
compute_pipeline,onnxruntime,single_thread,1,False,340,4818833
compute_pipeline,onnxruntime,single_thread,1,False,341,4795833
compute_pipeline,onnxruntime,single_thread,1,False,342,5825750
compute_pipeline,onnxruntime,single_thread,1,False,343,5225917
compute_pipeline,onnxruntime,single_thread,1,False,344,4792416
compute_pipeline,onnxruntime,single_thread,1,False,345,5430500
compute_pipeline,onnxruntime,single_thread,1,False,346,4965667
compute_pipeline,onnxruntime,single_thread,1,False,347,4781584
compute_pipeline,onnxruntime,single_thread,1,False,348,5003208
compute_pipeline,onnxruntime,single_thread,1,False,349,4991541
compute_pipeline,onnxruntime,single_thread,1,False,350,4838584
compute_pipeline,onnxruntime,single_thread,1,False,351,4840625
compute_pipeline,onnxruntime,single_thread,1,False,352,4956042
compute_pipeline,onnxruntime,single_thread,1,False,353,4720333
compute_pipeline,onnxruntime,single_thread,1,False,354,4699834
compute_pipeline,onnxruntime,single_thread,1,False,355,5009750
compute_pipeline,onnxruntime,single_thread,1,False,356,4595792
compute_pipeline,onnxruntime,single_thread,1,False,357,4454500
compute_pipeline,onnxruntime,single_thread,1,False,358,4445666
compute_pipeline,onnxruntime,single_thread,1,False,359,4688042
compute_pipeline,onnxruntime,single_thread,1,False,360,4473125
compute_pipeline,onnxruntime,single_thread,1,False,361,4447292
compute_pipeline,onnxruntime,single_thread,1,False,362,4420417
compute_pipeline,onnxruntime,single_thread,1,False,363,4796416
compute_pipeline,onnxruntime,single_thread,1,False,364,4506459
compute_pipeline,onnxruntime,single_thread,1,False,365,4472583
compute_pipeline,onnxruntime,single_thread,1,False,366,4925666
compute_pipeline,onnxruntime,single_thread,1,False,367,4584625
compute_pipeline,onnxruntime,single_thread,1,False,368,4454167
compute_pipeline,onnxruntime,single_thread,1,False,369,4459417
compute_pipeline,onnxruntime,single_thread,1,False,370,4638334
compute_pipeline,onnxruntime,single_thread,1,False,371,4516584
compute_pipeline,onnxruntime,single_thread,1,False,372,4483916
compute_pipeline,onnxruntime,single_thread,1,False,373,4432416
compute_pipeline,onnxruntime,single_thread,1,False,374,4800458
compute_pipeline,onnxruntime,single_thread,1,False,375,4508250
compute_pipeline,onnxruntime,single_thread,1,False,376,4454292
compute_pipeline,onnxruntime,single_thread,1,False,377,4874167
compute_pipeline,onnxruntime,single_thread,1,False,378,4531292
compute_pipeline,onnxruntime,single_thread,1,False,379,4487542
compute_pipeline,onnxruntime,single_thread,1,False,380,4427250
compute_pipeline,onnxruntime,single_thread,1,False,381,4693042
compute_pipeline,onnxruntime,single_thread,1,False,382,4444375
compute_pipeline,onnxruntime,single_thread,1,False,383,4412791
compute_pipeline,onnxruntime,single_thread,1,False,384,4354417
compute_pipeline,onnxruntime,single_thread,1,False,385,4868000
compute_pipeline,onnxruntime,single_thread,1,False,386,4466625
compute_pipeline,onnxruntime,single_thread,1,False,387,4460166
compute_pipeline,onnxruntime,single_thread,1,False,388,4710375
compute_pipeline,onnxruntime,single_thread,1,False,389,4463166
compute_pipeline,onnxruntime,single_thread,1,False,390,4438250
compute_pipeline,onnxruntime,single_thread,1,False,391,4433916
compute_pipeline,onnxruntime,single_thread,1,False,392,4781708
compute_pipeline,onnxruntime,single_thread,1,False,393,4475417
compute_pipeline,onnxruntime,single_thread,1,False,394,4398208
compute_pipeline,onnxruntime,single_thread,1,False,395,4403166
compute_pipeline,onnxruntime,single_thread,1,False,396,4934125
compute_pipeline,onnxruntime,single_thread,1,False,397,4451875
compute_pipeline,onnxruntime,single_thread,1,False,398,4426083
compute_pipeline,onnxruntime,single_thread,1,False,399,4710834
compute_pipeline,onnxruntime,single_thread,1,False,400,4481167
compute_pipeline,onnxruntime,single_thread,1,False,401,4487083
compute_pipeline,onnxruntime,single_thread,1,False,402,4415417
compute_pipeline,onnxruntime,single_thread,1,False,403,4827333
compute_pipeline,onnxruntime,single_thread,1,False,404,4463625
compute_pipeline,onnxruntime,single_thread,1,False,405,4416958
compute_pipeline,onnxruntime,single_thread,1,False,406,4404833
compute_pipeline,onnxruntime,single_thread,1,False,407,4834875
compute_pipeline,onnxruntime,single_thread,1,False,408,4461833
compute_pipeline,onnxruntime,single_thread,1,False,409,4427917
compute_pipeline,onnxruntime,single_thread,1,False,410,4524750
compute_pipeline,onnxruntime,single_thread,1,False,411,4492584
compute_pipeline,onnxruntime,single_thread,1,False,412,4598083
compute_pipeline,onnxruntime,single_thread,1,False,413,4452125
compute_pipeline,onnxruntime,single_thread,1,False,414,4923208
compute_pipeline,onnxruntime,single_thread,1,False,415,4459875
compute_pipeline,onnxruntime,single_thread,1,False,416,4434208
compute_pipeline,onnxruntime,single_thread,1,False,417,4392416
compute_pipeline,onnxruntime,single_thread,1,False,418,5033708
compute_pipeline,onnxruntime,single_thread,1,False,419,4506291
compute_pipeline,onnxruntime,single_thread,1,False,420,4484750
compute_pipeline,onnxruntime,single_thread,1,False,421,4883125
compute_pipeline,onnxruntime,single_thread,1,False,422,4539000
compute_pipeline,onnxruntime,single_thread,1,False,423,4403000
compute_pipeline,onnxruntime,single_thread,1,False,424,4395750
compute_pipeline,onnxruntime,single_thread,1,False,425,4742666
compute_pipeline,onnxruntime,single_thread,1,False,426,4548083
compute_pipeline,onnxruntime,single_thread,1,False,427,4479250
compute_pipeline,onnxruntime,single_thread,1,False,428,4595209
compute_pipeline,onnxruntime,single_thread,1,False,429,4611541
compute_pipeline,onnxruntime,single_thread,1,False,430,4440875
compute_pipeline,onnxruntime,single_thread,1,False,431,4426209
compute_pipeline,onnxruntime,single_thread,1,False,432,4743500
compute_pipeline,onnxruntime,single_thread,1,False,433,4560709
compute_pipeline,onnxruntime,single_thread,1,False,434,4444750
compute_pipeline,onnxruntime,single_thread,1,False,435,4425958
compute_pipeline,onnxruntime,single_thread,1,False,436,4753625
compute_pipeline,onnxruntime,single_thread,1,False,437,4470667
compute_pipeline,onnxruntime,single_thread,1,False,438,4469042
compute_pipeline,onnxruntime,single_thread,1,False,439,4430667
compute_pipeline,onnxruntime,single_thread,1,False,440,4794958
compute_pipeline,onnxruntime,single_thread,1,False,441,4449333
compute_pipeline,onnxruntime,single_thread,1,False,442,4437333
compute_pipeline,onnxruntime,single_thread,1,False,443,5061625
compute_pipeline,onnxruntime,single_thread,1,False,444,4602875
compute_pipeline,onnxruntime,single_thread,1,False,445,4462542
compute_pipeline,onnxruntime,single_thread,1,False,446,4459042
compute_pipeline,onnxruntime,single_thread,1,False,447,4707416
compute_pipeline,onnxruntime,single_thread,1,False,448,4655500
compute_pipeline,onnxruntime,single_thread,1,False,449,4537208
compute_pipeline,onnxruntime,single_thread,1,False,450,4698167
compute_pipeline,onnxruntime,single_thread,1,False,451,4576917
compute_pipeline,onnxruntime,single_thread,1,False,452,4860458
compute_pipeline,onnxruntime,single_thread,1,False,453,4629708
compute_pipeline,onnxruntime,single_thread,1,False,454,4750084
compute_pipeline,onnxruntime,single_thread,1,False,455,4465708
compute_pipeline,onnxruntime,single_thread,1,False,456,4465666
compute_pipeline,onnxruntime,single_thread,1,False,457,4504500
compute_pipeline,onnxruntime,single_thread,1,False,458,4851625
compute_pipeline,onnxruntime,single_thread,1,False,459,4491916
compute_pipeline,onnxruntime,single_thread,1,False,460,4447708
compute_pipeline,onnxruntime,single_thread,1,False,461,4876875
compute_pipeline,onnxruntime,single_thread,1,False,462,4508458
compute_pipeline,onnxruntime,single_thread,1,False,463,4424792
compute_pipeline,onnxruntime,single_thread,1,False,464,4406042
compute_pipeline,onnxruntime,single_thread,1,False,465,4607375
compute_pipeline,onnxruntime,single_thread,1,False,466,4461125
compute_pipeline,onnxruntime,single_thread,1,False,467,4627500
compute_pipeline,onnxruntime,single_thread,1,False,468,4705500
compute_pipeline,onnxruntime,single_thread,1,False,469,4692750
compute_pipeline,onnxruntime,single_thread,1,False,470,4430083
compute_pipeline,onnxruntime,single_thread,1,False,471,4425416
compute_pipeline,onnxruntime,single_thread,1,False,472,5211792
compute_pipeline,onnxruntime,single_thread,1,False,473,4610625
compute_pipeline,onnxruntime,single_thread,1,False,474,4565916
compute_pipeline,onnxruntime,single_thread,1,False,475,4562833
compute_pipeline,onnxruntime,single_thread,1,False,476,4847875
compute_pipeline,onnxruntime,single_thread,1,False,477,4492833
compute_pipeline,onnxruntime,single_thread,1,False,478,4630084
compute_pipeline,onnxruntime,single_thread,1,False,479,5017417
compute_pipeline,onnxruntime,single_thread,1,False,480,4481750
compute_pipeline,onnxruntime,single_thread,1,False,481,4416875
compute_pipeline,onnxruntime,single_thread,1,False,482,4555417
compute_pipeline,onnxruntime,single_thread,1,False,483,4858375
compute_pipeline,onnxruntime,single_thread,1,False,484,4441917
compute_pipeline,onnxruntime,single_thread,1,False,485,4447875
compute_pipeline,onnxruntime,single_thread,1,False,486,4539458
compute_pipeline,onnxruntime,single_thread,1,False,487,5027917
compute_pipeline,onnxruntime,single_thread,1,False,488,4571583
compute_pipeline,onnxruntime,single_thread,1,False,489,4729083
compute_pipeline,onnxruntime,single_thread,1,False,490,5121000
compute_pipeline,onnxruntime,single_thread,1,False,491,4846416
compute_pipeline,onnxruntime,single_thread,1,False,492,4922667
compute_pipeline,onnxruntime,single_thread,1,False,493,5381166
compute_pipeline,onnxruntime,single_thread,1,False,494,4966166
compute_pipeline,onnxruntime,single_thread,1,False,495,4801916
compute_pipeline,onnxruntime,single_thread,1,False,496,4896292
compute_pipeline,onnxruntime,single_thread,1,False,497,5560416
compute_pipeline,onnxruntime,single_thread,1,False,498,4748542
compute_pipeline,onnxruntime,single_thread,1,False,499,4859917
compute_pipeline,onnxruntime,single_thread,1,False,500,5134250
compute_pipeline,onnxruntime,single_thread,1,False,501,4878541
compute_pipeline,onnxruntime,single_thread,1,False,502,4475959
compute_pipeline,onnxruntime,single_thread,1,False,503,4572583
compute_pipeline,onnxruntime,single_thread,1,False,504,4757375
compute_pipeline,onnxruntime,single_thread,1,False,505,4466792
compute_pipeline,onnxruntime,single_thread,1,False,506,4565500
compute_pipeline,onnxruntime,single_thread,1,False,507,4881000
compute_pipeline,onnxruntime,single_thread,1,False,508,4582291
compute_pipeline,onnxruntime,single_thread,1,False,509,4488542
compute_pipeline,onnxruntime,single_thread,1,False,510,4684417
compute_pipeline,onnxruntime,single_thread,1,False,511,4799750
compute_pipeline,onnxruntime,single_thread,1,False,512,4500833
compute_pipeline,onnxruntime,single_thread,1,False,513,4630292
compute_pipeline,onnxruntime,single_thread,1,False,514,4889959
compute_pipeline,onnxruntime,single_thread,1,False,515,4496667
compute_pipeline,onnxruntime,single_thread,1,False,516,4460333
compute_pipeline,onnxruntime,single_thread,1,False,517,4625958
compute_pipeline,onnxruntime,single_thread,1,False,518,4869792
compute_pipeline,onnxruntime,single_thread,1,False,519,4483333
compute_pipeline,onnxruntime,single_thread,1,False,520,4555167
compute_pipeline,onnxruntime,single_thread,1,False,521,4832583
compute_pipeline,onnxruntime,single_thread,1,False,522,4599791
compute_pipeline,onnxruntime,single_thread,1,False,523,4495416
compute_pipeline,onnxruntime,single_thread,1,False,524,4562209
compute_pipeline,onnxruntime,single_thread,1,False,525,4796750
compute_pipeline,onnxruntime,single_thread,1,False,526,4563708
compute_pipeline,onnxruntime,single_thread,1,False,527,4526750
compute_pipeline,onnxruntime,single_thread,1,False,528,4403917
compute_pipeline,onnxruntime,single_thread,1,False,529,4817083
compute_pipeline,onnxruntime,single_thread,1,False,530,4467375
compute_pipeline,onnxruntime,single_thread,1,False,531,4441250
compute_pipeline,onnxruntime,single_thread,1,False,532,4627458
compute_pipeline,onnxruntime,single_thread,1,False,533,4571708
compute_pipeline,onnxruntime,single_thread,1,False,534,4457916
compute_pipeline,onnxruntime,single_thread,1,False,535,4439875
compute_pipeline,onnxruntime,single_thread,1,False,536,4779208
compute_pipeline,onnxruntime,single_thread,1,False,537,4602167
compute_pipeline,onnxruntime,single_thread,1,False,538,4454667
compute_pipeline,onnxruntime,single_thread,1,False,539,4412917
compute_pipeline,onnxruntime,single_thread,1,False,540,4725458
compute_pipeline,onnxruntime,single_thread,1,False,541,4431583
compute_pipeline,onnxruntime,single_thread,1,False,542,4413000
compute_pipeline,onnxruntime,single_thread,1,False,543,4522584
compute_pipeline,onnxruntime,single_thread,1,False,544,4437542
compute_pipeline,onnxruntime,single_thread,1,False,545,4380292
compute_pipeline,onnxruntime,single_thread,1,False,546,4383417
compute_pipeline,onnxruntime,single_thread,1,False,547,4748958
compute_pipeline,onnxruntime,single_thread,1,False,548,4479167
compute_pipeline,onnxruntime,single_thread,1,False,549,4447125
compute_pipeline,onnxruntime,single_thread,1,False,550,4427750
compute_pipeline,onnxruntime,single_thread,1,False,551,4796500
compute_pipeline,onnxruntime,single_thread,1,False,552,4452292
compute_pipeline,onnxruntime,single_thread,1,False,553,4402167
compute_pipeline,onnxruntime,single_thread,1,False,554,4371208
compute_pipeline,onnxruntime,single_thread,1,False,555,4463375
compute_pipeline,onnxruntime,single_thread,1,False,556,4386459
compute_pipeline,onnxruntime,single_thread,1,False,557,4413334
compute_pipeline,onnxruntime,single_thread,1,False,558,4830292
compute_pipeline,onnxruntime,single_thread,1,False,559,4653250
compute_pipeline,onnxruntime,single_thread,1,False,560,4585459
compute_pipeline,onnxruntime,single_thread,1,False,561,4405209
compute_pipeline,onnxruntime,single_thread,1,False,562,4803375
compute_pipeline,onnxruntime,single_thread,1,False,563,4466625
compute_pipeline,onnxruntime,single_thread,1,False,564,4417375
compute_pipeline,onnxruntime,single_thread,1,False,565,4391208
compute_pipeline,onnxruntime,single_thread,1,False,566,4647209
compute_pipeline,onnxruntime,single_thread,1,False,567,4467459
compute_pipeline,onnxruntime,single_thread,1,False,568,4452833
compute_pipeline,onnxruntime,single_thread,1,False,569,4808625
compute_pipeline,onnxruntime,single_thread,1,False,570,4509833
compute_pipeline,onnxruntime,single_thread,1,False,571,4453625
compute_pipeline,onnxruntime,single_thread,1,False,572,4413000
compute_pipeline,onnxruntime,single_thread,1,False,573,4652750
compute_pipeline,onnxruntime,single_thread,1,False,574,4464250
compute_pipeline,onnxruntime,single_thread,1,False,575,4448292
compute_pipeline,onnxruntime,single_thread,1,False,576,4403167
compute_pipeline,onnxruntime,single_thread,1,False,577,4642166
compute_pipeline,onnxruntime,single_thread,1,False,578,4425375
compute_pipeline,onnxruntime,single_thread,1,False,579,4429375
compute_pipeline,onnxruntime,single_thread,1,False,580,4586375
compute_pipeline,onnxruntime,single_thread,1,False,581,4579041
compute_pipeline,onnxruntime,single_thread,1,False,582,4437333
compute_pipeline,onnxruntime,single_thread,1,False,583,4423333
compute_pipeline,onnxruntime,single_thread,1,False,584,4698083
compute_pipeline,onnxruntime,single_thread,1,False,585,4461167
compute_pipeline,onnxruntime,single_thread,1,False,586,4434125
compute_pipeline,onnxruntime,single_thread,1,False,587,4429334
compute_pipeline,onnxruntime,single_thread,1,False,588,4653333
compute_pipeline,onnxruntime,single_thread,1,False,589,4452083
compute_pipeline,onnxruntime,single_thread,1,False,590,4422959
compute_pipeline,onnxruntime,single_thread,1,False,591,4691417
compute_pipeline,onnxruntime,single_thread,1,False,592,4649375
compute_pipeline,onnxruntime,single_thread,1,False,593,5323917
compute_pipeline,onnxruntime,single_thread,1,False,594,4649750
compute_pipeline,onnxruntime,single_thread,1,False,595,5007250
compute_pipeline,onnxruntime,single_thread,1,False,596,8973000
compute_pipeline,onnxruntime,single_thread,1,False,597,7375291
compute_pipeline,onnxruntime,single_thread,1,False,598,7128083
compute_pipeline,onnxruntime,single_thread,1,False,599,8408250
compute_pipeline,onnxruntime,single_thread,1,False,600,5418708
compute_pipeline,onnxruntime,single_thread,1,False,601,6143250
compute_pipeline,onnxruntime,single_thread,1,False,602,7156583
compute_pipeline,onnxruntime,single_thread,1,False,603,5102500
compute_pipeline,onnxruntime,single_thread,1,False,604,5179125
compute_pipeline,onnxruntime,single_thread,1,False,605,5793750
compute_pipeline,onnxruntime,single_thread,1,False,606,5465875
compute_pipeline,onnxruntime,single_thread,1,False,607,5178417
compute_pipeline,onnxruntime,single_thread,1,False,608,6000333
compute_pipeline,onnxruntime,single_thread,1,False,609,5261500
compute_pipeline,onnxruntime,single_thread,1,False,610,5318542
compute_pipeline,onnxruntime,single_thread,1,False,611,5430750
compute_pipeline,onnxruntime,single_thread,1,False,612,5705791
compute_pipeline,onnxruntime,single_thread,1,False,613,5158042
compute_pipeline,onnxruntime,single_thread,1,False,614,5914208
compute_pipeline,onnxruntime,single_thread,1,False,615,5159417
compute_pipeline,onnxruntime,single_thread,1,False,616,4893041
compute_pipeline,onnxruntime,single_thread,1,False,617,5158292
compute_pipeline,onnxruntime,single_thread,1,False,618,5010750
compute_pipeline,onnxruntime,single_thread,1,False,619,4860916
compute_pipeline,onnxruntime,single_thread,1,False,620,4809916
compute_pipeline,onnxruntime,single_thread,1,False,621,5173667
compute_pipeline,onnxruntime,single_thread,1,False,622,4772208
compute_pipeline,onnxruntime,single_thread,1,False,623,4769542
compute_pipeline,onnxruntime,single_thread,1,False,624,5010750
compute_pipeline,onnxruntime,single_thread,1,False,625,4773209
compute_pipeline,onnxruntime,single_thread,1,False,626,4769167
compute_pipeline,onnxruntime,single_thread,1,False,627,4856291
compute_pipeline,onnxruntime,single_thread,1,False,628,4879291
compute_pipeline,onnxruntime,single_thread,1,False,629,4744958
compute_pipeline,onnxruntime,single_thread,1,False,630,4702125
compute_pipeline,onnxruntime,single_thread,1,False,631,5048041
compute_pipeline,onnxruntime,single_thread,1,False,632,5419000
compute_pipeline,onnxruntime,single_thread,1,False,633,5191542
compute_pipeline,onnxruntime,single_thread,1,False,634,4990000
compute_pipeline,onnxruntime,single_thread,1,False,635,4938250
compute_pipeline,onnxruntime,single_thread,1,False,636,4706375
compute_pipeline,onnxruntime,single_thread,1,False,637,4676167
compute_pipeline,onnxruntime,single_thread,1,False,638,4895166
compute_pipeline,onnxruntime,single_thread,1,False,639,4667417
compute_pipeline,onnxruntime,single_thread,1,False,640,4449959
compute_pipeline,onnxruntime,single_thread,1,False,641,4667042
compute_pipeline,onnxruntime,single_thread,1,False,642,4435333
compute_pipeline,onnxruntime,single_thread,1,False,643,4367750
compute_pipeline,onnxruntime,single_thread,1,False,644,4388667
compute_pipeline,onnxruntime,single_thread,1,False,645,4679167
compute_pipeline,onnxruntime,single_thread,1,False,646,4496917
compute_pipeline,onnxruntime,single_thread,1,False,647,4434583
compute_pipeline,onnxruntime,single_thread,1,False,648,4415792
compute_pipeline,onnxruntime,single_thread,1,False,649,4710958
compute_pipeline,onnxruntime,single_thread,1,False,650,4430042
compute_pipeline,onnxruntime,single_thread,1,False,651,4448333
compute_pipeline,onnxruntime,single_thread,1,False,652,4589083
compute_pipeline,onnxruntime,single_thread,1,False,653,4546083
compute_pipeline,onnxruntime,single_thread,1,False,654,4439708
compute_pipeline,onnxruntime,single_thread,1,False,655,4398292
compute_pipeline,onnxruntime,single_thread,1,False,656,4704375
compute_pipeline,onnxruntime,single_thread,1,False,657,4594708
compute_pipeline,onnxruntime,single_thread,1,False,658,4547042
compute_pipeline,onnxruntime,single_thread,1,False,659,4472417
compute_pipeline,onnxruntime,single_thread,1,False,660,4730917
compute_pipeline,onnxruntime,single_thread,1,False,661,4482750
compute_pipeline,onnxruntime,single_thread,1,False,662,4432375
compute_pipeline,onnxruntime,single_thread,1,False,663,4788041
compute_pipeline,onnxruntime,single_thread,1,False,664,4492292
compute_pipeline,onnxruntime,single_thread,1,False,665,4419709
compute_pipeline,onnxruntime,single_thread,1,False,666,4416667
compute_pipeline,onnxruntime,single_thread,1,False,667,4670708
compute_pipeline,onnxruntime,single_thread,1,False,668,4458875
compute_pipeline,onnxruntime,single_thread,1,False,669,4439833
compute_pipeline,onnxruntime,single_thread,1,False,670,4387916
compute_pipeline,onnxruntime,single_thread,1,False,671,4623458
compute_pipeline,onnxruntime,single_thread,1,False,672,4435042
compute_pipeline,onnxruntime,single_thread,1,False,673,4395250
compute_pipeline,onnxruntime,single_thread,1,False,674,4637375
compute_pipeline,onnxruntime,single_thread,1,False,675,4595000
compute_pipeline,onnxruntime,single_thread,1,False,676,4445625
compute_pipeline,onnxruntime,single_thread,1,False,677,4439042
compute_pipeline,onnxruntime,single_thread,1,False,678,4766584
compute_pipeline,onnxruntime,single_thread,1,False,679,4456667
compute_pipeline,onnxruntime,single_thread,1,False,680,4431750
compute_pipeline,onnxruntime,single_thread,1,False,681,4410375
compute_pipeline,onnxruntime,single_thread,1,False,682,4563750
compute_pipeline,onnxruntime,single_thread,1,False,683,4392083
compute_pipeline,onnxruntime,single_thread,1,False,684,4372750
compute_pipeline,onnxruntime,single_thread,1,False,685,4415500
compute_pipeline,onnxruntime,single_thread,1,False,686,4563834
compute_pipeline,onnxruntime,single_thread,1,False,687,4417750
compute_pipeline,onnxruntime,single_thread,1,False,688,4444084
compute_pipeline,onnxruntime,single_thread,1,False,689,4675417
compute_pipeline,onnxruntime,single_thread,1,False,690,4516750
compute_pipeline,onnxruntime,single_thread,1,False,691,4433709
compute_pipeline,onnxruntime,single_thread,1,False,692,4397500
compute_pipeline,onnxruntime,single_thread,1,False,693,4731084
compute_pipeline,onnxruntime,single_thread,1,False,694,4496667
compute_pipeline,onnxruntime,single_thread,1,False,695,4433375
compute_pipeline,onnxruntime,single_thread,1,False,696,4403875
compute_pipeline,onnxruntime,single_thread,1,False,697,4615708
compute_pipeline,onnxruntime,single_thread,1,False,698,4396042
compute_pipeline,onnxruntime,single_thread,1,False,699,4416250
compute_pipeline,onnxruntime,single_thread,1,False,700,4652833
compute_pipeline,onnxruntime,single_thread,1,False,701,4465250
compute_pipeline,onnxruntime,single_thread,1,False,702,4433000
compute_pipeline,onnxruntime,single_thread,1,False,703,4411208
compute_pipeline,onnxruntime,single_thread,1,False,704,4770542
compute_pipeline,onnxruntime,single_thread,1,False,705,4483666
compute_pipeline,onnxruntime,single_thread,1,False,706,4434625
compute_pipeline,onnxruntime,single_thread,1,False,707,4395708
compute_pipeline,onnxruntime,single_thread,1,False,708,4681417
compute_pipeline,onnxruntime,single_thread,1,False,709,4409083
compute_pipeline,onnxruntime,single_thread,1,False,710,4422125
compute_pipeline,onnxruntime,single_thread,1,False,711,4864875
compute_pipeline,onnxruntime,single_thread,1,False,712,4486791
compute_pipeline,onnxruntime,single_thread,1,False,713,4440375
compute_pipeline,onnxruntime,single_thread,1,False,714,4432291
compute_pipeline,onnxruntime,single_thread,1,False,715,4779083
compute_pipeline,onnxruntime,single_thread,1,False,716,4484167
compute_pipeline,onnxruntime,single_thread,1,False,717,4397417
compute_pipeline,onnxruntime,single_thread,1,False,718,4595750
compute_pipeline,onnxruntime,single_thread,1,False,719,4587375
compute_pipeline,onnxruntime,single_thread,1,False,720,4427084
compute_pipeline,onnxruntime,single_thread,1,False,721,4409208
compute_pipeline,onnxruntime,single_thread,1,False,722,4540083
compute_pipeline,onnxruntime,single_thread,1,False,723,4626584
compute_pipeline,onnxruntime,single_thread,1,False,724,4487542
compute_pipeline,onnxruntime,single_thread,1,False,725,4431791
compute_pipeline,onnxruntime,single_thread,1,False,726,4808375
compute_pipeline,onnxruntime,single_thread,1,False,727,4464750
compute_pipeline,onnxruntime,single_thread,1,False,728,4556625
compute_pipeline,onnxruntime,single_thread,1,False,729,4569750
compute_pipeline,onnxruntime,single_thread,1,False,730,4605083
compute_pipeline,onnxruntime,single_thread,1,False,731,4376208
compute_pipeline,onnxruntime,single_thread,1,False,732,4417625
compute_pipeline,onnxruntime,single_thread,1,False,733,4520459
compute_pipeline,onnxruntime,single_thread,1,False,734,4654667
compute_pipeline,onnxruntime,single_thread,1,False,735,4466709
compute_pipeline,onnxruntime,single_thread,1,False,736,4447667
compute_pipeline,onnxruntime,single_thread,1,False,737,4635500
compute_pipeline,onnxruntime,single_thread,1,False,738,4417083
compute_pipeline,onnxruntime,single_thread,1,False,739,4418333
compute_pipeline,onnxruntime,single_thread,1,False,740,4376625
compute_pipeline,onnxruntime,single_thread,1,False,741,4718375
compute_pipeline,onnxruntime,single_thread,1,False,742,4500208
compute_pipeline,onnxruntime,single_thread,1,False,743,4423250
compute_pipeline,onnxruntime,single_thread,1,False,744,4433875
compute_pipeline,onnxruntime,single_thread,1,False,745,4656708
compute_pipeline,onnxruntime,single_thread,1,False,746,4447667
compute_pipeline,onnxruntime,single_thread,1,False,747,4452708
compute_pipeline,onnxruntime,single_thread,1,False,748,4646542
compute_pipeline,onnxruntime,single_thread,1,False,749,4576584
compute_pipeline,onnxruntime,single_thread,1,False,750,4518166
compute_pipeline,onnxruntime,single_thread,1,False,751,4405958
compute_pipeline,onnxruntime,single_thread,1,False,752,4719709
compute_pipeline,onnxruntime,single_thread,1,False,753,4468542
compute_pipeline,onnxruntime,single_thread,1,False,754,4488833
compute_pipeline,onnxruntime,single_thread,1,False,755,4441209
compute_pipeline,onnxruntime,single_thread,1,False,756,4763791
compute_pipeline,onnxruntime,single_thread,1,False,757,4451125
compute_pipeline,onnxruntime,single_thread,1,False,758,4453375
compute_pipeline,onnxruntime,single_thread,1,False,759,4637083
compute_pipeline,onnxruntime,single_thread,1,False,760,4529416
compute_pipeline,onnxruntime,single_thread,1,False,761,4430625
compute_pipeline,onnxruntime,single_thread,1,False,762,4413125
compute_pipeline,onnxruntime,single_thread,1,False,763,4672125
compute_pipeline,onnxruntime,single_thread,1,False,764,4458209
compute_pipeline,onnxruntime,single_thread,1,False,765,4436500
compute_pipeline,onnxruntime,single_thread,1,False,766,4540667
compute_pipeline,onnxruntime,single_thread,1,False,767,4672042
compute_pipeline,onnxruntime,single_thread,1,False,768,4382542
compute_pipeline,onnxruntime,single_thread,1,False,769,4438583
compute_pipeline,onnxruntime,single_thread,1,False,770,4621833
compute_pipeline,onnxruntime,single_thread,1,False,771,4480458
compute_pipeline,onnxruntime,single_thread,1,False,772,4420333
compute_pipeline,onnxruntime,single_thread,1,False,773,4541167
compute_pipeline,onnxruntime,single_thread,1,False,774,4883000
compute_pipeline,onnxruntime,single_thread,1,False,775,4615000
compute_pipeline,onnxruntime,single_thread,1,False,776,4480208
compute_pipeline,onnxruntime,single_thread,1,False,777,4416833
compute_pipeline,onnxruntime,single_thread,1,False,778,4713291
compute_pipeline,onnxruntime,single_thread,1,False,779,4431667
compute_pipeline,onnxruntime,single_thread,1,False,780,4416792
compute_pipeline,onnxruntime,single_thread,1,False,781,4648333
compute_pipeline,onnxruntime,single_thread,1,False,782,4568542
compute_pipeline,onnxruntime,single_thread,1,False,783,4451542
compute_pipeline,onnxruntime,single_thread,1,False,784,4426500
compute_pipeline,onnxruntime,single_thread,1,False,785,4651084
compute_pipeline,onnxruntime,single_thread,1,False,786,4486500
compute_pipeline,onnxruntime,single_thread,1,False,787,4417792
compute_pipeline,onnxruntime,single_thread,1,False,788,4410125
compute_pipeline,onnxruntime,single_thread,1,False,789,4732083
compute_pipeline,onnxruntime,single_thread,1,False,790,4397250
compute_pipeline,onnxruntime,single_thread,1,False,791,4459750
compute_pipeline,onnxruntime,single_thread,1,False,792,4628250
compute_pipeline,onnxruntime,single_thread,1,False,793,4753750
compute_pipeline,onnxruntime,single_thread,1,False,794,4560250
compute_pipeline,onnxruntime,single_thread,1,False,795,4599125
compute_pipeline,onnxruntime,single_thread,1,False,796,5019542
compute_pipeline,onnxruntime,single_thread,1,False,797,4631000
compute_pipeline,onnxruntime,single_thread,1,False,798,4762541
compute_pipeline,onnxruntime,single_thread,1,False,799,4587583
compute_pipeline,onnxruntime,single_thread,1,False,800,4833750
compute_pipeline,onnxruntime,single_thread,1,False,801,4487416
compute_pipeline,onnxruntime,single_thread,1,False,802,4444208
compute_pipeline,onnxruntime,single_thread,1,False,803,4768583
compute_pipeline,onnxruntime,single_thread,1,False,804,4509375
compute_pipeline,onnxruntime,single_thread,1,False,805,4477875
compute_pipeline,onnxruntime,single_thread,1,False,806,4472375
compute_pipeline,onnxruntime,single_thread,1,False,807,4760625
compute_pipeline,onnxruntime,single_thread,1,False,808,4512208
compute_pipeline,onnxruntime,single_thread,1,False,809,4498917
compute_pipeline,onnxruntime,single_thread,1,False,810,4564708
compute_pipeline,onnxruntime,single_thread,1,False,811,4640625
compute_pipeline,onnxruntime,single_thread,1,False,812,4512750
compute_pipeline,onnxruntime,single_thread,1,False,813,4488958
compute_pipeline,onnxruntime,single_thread,1,False,814,4894042
compute_pipeline,onnxruntime,single_thread,1,False,815,4482959
compute_pipeline,onnxruntime,single_thread,1,False,816,4414917
compute_pipeline,onnxruntime,single_thread,1,False,817,4435583
compute_pipeline,onnxruntime,single_thread,1,False,818,4716917
compute_pipeline,onnxruntime,single_thread,1,False,819,4463459
compute_pipeline,onnxruntime,single_thread,1,False,820,4431291
compute_pipeline,onnxruntime,single_thread,1,False,821,4652458
compute_pipeline,onnxruntime,single_thread,1,False,822,4502541
compute_pipeline,onnxruntime,single_thread,1,False,823,4469500
compute_pipeline,onnxruntime,single_thread,1,False,824,4412125
compute_pipeline,onnxruntime,single_thread,1,False,825,4795250
compute_pipeline,onnxruntime,single_thread,1,False,826,4445958
compute_pipeline,onnxruntime,single_thread,1,False,827,4454417
compute_pipeline,onnxruntime,single_thread,1,False,828,4420875
compute_pipeline,onnxruntime,single_thread,1,False,829,4589333
compute_pipeline,onnxruntime,single_thread,1,False,830,4457667
compute_pipeline,onnxruntime,single_thread,1,False,831,4410958
compute_pipeline,onnxruntime,single_thread,1,False,832,4417792
compute_pipeline,onnxruntime,single_thread,1,False,833,4956500
compute_pipeline,onnxruntime,single_thread,1,False,834,4461417
compute_pipeline,onnxruntime,single_thread,1,False,835,4430083
compute_pipeline,onnxruntime,single_thread,1,False,836,4836583
compute_pipeline,onnxruntime,single_thread,1,False,837,4554375
compute_pipeline,onnxruntime,single_thread,1,False,838,4435791
compute_pipeline,onnxruntime,single_thread,1,False,839,4399750
compute_pipeline,onnxruntime,single_thread,1,False,840,4538833
compute_pipeline,onnxruntime,single_thread,1,False,841,4421083
compute_pipeline,onnxruntime,single_thread,1,False,842,4396708
compute_pipeline,onnxruntime,single_thread,1,False,843,4412667
compute_pipeline,onnxruntime,single_thread,1,False,844,4971291
compute_pipeline,onnxruntime,single_thread,1,False,845,4483459
compute_pipeline,onnxruntime,single_thread,1,False,846,4436875
compute_pipeline,onnxruntime,single_thread,1,False,847,4729042
compute_pipeline,onnxruntime,single_thread,1,False,848,4526125
compute_pipeline,onnxruntime,single_thread,1,False,849,4443958
compute_pipeline,onnxruntime,single_thread,1,False,850,4403625
compute_pipeline,onnxruntime,single_thread,1,False,851,4755417
compute_pipeline,onnxruntime,single_thread,1,False,852,4468291
compute_pipeline,onnxruntime,single_thread,1,False,853,4432000
compute_pipeline,onnxruntime,single_thread,1,False,854,4750584
compute_pipeline,onnxruntime,single_thread,1,False,855,4602625
compute_pipeline,onnxruntime,single_thread,1,False,856,4439209
compute_pipeline,onnxruntime,single_thread,1,False,857,4401375
compute_pipeline,onnxruntime,single_thread,1,False,858,4726208
compute_pipeline,onnxruntime,single_thread,1,False,859,4869083
compute_pipeline,onnxruntime,single_thread,1,False,860,4460750
compute_pipeline,onnxruntime,single_thread,1,False,861,4459459
compute_pipeline,onnxruntime,single_thread,1,False,862,4517833
compute_pipeline,onnxruntime,single_thread,1,False,863,4407500
compute_pipeline,onnxruntime,single_thread,1,False,864,4391167
compute_pipeline,onnxruntime,single_thread,1,False,865,4755417
compute_pipeline,onnxruntime,single_thread,1,False,866,4460417
compute_pipeline,onnxruntime,single_thread,1,False,867,4395042
compute_pipeline,onnxruntime,single_thread,1,False,868,4397625
compute_pipeline,onnxruntime,single_thread,1,False,869,4826250
compute_pipeline,onnxruntime,single_thread,1,False,870,4591125
compute_pipeline,onnxruntime,single_thread,1,False,871,4453375
compute_pipeline,onnxruntime,single_thread,1,False,872,4406000
compute_pipeline,onnxruntime,single_thread,1,False,873,4746459
compute_pipeline,onnxruntime,single_thread,1,False,874,4454167
compute_pipeline,onnxruntime,single_thread,1,False,875,4402750
compute_pipeline,onnxruntime,single_thread,1,False,876,4433708
compute_pipeline,onnxruntime,single_thread,1,False,877,4747334
compute_pipeline,onnxruntime,single_thread,1,False,878,4457292
compute_pipeline,onnxruntime,single_thread,1,False,879,4475375
compute_pipeline,onnxruntime,single_thread,1,False,880,4572166
compute_pipeline,onnxruntime,single_thread,1,False,881,4462917
compute_pipeline,onnxruntime,single_thread,1,False,882,4447167
compute_pipeline,onnxruntime,single_thread,1,False,883,4400875
compute_pipeline,onnxruntime,single_thread,1,False,884,4846875
compute_pipeline,onnxruntime,single_thread,1,False,885,4472625
compute_pipeline,onnxruntime,single_thread,1,False,886,4425917
compute_pipeline,onnxruntime,single_thread,1,False,887,4390875
compute_pipeline,onnxruntime,single_thread,1,False,888,4713666
compute_pipeline,onnxruntime,single_thread,1,False,889,4466042
compute_pipeline,onnxruntime,single_thread,1,False,890,4424959
compute_pipeline,onnxruntime,single_thread,1,False,891,4667042
compute_pipeline,onnxruntime,single_thread,1,False,892,4545708
compute_pipeline,onnxruntime,single_thread,1,False,893,4437667
compute_pipeline,onnxruntime,single_thread,1,False,894,4416084
compute_pipeline,onnxruntime,single_thread,1,False,895,4658750
compute_pipeline,onnxruntime,single_thread,1,False,896,4458542
compute_pipeline,onnxruntime,single_thread,1,False,897,4447041
compute_pipeline,onnxruntime,single_thread,1,False,898,4406584
compute_pipeline,onnxruntime,single_thread,1,False,899,4643958
compute_pipeline,onnxruntime,single_thread,1,False,900,4510208
compute_pipeline,onnxruntime,single_thread,1,False,901,4447500
compute_pipeline,onnxruntime,single_thread,1,False,902,4481041
compute_pipeline,onnxruntime,single_thread,1,False,903,4452667
compute_pipeline,onnxruntime,single_thread,1,False,904,4360292
compute_pipeline,onnxruntime,single_thread,1,False,905,4392417
compute_pipeline,onnxruntime,single_thread,1,False,906,4646542
compute_pipeline,onnxruntime,single_thread,1,False,907,4425750
compute_pipeline,onnxruntime,single_thread,1,False,908,4392625
compute_pipeline,onnxruntime,single_thread,1,False,909,4385416
compute_pipeline,onnxruntime,single_thread,1,False,910,4691583
compute_pipeline,onnxruntime,single_thread,1,False,911,4411250
compute_pipeline,onnxruntime,single_thread,1,False,912,4241458
compute_pipeline,onnxruntime,single_thread,1,False,913,4190667
compute_pipeline,onnxruntime,single_thread,1,False,914,4541250
compute_pipeline,onnxruntime,single_thread,1,False,915,4394750
compute_pipeline,onnxruntime,single_thread,1,False,916,4396416
compute_pipeline,onnxruntime,single_thread,1,False,917,4222833
compute_pipeline,onnxruntime,single_thread,1,False,918,4376208
compute_pipeline,onnxruntime,single_thread,1,False,919,4197167
compute_pipeline,onnxruntime,single_thread,1,False,920,4187959
compute_pipeline,onnxruntime,single_thread,1,False,921,4349125
compute_pipeline,onnxruntime,single_thread,1,False,922,4380875
compute_pipeline,onnxruntime,single_thread,1,False,923,4217709
compute_pipeline,onnxruntime,single_thread,1,False,924,4206750
compute_pipeline,onnxruntime,single_thread,1,False,925,4500625
compute_pipeline,onnxruntime,single_thread,1,False,926,4499834
compute_pipeline,onnxruntime,single_thread,1,False,927,4426500
compute_pipeline,onnxruntime,single_thread,1,False,928,4294917
compute_pipeline,onnxruntime,single_thread,1,False,929,4450000
compute_pipeline,onnxruntime,single_thread,1,False,930,4237250
compute_pipeline,onnxruntime,single_thread,1,False,931,4204875
compute_pipeline,onnxruntime,single_thread,1,False,932,4173208
compute_pipeline,onnxruntime,single_thread,1,False,933,4458458
compute_pipeline,onnxruntime,single_thread,1,False,934,4284709
compute_pipeline,onnxruntime,single_thread,1,False,935,4292083
compute_pipeline,onnxruntime,single_thread,1,False,936,4188125
compute_pipeline,onnxruntime,single_thread,1,False,937,4397375
compute_pipeline,onnxruntime,single_thread,1,False,938,4237583
compute_pipeline,onnxruntime,single_thread,1,False,939,4212084
compute_pipeline,onnxruntime,single_thread,1,False,940,4201625
compute_pipeline,onnxruntime,single_thread,1,False,941,4433417
compute_pipeline,onnxruntime,single_thread,1,False,942,4250625
compute_pipeline,onnxruntime,single_thread,1,False,943,4388708
compute_pipeline,onnxruntime,single_thread,1,False,944,4431500
compute_pipeline,onnxruntime,single_thread,1,False,945,4569208
compute_pipeline,onnxruntime,single_thread,1,False,946,4221125
compute_pipeline,onnxruntime,single_thread,1,False,947,4213750
compute_pipeline,onnxruntime,single_thread,1,False,948,4326875
compute_pipeline,onnxruntime,single_thread,1,False,949,4346583
compute_pipeline,onnxruntime,single_thread,1,False,950,4233041
compute_pipeline,onnxruntime,single_thread,1,False,951,4216334
compute_pipeline,onnxruntime,single_thread,1,False,952,4493167
compute_pipeline,onnxruntime,single_thread,1,False,953,4261000
compute_pipeline,onnxruntime,single_thread,1,False,954,4323125
compute_pipeline,onnxruntime,single_thread,1,False,955,4205667
compute_pipeline,onnxruntime,single_thread,1,False,956,4444333
compute_pipeline,onnxruntime,single_thread,1,False,957,4239792
compute_pipeline,onnxruntime,single_thread,1,False,958,4200250
compute_pipeline,onnxruntime,single_thread,1,False,959,4208625
compute_pipeline,onnxruntime,single_thread,1,False,960,4461625
compute_pipeline,onnxruntime,single_thread,1,False,961,4276375
compute_pipeline,onnxruntime,single_thread,1,False,962,4256042
compute_pipeline,onnxruntime,single_thread,1,False,963,4194084
compute_pipeline,onnxruntime,single_thread,1,False,964,4403000
compute_pipeline,onnxruntime,single_thread,1,False,965,4312875
compute_pipeline,onnxruntime,single_thread,1,False,966,4422458
compute_pipeline,onnxruntime,single_thread,1,False,967,4332292
compute_pipeline,onnxruntime,single_thread,1,False,968,4255875
compute_pipeline,onnxruntime,single_thread,1,False,969,4294250
compute_pipeline,onnxruntime,single_thread,1,False,970,4413500
compute_pipeline,onnxruntime,single_thread,1,False,971,4617708
compute_pipeline,onnxruntime,single_thread,1,False,972,5026291
compute_pipeline,onnxruntime,single_thread,1,False,973,4703333
compute_pipeline,onnxruntime,single_thread,1,False,974,4715666
compute_pipeline,onnxruntime,single_thread,1,False,975,4841625
compute_pipeline,onnxruntime,single_thread,1,False,976,4694625
compute_pipeline,onnxruntime,single_thread,1,False,977,4616584
compute_pipeline,onnxruntime,single_thread,1,False,978,4608792
compute_pipeline,onnxruntime,single_thread,1,False,979,4712625
compute_pipeline,onnxruntime,single_thread,1,False,980,4477250
compute_pipeline,onnxruntime,single_thread,1,False,981,4462375
compute_pipeline,onnxruntime,single_thread,1,False,982,4758541
compute_pipeline,onnxruntime,single_thread,1,False,983,4630417
compute_pipeline,onnxruntime,single_thread,1,False,984,4462291
compute_pipeline,onnxruntime,single_thread,1,False,985,4498625
compute_pipeline,onnxruntime,single_thread,1,False,986,4626750
compute_pipeline,onnxruntime,single_thread,1,False,987,4555292
compute_pipeline,onnxruntime,single_thread,1,False,988,4550084
compute_pipeline,onnxruntime,single_thread,1,False,989,4539542
compute_pipeline,onnxruntime,single_thread,1,False,990,4790292
compute_pipeline,onnxruntime,single_thread,1,False,991,4488250
compute_pipeline,onnxruntime,single_thread,1,False,992,4469167
compute_pipeline,onnxruntime,single_thread,1,False,993,4745000
compute_pipeline,onnxruntime,single_thread,1,False,994,4595208
compute_pipeline,onnxruntime,single_thread,1,False,995,4493209
compute_pipeline,onnxruntime,single_thread,1,False,996,4423959
compute_pipeline,onnxruntime,single_thread,1,False,997,4792792
compute_pipeline,onnxruntime,single_thread,1,False,998,4455875
compute_pipeline,onnxruntime,single_thread,1,False,999,4426875
full_product_pipeline,pytorch,single_thread,1,True,0,5368500
full_product_pipeline,pytorch,single_thread,1,True,1,5797708
full_product_pipeline,pytorch,single_thread,1,True,2,6515875
full_product_pipeline,pytorch,single_thread,1,True,3,5862917
full_product_pipeline,pytorch,single_thread,1,True,4,6343125
full_product_pipeline,pytorch,single_thread,1,True,5,6005000
full_product_pipeline,pytorch,single_thread,1,True,6,6057958
full_product_pipeline,pytorch,single_thread,1,True,7,6713583
full_product_pipeline,pytorch,single_thread,1,True,8,5544750
full_product_pipeline,pytorch,single_thread,1,True,9,6774083
full_product_pipeline,pytorch,single_thread,1,True,10,6822416
full_product_pipeline,pytorch,single_thread,1,True,11,6556792
full_product_pipeline,pytorch,single_thread,1,True,12,6981542
full_product_pipeline,pytorch,single_thread,1,True,13,6911333
full_product_pipeline,pytorch,single_thread,1,True,14,7226708
full_product_pipeline,pytorch,single_thread,1,True,15,7233125
full_product_pipeline,pytorch,single_thread,1,True,16,5111583
full_product_pipeline,pytorch,single_thread,1,True,17,7834500
full_product_pipeline,pytorch,single_thread,1,True,18,7573250
full_product_pipeline,pytorch,single_thread,1,True,19,7989583
full_product_pipeline,pytorch,single_thread,1,True,20,8830500
full_product_pipeline,pytorch,single_thread,1,True,21,8250250
full_product_pipeline,pytorch,single_thread,1,True,22,7864000
full_product_pipeline,pytorch,single_thread,1,True,23,7966792
full_product_pipeline,pytorch,single_thread,1,True,24,4837084
full_product_pipeline,pytorch,single_thread,1,True,25,8295208
full_product_pipeline,pytorch,single_thread,1,True,26,8429583
full_product_pipeline,pytorch,single_thread,1,True,27,8568000
full_product_pipeline,pytorch,single_thread,1,True,28,8549250
full_product_pipeline,pytorch,single_thread,1,True,29,10888541
full_product_pipeline,pytorch,single_thread,1,True,30,8964625
full_product_pipeline,pytorch,single_thread,1,True,31,9193958
full_product_pipeline,pytorch,single_thread,1,True,32,4942916
full_product_pipeline,pytorch,single_thread,1,True,33,9367334
full_product_pipeline,pytorch,single_thread,1,True,34,9500959
full_product_pipeline,pytorch,single_thread,1,True,35,9726334
full_product_pipeline,pytorch,single_thread,1,True,36,9588084
full_product_pipeline,pytorch,single_thread,1,True,37,5591917
full_product_pipeline,pytorch,single_thread,1,True,38,5073625
full_product_pipeline,pytorch,single_thread,1,True,39,5111542
full_product_pipeline,pytorch,single_thread,1,True,40,5529167
full_product_pipeline,pytorch,single_thread,1,True,41,5250459
full_product_pipeline,pytorch,single_thread,1,True,42,5482292
full_product_pipeline,pytorch,single_thread,1,True,43,5403917
full_product_pipeline,pytorch,single_thread,1,True,44,5119792
full_product_pipeline,pytorch,single_thread,1,True,45,5447083
full_product_pipeline,pytorch,single_thread,1,True,46,5855625
full_product_pipeline,pytorch,single_thread,1,True,47,5739125
full_product_pipeline,pytorch,single_thread,1,True,48,5811583
full_product_pipeline,pytorch,single_thread,1,True,49,6248000
full_product_pipeline,pytorch,single_thread,1,True,50,6216958
full_product_pipeline,pytorch,single_thread,1,True,51,7615167
full_product_pipeline,pytorch,single_thread,1,True,52,7904042
full_product_pipeline,pytorch,single_thread,1,True,53,8247042
full_product_pipeline,pytorch,single_thread,1,True,54,8436875
full_product_pipeline,pytorch,single_thread,1,True,55,7958666
full_product_pipeline,pytorch,single_thread,1,True,56,7825042
full_product_pipeline,pytorch,single_thread,1,True,57,7515917
full_product_pipeline,pytorch,single_thread,1,True,58,6148833
full_product_pipeline,pytorch,single_thread,1,True,59,7268750
full_product_pipeline,pytorch,single_thread,1,True,60,9065542
full_product_pipeline,pytorch,single_thread,1,True,61,8961416
full_product_pipeline,pytorch,single_thread,1,True,62,8665625
full_product_pipeline,pytorch,single_thread,1,True,63,9238792
full_product_pipeline,pytorch,single_thread,1,True,64,10068166
full_product_pipeline,pytorch,single_thread,1,True,65,9444833
full_product_pipeline,pytorch,single_thread,1,True,66,5734625
full_product_pipeline,pytorch,single_thread,1,True,67,9671625
full_product_pipeline,pytorch,single_thread,1,True,68,11572834
full_product_pipeline,pytorch,single_thread,1,True,69,12786625
full_product_pipeline,pytorch,single_thread,1,True,70,10240125
full_product_pipeline,pytorch,single_thread,1,True,71,10444917
full_product_pipeline,pytorch,single_thread,1,True,72,13233333
full_product_pipeline,pytorch,single_thread,1,True,73,10151625
full_product_pipeline,pytorch,single_thread,1,True,74,5666458
full_product_pipeline,pytorch,single_thread,1,True,75,9382334
full_product_pipeline,pytorch,single_thread,1,True,76,12657750
full_product_pipeline,pytorch,single_thread,1,True,77,10884583
full_product_pipeline,pytorch,single_thread,1,True,78,11394375
full_product_pipeline,pytorch,single_thread,1,True,79,10642250
full_product_pipeline,pytorch,single_thread,1,True,80,11678834
full_product_pipeline,pytorch,single_thread,1,True,81,11532083
full_product_pipeline,pytorch,single_thread,1,True,82,7453958
full_product_pipeline,pytorch,single_thread,1,True,83,5784459
full_product_pipeline,pytorch,single_thread,1,True,84,8332584
full_product_pipeline,pytorch,single_thread,1,True,85,6830917
full_product_pipeline,pytorch,single_thread,1,True,86,6535041
full_product_pipeline,pytorch,single_thread,1,True,87,6522333
full_product_pipeline,pytorch,single_thread,1,True,88,6559875
full_product_pipeline,pytorch,single_thread,1,True,89,7541500
full_product_pipeline,pytorch,single_thread,1,True,90,7674916
full_product_pipeline,pytorch,single_thread,1,True,91,6986167
full_product_pipeline,pytorch,single_thread,1,True,92,5466709
full_product_pipeline,pytorch,single_thread,1,True,93,7680250
full_product_pipeline,pytorch,single_thread,1,True,94,5562000
full_product_pipeline,pytorch,single_thread,1,True,95,7329500
full_product_pipeline,pytorch,single_thread,1,True,96,5915958
full_product_pipeline,pytorch,single_thread,1,True,97,6543541
full_product_pipeline,pytorch,single_thread,1,True,98,6804000
full_product_pipeline,pytorch,single_thread,1,True,99,6773625
full_product_pipeline,pytorch,single_thread,1,True,100,6621042
full_product_pipeline,pytorch,single_thread,1,True,101,8135750
full_product_pipeline,pytorch,single_thread,1,True,102,6867750
full_product_pipeline,pytorch,single_thread,1,True,103,5745500
full_product_pipeline,pytorch,single_thread,1,True,104,7124750
full_product_pipeline,pytorch,single_thread,1,True,105,8010750
full_product_pipeline,pytorch,single_thread,1,True,106,8421041
full_product_pipeline,pytorch,single_thread,1,True,107,7917708
full_product_pipeline,pytorch,single_thread,1,True,108,9503459
full_product_pipeline,pytorch,single_thread,1,True,109,8674833
full_product_pipeline,pytorch,single_thread,1,True,110,8862583
full_product_pipeline,pytorch,single_thread,1,True,111,5783458
full_product_pipeline,pytorch,single_thread,1,True,112,9973250
full_product_pipeline,pytorch,single_thread,1,True,113,9300459
full_product_pipeline,pytorch,single_thread,1,True,114,8952500
full_product_pipeline,pytorch,single_thread,1,True,115,9428833
full_product_pipeline,pytorch,single_thread,1,True,116,10478583
full_product_pipeline,pytorch,single_thread,1,True,117,9935709
full_product_pipeline,pytorch,single_thread,1,True,118,10646708
full_product_pipeline,pytorch,single_thread,1,True,119,5806750
full_product_pipeline,pytorch,single_thread,1,True,120,9041458
full_product_pipeline,pytorch,single_thread,1,True,121,10744417
full_product_pipeline,pytorch,single_thread,1,True,122,10095917
full_product_pipeline,pytorch,single_thread,1,True,123,9353291
full_product_pipeline,pytorch,single_thread,1,True,124,10216375
full_product_pipeline,pytorch,single_thread,1,True,125,12070500
full_product_pipeline,pytorch,single_thread,1,True,126,9837584
full_product_pipeline,pytorch,single_thread,1,True,127,8375542
full_product_pipeline,pytorch,single_thread,1,True,128,9657583
full_product_pipeline,pytorch,single_thread,1,True,129,14792584
full_product_pipeline,pytorch,single_thread,1,True,130,11512917
full_product_pipeline,pytorch,single_thread,1,True,131,11315584
full_product_pipeline,pytorch,single_thread,1,True,132,11559833
full_product_pipeline,pytorch,single_thread,1,True,133,11968083
full_product_pipeline,pytorch,single_thread,1,True,134,11384292
full_product_pipeline,pytorch,single_thread,1,True,135,5422125
full_product_pipeline,pytorch,single_thread,1,True,136,5350000
full_product_pipeline,pytorch,single_thread,1,True,137,8427500
full_product_pipeline,pytorch,single_thread,1,True,138,5272708
full_product_pipeline,pytorch,single_thread,1,True,139,5350208
full_product_pipeline,pytorch,single_thread,1,True,140,5541375
full_product_pipeline,pytorch,single_thread,1,True,141,5543458
full_product_pipeline,pytorch,single_thread,1,True,142,5619334
full_product_pipeline,pytorch,single_thread,1,True,143,5048666
full_product_pipeline,pytorch,single_thread,1,True,144,6045125
full_product_pipeline,pytorch,single_thread,1,True,145,6337416
full_product_pipeline,pytorch,single_thread,1,True,146,7003917
full_product_pipeline,pytorch,single_thread,1,True,147,6652417
full_product_pipeline,pytorch,single_thread,1,True,148,6719959
full_product_pipeline,pytorch,single_thread,1,True,149,6703167
full_product_pipeline,pytorch,single_thread,1,True,150,7817458
full_product_pipeline,pytorch,single_thread,1,True,151,5166167
full_product_pipeline,pytorch,single_thread,1,True,152,7026875
full_product_pipeline,pytorch,single_thread,1,True,153,7524625
full_product_pipeline,pytorch,single_thread,1,True,154,7273583
full_product_pipeline,pytorch,single_thread,1,True,155,11338667
full_product_pipeline,pytorch,single_thread,1,True,156,7555792
full_product_pipeline,pytorch,single_thread,1,True,157,8247250
full_product_pipeline,pytorch,single_thread,1,True,158,7879625
full_product_pipeline,pytorch,single_thread,1,True,159,5311000
full_product_pipeline,pytorch,single_thread,1,True,160,8544625
full_product_pipeline,pytorch,single_thread,1,True,161,8496084
full_product_pipeline,pytorch,single_thread,1,True,162,15088917
full_product_pipeline,pytorch,single_thread,1,True,163,8645083
full_product_pipeline,pytorch,single_thread,1,True,164,8756875
full_product_pipeline,pytorch,single_thread,1,True,165,8832541
full_product_pipeline,pytorch,single_thread,1,True,166,9409167
full_product_pipeline,pytorch,single_thread,1,True,167,4979000
full_product_pipeline,pytorch,single_thread,1,True,168,15364166
full_product_pipeline,pytorch,single_thread,1,True,169,9282500
full_product_pipeline,pytorch,single_thread,1,True,170,9631042
full_product_pipeline,pytorch,single_thread,1,True,171,9744083
full_product_pipeline,pytorch,single_thread,1,True,172,5288125
full_product_pipeline,pytorch,single_thread,1,True,173,4985583
full_product_pipeline,pytorch,single_thread,1,True,174,5305250
full_product_pipeline,pytorch,single_thread,1,True,175,5284417
full_product_pipeline,pytorch,single_thread,1,True,176,5099459
full_product_pipeline,pytorch,single_thread,1,True,177,5154417
full_product_pipeline,pytorch,single_thread,1,True,178,5385834
full_product_pipeline,pytorch,single_thread,1,True,179,5131834
full_product_pipeline,pytorch,single_thread,1,True,180,5264791
full_product_pipeline,pytorch,single_thread,1,True,181,5529583
full_product_pipeline,pytorch,single_thread,1,True,182,5433667
full_product_pipeline,pytorch,single_thread,1,True,183,5506542
full_product_pipeline,pytorch,single_thread,1,True,184,5938750
full_product_pipeline,pytorch,single_thread,1,True,185,4785250
full_product_pipeline,pytorch,single_thread,1,True,186,10701875
full_product_pipeline,pytorch,single_thread,1,True,187,6367500
full_product_pipeline,pytorch,single_thread,1,True,188,6288125
full_product_pipeline,pytorch,single_thread,1,True,189,6634292
full_product_pipeline,pytorch,single_thread,1,True,190,6492791
full_product_pipeline,pytorch,single_thread,1,True,191,6992959
full_product_pipeline,pytorch,single_thread,1,True,192,6822333
full_product_pipeline,pytorch,single_thread,1,True,193,4852625
full_product_pipeline,pytorch,single_thread,1,True,194,7323750
full_product_pipeline,pytorch,single_thread,1,True,195,7171250
full_product_pipeline,pytorch,single_thread,1,True,196,7656583
full_product_pipeline,pytorch,single_thread,1,True,197,7546959
full_product_pipeline,pytorch,single_thread,1,True,198,7865000
full_product_pipeline,pytorch,single_thread,1,True,199,10618916
full_product_pipeline,pytorch,single_thread,1,True,200,8435708
full_product_pipeline,pytorch,single_thread,1,True,201,4947625
full_product_pipeline,pytorch,single_thread,1,True,202,8457708
full_product_pipeline,pytorch,single_thread,1,True,203,8500917
full_product_pipeline,pytorch,single_thread,1,True,204,8639166
full_product_pipeline,pytorch,single_thread,1,True,205,8623167
full_product_pipeline,pytorch,single_thread,1,True,206,9059000
full_product_pipeline,pytorch,single_thread,1,True,207,8776875
full_product_pipeline,pytorch,single_thread,1,True,208,9216042
full_product_pipeline,pytorch,single_thread,1,True,209,4940417
full_product_pipeline,pytorch,single_thread,1,True,210,9580500
full_product_pipeline,pytorch,single_thread,1,True,211,9503292
full_product_pipeline,pytorch,single_thread,1,True,212,12730084
full_product_pipeline,pytorch,single_thread,1,True,213,10027250
full_product_pipeline,pytorch,single_thread,1,True,214,9860708
full_product_pipeline,pytorch,single_thread,1,True,215,10146416
full_product_pipeline,pytorch,single_thread,1,True,216,10557375
full_product_pipeline,pytorch,single_thread,1,True,217,6153167
full_product_pipeline,pytorch,single_thread,1,True,218,5242417
full_product_pipeline,pytorch,single_thread,1,True,219,5380250
full_product_pipeline,pytorch,single_thread,1,True,220,5480083
full_product_pipeline,pytorch,single_thread,1,True,221,5339291
full_product_pipeline,pytorch,single_thread,1,True,222,5330500
full_product_pipeline,pytorch,single_thread,1,True,223,5697083
full_product_pipeline,pytorch,single_thread,1,True,224,5579208
full_product_pipeline,pytorch,single_thread,1,True,225,5664041
full_product_pipeline,pytorch,single_thread,1,True,226,6060333
full_product_pipeline,pytorch,single_thread,1,True,227,4955291
full_product_pipeline,pytorch,single_thread,1,True,228,5288625
full_product_pipeline,pytorch,single_thread,1,True,229,5278041
full_product_pipeline,pytorch,single_thread,1,True,230,5430667
full_product_pipeline,pytorch,single_thread,1,True,231,5074625
full_product_pipeline,pytorch,single_thread,1,True,232,5436167
full_product_pipeline,pytorch,single_thread,1,True,233,5340500
full_product_pipeline,pytorch,single_thread,1,True,234,5338084
full_product_pipeline,pytorch,single_thread,1,True,235,5751125
full_product_pipeline,pytorch,single_thread,1,True,236,5791666
full_product_pipeline,pytorch,single_thread,1,True,237,5714250
full_product_pipeline,pytorch,single_thread,1,True,238,5064875
full_product_pipeline,pytorch,single_thread,1,True,239,6277958
full_product_pipeline,pytorch,single_thread,1,True,240,6185959
full_product_pipeline,pytorch,single_thread,1,True,241,6522416
full_product_pipeline,pytorch,single_thread,1,True,242,6402250
full_product_pipeline,pytorch,single_thread,1,True,243,6722583
full_product_pipeline,pytorch,single_thread,1,True,244,6755167
full_product_pipeline,pytorch,single_thread,1,True,245,6798291
full_product_pipeline,pytorch,single_thread,1,True,246,5224167
full_product_pipeline,pytorch,single_thread,1,True,247,7151834
full_product_pipeline,pytorch,single_thread,1,True,248,7981000
full_product_pipeline,pytorch,single_thread,1,True,249,7471541
full_product_pipeline,pytorch,single_thread,1,True,250,7437667
full_product_pipeline,pytorch,single_thread,1,True,251,7961875
full_product_pipeline,pytorch,single_thread,1,True,252,7807125
full_product_pipeline,pytorch,single_thread,1,True,253,8182875
full_product_pipeline,pytorch,single_thread,1,True,254,4905958
full_product_pipeline,pytorch,single_thread,1,True,255,8548917
full_product_pipeline,pytorch,single_thread,1,True,256,8316209
full_product_pipeline,pytorch,single_thread,1,True,257,8656083
full_product_pipeline,pytorch,single_thread,1,True,258,8674875
full_product_pipeline,pytorch,single_thread,1,True,259,8966000
full_product_pipeline,pytorch,single_thread,1,True,260,9288458
full_product_pipeline,pytorch,single_thread,1,True,261,9360917
full_product_pipeline,pytorch,single_thread,1,True,262,4935708
full_product_pipeline,pytorch,single_thread,1,True,263,10118833
full_product_pipeline,pytorch,single_thread,1,True,264,9500583
full_product_pipeline,pytorch,single_thread,1,True,265,10090959
full_product_pipeline,pytorch,single_thread,1,True,266,13176958
full_product_pipeline,pytorch,single_thread,1,True,267,9963750
full_product_pipeline,pytorch,single_thread,1,True,268,10569709
full_product_pipeline,pytorch,single_thread,1,True,269,10677750
full_product_pipeline,pytorch,single_thread,1,True,270,5385667
full_product_pipeline,pytorch,single_thread,1,True,271,5039625
full_product_pipeline,pytorch,single_thread,1,True,272,5360792
full_product_pipeline,pytorch,single_thread,1,True,273,5296666
full_product_pipeline,pytorch,single_thread,1,True,274,5464000
full_product_pipeline,pytorch,single_thread,1,True,275,5961792
full_product_pipeline,pytorch,single_thread,1,True,276,5947375
full_product_pipeline,pytorch,single_thread,1,True,277,5947708
full_product_pipeline,pytorch,single_thread,1,True,278,5158209
full_product_pipeline,pytorch,single_thread,1,True,279,5972334
full_product_pipeline,pytorch,single_thread,1,True,280,6236792
full_product_pipeline,pytorch,single_thread,1,True,281,8457709
full_product_pipeline,pytorch,single_thread,1,True,282,6395333
full_product_pipeline,pytorch,single_thread,1,True,283,6767875
full_product_pipeline,pytorch,single_thread,1,True,284,6949083
full_product_pipeline,pytorch,single_thread,1,True,285,6942041
full_product_pipeline,pytorch,single_thread,1,True,286,5096584
full_product_pipeline,pytorch,single_thread,1,True,287,7058042
full_product_pipeline,pytorch,single_thread,1,True,288,7677709
full_product_pipeline,pytorch,single_thread,1,True,289,7481417
full_product_pipeline,pytorch,single_thread,1,True,290,7601084
full_product_pipeline,pytorch,single_thread,1,True,291,7587416
full_product_pipeline,pytorch,single_thread,1,True,292,7639500
full_product_pipeline,pytorch,single_thread,1,True,293,8068500
full_product_pipeline,pytorch,single_thread,1,True,294,6585291
full_product_pipeline,pytorch,single_thread,1,True,295,8320459
full_product_pipeline,pytorch,single_thread,1,True,296,8361708
full_product_pipeline,pytorch,single_thread,1,True,297,8602708
full_product_pipeline,pytorch,single_thread,1,True,298,8426250
full_product_pipeline,pytorch,single_thread,1,True,299,8866084
full_product_pipeline,pytorch,single_thread,1,True,300,8744208
full_product_pipeline,pytorch,single_thread,1,True,301,8987208
full_product_pipeline,pytorch,single_thread,1,True,302,4879167
full_product_pipeline,pytorch,single_thread,1,True,303,9624292
full_product_pipeline,pytorch,single_thread,1,True,304,9260916
full_product_pipeline,pytorch,single_thread,1,True,305,9697834
full_product_pipeline,pytorch,single_thread,1,True,306,9977750
full_product_pipeline,pytorch,single_thread,1,True,307,5296083
full_product_pipeline,pytorch,single_thread,1,True,308,5017417
full_product_pipeline,pytorch,single_thread,1,True,309,5346916
full_product_pipeline,pytorch,single_thread,1,True,310,5410167
full_product_pipeline,pytorch,single_thread,1,True,311,4975708
full_product_pipeline,pytorch,single_thread,1,True,312,5384750
full_product_pipeline,pytorch,single_thread,1,True,313,5122708
full_product_pipeline,pytorch,single_thread,1,True,314,5079250
full_product_pipeline,pytorch,single_thread,1,True,315,5198833
full_product_pipeline,pytorch,single_thread,1,True,316,5416292
full_product_pipeline,pytorch,single_thread,1,True,317,5424500
full_product_pipeline,pytorch,single_thread,1,True,318,5542833
full_product_pipeline,pytorch,single_thread,1,True,319,5933083
full_product_pipeline,pytorch,single_thread,1,True,320,4810500
full_product_pipeline,pytorch,single_thread,1,True,321,5984083
full_product_pipeline,pytorch,single_thread,1,True,322,6477292
full_product_pipeline,pytorch,single_thread,1,True,323,6270750
full_product_pipeline,pytorch,single_thread,1,True,324,6598292
full_product_pipeline,pytorch,single_thread,1,True,325,6585541
full_product_pipeline,pytorch,single_thread,1,True,326,6627916
full_product_pipeline,pytorch,single_thread,1,True,327,7039417
full_product_pipeline,pytorch,single_thread,1,True,328,4896666
full_product_pipeline,pytorch,single_thread,1,True,329,7246458
full_product_pipeline,pytorch,single_thread,1,True,330,7243334
full_product_pipeline,pytorch,single_thread,1,True,331,7333833
full_product_pipeline,pytorch,single_thread,1,True,332,7794000
full_product_pipeline,pytorch,single_thread,1,True,333,7605000
full_product_pipeline,pytorch,single_thread,1,True,334,7821209
full_product_pipeline,pytorch,single_thread,1,True,335,7774750
full_product_pipeline,pytorch,single_thread,1,True,336,5104209
full_product_pipeline,pytorch,single_thread,1,True,337,8085125
full_product_pipeline,pytorch,single_thread,1,True,338,8479167
full_product_pipeline,pytorch,single_thread,1,True,339,8886833
full_product_pipeline,pytorch,single_thread,1,True,340,9629500
full_product_pipeline,pytorch,single_thread,1,True,341,9209875
full_product_pipeline,pytorch,single_thread,1,True,342,9865458
full_product_pipeline,pytorch,single_thread,1,True,343,9669125
full_product_pipeline,pytorch,single_thread,1,True,344,5484042
full_product_pipeline,pytorch,single_thread,1,True,345,9943917
full_product_pipeline,pytorch,single_thread,1,True,346,10170500
full_product_pipeline,pytorch,single_thread,1,True,347,10221208
full_product_pipeline,pytorch,single_thread,1,True,348,10342042
full_product_pipeline,pytorch,single_thread,1,True,349,10133292
full_product_pipeline,pytorch,single_thread,1,True,350,9976500
full_product_pipeline,pytorch,single_thread,1,True,351,10265084
full_product_pipeline,pytorch,single_thread,1,True,352,5323958
full_product_pipeline,pytorch,single_thread,1,True,353,5274833
full_product_pipeline,pytorch,single_thread,1,True,354,5244459
full_product_pipeline,pytorch,single_thread,1,True,355,4992125
full_product_pipeline,pytorch,single_thread,1,True,356,5353875
full_product_pipeline,pytorch,single_thread,1,True,357,5314583
full_product_pipeline,pytorch,single_thread,1,True,358,5294959
full_product_pipeline,pytorch,single_thread,1,True,359,5692083
full_product_pipeline,pytorch,single_thread,1,True,360,5720209
full_product_pipeline,pytorch,single_thread,1,True,361,6651292
full_product_pipeline,pytorch,single_thread,1,True,362,4987875
full_product_pipeline,pytorch,single_thread,1,True,363,5243125
full_product_pipeline,pytorch,single_thread,1,True,364,4949250
full_product_pipeline,pytorch,single_thread,1,True,365,5388459
full_product_pipeline,pytorch,single_thread,1,True,366,4966208
full_product_pipeline,pytorch,single_thread,1,True,367,5050958
full_product_pipeline,pytorch,single_thread,1,True,368,5172834
full_product_pipeline,pytorch,single_thread,1,True,369,5501000
full_product_pipeline,pytorch,single_thread,1,True,370,5542917
full_product_pipeline,pytorch,single_thread,1,True,371,5664000
full_product_pipeline,pytorch,single_thread,1,True,372,6250750
full_product_pipeline,pytorch,single_thread,1,True,373,4973042
full_product_pipeline,pytorch,single_thread,1,True,374,9378625
full_product_pipeline,pytorch,single_thread,1,True,375,6126625
full_product_pipeline,pytorch,single_thread,1,True,376,6190625
full_product_pipeline,pytorch,single_thread,1,True,377,6747833
full_product_pipeline,pytorch,single_thread,1,True,378,6560917
full_product_pipeline,pytorch,single_thread,1,True,379,6838834
full_product_pipeline,pytorch,single_thread,1,True,380,7036291
full_product_pipeline,pytorch,single_thread,1,True,381,4922292
full_product_pipeline,pytorch,single_thread,1,True,382,7491041
full_product_pipeline,pytorch,single_thread,1,True,383,7624041
full_product_pipeline,pytorch,single_thread,1,True,384,7752625
full_product_pipeline,pytorch,single_thread,1,True,385,7590000
full_product_pipeline,pytorch,single_thread,1,True,386,8423375
full_product_pipeline,pytorch,single_thread,1,True,387,7956000
full_product_pipeline,pytorch,single_thread,1,True,388,8624542
full_product_pipeline,pytorch,single_thread,1,True,389,5211667
full_product_pipeline,pytorch,single_thread,1,True,390,8769542
full_product_pipeline,pytorch,single_thread,1,True,391,8565667
full_product_pipeline,pytorch,single_thread,1,True,392,8466208
full_product_pipeline,pytorch,single_thread,1,True,393,9113917
full_product_pipeline,pytorch,single_thread,1,True,394,9398833
full_product_pipeline,pytorch,single_thread,1,True,395,11038125
full_product_pipeline,pytorch,single_thread,1,True,396,9379709
full_product_pipeline,pytorch,single_thread,1,True,397,4981750
full_product_pipeline,pytorch,single_thread,1,True,398,9561417
full_product_pipeline,pytorch,single_thread,1,True,399,9845125
full_product_pipeline,pytorch,single_thread,1,True,400,9930333
full_product_pipeline,pytorch,single_thread,1,True,401,10203583
full_product_pipeline,pytorch,single_thread,1,True,402,10243708
full_product_pipeline,pytorch,single_thread,1,True,403,10441292
full_product_pipeline,pytorch,single_thread,1,True,404,10610792
full_product_pipeline,pytorch,single_thread,1,True,405,5524417
full_product_pipeline,pytorch,single_thread,1,True,406,5021833
full_product_pipeline,pytorch,single_thread,1,True,407,5085584
full_product_pipeline,pytorch,single_thread,1,True,408,5350709
full_product_pipeline,pytorch,single_thread,1,True,409,5326292
full_product_pipeline,pytorch,single_thread,1,True,410,5456917
full_product_pipeline,pytorch,single_thread,1,True,411,5793833
full_product_pipeline,pytorch,single_thread,1,True,412,5716542
full_product_pipeline,pytorch,single_thread,1,True,413,4875791
full_product_pipeline,pytorch,single_thread,1,True,414,7505542
full_product_pipeline,pytorch,single_thread,1,True,415,6127000
full_product_pipeline,pytorch,single_thread,1,True,416,6472875
full_product_pipeline,pytorch,single_thread,1,True,417,6408375
full_product_pipeline,pytorch,single_thread,1,True,418,6473083
full_product_pipeline,pytorch,single_thread,1,True,419,6831834
full_product_pipeline,pytorch,single_thread,1,True,420,6793792
full_product_pipeline,pytorch,single_thread,1,True,421,4865042
full_product_pipeline,pytorch,single_thread,1,True,422,7313208
full_product_pipeline,pytorch,single_thread,1,True,423,7144000
full_product_pipeline,pytorch,single_thread,1,True,424,7519125
full_product_pipeline,pytorch,single_thread,1,True,425,7426583
full_product_pipeline,pytorch,single_thread,1,True,426,7776875
full_product_pipeline,pytorch,single_thread,1,True,427,7645750
full_product_pipeline,pytorch,single_thread,1,True,428,8110708
full_product_pipeline,pytorch,single_thread,1,True,429,5322583
full_product_pipeline,pytorch,single_thread,1,True,430,8086667
full_product_pipeline,pytorch,single_thread,1,True,431,8231875
full_product_pipeline,pytorch,single_thread,1,True,432,8252542
full_product_pipeline,pytorch,single_thread,1,True,433,8782209
full_product_pipeline,pytorch,single_thread,1,True,434,8553667
full_product_pipeline,pytorch,single_thread,1,True,435,9144458
full_product_pipeline,pytorch,single_thread,1,True,436,8889292
full_product_pipeline,pytorch,single_thread,1,True,437,5093583
full_product_pipeline,pytorch,single_thread,1,True,438,9082500
full_product_pipeline,pytorch,single_thread,1,True,439,9436584
full_product_pipeline,pytorch,single_thread,1,True,440,9502958
full_product_pipeline,pytorch,single_thread,1,True,441,11559667
full_product_pipeline,pytorch,single_thread,1,True,442,5487708
full_product_pipeline,pytorch,single_thread,1,True,443,5267334
full_product_pipeline,pytorch,single_thread,1,True,444,5115041
full_product_pipeline,pytorch,single_thread,1,True,445,5172250
full_product_pipeline,pytorch,single_thread,1,True,446,5252292
full_product_pipeline,pytorch,single_thread,1,True,447,5222416
full_product_pipeline,pytorch,single_thread,1,True,448,5017667
full_product_pipeline,pytorch,single_thread,1,True,449,5323375
full_product_pipeline,pytorch,single_thread,1,True,450,5249166
full_product_pipeline,pytorch,single_thread,1,True,451,5447416
full_product_pipeline,pytorch,single_thread,1,True,452,5778500
full_product_pipeline,pytorch,single_thread,1,True,453,5617208
full_product_pipeline,pytorch,single_thread,1,True,454,5750917
full_product_pipeline,pytorch,single_thread,1,True,455,5040750
full_product_pipeline,pytorch,single_thread,1,True,456,6015375
full_product_pipeline,pytorch,single_thread,1,True,457,6096583
full_product_pipeline,pytorch,single_thread,1,True,458,6464125
full_product_pipeline,pytorch,single_thread,1,True,459,6374125
full_product_pipeline,pytorch,single_thread,1,True,460,6495792
full_product_pipeline,pytorch,single_thread,1,True,461,6941625
full_product_pipeline,pytorch,single_thread,1,True,462,6798917
full_product_pipeline,pytorch,single_thread,1,True,463,5184917
full_product_pipeline,pytorch,single_thread,1,True,464,7098833
full_product_pipeline,pytorch,single_thread,1,True,465,7221750
full_product_pipeline,pytorch,single_thread,1,True,466,10419250
full_product_pipeline,pytorch,single_thread,1,True,467,8215542
full_product_pipeline,pytorch,single_thread,1,True,468,8043500
full_product_pipeline,pytorch,single_thread,1,True,469,8268666
full_product_pipeline,pytorch,single_thread,1,True,470,8237792
full_product_pipeline,pytorch,single_thread,1,True,471,5119125
full_product_pipeline,pytorch,single_thread,1,True,472,9163917
full_product_pipeline,pytorch,single_thread,1,True,473,9988541
full_product_pipeline,pytorch,single_thread,1,True,474,9002125
full_product_pipeline,pytorch,single_thread,1,True,475,9388208
full_product_pipeline,pytorch,single_thread,1,True,476,9206125
full_product_pipeline,pytorch,single_thread,1,True,477,9241625
full_product_pipeline,pytorch,single_thread,1,True,478,9089417
full_product_pipeline,pytorch,single_thread,1,True,479,5066417
full_product_pipeline,pytorch,single_thread,1,True,480,9315917
full_product_pipeline,pytorch,single_thread,1,True,481,9711333
full_product_pipeline,pytorch,single_thread,1,True,482,13542541
full_product_pipeline,pytorch,single_thread,1,True,483,9686375
full_product_pipeline,pytorch,single_thread,1,True,484,10016416
full_product_pipeline,pytorch,single_thread,1,True,485,9972584
full_product_pipeline,pytorch,single_thread,1,True,486,10325125
full_product_pipeline,pytorch,single_thread,1,True,487,5308125
full_product_pipeline,pytorch,single_thread,1,True,488,5317459
full_product_pipeline,pytorch,single_thread,1,True,489,5252083
full_product_pipeline,pytorch,single_thread,1,True,490,5023250
full_product_pipeline,pytorch,single_thread,1,True,491,5260334
full_product_pipeline,pytorch,single_thread,1,True,492,5231542
full_product_pipeline,pytorch,single_thread,1,True,493,5308916
full_product_pipeline,pytorch,single_thread,1,True,494,5419792
full_product_pipeline,pytorch,single_thread,1,True,495,5860250
full_product_pipeline,pytorch,single_thread,1,True,496,5794667
full_product_pipeline,pytorch,single_thread,1,True,497,5008000
full_product_pipeline,pytorch,single_thread,1,True,498,5541542
full_product_pipeline,pytorch,single_thread,1,True,499,5689417
full_product_pipeline,pytorch,single_thread,1,True,500,5357958
full_product_pipeline,pytorch,single_thread,1,True,501,5384542
full_product_pipeline,pytorch,single_thread,1,True,502,5109167
full_product_pipeline,pytorch,single_thread,1,True,503,5361125
full_product_pipeline,pytorch,single_thread,1,True,504,5806583
full_product_pipeline,pytorch,single_thread,1,True,505,5718292
full_product_pipeline,pytorch,single_thread,1,True,506,5801500
full_product_pipeline,pytorch,single_thread,1,True,507,6114958
full_product_pipeline,pytorch,single_thread,1,True,508,5036833
full_product_pipeline,pytorch,single_thread,1,True,509,6240542
full_product_pipeline,pytorch,single_thread,1,True,510,6351542
full_product_pipeline,pytorch,single_thread,1,True,511,6355291
full_product_pipeline,pytorch,single_thread,1,True,512,6868125
full_product_pipeline,pytorch,single_thread,1,True,513,6961833
full_product_pipeline,pytorch,single_thread,1,True,514,7208500
full_product_pipeline,pytorch,single_thread,1,True,515,7008708
full_product_pipeline,pytorch,single_thread,1,True,516,4853750
full_product_pipeline,pytorch,single_thread,1,True,517,7212709
full_product_pipeline,pytorch,single_thread,1,True,518,10019708
full_product_pipeline,pytorch,single_thread,1,True,519,7469833
full_product_pipeline,pytorch,single_thread,1,True,520,7561875
full_product_pipeline,pytorch,single_thread,1,True,521,7843667
full_product_pipeline,pytorch,single_thread,1,True,522,7772209
full_product_pipeline,pytorch,single_thread,1,True,523,8199750
full_product_pipeline,pytorch,single_thread,1,True,524,5181542
full_product_pipeline,pytorch,single_thread,1,True,525,8219958
full_product_pipeline,pytorch,single_thread,1,True,526,8878875
full_product_pipeline,pytorch,single_thread,1,True,527,11679375
full_product_pipeline,pytorch,single_thread,1,True,528,8676333
full_product_pipeline,pytorch,single_thread,1,True,529,8947459
full_product_pipeline,pytorch,single_thread,1,True,530,8875541
full_product_pipeline,pytorch,single_thread,1,True,531,9313500
full_product_pipeline,pytorch,single_thread,1,True,532,4887583
full_product_pipeline,pytorch,single_thread,1,True,533,9662292
full_product_pipeline,pytorch,single_thread,1,True,534,11088666
full_product_pipeline,pytorch,single_thread,1,True,535,10283917
full_product_pipeline,pytorch,single_thread,1,True,536,10123416
full_product_pipeline,pytorch,single_thread,1,True,537,10087959
full_product_pipeline,pytorch,single_thread,1,True,538,10332500
full_product_pipeline,pytorch,single_thread,1,True,539,10272917
full_product_pipeline,pytorch,single_thread,1,True,540,5538959
full_product_pipeline,pytorch,single_thread,1,True,541,5028750
full_product_pipeline,pytorch,single_thread,1,True,542,5068917
full_product_pipeline,pytorch,single_thread,1,True,543,5487917
full_product_pipeline,pytorch,single_thread,1,True,544,5387708
full_product_pipeline,pytorch,single_thread,1,True,545,5444667
full_product_pipeline,pytorch,single_thread,1,True,546,5625750
full_product_pipeline,pytorch,single_thread,1,True,547,5737083
full_product_pipeline,pytorch,single_thread,1,True,548,4837375
full_product_pipeline,pytorch,single_thread,1,True,549,6219333
full_product_pipeline,pytorch,single_thread,1,True,550,6120250
full_product_pipeline,pytorch,single_thread,1,True,551,6275500
full_product_pipeline,pytorch,single_thread,1,True,552,6485625
full_product_pipeline,pytorch,single_thread,1,True,553,6375334
full_product_pipeline,pytorch,single_thread,1,True,554,6833459
full_product_pipeline,pytorch,single_thread,1,True,555,7218708
full_product_pipeline,pytorch,single_thread,1,True,556,5301875
full_product_pipeline,pytorch,single_thread,1,True,557,7866625
full_product_pipeline,pytorch,single_thread,1,True,558,7782083
full_product_pipeline,pytorch,single_thread,1,True,559,8051250
full_product_pipeline,pytorch,single_thread,1,True,560,7998125
full_product_pipeline,pytorch,single_thread,1,True,561,8363292
full_product_pipeline,pytorch,single_thread,1,True,562,8304125
full_product_pipeline,pytorch,single_thread,1,True,563,8333417
full_product_pipeline,pytorch,single_thread,1,True,564,5155250
full_product_pipeline,pytorch,single_thread,1,True,565,8648583
full_product_pipeline,pytorch,single_thread,1,True,566,8736000
full_product_pipeline,pytorch,single_thread,1,True,567,9043958
full_product_pipeline,pytorch,single_thread,1,True,568,8754875
full_product_pipeline,pytorch,single_thread,1,True,569,9149000
full_product_pipeline,pytorch,single_thread,1,True,570,8781333
full_product_pipeline,pytorch,single_thread,1,True,571,9176583
full_product_pipeline,pytorch,single_thread,1,True,572,4934000
full_product_pipeline,pytorch,single_thread,1,True,573,9330500
full_product_pipeline,pytorch,single_thread,1,True,574,9282000
full_product_pipeline,pytorch,single_thread,1,True,575,9472583
full_product_pipeline,pytorch,single_thread,1,True,576,9492709
full_product_pipeline,pytorch,single_thread,1,True,577,5455417
full_product_pipeline,pytorch,single_thread,1,True,578,5053833
full_product_pipeline,pytorch,single_thread,1,True,579,5105834
full_product_pipeline,pytorch,single_thread,1,True,580,5445542
full_product_pipeline,pytorch,single_thread,1,True,581,5082209
full_product_pipeline,pytorch,single_thread,1,True,582,5227041
full_product_pipeline,pytorch,single_thread,1,True,583,5122375
full_product_pipeline,pytorch,single_thread,1,True,584,5221625
full_product_pipeline,pytorch,single_thread,1,True,585,5269459
full_product_pipeline,pytorch,single_thread,1,True,586,5317209
full_product_pipeline,pytorch,single_thread,1,True,587,5738959
full_product_pipeline,pytorch,single_thread,1,True,588,5559292
full_product_pipeline,pytorch,single_thread,1,True,589,5732709
full_product_pipeline,pytorch,single_thread,1,True,590,5042166
full_product_pipeline,pytorch,single_thread,1,True,591,5983916
full_product_pipeline,pytorch,single_thread,1,True,592,7995666
full_product_pipeline,pytorch,single_thread,1,True,593,6695292
full_product_pipeline,pytorch,single_thread,1,True,594,6419041
full_product_pipeline,pytorch,single_thread,1,True,595,6893334
full_product_pipeline,pytorch,single_thread,1,True,596,7031375
full_product_pipeline,pytorch,single_thread,1,True,597,7320958
full_product_pipeline,pytorch,single_thread,1,True,598,4879500
full_product_pipeline,pytorch,single_thread,1,True,599,7283625
full_product_pipeline,pytorch,single_thread,1,True,600,8008584
full_product_pipeline,pytorch,single_thread,1,True,601,7366750
full_product_pipeline,pytorch,single_thread,1,True,602,7905333
full_product_pipeline,pytorch,single_thread,1,True,603,7959291
full_product_pipeline,pytorch,single_thread,1,True,604,8255708
full_product_pipeline,pytorch,single_thread,1,True,605,11408542
full_product_pipeline,pytorch,single_thread,1,True,606,5214375
full_product_pipeline,pytorch,single_thread,1,True,607,8252750
full_product_pipeline,pytorch,single_thread,1,True,608,8659417
full_product_pipeline,pytorch,single_thread,1,True,609,8451917
full_product_pipeline,pytorch,single_thread,1,True,610,9298583
full_product_pipeline,pytorch,single_thread,1,True,611,11225958
full_product_pipeline,pytorch,single_thread,1,True,612,9014708
full_product_pipeline,pytorch,single_thread,1,True,613,9226375
full_product_pipeline,pytorch,single_thread,1,True,614,4950458
full_product_pipeline,pytorch,single_thread,1,True,615,9975708
full_product_pipeline,pytorch,single_thread,1,True,616,15407792
full_product_pipeline,pytorch,single_thread,1,True,617,10652167
full_product_pipeline,pytorch,single_thread,1,True,618,10159333
full_product_pipeline,pytorch,single_thread,1,True,619,9978583
full_product_pipeline,pytorch,single_thread,1,True,620,10475959
full_product_pipeline,pytorch,single_thread,1,True,621,10454042
full_product_pipeline,pytorch,single_thread,1,True,622,5282167
full_product_pipeline,pytorch,single_thread,1,True,623,4959000
full_product_pipeline,pytorch,single_thread,1,True,624,5129667
full_product_pipeline,pytorch,single_thread,1,True,625,5414584
full_product_pipeline,pytorch,single_thread,1,True,626,5314250
full_product_pipeline,pytorch,single_thread,1,True,627,5732625
full_product_pipeline,pytorch,single_thread,1,True,628,6587667
full_product_pipeline,pytorch,single_thread,1,True,629,6021667
full_product_pipeline,pytorch,single_thread,1,True,630,6644625
full_product_pipeline,pytorch,single_thread,1,True,631,6348458
full_product_pipeline,pytorch,single_thread,1,True,632,5215166
full_product_pipeline,pytorch,single_thread,1,True,633,5960917
full_product_pipeline,pytorch,single_thread,1,True,634,5414500
full_product_pipeline,pytorch,single_thread,1,True,635,5553791
full_product_pipeline,pytorch,single_thread,1,True,636,5788958
full_product_pipeline,pytorch,single_thread,1,True,637,5475584
full_product_pipeline,pytorch,single_thread,1,True,638,5548417
full_product_pipeline,pytorch,single_thread,1,True,639,5941500
full_product_pipeline,pytorch,single_thread,1,True,640,5814333
full_product_pipeline,pytorch,single_thread,1,True,641,5884333
full_product_pipeline,pytorch,single_thread,1,True,642,6386625
full_product_pipeline,pytorch,single_thread,1,True,643,5135000
full_product_pipeline,pytorch,single_thread,1,True,644,6309834
full_product_pipeline,pytorch,single_thread,1,True,645,6956416
full_product_pipeline,pytorch,single_thread,1,True,646,6587000
full_product_pipeline,pytorch,single_thread,1,True,647,6951417
full_product_pipeline,pytorch,single_thread,1,True,648,6863708
full_product_pipeline,pytorch,single_thread,1,True,649,7218417
full_product_pipeline,pytorch,single_thread,1,True,650,7106916
full_product_pipeline,pytorch,single_thread,1,True,651,4841625
full_product_pipeline,pytorch,single_thread,1,True,652,7158375
full_product_pipeline,pytorch,single_thread,1,True,653,7113042
full_product_pipeline,pytorch,single_thread,1,True,654,7682375
full_product_pipeline,pytorch,single_thread,1,True,655,7530167
full_product_pipeline,pytorch,single_thread,1,True,656,7649292
full_product_pipeline,pytorch,single_thread,1,True,657,8051125
full_product_pipeline,pytorch,single_thread,1,True,658,7851375
full_product_pipeline,pytorch,single_thread,1,True,659,5074750
full_product_pipeline,pytorch,single_thread,1,True,660,8178375
full_product_pipeline,pytorch,single_thread,1,True,661,8495333
full_product_pipeline,pytorch,single_thread,1,True,662,8504042
full_product_pipeline,pytorch,single_thread,1,True,663,9260125
full_product_pipeline,pytorch,single_thread,1,True,664,8724584
full_product_pipeline,pytorch,single_thread,1,True,665,9441333
full_product_pipeline,pytorch,single_thread,1,True,666,9260083
full_product_pipeline,pytorch,single_thread,1,True,667,5636583
full_product_pipeline,pytorch,single_thread,1,True,668,9387125
full_product_pipeline,pytorch,single_thread,1,True,669,10012958
full_product_pipeline,pytorch,single_thread,1,True,670,10498666
full_product_pipeline,pytorch,single_thread,1,True,671,9876792
full_product_pipeline,pytorch,single_thread,1,True,672,10411583
full_product_pipeline,pytorch,single_thread,1,True,673,10420250
full_product_pipeline,pytorch,single_thread,1,True,674,10552917
full_product_pipeline,pytorch,single_thread,1,True,675,5276667
full_product_pipeline,pytorch,single_thread,1,True,676,5307125
full_product_pipeline,pytorch,single_thread,1,True,677,5357084
full_product_pipeline,pytorch,single_thread,1,True,678,5672792
full_product_pipeline,pytorch,single_thread,1,True,679,6147167
full_product_pipeline,pytorch,single_thread,1,True,680,5920792
full_product_pipeline,pytorch,single_thread,1,True,681,6151625
full_product_pipeline,pytorch,single_thread,1,True,682,6900208
full_product_pipeline,pytorch,single_thread,1,True,683,5253209
full_product_pipeline,pytorch,single_thread,1,True,684,6722125
full_product_pipeline,pytorch,single_thread,1,True,685,6614208
full_product_pipeline,pytorch,single_thread,1,True,686,6720750
full_product_pipeline,pytorch,single_thread,1,True,687,7104500
full_product_pipeline,pytorch,single_thread,1,True,688,6832459
full_product_pipeline,pytorch,single_thread,1,True,689,7457958
full_product_pipeline,pytorch,single_thread,1,True,690,7163000
full_product_pipeline,pytorch,single_thread,1,True,691,5135917
full_product_pipeline,pytorch,single_thread,1,True,692,9995291
full_product_pipeline,pytorch,single_thread,1,True,693,7536833
full_product_pipeline,pytorch,single_thread,1,True,694,8194791
full_product_pipeline,pytorch,single_thread,1,True,695,7741542
full_product_pipeline,pytorch,single_thread,1,True,696,8387792
full_product_pipeline,pytorch,single_thread,1,True,697,8008542
full_product_pipeline,pytorch,single_thread,1,True,698,8653041
full_product_pipeline,pytorch,single_thread,1,True,699,5167292
full_product_pipeline,pytorch,single_thread,1,True,700,8698459
full_product_pipeline,pytorch,single_thread,1,True,701,8498917
full_product_pipeline,pytorch,single_thread,1,True,702,9146959
full_product_pipeline,pytorch,single_thread,1,True,703,8863750
full_product_pipeline,pytorch,single_thread,1,True,704,9314125
full_product_pipeline,pytorch,single_thread,1,True,705,9115583
full_product_pipeline,pytorch,single_thread,1,True,706,9757541
full_product_pipeline,pytorch,single_thread,1,True,707,5179875
full_product_pipeline,pytorch,single_thread,1,True,708,9951042
full_product_pipeline,pytorch,single_thread,1,True,709,10111292
full_product_pipeline,pytorch,single_thread,1,True,710,9927083
full_product_pipeline,pytorch,single_thread,1,True,711,10087750
full_product_pipeline,pytorch,single_thread,1,True,712,5329709
full_product_pipeline,pytorch,single_thread,1,True,713,5262625
full_product_pipeline,pytorch,single_thread,1,True,714,5615500
full_product_pipeline,pytorch,single_thread,1,True,715,5253542
full_product_pipeline,pytorch,single_thread,1,True,716,4994542
full_product_pipeline,pytorch,single_thread,1,True,717,5631667
full_product_pipeline,pytorch,single_thread,1,True,718,5212208
full_product_pipeline,pytorch,single_thread,1,True,719,5338375
full_product_pipeline,pytorch,single_thread,1,True,720,5880042
full_product_pipeline,pytorch,single_thread,1,True,721,5724375
full_product_pipeline,pytorch,single_thread,1,True,722,5497416
full_product_pipeline,pytorch,single_thread,1,True,723,5896250
full_product_pipeline,pytorch,single_thread,1,True,724,5998167
full_product_pipeline,pytorch,single_thread,1,True,725,5041709
full_product_pipeline,pytorch,single_thread,1,True,726,6301834
full_product_pipeline,pytorch,single_thread,1,True,727,6148334
full_product_pipeline,pytorch,single_thread,1,True,728,6871792
full_product_pipeline,pytorch,single_thread,1,True,729,6980792
full_product_pipeline,pytorch,single_thread,1,True,730,6760667
full_product_pipeline,pytorch,single_thread,1,True,731,7029750
full_product_pipeline,pytorch,single_thread,1,True,732,6917000
full_product_pipeline,pytorch,single_thread,1,True,733,4945958
full_product_pipeline,pytorch,single_thread,1,True,734,8807500
full_product_pipeline,pytorch,single_thread,1,True,735,7309500
full_product_pipeline,pytorch,single_thread,1,True,736,7662709
full_product_pipeline,pytorch,single_thread,1,True,737,7533292
full_product_pipeline,pytorch,single_thread,1,True,738,8105792
full_product_pipeline,pytorch,single_thread,1,True,739,8148083
full_product_pipeline,pytorch,single_thread,1,True,740,8095083
full_product_pipeline,pytorch,single_thread,1,True,741,4897708
full_product_pipeline,pytorch,single_thread,1,True,742,8520000
full_product_pipeline,pytorch,single_thread,1,True,743,8378834
full_product_pipeline,pytorch,single_thread,1,True,744,8661792
full_product_pipeline,pytorch,single_thread,1,True,745,8862042
full_product_pipeline,pytorch,single_thread,1,True,746,9007625
full_product_pipeline,pytorch,single_thread,1,True,747,8904792
full_product_pipeline,pytorch,single_thread,1,True,748,9064000
full_product_pipeline,pytorch,single_thread,1,True,749,4911500
full_product_pipeline,pytorch,single_thread,1,True,750,9702500
full_product_pipeline,pytorch,single_thread,1,True,751,9440333
full_product_pipeline,pytorch,single_thread,1,True,752,10175709
full_product_pipeline,pytorch,single_thread,1,True,753,9763916
full_product_pipeline,pytorch,single_thread,1,True,754,10417917
full_product_pipeline,pytorch,single_thread,1,True,755,10410042
full_product_pipeline,pytorch,single_thread,1,True,756,10160334
full_product_pipeline,pytorch,single_thread,1,True,757,5573625
full_product_pipeline,pytorch,single_thread,1,True,758,5046833
full_product_pipeline,pytorch,single_thread,1,True,759,5234125
full_product_pipeline,pytorch,single_thread,1,True,760,5247166
full_product_pipeline,pytorch,single_thread,1,True,761,5189917
full_product_pipeline,pytorch,single_thread,1,True,762,5188500
full_product_pipeline,pytorch,single_thread,1,True,763,5425375
full_product_pipeline,pytorch,single_thread,1,True,764,5586709
full_product_pipeline,pytorch,single_thread,1,True,765,5592916
full_product_pipeline,pytorch,single_thread,1,True,766,6001875
full_product_pipeline,pytorch,single_thread,1,True,767,4998584
full_product_pipeline,pytorch,single_thread,1,True,768,5182167
full_product_pipeline,pytorch,single_thread,1,True,769,4970000
full_product_pipeline,pytorch,single_thread,1,True,770,5611250
full_product_pipeline,pytorch,single_thread,1,True,771,5042083
full_product_pipeline,pytorch,single_thread,1,True,772,5253708
full_product_pipeline,pytorch,single_thread,1,True,773,5696000
full_product_pipeline,pytorch,single_thread,1,True,774,5697375
full_product_pipeline,pytorch,single_thread,1,True,775,6094000
full_product_pipeline,pytorch,single_thread,1,True,776,6401708
full_product_pipeline,pytorch,single_thread,1,True,777,6124375
full_product_pipeline,pytorch,single_thread,1,True,778,5323375
full_product_pipeline,pytorch,single_thread,1,True,779,6396958
full_product_pipeline,pytorch,single_thread,1,True,780,6449000
full_product_pipeline,pytorch,single_thread,1,True,781,7922625
full_product_pipeline,pytorch,single_thread,1,True,782,6777417
full_product_pipeline,pytorch,single_thread,1,True,783,7150000
full_product_pipeline,pytorch,single_thread,1,True,784,7106167
full_product_pipeline,pytorch,single_thread,1,True,785,7364458
full_product_pipeline,pytorch,single_thread,1,True,786,5385875
full_product_pipeline,pytorch,single_thread,1,True,787,7490625
full_product_pipeline,pytorch,single_thread,1,True,788,7715875
full_product_pipeline,pytorch,single_thread,1,True,789,7627875
full_product_pipeline,pytorch,single_thread,1,True,790,7979083
full_product_pipeline,pytorch,single_thread,1,True,791,7663709
full_product_pipeline,pytorch,single_thread,1,True,792,8009666
full_product_pipeline,pytorch,single_thread,1,True,793,7872084
full_product_pipeline,pytorch,single_thread,1,True,794,4856708
full_product_pipeline,pytorch,single_thread,1,True,795,8341500
full_product_pipeline,pytorch,single_thread,1,True,796,8309833
full_product_pipeline,pytorch,single_thread,1,True,797,9247000
full_product_pipeline,pytorch,single_thread,1,True,798,9264292
full_product_pipeline,pytorch,single_thread,1,True,799,9954792
full_product_pipeline,pytorch,single_thread,1,True,800,9969625
full_product_pipeline,pytorch,single_thread,1,True,801,9680958
full_product_pipeline,pytorch,single_thread,1,True,802,5536625
full_product_pipeline,pytorch,single_thread,1,True,803,9761750
full_product_pipeline,pytorch,single_thread,1,True,804,10054084
full_product_pipeline,pytorch,single_thread,1,True,805,10185375
full_product_pipeline,pytorch,single_thread,1,True,806,10685458
full_product_pipeline,pytorch,single_thread,1,True,807,11962125
full_product_pipeline,pytorch,single_thread,1,True,808,10446583
full_product_pipeline,pytorch,single_thread,1,True,809,10927333
full_product_pipeline,pytorch,single_thread,1,True,810,5555209
full_product_pipeline,pytorch,single_thread,1,True,811,5558375
full_product_pipeline,pytorch,single_thread,1,True,812,5386708
full_product_pipeline,pytorch,single_thread,1,True,813,5483125
full_product_pipeline,pytorch,single_thread,1,True,814,5984791
full_product_pipeline,pytorch,single_thread,1,True,815,5749875
full_product_pipeline,pytorch,single_thread,1,True,816,5788000
full_product_pipeline,pytorch,single_thread,1,True,817,6181166
full_product_pipeline,pytorch,single_thread,1,True,818,5135500
full_product_pipeline,pytorch,single_thread,1,True,819,6258125
full_product_pipeline,pytorch,single_thread,1,True,820,6694166
full_product_pipeline,pytorch,single_thread,1,True,821,6429041
full_product_pipeline,pytorch,single_thread,1,True,822,6640584
full_product_pipeline,pytorch,single_thread,1,True,823,6512959
full_product_pipeline,pytorch,single_thread,1,True,824,6561458
full_product_pipeline,pytorch,single_thread,1,True,825,7060625
full_product_pipeline,pytorch,single_thread,1,True,826,5105291
full_product_pipeline,pytorch,single_thread,1,True,827,7332250
full_product_pipeline,pytorch,single_thread,1,True,828,7182125
full_product_pipeline,pytorch,single_thread,1,True,829,7541958
full_product_pipeline,pytorch,single_thread,1,True,830,8802042
full_product_pipeline,pytorch,single_thread,1,True,831,7577542
full_product_pipeline,pytorch,single_thread,1,True,832,8260958
full_product_pipeline,pytorch,single_thread,1,True,833,7985458
full_product_pipeline,pytorch,single_thread,1,True,834,4954583
full_product_pipeline,pytorch,single_thread,1,True,835,8225458
full_product_pipeline,pytorch,single_thread,1,True,836,8754833
full_product_pipeline,pytorch,single_thread,1,True,837,8320000
full_product_pipeline,pytorch,single_thread,1,True,838,8637417
full_product_pipeline,pytorch,single_thread,1,True,839,8754583
full_product_pipeline,pytorch,single_thread,1,True,840,9425000
full_product_pipeline,pytorch,single_thread,1,True,841,8888917
full_product_pipeline,pytorch,single_thread,1,True,842,5087333
full_product_pipeline,pytorch,single_thread,1,True,843,9139458
full_product_pipeline,pytorch,single_thread,1,True,844,9396583
full_product_pipeline,pytorch,single_thread,1,True,845,9727458
full_product_pipeline,pytorch,single_thread,1,True,846,10276542
full_product_pipeline,pytorch,single_thread,1,True,847,5332167
full_product_pipeline,pytorch,single_thread,1,True,848,5324917
full_product_pipeline,pytorch,single_thread,1,True,849,5378625
full_product_pipeline,pytorch,single_thread,1,True,850,5347250
full_product_pipeline,pytorch,single_thread,1,True,851,5182667
full_product_pipeline,pytorch,single_thread,1,True,852,5142667
full_product_pipeline,pytorch,single_thread,1,True,853,5078833
full_product_pipeline,pytorch,single_thread,1,True,854,5351458
full_product_pipeline,pytorch,single_thread,1,True,855,5470583
full_product_pipeline,pytorch,single_thread,1,True,856,5541125
full_product_pipeline,pytorch,single_thread,1,True,857,5850083
full_product_pipeline,pytorch,single_thread,1,True,858,5716542
full_product_pipeline,pytorch,single_thread,1,True,859,5829833
full_product_pipeline,pytorch,single_thread,1,True,860,5293875
full_product_pipeline,pytorch,single_thread,1,True,861,6366500
full_product_pipeline,pytorch,single_thread,1,True,862,6455458
full_product_pipeline,pytorch,single_thread,1,True,863,6755875
full_product_pipeline,pytorch,single_thread,1,True,864,6419542
full_product_pipeline,pytorch,single_thread,1,True,865,6610709
full_product_pipeline,pytorch,single_thread,1,True,866,6991125
full_product_pipeline,pytorch,single_thread,1,True,867,6966000
full_product_pipeline,pytorch,single_thread,1,True,868,5355375
full_product_pipeline,pytorch,single_thread,1,True,869,7256500
full_product_pipeline,pytorch,single_thread,1,True,870,7468500
full_product_pipeline,pytorch,single_thread,1,True,871,7809916
full_product_pipeline,pytorch,single_thread,1,True,872,7613875
full_product_pipeline,pytorch,single_thread,1,True,873,8005625
full_product_pipeline,pytorch,single_thread,1,True,874,8068625
full_product_pipeline,pytorch,single_thread,1,True,875,8440708
full_product_pipeline,pytorch,single_thread,1,True,876,4934208
full_product_pipeline,pytorch,single_thread,1,True,877,8400292
full_product_pipeline,pytorch,single_thread,1,True,878,8342333
full_product_pipeline,pytorch,single_thread,1,True,879,9219708
full_product_pipeline,pytorch,single_thread,1,True,880,8643625
full_product_pipeline,pytorch,single_thread,1,True,881,9612875
full_product_pipeline,pytorch,single_thread,1,True,882,9766042
full_product_pipeline,pytorch,single_thread,1,True,883,10206917
full_product_pipeline,pytorch,single_thread,1,True,884,5327417
full_product_pipeline,pytorch,single_thread,1,True,885,10591709
full_product_pipeline,pytorch,single_thread,1,True,886,10755667
full_product_pipeline,pytorch,single_thread,1,True,887,10172041
full_product_pipeline,pytorch,single_thread,1,True,888,10455167
full_product_pipeline,pytorch,single_thread,1,True,889,10678625
full_product_pipeline,pytorch,single_thread,1,True,890,10735333
full_product_pipeline,pytorch,single_thread,1,True,891,11083333
full_product_pipeline,pytorch,single_thread,1,True,892,5547708
full_product_pipeline,pytorch,single_thread,1,True,893,5736375
full_product_pipeline,pytorch,single_thread,1,True,894,5735000
full_product_pipeline,pytorch,single_thread,1,True,895,5374375
full_product_pipeline,pytorch,single_thread,1,True,896,5577416
full_product_pipeline,pytorch,single_thread,1,True,897,5605334
full_product_pipeline,pytorch,single_thread,1,True,898,5676333
full_product_pipeline,pytorch,single_thread,1,True,899,6015500
full_product_pipeline,pytorch,single_thread,1,True,900,6009041
full_product_pipeline,pytorch,single_thread,1,True,901,5989042
full_product_pipeline,pytorch,single_thread,1,True,902,5398000
full_product_pipeline,pytorch,single_thread,1,True,903,5491542
full_product_pipeline,pytorch,single_thread,1,True,904,5178500
full_product_pipeline,pytorch,single_thread,1,True,905,5622792
full_product_pipeline,pytorch,single_thread,1,True,906,5269250
full_product_pipeline,pytorch,single_thread,1,True,907,5330541
full_product_pipeline,pytorch,single_thread,1,True,908,5562583
full_product_pipeline,pytorch,single_thread,1,True,909,5579750
full_product_pipeline,pytorch,single_thread,1,True,910,5685375
full_product_pipeline,pytorch,single_thread,1,True,911,5846834
full_product_pipeline,pytorch,single_thread,1,True,912,5930459
full_product_pipeline,pytorch,single_thread,1,True,913,4992375
full_product_pipeline,pytorch,single_thread,1,True,914,6498791
full_product_pipeline,pytorch,single_thread,1,True,915,6437166
full_product_pipeline,pytorch,single_thread,1,True,916,6570625
full_product_pipeline,pytorch,single_thread,1,True,917,7006292
full_product_pipeline,pytorch,single_thread,1,True,918,6823375
full_product_pipeline,pytorch,single_thread,1,True,919,7194083
full_product_pipeline,pytorch,single_thread,1,True,920,7134625
full_product_pipeline,pytorch,single_thread,1,True,921,5184958
full_product_pipeline,pytorch,single_thread,1,True,922,7749125
full_product_pipeline,pytorch,single_thread,1,True,923,7497125
full_product_pipeline,pytorch,single_thread,1,True,924,7981875
full_product_pipeline,pytorch,single_thread,1,True,925,7807292
full_product_pipeline,pytorch,single_thread,1,True,926,8181875
full_product_pipeline,pytorch,single_thread,1,True,927,8291125
full_product_pipeline,pytorch,single_thread,1,True,928,8405125
full_product_pipeline,pytorch,single_thread,1,True,929,4908250
full_product_pipeline,pytorch,single_thread,1,True,930,8412375
full_product_pipeline,pytorch,single_thread,1,True,931,8540625
full_product_pipeline,pytorch,single_thread,1,True,932,9094542
full_product_pipeline,pytorch,single_thread,1,True,933,8664709
full_product_pipeline,pytorch,single_thread,1,True,934,9103625
full_product_pipeline,pytorch,single_thread,1,True,935,10428959
full_product_pipeline,pytorch,single_thread,1,True,936,9331917
full_product_pipeline,pytorch,single_thread,1,True,937,5028708
full_product_pipeline,pytorch,single_thread,1,True,938,10011041
full_product_pipeline,pytorch,single_thread,1,True,939,9640458
full_product_pipeline,pytorch,single_thread,1,True,940,10445083
full_product_pipeline,pytorch,single_thread,1,True,941,10929542
full_product_pipeline,pytorch,single_thread,1,True,942,10024542
full_product_pipeline,pytorch,single_thread,1,True,943,10338792
full_product_pipeline,pytorch,single_thread,1,True,944,11343167
full_product_pipeline,pytorch,single_thread,1,True,945,5787375
full_product_pipeline,pytorch,single_thread,1,True,946,5379917
full_product_pipeline,pytorch,single_thread,1,True,947,5820917
full_product_pipeline,pytorch,single_thread,1,True,948,5759917
full_product_pipeline,pytorch,single_thread,1,True,949,5855417
full_product_pipeline,pytorch,single_thread,1,True,950,6159500
full_product_pipeline,pytorch,single_thread,1,True,951,5894333
full_product_pipeline,pytorch,single_thread,1,True,952,5956834
full_product_pipeline,pytorch,single_thread,1,True,953,5462500
full_product_pipeline,pytorch,single_thread,1,True,954,6108083
full_product_pipeline,pytorch,single_thread,1,True,955,6170125
full_product_pipeline,pytorch,single_thread,1,True,956,6964167
full_product_pipeline,pytorch,single_thread,1,True,957,6375250
full_product_pipeline,pytorch,single_thread,1,True,958,6855500
full_product_pipeline,pytorch,single_thread,1,True,959,6635875
full_product_pipeline,pytorch,single_thread,1,True,960,6951292
full_product_pipeline,pytorch,single_thread,1,True,961,5414166
full_product_pipeline,pytorch,single_thread,1,True,962,7581625
full_product_pipeline,pytorch,single_thread,1,True,963,8599875
full_product_pipeline,pytorch,single_thread,1,True,964,7436250
full_product_pipeline,pytorch,single_thread,1,True,965,8222209
full_product_pipeline,pytorch,single_thread,1,True,966,8040291
full_product_pipeline,pytorch,single_thread,1,True,967,9707875
full_product_pipeline,pytorch,single_thread,1,True,968,7822458
full_product_pipeline,pytorch,single_thread,1,True,969,5264625
full_product_pipeline,pytorch,single_thread,1,True,970,8210250
full_product_pipeline,pytorch,single_thread,1,True,971,8772583
full_product_pipeline,pytorch,single_thread,1,True,972,8612875
full_product_pipeline,pytorch,single_thread,1,True,973,8835417
full_product_pipeline,pytorch,single_thread,1,True,974,9092375
full_product_pipeline,pytorch,single_thread,1,True,975,9247000
full_product_pipeline,pytorch,single_thread,1,True,976,9402042
full_product_pipeline,pytorch,single_thread,1,True,977,5319292
full_product_pipeline,pytorch,single_thread,1,True,978,9952500
full_product_pipeline,pytorch,single_thread,1,True,979,11020250
full_product_pipeline,pytorch,single_thread,1,True,980,10824167
full_product_pipeline,pytorch,single_thread,1,True,981,10499167
full_product_pipeline,pytorch,single_thread,1,True,982,5848666
full_product_pipeline,pytorch,single_thread,1,True,983,5812250
full_product_pipeline,pytorch,single_thread,1,True,984,5556667
full_product_pipeline,pytorch,single_thread,1,True,985,5831875
full_product_pipeline,pytorch,single_thread,1,True,986,5416583
full_product_pipeline,pytorch,single_thread,1,True,987,5693292
full_product_pipeline,pytorch,single_thread,1,True,988,5583583
full_product_pipeline,pytorch,single_thread,1,True,989,5573417
full_product_pipeline,pytorch,single_thread,1,True,990,5535750
full_product_pipeline,pytorch,single_thread,1,True,991,6095375
full_product_pipeline,pytorch,single_thread,1,True,992,5927958
full_product_pipeline,pytorch,single_thread,1,True,993,6065125
full_product_pipeline,pytorch,single_thread,1,True,994,6288166
full_product_pipeline,pytorch,single_thread,1,True,995,5188792
full_product_pipeline,pytorch,single_thread,1,True,996,6551459
full_product_pipeline,pytorch,single_thread,1,True,997,6704792
full_product_pipeline,pytorch,single_thread,1,True,998,6643916
full_product_pipeline,pytorch,single_thread,1,True,999,6916209
full_product_pipeline,onnxruntime,single_thread,1,True,0,5021291
full_product_pipeline,onnxruntime,single_thread,1,True,1,4964583
full_product_pipeline,onnxruntime,single_thread,1,True,2,4919375
full_product_pipeline,onnxruntime,single_thread,1,True,3,5167834
full_product_pipeline,onnxruntime,single_thread,1,True,4,5327833
full_product_pipeline,onnxruntime,single_thread,1,True,5,5615125
full_product_pipeline,onnxruntime,single_thread,1,True,6,5541708
full_product_pipeline,onnxruntime,single_thread,1,True,7,5808250
full_product_pipeline,onnxruntime,single_thread,1,True,8,5054125
full_product_pipeline,onnxruntime,single_thread,1,True,9,5829250
full_product_pipeline,onnxruntime,single_thread,1,True,10,5984375
full_product_pipeline,onnxruntime,single_thread,1,True,11,6163250
full_product_pipeline,onnxruntime,single_thread,1,True,12,7287583
full_product_pipeline,onnxruntime,single_thread,1,True,13,6611500
full_product_pipeline,onnxruntime,single_thread,1,True,14,6492792
full_product_pipeline,onnxruntime,single_thread,1,True,15,7058667
full_product_pipeline,onnxruntime,single_thread,1,True,16,4947000
full_product_pipeline,onnxruntime,single_thread,1,True,17,6812417
full_product_pipeline,onnxruntime,single_thread,1,True,18,7164000
full_product_pipeline,onnxruntime,single_thread,1,True,19,7408708
full_product_pipeline,onnxruntime,single_thread,1,True,20,7574916
full_product_pipeline,onnxruntime,single_thread,1,True,21,7489125
full_product_pipeline,onnxruntime,single_thread,1,True,22,7473292
full_product_pipeline,onnxruntime,single_thread,1,True,23,7917584
full_product_pipeline,onnxruntime,single_thread,1,True,24,4984542
full_product_pipeline,onnxruntime,single_thread,1,True,25,8335791
full_product_pipeline,onnxruntime,single_thread,1,True,26,8284750
full_product_pipeline,onnxruntime,single_thread,1,True,27,8718167
full_product_pipeline,onnxruntime,single_thread,1,True,28,8373875
full_product_pipeline,onnxruntime,single_thread,1,True,29,8605333
full_product_pipeline,onnxruntime,single_thread,1,True,30,8522917
full_product_pipeline,onnxruntime,single_thread,1,True,31,10122500
full_product_pipeline,onnxruntime,single_thread,1,True,32,4954750
full_product_pipeline,onnxruntime,single_thread,1,True,33,9263500
full_product_pipeline,onnxruntime,single_thread,1,True,34,9135083
full_product_pipeline,onnxruntime,single_thread,1,True,35,9453791
full_product_pipeline,onnxruntime,single_thread,1,True,36,9458125
full_product_pipeline,onnxruntime,single_thread,1,True,37,5674208
full_product_pipeline,onnxruntime,single_thread,1,True,38,5072125
full_product_pipeline,onnxruntime,single_thread,1,True,39,4955292
full_product_pipeline,onnxruntime,single_thread,1,True,40,5573583
full_product_pipeline,onnxruntime,single_thread,1,True,41,4902625
full_product_pipeline,onnxruntime,single_thread,1,True,42,5242625
full_product_pipeline,onnxruntime,single_thread,1,True,43,5260375
full_product_pipeline,onnxruntime,single_thread,1,True,44,4954459
full_product_pipeline,onnxruntime,single_thread,1,True,45,5070375
full_product_pipeline,onnxruntime,single_thread,1,True,46,6614208
full_product_pipeline,onnxruntime,single_thread,1,True,47,5371666
full_product_pipeline,onnxruntime,single_thread,1,True,48,5531209
full_product_pipeline,onnxruntime,single_thread,1,True,49,6195875
full_product_pipeline,onnxruntime,single_thread,1,True,50,4801250
full_product_pipeline,onnxruntime,single_thread,1,True,51,5835917
full_product_pipeline,onnxruntime,single_thread,1,True,52,6448208
full_product_pipeline,onnxruntime,single_thread,1,True,53,6397458
full_product_pipeline,onnxruntime,single_thread,1,True,54,6328334
full_product_pipeline,onnxruntime,single_thread,1,True,55,6702667
full_product_pipeline,onnxruntime,single_thread,1,True,56,6728000
full_product_pipeline,onnxruntime,single_thread,1,True,57,7130458
full_product_pipeline,onnxruntime,single_thread,1,True,58,4738292
full_product_pipeline,onnxruntime,single_thread,1,True,59,6855208
full_product_pipeline,onnxruntime,single_thread,1,True,60,7262250
full_product_pipeline,onnxruntime,single_thread,1,True,61,7130083
full_product_pipeline,onnxruntime,single_thread,1,True,62,7553583
full_product_pipeline,onnxruntime,single_thread,1,True,63,7507917
full_product_pipeline,onnxruntime,single_thread,1,True,64,7811375
full_product_pipeline,onnxruntime,single_thread,1,True,65,11124167
full_product_pipeline,onnxruntime,single_thread,1,True,66,4960958
full_product_pipeline,onnxruntime,single_thread,1,True,67,7997459
full_product_pipeline,onnxruntime,single_thread,1,True,68,8787792
full_product_pipeline,onnxruntime,single_thread,1,True,69,8428708
full_product_pipeline,onnxruntime,single_thread,1,True,70,8519875
full_product_pipeline,onnxruntime,single_thread,1,True,71,8405208
full_product_pipeline,onnxruntime,single_thread,1,True,72,8712416
full_product_pipeline,onnxruntime,single_thread,1,True,73,8725417
full_product_pipeline,onnxruntime,single_thread,1,True,74,4742583
full_product_pipeline,onnxruntime,single_thread,1,True,75,9402834
full_product_pipeline,onnxruntime,single_thread,1,True,76,9938583
full_product_pipeline,onnxruntime,single_thread,1,True,77,9786459
full_product_pipeline,onnxruntime,single_thread,1,True,78,10183417
full_product_pipeline,onnxruntime,single_thread,1,True,79,10404167
full_product_pipeline,onnxruntime,single_thread,1,True,80,10963209
full_product_pipeline,onnxruntime,single_thread,1,True,81,10729667
full_product_pipeline,onnxruntime,single_thread,1,True,82,7285375
full_product_pipeline,onnxruntime,single_thread,1,True,83,4907250
full_product_pipeline,onnxruntime,single_thread,1,True,84,5548500
full_product_pipeline,onnxruntime,single_thread,1,True,85,5062166
full_product_pipeline,onnxruntime,single_thread,1,True,86,5211833
full_product_pipeline,onnxruntime,single_thread,1,True,87,5512458
full_product_pipeline,onnxruntime,single_thread,1,True,88,5517917
full_product_pipeline,onnxruntime,single_thread,1,True,89,5622166
full_product_pipeline,onnxruntime,single_thread,1,True,90,6226375
full_product_pipeline,onnxruntime,single_thread,1,True,91,5900792
full_product_pipeline,onnxruntime,single_thread,1,True,92,4895833
full_product_pipeline,onnxruntime,single_thread,1,True,93,5631291
full_product_pipeline,onnxruntime,single_thread,1,True,94,5086583
full_product_pipeline,onnxruntime,single_thread,1,True,95,5268500
full_product_pipeline,onnxruntime,single_thread,1,True,96,5280416
full_product_pipeline,onnxruntime,single_thread,1,True,97,5172375
full_product_pipeline,onnxruntime,single_thread,1,True,98,5261458
full_product_pipeline,onnxruntime,single_thread,1,True,99,5573167
full_product_pipeline,onnxruntime,single_thread,1,True,100,5657125
full_product_pipeline,onnxruntime,single_thread,1,True,101,5778459
full_product_pipeline,onnxruntime,single_thread,1,True,102,6186334
full_product_pipeline,onnxruntime,single_thread,1,True,103,5533583
full_product_pipeline,onnxruntime,single_thread,1,True,104,6121291
full_product_pipeline,onnxruntime,single_thread,1,True,105,6528333
full_product_pipeline,onnxruntime,single_thread,1,True,106,6307375
full_product_pipeline,onnxruntime,single_thread,1,True,107,6648791
full_product_pipeline,onnxruntime,single_thread,1,True,108,6665625
full_product_pipeline,onnxruntime,single_thread,1,True,109,6801792
full_product_pipeline,onnxruntime,single_thread,1,True,110,7229583
full_product_pipeline,onnxruntime,single_thread,1,True,111,4909375
full_product_pipeline,onnxruntime,single_thread,1,True,112,7844750
full_product_pipeline,onnxruntime,single_thread,1,True,113,7480458
full_product_pipeline,onnxruntime,single_thread,1,True,114,9002875
full_product_pipeline,onnxruntime,single_thread,1,True,115,7984083
full_product_pipeline,onnxruntime,single_thread,1,True,116,7821167
full_product_pipeline,onnxruntime,single_thread,1,True,117,7901792
full_product_pipeline,onnxruntime,single_thread,1,True,118,7955667
full_product_pipeline,onnxruntime,single_thread,1,True,119,5301000
full_product_pipeline,onnxruntime,single_thread,1,True,120,8518166
full_product_pipeline,onnxruntime,single_thread,1,True,121,8885917
full_product_pipeline,onnxruntime,single_thread,1,True,122,8713542
full_product_pipeline,onnxruntime,single_thread,1,True,123,9123916
full_product_pipeline,onnxruntime,single_thread,1,True,124,9005291
full_product_pipeline,onnxruntime,single_thread,1,True,125,9471041
full_product_pipeline,onnxruntime,single_thread,1,True,126,9643666
full_product_pipeline,onnxruntime,single_thread,1,True,127,5033625
full_product_pipeline,onnxruntime,single_thread,1,True,128,9469833
full_product_pipeline,onnxruntime,single_thread,1,True,129,14000334
full_product_pipeline,onnxruntime,single_thread,1,True,130,10870083
full_product_pipeline,onnxruntime,single_thread,1,True,131,10533708
full_product_pipeline,onnxruntime,single_thread,1,True,132,10334583
full_product_pipeline,onnxruntime,single_thread,1,True,133,10797083
full_product_pipeline,onnxruntime,single_thread,1,True,134,10415834
full_product_pipeline,onnxruntime,single_thread,1,True,135,5778208
full_product_pipeline,onnxruntime,single_thread,1,True,136,5154000
full_product_pipeline,onnxruntime,single_thread,1,True,137,5239416
full_product_pipeline,onnxruntime,single_thread,1,True,138,5922333
full_product_pipeline,onnxruntime,single_thread,1,True,139,5402917
full_product_pipeline,onnxruntime,single_thread,1,True,140,5486042
full_product_pipeline,onnxruntime,single_thread,1,True,141,7504041
full_product_pipeline,onnxruntime,single_thread,1,True,142,6665334
full_product_pipeline,onnxruntime,single_thread,1,True,143,5445167
full_product_pipeline,onnxruntime,single_thread,1,True,144,6322708
full_product_pipeline,onnxruntime,single_thread,1,True,145,8647042
full_product_pipeline,onnxruntime,single_thread,1,True,146,9608458
full_product_pipeline,onnxruntime,single_thread,1,True,147,7925667
full_product_pipeline,onnxruntime,single_thread,1,True,148,7369708
full_product_pipeline,onnxruntime,single_thread,1,True,149,8107875
full_product_pipeline,onnxruntime,single_thread,1,True,150,7670333
full_product_pipeline,onnxruntime,single_thread,1,True,151,6297625
full_product_pipeline,onnxruntime,single_thread,1,True,152,8617583
full_product_pipeline,onnxruntime,single_thread,1,True,153,8100625
full_product_pipeline,onnxruntime,single_thread,1,True,154,10629667
full_product_pipeline,onnxruntime,single_thread,1,True,155,9216375
full_product_pipeline,onnxruntime,single_thread,1,True,156,10146917
full_product_pipeline,onnxruntime,single_thread,1,True,157,13621708
full_product_pipeline,onnxruntime,single_thread,1,True,158,11847042
full_product_pipeline,onnxruntime,single_thread,1,True,159,6255500
full_product_pipeline,onnxruntime,single_thread,1,True,160,12424416
full_product_pipeline,onnxruntime,single_thread,1,True,161,9868750
full_product_pipeline,onnxruntime,single_thread,1,True,162,11296750
full_product_pipeline,onnxruntime,single_thread,1,True,163,10550375
full_product_pipeline,onnxruntime,single_thread,1,True,164,10474875
full_product_pipeline,onnxruntime,single_thread,1,True,165,11234208
full_product_pipeline,onnxruntime,single_thread,1,True,166,12813709
full_product_pipeline,onnxruntime,single_thread,1,True,167,6919167
full_product_pipeline,onnxruntime,single_thread,1,True,168,11115125
full_product_pipeline,onnxruntime,single_thread,1,True,169,12321834
full_product_pipeline,onnxruntime,single_thread,1,True,170,10800292
full_product_pipeline,onnxruntime,single_thread,1,True,171,12254875
full_product_pipeline,onnxruntime,single_thread,1,True,172,6787417
full_product_pipeline,onnxruntime,single_thread,1,True,173,7760417
full_product_pipeline,onnxruntime,single_thread,1,True,174,6360875
full_product_pipeline,onnxruntime,single_thread,1,True,175,6859750
full_product_pipeline,onnxruntime,single_thread,1,True,176,5523958
full_product_pipeline,onnxruntime,single_thread,1,True,177,5635834
full_product_pipeline,onnxruntime,single_thread,1,True,178,5561917
full_product_pipeline,onnxruntime,single_thread,1,True,179,5468000
full_product_pipeline,onnxruntime,single_thread,1,True,180,5604458
full_product_pipeline,onnxruntime,single_thread,1,True,181,6344458
full_product_pipeline,onnxruntime,single_thread,1,True,182,5867208
full_product_pipeline,onnxruntime,single_thread,1,True,183,5829708
full_product_pipeline,onnxruntime,single_thread,1,True,184,7097250
full_product_pipeline,onnxruntime,single_thread,1,True,185,5095167
full_product_pipeline,onnxruntime,single_thread,1,True,186,6448458
full_product_pipeline,onnxruntime,single_thread,1,True,187,8063541
full_product_pipeline,onnxruntime,single_thread,1,True,188,9449250
full_product_pipeline,onnxruntime,single_thread,1,True,189,6594333
full_product_pipeline,onnxruntime,single_thread,1,True,190,6703042
full_product_pipeline,onnxruntime,single_thread,1,True,191,12167208
full_product_pipeline,onnxruntime,single_thread,1,True,192,7421459
full_product_pipeline,onnxruntime,single_thread,1,True,193,4983709
full_product_pipeline,onnxruntime,single_thread,1,True,194,7811292
full_product_pipeline,onnxruntime,single_thread,1,True,195,7783042
full_product_pipeline,onnxruntime,single_thread,1,True,196,7680833
full_product_pipeline,onnxruntime,single_thread,1,True,197,8120208
full_product_pipeline,onnxruntime,single_thread,1,True,198,7977000
full_product_pipeline,onnxruntime,single_thread,1,True,199,8257250
full_product_pipeline,onnxruntime,single_thread,1,True,200,8022084
full_product_pipeline,onnxruntime,single_thread,1,True,201,5061708
full_product_pipeline,onnxruntime,single_thread,1,True,202,11687709
full_product_pipeline,onnxruntime,single_thread,1,True,203,8617167
full_product_pipeline,onnxruntime,single_thread,1,True,204,8603083
full_product_pipeline,onnxruntime,single_thread,1,True,205,9343166
full_product_pipeline,onnxruntime,single_thread,1,True,206,12700542
full_product_pipeline,onnxruntime,single_thread,1,True,207,9137625
full_product_pipeline,onnxruntime,single_thread,1,True,208,9636666
full_product_pipeline,onnxruntime,single_thread,1,True,209,5137125
full_product_pipeline,onnxruntime,single_thread,1,True,210,10569416
full_product_pipeline,onnxruntime,single_thread,1,True,211,9680916
full_product_pipeline,onnxruntime,single_thread,1,True,212,10260084
full_product_pipeline,onnxruntime,single_thread,1,True,213,14480334
full_product_pipeline,onnxruntime,single_thread,1,True,214,10641666
full_product_pipeline,onnxruntime,single_thread,1,True,215,11136541
full_product_pipeline,onnxruntime,single_thread,1,True,216,16378458
full_product_pipeline,onnxruntime,single_thread,1,True,217,5500292
full_product_pipeline,onnxruntime,single_thread,1,True,218,5632750
full_product_pipeline,onnxruntime,single_thread,1,True,219,5408000
full_product_pipeline,onnxruntime,single_thread,1,True,220,5145750
full_product_pipeline,onnxruntime,single_thread,1,True,221,6486791
full_product_pipeline,onnxruntime,single_thread,1,True,222,5313666
full_product_pipeline,onnxruntime,single_thread,1,True,223,5427375
full_product_pipeline,onnxruntime,single_thread,1,True,224,5817625
full_product_pipeline,onnxruntime,single_thread,1,True,225,5730833
full_product_pipeline,onnxruntime,single_thread,1,True,226,5819708
full_product_pipeline,onnxruntime,single_thread,1,True,227,5283791
full_product_pipeline,onnxruntime,single_thread,1,True,228,5348208
full_product_pipeline,onnxruntime,single_thread,1,True,229,5027041
full_product_pipeline,onnxruntime,single_thread,1,True,230,5669584
full_product_pipeline,onnxruntime,single_thread,1,True,231,5106500
full_product_pipeline,onnxruntime,single_thread,1,True,232,5449417
full_product_pipeline,onnxruntime,single_thread,1,True,233,6452958
full_product_pipeline,onnxruntime,single_thread,1,True,234,5441416
full_product_pipeline,onnxruntime,single_thread,1,True,235,5561167
full_product_pipeline,onnxruntime,single_thread,1,True,236,5942541
full_product_pipeline,onnxruntime,single_thread,1,True,237,5872000
full_product_pipeline,onnxruntime,single_thread,1,True,238,4890583
full_product_pipeline,onnxruntime,single_thread,1,True,239,7986208
full_product_pipeline,onnxruntime,single_thread,1,True,240,6238250
full_product_pipeline,onnxruntime,single_thread,1,True,241,6518708
full_product_pipeline,onnxruntime,single_thread,1,True,242,6692333
full_product_pipeline,onnxruntime,single_thread,1,True,243,6604042
full_product_pipeline,onnxruntime,single_thread,1,True,244,6969916
full_product_pipeline,onnxruntime,single_thread,1,True,245,6905334
full_product_pipeline,onnxruntime,single_thread,1,True,246,5599292
full_product_pipeline,onnxruntime,single_thread,1,True,247,7399875
full_product_pipeline,onnxruntime,single_thread,1,True,248,7337750
full_product_pipeline,onnxruntime,single_thread,1,True,249,7753875
full_product_pipeline,onnxruntime,single_thread,1,True,250,7658125
full_product_pipeline,onnxruntime,single_thread,1,True,251,8301084
full_product_pipeline,onnxruntime,single_thread,1,True,252,7959250
full_product_pipeline,onnxruntime,single_thread,1,True,253,8477833
full_product_pipeline,onnxruntime,single_thread,1,True,254,5007708
full_product_pipeline,onnxruntime,single_thread,1,True,255,11044458
full_product_pipeline,onnxruntime,single_thread,1,True,256,8593000
full_product_pipeline,onnxruntime,single_thread,1,True,257,9236875
full_product_pipeline,onnxruntime,single_thread,1,True,258,8808375
full_product_pipeline,onnxruntime,single_thread,1,True,259,9338750
full_product_pipeline,onnxruntime,single_thread,1,True,260,9030750
full_product_pipeline,onnxruntime,single_thread,1,True,261,9560375
full_product_pipeline,onnxruntime,single_thread,1,True,262,5035833
full_product_pipeline,onnxruntime,single_thread,1,True,263,9764708
full_product_pipeline,onnxruntime,single_thread,1,True,264,9830000
full_product_pipeline,onnxruntime,single_thread,1,True,265,10944458
full_product_pipeline,onnxruntime,single_thread,1,True,266,10248958
full_product_pipeline,onnxruntime,single_thread,1,True,267,10388166
full_product_pipeline,onnxruntime,single_thread,1,True,268,10724583
full_product_pipeline,onnxruntime,single_thread,1,True,269,10692875
full_product_pipeline,onnxruntime,single_thread,1,True,270,5521375
full_product_pipeline,onnxruntime,single_thread,1,True,271,5169375
full_product_pipeline,onnxruntime,single_thread,1,True,272,5582209
full_product_pipeline,onnxruntime,single_thread,1,True,273,5449834
full_product_pipeline,onnxruntime,single_thread,1,True,274,5447417
full_product_pipeline,onnxruntime,single_thread,1,True,275,5915417
full_product_pipeline,onnxruntime,single_thread,1,True,276,5766542
full_product_pipeline,onnxruntime,single_thread,1,True,277,6007333
full_product_pipeline,onnxruntime,single_thread,1,True,278,6207917
full_product_pipeline,onnxruntime,single_thread,1,True,279,6282500
full_product_pipeline,onnxruntime,single_thread,1,True,280,6515708
full_product_pipeline,onnxruntime,single_thread,1,True,281,6517875
full_product_pipeline,onnxruntime,single_thread,1,True,282,6647834
full_product_pipeline,onnxruntime,single_thread,1,True,283,6826292
full_product_pipeline,onnxruntime,single_thread,1,True,284,7939500
full_product_pipeline,onnxruntime,single_thread,1,True,285,8956417
full_product_pipeline,onnxruntime,single_thread,1,True,286,5984875
full_product_pipeline,onnxruntime,single_thread,1,True,287,18389000
full_product_pipeline,onnxruntime,single_thread,1,True,288,14666583
full_product_pipeline,onnxruntime,single_thread,1,True,289,15736708
full_product_pipeline,onnxruntime,single_thread,1,True,290,11320375
full_product_pipeline,onnxruntime,single_thread,1,True,291,8896417
full_product_pipeline,onnxruntime,single_thread,1,True,292,9421167
full_product_pipeline,onnxruntime,single_thread,1,True,293,11437875
full_product_pipeline,onnxruntime,single_thread,1,True,294,5346833
full_product_pipeline,onnxruntime,single_thread,1,True,295,8251875
full_product_pipeline,onnxruntime,single_thread,1,True,296,8681334
full_product_pipeline,onnxruntime,single_thread,1,True,297,8583333
full_product_pipeline,onnxruntime,single_thread,1,True,298,8780250
full_product_pipeline,onnxruntime,single_thread,1,True,299,8647125
full_product_pipeline,onnxruntime,single_thread,1,True,300,9391542
full_product_pipeline,onnxruntime,single_thread,1,True,301,9311166
full_product_pipeline,onnxruntime,single_thread,1,True,302,4919375
full_product_pipeline,onnxruntime,single_thread,1,True,303,9246333
full_product_pipeline,onnxruntime,single_thread,1,True,304,9887333
full_product_pipeline,onnxruntime,single_thread,1,True,305,9728084
full_product_pipeline,onnxruntime,single_thread,1,True,306,9898833
full_product_pipeline,onnxruntime,single_thread,1,True,307,5416583
full_product_pipeline,onnxruntime,single_thread,1,True,308,5454500
full_product_pipeline,onnxruntime,single_thread,1,True,309,5182666
full_product_pipeline,onnxruntime,single_thread,1,True,310,5194958
full_product_pipeline,onnxruntime,single_thread,1,True,311,5094625
full_product_pipeline,onnxruntime,single_thread,1,True,312,5658125
full_product_pipeline,onnxruntime,single_thread,1,True,313,5230833
full_product_pipeline,onnxruntime,single_thread,1,True,314,5735709
full_product_pipeline,onnxruntime,single_thread,1,True,315,5533542
full_product_pipeline,onnxruntime,single_thread,1,True,316,5674500
full_product_pipeline,onnxruntime,single_thread,1,True,317,5875709
full_product_pipeline,onnxruntime,single_thread,1,True,318,5673209
full_product_pipeline,onnxruntime,single_thread,1,True,319,5748209
full_product_pipeline,onnxruntime,single_thread,1,True,320,5074459
full_product_pipeline,onnxruntime,single_thread,1,True,321,6127000
full_product_pipeline,onnxruntime,single_thread,1,True,322,6722625
full_product_pipeline,onnxruntime,single_thread,1,True,323,6559000
full_product_pipeline,onnxruntime,single_thread,1,True,324,7894833
full_product_pipeline,onnxruntime,single_thread,1,True,325,7155042
full_product_pipeline,onnxruntime,single_thread,1,True,326,6672125
full_product_pipeline,onnxruntime,single_thread,1,True,327,7248750
full_product_pipeline,onnxruntime,single_thread,1,True,328,5115708
full_product_pipeline,onnxruntime,single_thread,1,True,329,7489584
full_product_pipeline,onnxruntime,single_thread,1,True,330,7915750
full_product_pipeline,onnxruntime,single_thread,1,True,331,7733500
full_product_pipeline,onnxruntime,single_thread,1,True,332,9786084
full_product_pipeline,onnxruntime,single_thread,1,True,333,8081084
full_product_pipeline,onnxruntime,single_thread,1,True,334,8291375
full_product_pipeline,onnxruntime,single_thread,1,True,335,8233709
full_product_pipeline,onnxruntime,single_thread,1,True,336,5536042
full_product_pipeline,onnxruntime,single_thread,1,True,337,8640167
full_product_pipeline,onnxruntime,single_thread,1,True,338,8690750
full_product_pipeline,onnxruntime,single_thread,1,True,339,8647459
full_product_pipeline,onnxruntime,single_thread,1,True,340,9093125
full_product_pipeline,onnxruntime,single_thread,1,True,341,10209875
full_product_pipeline,onnxruntime,single_thread,1,True,342,9315417
full_product_pipeline,onnxruntime,single_thread,1,True,343,9285417
full_product_pipeline,onnxruntime,single_thread,1,True,344,4994458
full_product_pipeline,onnxruntime,single_thread,1,True,345,9700083
full_product_pipeline,onnxruntime,single_thread,1,True,346,9422958
full_product_pipeline,onnxruntime,single_thread,1,True,347,9563459
full_product_pipeline,onnxruntime,single_thread,1,True,348,9493459
full_product_pipeline,onnxruntime,single_thread,1,True,349,9901959
full_product_pipeline,onnxruntime,single_thread,1,True,350,9865083
full_product_pipeline,onnxruntime,single_thread,1,True,351,11266833
full_product_pipeline,onnxruntime,single_thread,1,True,352,5190417
full_product_pipeline,onnxruntime,single_thread,1,True,353,5367292
full_product_pipeline,onnxruntime,single_thread,1,True,354,5311875
full_product_pipeline,onnxruntime,single_thread,1,True,355,4833875
full_product_pipeline,onnxruntime,single_thread,1,True,356,5116000
full_product_pipeline,onnxruntime,single_thread,1,True,357,5196292
full_product_pipeline,onnxruntime,single_thread,1,True,358,5386959
full_product_pipeline,onnxruntime,single_thread,1,True,359,5601833
full_product_pipeline,onnxruntime,single_thread,1,True,360,5773125
full_product_pipeline,onnxruntime,single_thread,1,True,361,5928375
full_product_pipeline,onnxruntime,single_thread,1,True,362,5064125
full_product_pipeline,onnxruntime,single_thread,1,True,363,5033625
full_product_pipeline,onnxruntime,single_thread,1,True,364,4873750
full_product_pipeline,onnxruntime,single_thread,1,True,365,5141875
full_product_pipeline,onnxruntime,single_thread,1,True,366,5222000
full_product_pipeline,onnxruntime,single_thread,1,True,367,4869958
full_product_pipeline,onnxruntime,single_thread,1,True,368,4986083
full_product_pipeline,onnxruntime,single_thread,1,True,369,5583083
full_product_pipeline,onnxruntime,single_thread,1,True,370,5570667
full_product_pipeline,onnxruntime,single_thread,1,True,371,5995667
full_product_pipeline,onnxruntime,single_thread,1,True,372,5889708
full_product_pipeline,onnxruntime,single_thread,1,True,373,4772709
full_product_pipeline,onnxruntime,single_thread,1,True,374,5830166
full_product_pipeline,onnxruntime,single_thread,1,True,375,6303958
full_product_pipeline,onnxruntime,single_thread,1,True,376,6421958
full_product_pipeline,onnxruntime,single_thread,1,True,377,6662625
full_product_pipeline,onnxruntime,single_thread,1,True,378,6379833
full_product_pipeline,onnxruntime,single_thread,1,True,379,8515000
full_product_pipeline,onnxruntime,single_thread,1,True,380,6800708
full_product_pipeline,onnxruntime,single_thread,1,True,381,4913833
full_product_pipeline,onnxruntime,single_thread,1,True,382,7343583
full_product_pipeline,onnxruntime,single_thread,1,True,383,7033250
full_product_pipeline,onnxruntime,single_thread,1,True,384,7161208
full_product_pipeline,onnxruntime,single_thread,1,True,385,7483375
full_product_pipeline,onnxruntime,single_thread,1,True,386,7695000
full_product_pipeline,onnxruntime,single_thread,1,True,387,8258791
full_product_pipeline,onnxruntime,single_thread,1,True,388,9120291
full_product_pipeline,onnxruntime,single_thread,1,True,389,5063333
full_product_pipeline,onnxruntime,single_thread,1,True,390,8149750
full_product_pipeline,onnxruntime,single_thread,1,True,391,8612083
full_product_pipeline,onnxruntime,single_thread,1,True,392,8584417
full_product_pipeline,onnxruntime,single_thread,1,True,393,12225875
full_product_pipeline,onnxruntime,single_thread,1,True,394,8665958
full_product_pipeline,onnxruntime,single_thread,1,True,395,9015000
full_product_pipeline,onnxruntime,single_thread,1,True,396,8902875
full_product_pipeline,onnxruntime,single_thread,1,True,397,4735250
full_product_pipeline,onnxruntime,single_thread,1,True,398,9026917
full_product_pipeline,onnxruntime,single_thread,1,True,399,9636833
full_product_pipeline,onnxruntime,single_thread,1,True,400,10990000
full_product_pipeline,onnxruntime,single_thread,1,True,401,9566625
full_product_pipeline,onnxruntime,single_thread,1,True,402,9992083
full_product_pipeline,onnxruntime,single_thread,1,True,403,10835208
full_product_pipeline,onnxruntime,single_thread,1,True,404,10279959
full_product_pipeline,onnxruntime,single_thread,1,True,405,5160667
full_product_pipeline,onnxruntime,single_thread,1,True,406,4926792
full_product_pipeline,onnxruntime,single_thread,1,True,407,4927167
full_product_pipeline,onnxruntime,single_thread,1,True,408,5024833
full_product_pipeline,onnxruntime,single_thread,1,True,409,5374000
full_product_pipeline,onnxruntime,single_thread,1,True,410,6133125
full_product_pipeline,onnxruntime,single_thread,1,True,411,5375375
full_product_pipeline,onnxruntime,single_thread,1,True,412,5744458
full_product_pipeline,onnxruntime,single_thread,1,True,413,4644625
full_product_pipeline,onnxruntime,single_thread,1,True,414,6009125
full_product_pipeline,onnxruntime,single_thread,1,True,415,9279166
full_product_pipeline,onnxruntime,single_thread,1,True,416,6029959
full_product_pipeline,onnxruntime,single_thread,1,True,417,6402667
full_product_pipeline,onnxruntime,single_thread,1,True,418,6245708
full_product_pipeline,onnxruntime,single_thread,1,True,419,6365542
full_product_pipeline,onnxruntime,single_thread,1,True,420,6635750
full_product_pipeline,onnxruntime,single_thread,1,True,421,5096084
full_product_pipeline,onnxruntime,single_thread,1,True,422,6849459
full_product_pipeline,onnxruntime,single_thread,1,True,423,7159375
full_product_pipeline,onnxruntime,single_thread,1,True,424,7075375
full_product_pipeline,onnxruntime,single_thread,1,True,425,7417167
full_product_pipeline,onnxruntime,single_thread,1,True,426,7420292
full_product_pipeline,onnxruntime,single_thread,1,True,427,10297750
full_product_pipeline,onnxruntime,single_thread,1,True,428,7581666
full_product_pipeline,onnxruntime,single_thread,1,True,429,4900792
full_product_pipeline,onnxruntime,single_thread,1,True,430,8180167
full_product_pipeline,onnxruntime,single_thread,1,True,431,8485666
full_product_pipeline,onnxruntime,single_thread,1,True,432,10390500
full_product_pipeline,onnxruntime,single_thread,1,True,433,8382709
full_product_pipeline,onnxruntime,single_thread,1,True,434,9053833
full_product_pipeline,onnxruntime,single_thread,1,True,435,9411000
full_product_pipeline,onnxruntime,single_thread,1,True,436,9696875
full_product_pipeline,onnxruntime,single_thread,1,True,437,5033875
full_product_pipeline,onnxruntime,single_thread,1,True,438,8934625
full_product_pipeline,onnxruntime,single_thread,1,True,439,9409833
full_product_pipeline,onnxruntime,single_thread,1,True,440,9206625
full_product_pipeline,onnxruntime,single_thread,1,True,441,9629833
full_product_pipeline,onnxruntime,single_thread,1,True,442,5212292
full_product_pipeline,onnxruntime,single_thread,1,True,443,5124417
full_product_pipeline,onnxruntime,single_thread,1,True,444,5327667
full_product_pipeline,onnxruntime,single_thread,1,True,445,5067459
full_product_pipeline,onnxruntime,single_thread,1,True,446,4771583
full_product_pipeline,onnxruntime,single_thread,1,True,447,5260583
full_product_pipeline,onnxruntime,single_thread,1,True,448,4810583
full_product_pipeline,onnxruntime,single_thread,1,True,449,4927417
full_product_pipeline,onnxruntime,single_thread,1,True,450,5351708
full_product_pipeline,onnxruntime,single_thread,1,True,451,5207250
full_product_pipeline,onnxruntime,single_thread,1,True,452,5225500
full_product_pipeline,onnxruntime,single_thread,1,True,453,5701625
full_product_pipeline,onnxruntime,single_thread,1,True,454,5648334
full_product_pipeline,onnxruntime,single_thread,1,True,455,4924375
full_product_pipeline,onnxruntime,single_thread,1,True,456,6389666
full_product_pipeline,onnxruntime,single_thread,1,True,457,6352834
full_product_pipeline,onnxruntime,single_thread,1,True,458,6481125
full_product_pipeline,onnxruntime,single_thread,1,True,459,6791167
full_product_pipeline,onnxruntime,single_thread,1,True,460,6736417
full_product_pipeline,onnxruntime,single_thread,1,True,461,6858417
full_product_pipeline,onnxruntime,single_thread,1,True,462,9178459
full_product_pipeline,onnxruntime,single_thread,1,True,463,4866750
full_product_pipeline,onnxruntime,single_thread,1,True,464,7329041
full_product_pipeline,onnxruntime,single_thread,1,True,465,7066708
full_product_pipeline,onnxruntime,single_thread,1,True,466,7810042
full_product_pipeline,onnxruntime,single_thread,1,True,467,7655917
full_product_pipeline,onnxruntime,single_thread,1,True,468,7582459
full_product_pipeline,onnxruntime,single_thread,1,True,469,7532125
full_product_pipeline,onnxruntime,single_thread,1,True,470,7972667
full_product_pipeline,onnxruntime,single_thread,1,True,471,4888334
full_product_pipeline,onnxruntime,single_thread,1,True,472,7972375
full_product_pipeline,onnxruntime,single_thread,1,True,473,8485792
full_product_pipeline,onnxruntime,single_thread,1,True,474,8189292
full_product_pipeline,onnxruntime,single_thread,1,True,475,14130125
full_product_pipeline,onnxruntime,single_thread,1,True,476,8900916
full_product_pipeline,onnxruntime,single_thread,1,True,477,8600916
full_product_pipeline,onnxruntime,single_thread,1,True,478,9017875
full_product_pipeline,onnxruntime,single_thread,1,True,479,4761541
full_product_pipeline,onnxruntime,single_thread,1,True,480,9275541
full_product_pipeline,onnxruntime,single_thread,1,True,481,9286167
full_product_pipeline,onnxruntime,single_thread,1,True,482,12293208
full_product_pipeline,onnxruntime,single_thread,1,True,483,9725791
full_product_pipeline,onnxruntime,single_thread,1,True,484,9587792
full_product_pipeline,onnxruntime,single_thread,1,True,485,9811333
full_product_pipeline,onnxruntime,single_thread,1,True,486,9819959
full_product_pipeline,onnxruntime,single_thread,1,True,487,5385709
full_product_pipeline,onnxruntime,single_thread,1,True,488,4863708
full_product_pipeline,onnxruntime,single_thread,1,True,489,5032292
full_product_pipeline,onnxruntime,single_thread,1,True,490,4984417
full_product_pipeline,onnxruntime,single_thread,1,True,491,5078375
full_product_pipeline,onnxruntime,single_thread,1,True,492,5079000
full_product_pipeline,onnxruntime,single_thread,1,True,493,5103500
full_product_pipeline,onnxruntime,single_thread,1,True,494,5726292
full_product_pipeline,onnxruntime,single_thread,1,True,495,8859417
full_product_pipeline,onnxruntime,single_thread,1,True,496,8618875
full_product_pipeline,onnxruntime,single_thread,1,True,497,4700417
full_product_pipeline,onnxruntime,single_thread,1,True,498,5015417
full_product_pipeline,onnxruntime,single_thread,1,True,499,5018542
full_product_pipeline,onnxruntime,single_thread,1,True,500,5091708
full_product_pipeline,onnxruntime,single_thread,1,True,501,4755667
full_product_pipeline,onnxruntime,single_thread,1,True,502,5032375
full_product_pipeline,onnxruntime,single_thread,1,True,503,5074917
full_product_pipeline,onnxruntime,single_thread,1,True,504,5154125
full_product_pipeline,onnxruntime,single_thread,1,True,505,5543458
full_product_pipeline,onnxruntime,single_thread,1,True,506,5531792
full_product_pipeline,onnxruntime,single_thread,1,True,507,5515208
full_product_pipeline,onnxruntime,single_thread,1,True,508,4748250
full_product_pipeline,onnxruntime,single_thread,1,True,509,5968125
full_product_pipeline,onnxruntime,single_thread,1,True,510,5955208
full_product_pipeline,onnxruntime,single_thread,1,True,511,6281084
full_product_pipeline,onnxruntime,single_thread,1,True,512,6225875
full_product_pipeline,onnxruntime,single_thread,1,True,513,13419083
full_product_pipeline,onnxruntime,single_thread,1,True,514,6548166
full_product_pipeline,onnxruntime,single_thread,1,True,515,6806250
full_product_pipeline,onnxruntime,single_thread,1,True,516,4746542
full_product_pipeline,onnxruntime,single_thread,1,True,517,6912666
full_product_pipeline,onnxruntime,single_thread,1,True,518,7336125
full_product_pipeline,onnxruntime,single_thread,1,True,519,7221959
full_product_pipeline,onnxruntime,single_thread,1,True,520,7550708
full_product_pipeline,onnxruntime,single_thread,1,True,521,7495791
full_product_pipeline,onnxruntime,single_thread,1,True,522,7738583
full_product_pipeline,onnxruntime,single_thread,1,True,523,8185833
full_product_pipeline,onnxruntime,single_thread,1,True,524,4897458
full_product_pipeline,onnxruntime,single_thread,1,True,525,8261541
full_product_pipeline,onnxruntime,single_thread,1,True,526,8128791
full_product_pipeline,onnxruntime,single_thread,1,True,527,8529333
full_product_pipeline,onnxruntime,single_thread,1,True,528,8422792
full_product_pipeline,onnxruntime,single_thread,1,True,529,8924791
full_product_pipeline,onnxruntime,single_thread,1,True,530,10880625
full_product_pipeline,onnxruntime,single_thread,1,True,531,9412625
full_product_pipeline,onnxruntime,single_thread,1,True,532,4946291
full_product_pipeline,onnxruntime,single_thread,1,True,533,9945208
full_product_pipeline,onnxruntime,single_thread,1,True,534,12762667
full_product_pipeline,onnxruntime,single_thread,1,True,535,10390834
full_product_pipeline,onnxruntime,single_thread,1,True,536,10560125
full_product_pipeline,onnxruntime,single_thread,1,True,537,10568125
full_product_pipeline,onnxruntime,single_thread,1,True,538,10388583
full_product_pipeline,onnxruntime,single_thread,1,True,539,10884541
full_product_pipeline,onnxruntime,single_thread,1,True,540,5496666
full_product_pipeline,onnxruntime,single_thread,1,True,541,5264958
full_product_pipeline,onnxruntime,single_thread,1,True,542,5159875
full_product_pipeline,onnxruntime,single_thread,1,True,543,5038709
full_product_pipeline,onnxruntime,single_thread,1,True,544,5132334
full_product_pipeline,onnxruntime,single_thread,1,True,545,5596917
full_product_pipeline,onnxruntime,single_thread,1,True,546,5391500
full_product_pipeline,onnxruntime,single_thread,1,True,547,5452417
full_product_pipeline,onnxruntime,single_thread,1,True,548,4941750
full_product_pipeline,onnxruntime,single_thread,1,True,549,5793584
full_product_pipeline,onnxruntime,single_thread,1,True,550,5887625
full_product_pipeline,onnxruntime,single_thread,1,True,551,6185375
full_product_pipeline,onnxruntime,single_thread,1,True,552,6075167
full_product_pipeline,onnxruntime,single_thread,1,True,553,6478334
full_product_pipeline,onnxruntime,single_thread,1,True,554,6494250
full_product_pipeline,onnxruntime,single_thread,1,True,555,6553333
full_product_pipeline,onnxruntime,single_thread,1,True,556,4900916
full_product_pipeline,onnxruntime,single_thread,1,True,557,6803417
full_product_pipeline,onnxruntime,single_thread,1,True,558,6963458
full_product_pipeline,onnxruntime,single_thread,1,True,559,7566792
full_product_pipeline,onnxruntime,single_thread,1,True,560,7123958
full_product_pipeline,onnxruntime,single_thread,1,True,561,7724958
full_product_pipeline,onnxruntime,single_thread,1,True,562,7579459
full_product_pipeline,onnxruntime,single_thread,1,True,563,7872167
full_product_pipeline,onnxruntime,single_thread,1,True,564,4733917
full_product_pipeline,onnxruntime,single_thread,1,True,565,8041042
full_product_pipeline,onnxruntime,single_thread,1,True,566,8439209
full_product_pipeline,onnxruntime,single_thread,1,True,567,8536666
full_product_pipeline,onnxruntime,single_thread,1,True,568,8259333
full_product_pipeline,onnxruntime,single_thread,1,True,569,8620125
full_product_pipeline,onnxruntime,single_thread,1,True,570,9126167
full_product_pipeline,onnxruntime,single_thread,1,True,571,9152291
full_product_pipeline,onnxruntime,single_thread,1,True,572,4983666
full_product_pipeline,onnxruntime,single_thread,1,True,573,9700166
full_product_pipeline,onnxruntime,single_thread,1,True,574,9914792
full_product_pipeline,onnxruntime,single_thread,1,True,575,10342542
full_product_pipeline,onnxruntime,single_thread,1,True,576,10172708
full_product_pipeline,onnxruntime,single_thread,1,True,577,5628166
full_product_pipeline,onnxruntime,single_thread,1,True,578,5127708
full_product_pipeline,onnxruntime,single_thread,1,True,579,5229667
full_product_pipeline,onnxruntime,single_thread,1,True,580,5703084
full_product_pipeline,onnxruntime,single_thread,1,True,581,5236875
full_product_pipeline,onnxruntime,single_thread,1,True,582,5425458
full_product_pipeline,onnxruntime,single_thread,1,True,583,5403708
full_product_pipeline,onnxruntime,single_thread,1,True,584,5253083
full_product_pipeline,onnxruntime,single_thread,1,True,585,5489500
full_product_pipeline,onnxruntime,single_thread,1,True,586,5715125
full_product_pipeline,onnxruntime,single_thread,1,True,587,5681042
full_product_pipeline,onnxruntime,single_thread,1,True,588,5675333
full_product_pipeline,onnxruntime,single_thread,1,True,589,6280459
full_product_pipeline,onnxruntime,single_thread,1,True,590,4918667
full_product_pipeline,onnxruntime,single_thread,1,True,591,6112417
full_product_pipeline,onnxruntime,single_thread,1,True,592,8100167
full_product_pipeline,onnxruntime,single_thread,1,True,593,6418667
full_product_pipeline,onnxruntime,single_thread,1,True,594,6911250
full_product_pipeline,onnxruntime,single_thread,1,True,595,6654667
full_product_pipeline,onnxruntime,single_thread,1,True,596,6724583
full_product_pipeline,onnxruntime,single_thread,1,True,597,7400209
full_product_pipeline,onnxruntime,single_thread,1,True,598,4970291
full_product_pipeline,onnxruntime,single_thread,1,True,599,7628791
full_product_pipeline,onnxruntime,single_thread,1,True,600,7442000
full_product_pipeline,onnxruntime,single_thread,1,True,601,7582291
full_product_pipeline,onnxruntime,single_thread,1,True,602,7763708
full_product_pipeline,onnxruntime,single_thread,1,True,603,7840000
full_product_pipeline,onnxruntime,single_thread,1,True,604,8276667
full_product_pipeline,onnxruntime,single_thread,1,True,605,8389417
full_product_pipeline,onnxruntime,single_thread,1,True,606,5416750
full_product_pipeline,onnxruntime,single_thread,1,True,607,8492375
full_product_pipeline,onnxruntime,single_thread,1,True,608,8738334
full_product_pipeline,onnxruntime,single_thread,1,True,609,8660666
full_product_pipeline,onnxruntime,single_thread,1,True,610,9043667
full_product_pipeline,onnxruntime,single_thread,1,True,611,8871000
full_product_pipeline,onnxruntime,single_thread,1,True,612,9328167
full_product_pipeline,onnxruntime,single_thread,1,True,613,9262958
full_product_pipeline,onnxruntime,single_thread,1,True,614,4956333
full_product_pipeline,onnxruntime,single_thread,1,True,615,9456875
full_product_pipeline,onnxruntime,single_thread,1,True,616,9745416
full_product_pipeline,onnxruntime,single_thread,1,True,617,12266917
full_product_pipeline,onnxruntime,single_thread,1,True,618,9634792
full_product_pipeline,onnxruntime,single_thread,1,True,619,10012084
full_product_pipeline,onnxruntime,single_thread,1,True,620,9786958
full_product_pipeline,onnxruntime,single_thread,1,True,621,10161708
full_product_pipeline,onnxruntime,single_thread,1,True,622,5115834
full_product_pipeline,onnxruntime,single_thread,1,True,623,4984958
full_product_pipeline,onnxruntime,single_thread,1,True,624,5011333
full_product_pipeline,onnxruntime,single_thread,1,True,625,4772542
full_product_pipeline,onnxruntime,single_thread,1,True,626,5172292
full_product_pipeline,onnxruntime,single_thread,1,True,627,5176833
full_product_pipeline,onnxruntime,single_thread,1,True,628,5282625
full_product_pipeline,onnxruntime,single_thread,1,True,629,5464667
full_product_pipeline,onnxruntime,single_thread,1,True,630,5476375
full_product_pipeline,onnxruntime,single_thread,1,True,631,5514167
full_product_pipeline,onnxruntime,single_thread,1,True,632,4662542
full_product_pipeline,onnxruntime,single_thread,1,True,633,5328167
full_product_pipeline,onnxruntime,single_thread,1,True,634,5003458
full_product_pipeline,onnxruntime,single_thread,1,True,635,5395583
full_product_pipeline,onnxruntime,single_thread,1,True,636,5272958
full_product_pipeline,onnxruntime,single_thread,1,True,637,5188542
full_product_pipeline,onnxruntime,single_thread,1,True,638,5242125
full_product_pipeline,onnxruntime,single_thread,1,True,639,5561292
full_product_pipeline,onnxruntime,single_thread,1,True,640,5595208
full_product_pipeline,onnxruntime,single_thread,1,True,641,5857500
full_product_pipeline,onnxruntime,single_thread,1,True,642,5922875
full_product_pipeline,onnxruntime,single_thread,1,True,643,4921541
full_product_pipeline,onnxruntime,single_thread,1,True,644,6082208
full_product_pipeline,onnxruntime,single_thread,1,True,645,6349875
full_product_pipeline,onnxruntime,single_thread,1,True,646,6163917
full_product_pipeline,onnxruntime,single_thread,1,True,647,6391083
full_product_pipeline,onnxruntime,single_thread,1,True,648,6528875
full_product_pipeline,onnxruntime,single_thread,1,True,649,6773667
full_product_pipeline,onnxruntime,single_thread,1,True,650,6879125
full_product_pipeline,onnxruntime,single_thread,1,True,651,4672083
full_product_pipeline,onnxruntime,single_thread,1,True,652,6898375
full_product_pipeline,onnxruntime,single_thread,1,True,653,7385542
full_product_pipeline,onnxruntime,single_thread,1,True,654,7211584
full_product_pipeline,onnxruntime,single_thread,1,True,655,7559917
full_product_pipeline,onnxruntime,single_thread,1,True,656,9204000
full_product_pipeline,onnxruntime,single_thread,1,True,657,7803916
full_product_pipeline,onnxruntime,single_thread,1,True,658,7643334
full_product_pipeline,onnxruntime,single_thread,1,True,659,4895666
full_product_pipeline,onnxruntime,single_thread,1,True,660,8132000
full_product_pipeline,onnxruntime,single_thread,1,True,661,8263500
full_product_pipeline,onnxruntime,single_thread,1,True,662,8231250
full_product_pipeline,onnxruntime,single_thread,1,True,663,8412084
full_product_pipeline,onnxruntime,single_thread,1,True,664,8506417
full_product_pipeline,onnxruntime,single_thread,1,True,665,8801708
full_product_pipeline,onnxruntime,single_thread,1,True,666,8674541
full_product_pipeline,onnxruntime,single_thread,1,True,667,4701458
full_product_pipeline,onnxruntime,single_thread,1,True,668,9665500
full_product_pipeline,onnxruntime,single_thread,1,True,669,10091084
full_product_pipeline,onnxruntime,single_thread,1,True,670,12195583
full_product_pipeline,onnxruntime,single_thread,1,True,671,13192375
full_product_pipeline,onnxruntime,single_thread,1,True,672,10531334
full_product_pipeline,onnxruntime,single_thread,1,True,673,10351917
full_product_pipeline,onnxruntime,single_thread,1,True,674,10976250
full_product_pipeline,onnxruntime,single_thread,1,True,675,5426208
full_product_pipeline,onnxruntime,single_thread,1,True,676,5681125
full_product_pipeline,onnxruntime,single_thread,1,True,677,5297875
full_product_pipeline,onnxruntime,single_thread,1,True,678,5314208
full_product_pipeline,onnxruntime,single_thread,1,True,679,5800291
full_product_pipeline,onnxruntime,single_thread,1,True,680,14598209
full_product_pipeline,onnxruntime,single_thread,1,True,681,5544375
full_product_pipeline,onnxruntime,single_thread,1,True,682,5517125
full_product_pipeline,onnxruntime,single_thread,1,True,683,4648458
full_product_pipeline,onnxruntime,single_thread,1,True,684,6190833
full_product_pipeline,onnxruntime,single_thread,1,True,685,5843709
full_product_pipeline,onnxruntime,single_thread,1,True,686,6304625
full_product_pipeline,onnxruntime,single_thread,1,True,687,6118791
full_product_pipeline,onnxruntime,single_thread,1,True,688,6240333
full_product_pipeline,onnxruntime,single_thread,1,True,689,6398250
full_product_pipeline,onnxruntime,single_thread,1,True,690,6458458
full_product_pipeline,onnxruntime,single_thread,1,True,691,4575042
full_product_pipeline,onnxruntime,single_thread,1,True,692,7122250
full_product_pipeline,onnxruntime,single_thread,1,True,693,6863750
full_product_pipeline,onnxruntime,single_thread,1,True,694,7413083
full_product_pipeline,onnxruntime,single_thread,1,True,695,7289958
full_product_pipeline,onnxruntime,single_thread,1,True,696,7499167
full_product_pipeline,onnxruntime,single_thread,1,True,697,8334834
full_product_pipeline,onnxruntime,single_thread,1,True,698,7613041
full_product_pipeline,onnxruntime,single_thread,1,True,699,5029125
full_product_pipeline,onnxruntime,single_thread,1,True,700,7945542
full_product_pipeline,onnxruntime,single_thread,1,True,701,8222375
full_product_pipeline,onnxruntime,single_thread,1,True,702,8248042
full_product_pipeline,onnxruntime,single_thread,1,True,703,8631000
full_product_pipeline,onnxruntime,single_thread,1,True,704,8402500
full_product_pipeline,onnxruntime,single_thread,1,True,705,8799834
full_product_pipeline,onnxruntime,single_thread,1,True,706,8652958
full_product_pipeline,onnxruntime,single_thread,1,True,707,5169041
full_product_pipeline,onnxruntime,single_thread,1,True,708,9073083
full_product_pipeline,onnxruntime,single_thread,1,True,709,9473875
full_product_pipeline,onnxruntime,single_thread,1,True,710,9349458
full_product_pipeline,onnxruntime,single_thread,1,True,711,10481792
full_product_pipeline,onnxruntime,single_thread,1,True,712,5179375
full_product_pipeline,onnxruntime,single_thread,1,True,713,4876458
full_product_pipeline,onnxruntime,single_thread,1,True,714,5219667
full_product_pipeline,onnxruntime,single_thread,1,True,715,5063375
full_product_pipeline,onnxruntime,single_thread,1,True,716,4758917
full_product_pipeline,onnxruntime,single_thread,1,True,717,5502666
full_product_pipeline,onnxruntime,single_thread,1,True,718,4858209
full_product_pipeline,onnxruntime,single_thread,1,True,719,4932000
full_product_pipeline,onnxruntime,single_thread,1,True,720,5296417
full_product_pipeline,onnxruntime,single_thread,1,True,721,5218584
full_product_pipeline,onnxruntime,single_thread,1,True,722,5263792
full_product_pipeline,onnxruntime,single_thread,1,True,723,5921667
full_product_pipeline,onnxruntime,single_thread,1,True,724,5668625
full_product_pipeline,onnxruntime,single_thread,1,True,725,4694000
full_product_pipeline,onnxruntime,single_thread,1,True,726,6107333
full_product_pipeline,onnxruntime,single_thread,1,True,727,5934750
full_product_pipeline,onnxruntime,single_thread,1,True,728,6199375
full_product_pipeline,onnxruntime,single_thread,1,True,729,6549208
full_product_pipeline,onnxruntime,single_thread,1,True,730,6383291
full_product_pipeline,onnxruntime,single_thread,1,True,731,6811750
full_product_pipeline,onnxruntime,single_thread,1,True,732,8131875
full_product_pipeline,onnxruntime,single_thread,1,True,733,4841125
full_product_pipeline,onnxruntime,single_thread,1,True,734,7744167
full_product_pipeline,onnxruntime,single_thread,1,True,735,7067667
full_product_pipeline,onnxruntime,single_thread,1,True,736,7483958
full_product_pipeline,onnxruntime,single_thread,1,True,737,7298250
full_product_pipeline,onnxruntime,single_thread,1,True,738,7704166
full_product_pipeline,onnxruntime,single_thread,1,True,739,7566500
full_product_pipeline,onnxruntime,single_thread,1,True,740,7621834
full_product_pipeline,onnxruntime,single_thread,1,True,741,5168375
full_product_pipeline,onnxruntime,single_thread,1,True,742,7987666
full_product_pipeline,onnxruntime,single_thread,1,True,743,8404500
full_product_pipeline,onnxruntime,single_thread,1,True,744,8217792
full_product_pipeline,onnxruntime,single_thread,1,True,745,9077125
full_product_pipeline,onnxruntime,single_thread,1,True,746,8744875
full_product_pipeline,onnxruntime,single_thread,1,True,747,9107791
full_product_pipeline,onnxruntime,single_thread,1,True,748,9990250
full_product_pipeline,onnxruntime,single_thread,1,True,749,5136208
full_product_pipeline,onnxruntime,single_thread,1,True,750,9074334
full_product_pipeline,onnxruntime,single_thread,1,True,751,9390959
full_product_pipeline,onnxruntime,single_thread,1,True,752,9306875
full_product_pipeline,onnxruntime,single_thread,1,True,753,9790916
full_product_pipeline,onnxruntime,single_thread,1,True,754,10046375
full_product_pipeline,onnxruntime,single_thread,1,True,755,9779209
full_product_pipeline,onnxruntime,single_thread,1,True,756,10921667
full_product_pipeline,onnxruntime,single_thread,1,True,757,5314667
full_product_pipeline,onnxruntime,single_thread,1,True,758,5271791
full_product_pipeline,onnxruntime,single_thread,1,True,759,5466958
full_product_pipeline,onnxruntime,single_thread,1,True,760,5019000
full_product_pipeline,onnxruntime,single_thread,1,True,761,5044625
full_product_pipeline,onnxruntime,single_thread,1,True,762,5433750
full_product_pipeline,onnxruntime,single_thread,1,True,763,5416875
full_product_pipeline,onnxruntime,single_thread,1,True,764,5745875
full_product_pipeline,onnxruntime,single_thread,1,True,765,6297709
full_product_pipeline,onnxruntime,single_thread,1,True,766,6079041
full_product_pipeline,onnxruntime,single_thread,1,True,767,4979042
full_product_pipeline,onnxruntime,single_thread,1,True,768,5574709
full_product_pipeline,onnxruntime,single_thread,1,True,769,4846625
full_product_pipeline,onnxruntime,single_thread,1,True,770,4945542
full_product_pipeline,onnxruntime,single_thread,1,True,771,5082292
full_product_pipeline,onnxruntime,single_thread,1,True,772,4971750
full_product_pipeline,onnxruntime,single_thread,1,True,773,5028333
full_product_pipeline,onnxruntime,single_thread,1,True,774,5567917
full_product_pipeline,onnxruntime,single_thread,1,True,775,5328166
full_product_pipeline,onnxruntime,single_thread,1,True,776,5401666
full_product_pipeline,onnxruntime,single_thread,1,True,777,5945917
full_product_pipeline,onnxruntime,single_thread,1,True,778,4754792
full_product_pipeline,onnxruntime,single_thread,1,True,779,5865667
full_product_pipeline,onnxruntime,single_thread,1,True,780,6197125
full_product_pipeline,onnxruntime,single_thread,1,True,781,6165916
full_product_pipeline,onnxruntime,single_thread,1,True,782,6257834
full_product_pipeline,onnxruntime,single_thread,1,True,783,6793041
full_product_pipeline,onnxruntime,single_thread,1,True,784,6459791
full_product_pipeline,onnxruntime,single_thread,1,True,785,7058291
full_product_pipeline,onnxruntime,single_thread,1,True,786,4788875
full_product_pipeline,onnxruntime,single_thread,1,True,787,6941042
full_product_pipeline,onnxruntime,single_thread,1,True,788,7341458
full_product_pipeline,onnxruntime,single_thread,1,True,789,7076250
full_product_pipeline,onnxruntime,single_thread,1,True,790,7620500
full_product_pipeline,onnxruntime,single_thread,1,True,791,7487708
full_product_pipeline,onnxruntime,single_thread,1,True,792,7714167
full_product_pipeline,onnxruntime,single_thread,1,True,793,7742166
full_product_pipeline,onnxruntime,single_thread,1,True,794,4697500
full_product_pipeline,onnxruntime,single_thread,1,True,795,8284750
full_product_pipeline,onnxruntime,single_thread,1,True,796,8154375
full_product_pipeline,onnxruntime,single_thread,1,True,797,8411458
full_product_pipeline,onnxruntime,single_thread,1,True,798,8300291
full_product_pipeline,onnxruntime,single_thread,1,True,799,8813500
full_product_pipeline,onnxruntime,single_thread,1,True,800,8665917
full_product_pipeline,onnxruntime,single_thread,1,True,801,9113625
full_product_pipeline,onnxruntime,single_thread,1,True,802,4993042
full_product_pipeline,onnxruntime,single_thread,1,True,803,9525417
full_product_pipeline,onnxruntime,single_thread,1,True,804,9186833
full_product_pipeline,onnxruntime,single_thread,1,True,805,9587708
full_product_pipeline,onnxruntime,single_thread,1,True,806,10232209
full_product_pipeline,onnxruntime,single_thread,1,True,807,10005208
full_product_pipeline,onnxruntime,single_thread,1,True,808,10125833
full_product_pipeline,onnxruntime,single_thread,1,True,809,9934125
full_product_pipeline,onnxruntime,single_thread,1,True,810,5623209
full_product_pipeline,onnxruntime,single_thread,1,True,811,5903041
full_product_pipeline,onnxruntime,single_thread,1,True,812,5187750
full_product_pipeline,onnxruntime,single_thread,1,True,813,5652333
full_product_pipeline,onnxruntime,single_thread,1,True,814,5319833
full_product_pipeline,onnxruntime,single_thread,1,True,815,5253000
full_product_pipeline,onnxruntime,single_thread,1,True,816,5814833
full_product_pipeline,onnxruntime,single_thread,1,True,817,5797834
full_product_pipeline,onnxruntime,single_thread,1,True,818,4792750
full_product_pipeline,onnxruntime,single_thread,1,True,819,8405250
full_product_pipeline,onnxruntime,single_thread,1,True,820,5899250
full_product_pipeline,onnxruntime,single_thread,1,True,821,6429041
full_product_pipeline,onnxruntime,single_thread,1,True,822,6218792
full_product_pipeline,onnxruntime,single_thread,1,True,823,6220375
full_product_pipeline,onnxruntime,single_thread,1,True,824,6616500
full_product_pipeline,onnxruntime,single_thread,1,True,825,6528500
full_product_pipeline,onnxruntime,single_thread,1,True,826,4655291
full_product_pipeline,onnxruntime,single_thread,1,True,827,7121667
full_product_pipeline,onnxruntime,single_thread,1,True,828,7172750
full_product_pipeline,onnxruntime,single_thread,1,True,829,7336584
full_product_pipeline,onnxruntime,single_thread,1,True,830,7433417
full_product_pipeline,onnxruntime,single_thread,1,True,831,9880875
full_product_pipeline,onnxruntime,single_thread,1,True,832,7506125
full_product_pipeline,onnxruntime,single_thread,1,True,833,7928708
full_product_pipeline,onnxruntime,single_thread,1,True,834,4762959
full_product_pipeline,onnxruntime,single_thread,1,True,835,7885458
full_product_pipeline,onnxruntime,single_thread,1,True,836,8269833
full_product_pipeline,onnxruntime,single_thread,1,True,837,8005375
full_product_pipeline,onnxruntime,single_thread,1,True,838,9109667
full_product_pipeline,onnxruntime,single_thread,1,True,839,9125709
full_product_pipeline,onnxruntime,single_thread,1,True,840,9595709
full_product_pipeline,onnxruntime,single_thread,1,True,841,9581000
full_product_pipeline,onnxruntime,single_thread,1,True,842,5211291
full_product_pipeline,onnxruntime,single_thread,1,True,843,9458208
full_product_pipeline,onnxruntime,single_thread,1,True,844,9875792
full_product_pipeline,onnxruntime,single_thread,1,True,845,10239792
full_product_pipeline,onnxruntime,single_thread,1,True,846,9892000
full_product_pipeline,onnxruntime,single_thread,1,True,847,5732625
full_product_pipeline,onnxruntime,single_thread,1,True,848,5179792
full_product_pipeline,onnxruntime,single_thread,1,True,849,5207666
full_product_pipeline,onnxruntime,single_thread,1,True,850,5419917
full_product_pipeline,onnxruntime,single_thread,1,True,851,4997917
full_product_pipeline,onnxruntime,single_thread,1,True,852,4942000
full_product_pipeline,onnxruntime,single_thread,1,True,853,4704917
full_product_pipeline,onnxruntime,single_thread,1,True,854,5149583
full_product_pipeline,onnxruntime,single_thread,1,True,855,5090250
full_product_pipeline,onnxruntime,single_thread,1,True,856,5158542
full_product_pipeline,onnxruntime,single_thread,1,True,857,5326667
full_product_pipeline,onnxruntime,single_thread,1,True,858,5350750
full_product_pipeline,onnxruntime,single_thread,1,True,859,5601916
full_product_pipeline,onnxruntime,single_thread,1,True,860,4806500
full_product_pipeline,onnxruntime,single_thread,1,True,861,5771375
full_product_pipeline,onnxruntime,single_thread,1,True,862,5882167
full_product_pipeline,onnxruntime,single_thread,1,True,863,6232084
full_product_pipeline,onnxruntime,single_thread,1,True,864,6216792
full_product_pipeline,onnxruntime,single_thread,1,True,865,6338666
full_product_pipeline,onnxruntime,single_thread,1,True,866,6755542
full_product_pipeline,onnxruntime,single_thread,1,True,867,6586333
full_product_pipeline,onnxruntime,single_thread,1,True,868,4975916
full_product_pipeline,onnxruntime,single_thread,1,True,869,6983625
full_product_pipeline,onnxruntime,single_thread,1,True,870,6966000
full_product_pipeline,onnxruntime,single_thread,1,True,871,7365375
full_product_pipeline,onnxruntime,single_thread,1,True,872,8362917
full_product_pipeline,onnxruntime,single_thread,1,True,873,7585917
full_product_pipeline,onnxruntime,single_thread,1,True,874,7524417
full_product_pipeline,onnxruntime,single_thread,1,True,875,7969917
full_product_pipeline,onnxruntime,single_thread,1,True,876,4691750
full_product_pipeline,onnxruntime,single_thread,1,True,877,7987875
full_product_pipeline,onnxruntime,single_thread,1,True,878,8298750
full_product_pipeline,onnxruntime,single_thread,1,True,879,8568667
full_product_pipeline,onnxruntime,single_thread,1,True,880,9187833
full_product_pipeline,onnxruntime,single_thread,1,True,881,8677292
full_product_pipeline,onnxruntime,single_thread,1,True,882,8650459
full_product_pipeline,onnxruntime,single_thread,1,True,883,9045583
full_product_pipeline,onnxruntime,single_thread,1,True,884,4773666
full_product_pipeline,onnxruntime,single_thread,1,True,885,9083125
full_product_pipeline,onnxruntime,single_thread,1,True,886,9631875
full_product_pipeline,onnxruntime,single_thread,1,True,887,9925458
full_product_pipeline,onnxruntime,single_thread,1,True,888,9549667
full_product_pipeline,onnxruntime,single_thread,1,True,889,9820042
full_product_pipeline,onnxruntime,single_thread,1,True,890,9707166
full_product_pipeline,onnxruntime,single_thread,1,True,891,10138625
full_product_pipeline,onnxruntime,single_thread,1,True,892,5153875
full_product_pipeline,onnxruntime,single_thread,1,True,893,5162500
full_product_pipeline,onnxruntime,single_thread,1,True,894,5124458
full_product_pipeline,onnxruntime,single_thread,1,True,895,4900416
full_product_pipeline,onnxruntime,single_thread,1,True,896,5337458
full_product_pipeline,onnxruntime,single_thread,1,True,897,5344083
full_product_pipeline,onnxruntime,single_thread,1,True,898,6628417
full_product_pipeline,onnxruntime,single_thread,1,True,899,5560791
full_product_pipeline,onnxruntime,single_thread,1,True,900,5413875
full_product_pipeline,onnxruntime,single_thread,1,True,901,5564584
full_product_pipeline,onnxruntime,single_thread,1,True,902,5095666
full_product_pipeline,onnxruntime,single_thread,1,True,903,5400042
full_product_pipeline,onnxruntime,single_thread,1,True,904,4816541
full_product_pipeline,onnxruntime,single_thread,1,True,905,4986458
full_product_pipeline,onnxruntime,single_thread,1,True,906,5132166
full_product_pipeline,onnxruntime,single_thread,1,True,907,5167459
full_product_pipeline,onnxruntime,single_thread,1,True,908,5261000
full_product_pipeline,onnxruntime,single_thread,1,True,909,5646584
full_product_pipeline,onnxruntime,single_thread,1,True,910,5604042
full_product_pipeline,onnxruntime,single_thread,1,True,911,5440542
full_product_pipeline,onnxruntime,single_thread,1,True,912,5702334
full_product_pipeline,onnxruntime,single_thread,1,True,913,4596917
full_product_pipeline,onnxruntime,single_thread,1,True,914,5737625
full_product_pipeline,onnxruntime,single_thread,1,True,915,6181042
full_product_pipeline,onnxruntime,single_thread,1,True,916,6075333
full_product_pipeline,onnxruntime,single_thread,1,True,917,6144917
full_product_pipeline,onnxruntime,single_thread,1,True,918,6641792
full_product_pipeline,onnxruntime,single_thread,1,True,919,6536541
full_product_pipeline,onnxruntime,single_thread,1,True,920,6975750
full_product_pipeline,onnxruntime,single_thread,1,True,921,4732958
full_product_pipeline,onnxruntime,single_thread,1,True,922,6928625
full_product_pipeline,onnxruntime,single_thread,1,True,923,7137542
full_product_pipeline,onnxruntime,single_thread,1,True,924,7420250
full_product_pipeline,onnxruntime,single_thread,1,True,925,8500666
full_product_pipeline,onnxruntime,single_thread,1,True,926,8208875
full_product_pipeline,onnxruntime,single_thread,1,True,927,8541000
full_product_pipeline,onnxruntime,single_thread,1,True,928,8408709
full_product_pipeline,onnxruntime,single_thread,1,True,929,5308291
full_product_pipeline,onnxruntime,single_thread,1,True,930,8688500
full_product_pipeline,onnxruntime,single_thread,1,True,931,9034625
full_product_pipeline,onnxruntime,single_thread,1,True,932,8809708
full_product_pipeline,onnxruntime,single_thread,1,True,933,9388208
full_product_pipeline,onnxruntime,single_thread,1,True,934,11858083
full_product_pipeline,onnxruntime,single_thread,1,True,935,9272584
full_product_pipeline,onnxruntime,single_thread,1,True,936,11268209
full_product_pipeline,onnxruntime,single_thread,1,True,937,4806583
full_product_pipeline,onnxruntime,single_thread,1,True,938,9687041
full_product_pipeline,onnxruntime,single_thread,1,True,939,9362542
full_product_pipeline,onnxruntime,single_thread,1,True,940,9645292
full_product_pipeline,onnxruntime,single_thread,1,True,941,9654583
full_product_pipeline,onnxruntime,single_thread,1,True,942,9993375
full_product_pipeline,onnxruntime,single_thread,1,True,943,9885709
full_product_pipeline,onnxruntime,single_thread,1,True,944,10244792
full_product_pipeline,onnxruntime,single_thread,1,True,945,5174291
full_product_pipeline,onnxruntime,single_thread,1,True,946,5164125
full_product_pipeline,onnxruntime,single_thread,1,True,947,4964541
full_product_pipeline,onnxruntime,single_thread,1,True,948,5085542
full_product_pipeline,onnxruntime,single_thread,1,True,949,5433500
full_product_pipeline,onnxruntime,single_thread,1,True,950,5351917
full_product_pipeline,onnxruntime,single_thread,1,True,951,5426291
full_product_pipeline,onnxruntime,single_thread,1,True,952,5842083
full_product_pipeline,onnxruntime,single_thread,1,True,953,4690083
full_product_pipeline,onnxruntime,single_thread,1,True,954,5780542
full_product_pipeline,onnxruntime,single_thread,1,True,955,6262500
full_product_pipeline,onnxruntime,single_thread,1,True,956,6197042
full_product_pipeline,onnxruntime,single_thread,1,True,957,6161917
full_product_pipeline,onnxruntime,single_thread,1,True,958,6742792
full_product_pipeline,onnxruntime,single_thread,1,True,959,6787875
full_product_pipeline,onnxruntime,single_thread,1,True,960,7087208
full_product_pipeline,onnxruntime,single_thread,1,True,961,4850250
full_product_pipeline,onnxruntime,single_thread,1,True,962,6962917
full_product_pipeline,onnxruntime,single_thread,1,True,963,7269916
full_product_pipeline,onnxruntime,single_thread,1,True,964,7385791
full_product_pipeline,onnxruntime,single_thread,1,True,965,7849750
full_product_pipeline,onnxruntime,single_thread,1,True,966,7770917
full_product_pipeline,onnxruntime,single_thread,1,True,967,7847458
full_product_pipeline,onnxruntime,single_thread,1,True,968,7617875
full_product_pipeline,onnxruntime,single_thread,1,True,969,4684208
full_product_pipeline,onnxruntime,single_thread,1,True,970,8292625
full_product_pipeline,onnxruntime,single_thread,1,True,971,8359833
full_product_pipeline,onnxruntime,single_thread,1,True,972,8457792
full_product_pipeline,onnxruntime,single_thread,1,True,973,8333167
full_product_pipeline,onnxruntime,single_thread,1,True,974,8735834
full_product_pipeline,onnxruntime,single_thread,1,True,975,8925458
full_product_pipeline,onnxruntime,single_thread,1,True,976,9112084
full_product_pipeline,onnxruntime,single_thread,1,True,977,4733250
full_product_pipeline,onnxruntime,single_thread,1,True,978,9196208
full_product_pipeline,onnxruntime,single_thread,1,True,979,9123000
full_product_pipeline,onnxruntime,single_thread,1,True,980,9444625
full_product_pipeline,onnxruntime,single_thread,1,True,981,9704542
full_product_pipeline,onnxruntime,single_thread,1,True,982,5451209
full_product_pipeline,onnxruntime,single_thread,1,True,983,4787958
full_product_pipeline,onnxruntime,single_thread,1,True,984,4962375
full_product_pipeline,onnxruntime,single_thread,1,True,985,5353167
full_product_pipeline,onnxruntime,single_thread,1,True,986,5648250
full_product_pipeline,onnxruntime,single_thread,1,True,987,4833541
full_product_pipeline,onnxruntime,single_thread,1,True,988,4791417
full_product_pipeline,onnxruntime,single_thread,1,True,989,4791250
full_product_pipeline,onnxruntime,single_thread,1,True,990,4862542
full_product_pipeline,onnxruntime,single_thread,1,True,991,5178000
full_product_pipeline,onnxruntime,single_thread,1,True,992,5283417
full_product_pipeline,onnxruntime,single_thread,1,True,993,5416625
full_product_pipeline,onnxruntime,single_thread,1,True,994,5551959
full_product_pipeline,onnxruntime,single_thread,1,True,995,4811666
full_product_pipeline,onnxruntime,single_thread,1,True,996,5824208
full_product_pipeline,onnxruntime,single_thread,1,True,997,6397417
full_product_pipeline,onnxruntime,single_thread,1,True,998,6174083
full_product_pipeline,onnxruntime,single_thread,1,True,999,6167500
