variant,thread_count,iteration,benchmark_split,benchmark_window_index,duration_ns
fp32,1,0,validation,0,706166
fp32,1,1,validation,1,694000
fp32,1,2,validation,2,693584
fp32,1,3,validation,3,717125
fp32,1,4,validation,4,787917
fp32,1,5,validation,5,693084
fp32,1,6,validation,6,694250
fp32,1,7,validation,7,691833
fp32,1,8,validation,8,692375
fp32,1,9,validation,9,694292
fp32,1,10,validation,10,692458
fp32,1,11,validation,11,692916
fp32,1,12,validation,12,691916
fp32,1,13,validation,13,693667
fp32,1,14,validation,14,715333
fp32,1,15,validation,15,693333
fp32,1,16,validation,16,763709
fp32,1,17,validation,17,1008084
fp32,1,18,validation,18,870250
fp32,1,19,validation,19,775708
fp32,1,20,validation,20,761500
fp32,1,21,validation,21,732458
fp32,1,22,validation,22,697292
fp32,1,23,validation,23,694167
fp32,1,24,validation,24,700541
fp32,1,25,validation,25,697750
fp32,1,26,validation,26,693833
fp32,1,27,validation,27,1089334
fp32,1,28,validation,28,782292
fp32,1,29,validation,29,755625
fp32,1,30,validation,30,852542
fp32,1,31,validation,31,705542
fp32,1,32,validation,32,704958
fp32,1,33,validation,33,704208
fp32,1,34,validation,34,704208
fp32,1,35,validation,35,705125
fp32,1,36,validation,36,703458
fp32,1,37,validation,37,704000
fp32,1,38,validation,38,694459
fp32,1,39,validation,39,692167
fp32,1,40,validation,40,692667
fp32,1,41,validation,41,693500
fp32,1,42,validation,42,694458
fp32,1,43,validation,43,693750
fp32,1,44,validation,44,706583
fp32,1,45,validation,45,722541
fp32,1,46,validation,46,696083
fp32,1,47,validation,47,693333
fp32,1,48,validation,48,696250
fp32,1,49,validation,49,722375
fp32,1,50,validation,50,802292
fp32,1,51,validation,51,705666
fp32,1,52,validation,52,694166
fp32,1,53,validation,53,694083
fp32,1,54,validation,54,693500
fp32,1,55,validation,55,693708
fp32,1,56,validation,56,693250
fp32,1,57,validation,57,694875
fp32,1,58,validation,58,694208
fp32,1,59,validation,59,694458
fp32,1,60,validation,60,713709
fp32,1,61,validation,61,693750
fp32,1,62,validation,62,692250
fp32,1,63,validation,63,693041
fp32,1,64,validation,64,695416
fp32,1,65,validation,65,694000
fp32,1,66,validation,66,703042
fp32,1,67,validation,67,737667
fp32,1,68,validation,68,710959
fp32,1,69,validation,69,707625
fp32,1,70,validation,70,692459
fp32,1,71,validation,71,694292
fp32,1,72,validation,72,695667
fp32,1,73,validation,73,803375
fp32,1,74,validation,74,734875
fp32,1,75,validation,75,699584
fp32,1,76,validation,76,699542
fp32,1,77,validation,77,728416
fp32,1,78,validation,78,695166
fp32,1,79,validation,79,696625
fp32,1,80,validation,80,697667
fp32,1,81,validation,81,694000
fp32,1,82,validation,82,693834
fp32,1,83,validation,83,695208
fp32,1,84,validation,84,705916
fp32,1,85,validation,85,694166
fp32,1,86,validation,86,692916
fp32,1,87,validation,87,696458
fp32,1,88,validation,88,693959
fp32,1,89,validation,89,693875
fp32,1,90,validation,90,693542
fp32,1,91,validation,91,720959
fp32,1,92,validation,92,722875
fp32,1,93,validation,93,694250
fp32,1,94,validation,94,697250
fp32,1,95,validation,95,697500
fp32,1,96,validation,96,710458
fp32,1,97,validation,97,836458
fp32,1,98,validation,98,706209
fp32,1,99,validation,99,701500
fp32,1,100,validation,100,700750
fp32,1,101,validation,101,696834
fp32,1,102,validation,102,694625
fp32,1,103,validation,103,698042
fp32,1,104,validation,104,701625
fp32,1,105,validation,105,694667
fp32,1,106,validation,106,697084
fp32,1,107,validation,107,711542
fp32,1,108,validation,108,693083
fp32,1,109,validation,109,694792
fp32,1,110,validation,110,694667
fp32,1,111,validation,111,697208
fp32,1,112,validation,112,694916
fp32,1,113,validation,113,694166
fp32,1,114,validation,114,694166
fp32,1,115,validation,115,768666
fp32,1,116,validation,116,710166
fp32,1,117,validation,117,705666
fp32,1,118,validation,118,696708
fp32,1,119,validation,119,703833
fp32,1,120,validation,120,790792
fp32,1,121,validation,121,705500
fp32,1,122,validation,122,693875
fp32,1,123,validation,123,696125
fp32,1,124,validation,124,702500
fp32,1,125,validation,125,696833
fp32,1,126,validation,126,697541
fp32,1,127,validation,127,699875
fp32,1,128,validation,128,696292
fp32,1,129,validation,129,697500
fp32,1,130,validation,130,697125
fp32,1,131,validation,131,707417
fp32,1,132,validation,132,694792
fp32,1,133,validation,133,694291
fp32,1,134,validation,134,694375
fp32,1,135,validation,135,696083
fp32,1,136,validation,136,694833
fp32,1,137,validation,137,695000
fp32,1,138,validation,138,717667
fp32,1,139,validation,139,716917
fp32,1,140,validation,140,708333
fp32,1,141,validation,141,694333
fp32,1,142,validation,142,694916
fp32,1,143,validation,143,697958
fp32,1,144,validation,144,821667
fp32,1,145,validation,145,699334
fp32,1,146,validation,146,712500
fp32,1,147,validation,147,696875
fp32,1,148,validation,148,705250
fp32,1,149,validation,149,692250
fp32,1,150,validation,150,696625
fp32,1,151,validation,151,695917
fp32,1,152,validation,152,693959
fp32,1,153,validation,153,693792
fp32,1,154,validation,0,693083
fp32,1,155,validation,1,704875
fp32,1,156,validation,2,691917
fp32,1,157,validation,3,693250
fp32,1,158,validation,4,695292
fp32,1,159,validation,5,700333
fp32,1,160,validation,6,694167
fp32,1,161,validation,7,692541
fp32,1,162,validation,8,692000
fp32,1,163,validation,9,692792
fp32,1,164,validation,10,697750
fp32,1,165,validation,11,705541
fp32,1,166,validation,12,696375
fp32,1,167,validation,13,697250
fp32,1,168,validation,14,812958
fp32,1,169,validation,15,698625
fp32,1,170,validation,16,730084
fp32,1,171,validation,17,697375
fp32,1,172,validation,18,698875
fp32,1,173,validation,19,693709
fp32,1,174,validation,20,703625
fp32,1,175,validation,21,693292
fp32,1,176,validation,22,697375
fp32,1,177,validation,23,696666
fp32,1,178,validation,24,717291
fp32,1,179,validation,25,693750
fp32,1,180,validation,26,693875
fp32,1,181,validation,27,694250
fp32,1,182,validation,28,697375
fp32,1,183,validation,29,694250
fp32,1,184,validation,30,693834
fp32,1,185,validation,31,699542
fp32,1,186,validation,32,746583
fp32,1,187,validation,33,707708
fp32,1,188,validation,34,705916
fp32,1,189,validation,35,694417
fp32,1,190,validation,36,695958
fp32,1,191,validation,37,798542
fp32,1,192,validation,38,729250
fp32,1,193,validation,39,697083
fp32,1,194,validation,40,701416
fp32,1,195,validation,41,692750
fp32,1,196,validation,42,696709
fp32,1,197,validation,43,697917
fp32,1,198,validation,44,696875
fp32,1,199,validation,45,693625
fp32,1,200,validation,46,693667
fp32,1,201,validation,47,696292
fp32,1,202,validation,48,710292
fp32,1,203,validation,49,692625
fp32,1,204,validation,50,693292
fp32,1,205,validation,51,692833
fp32,1,206,validation,52,695292
fp32,1,207,validation,53,694125
fp32,1,208,validation,54,692875
fp32,1,209,validation,55,736792
fp32,1,210,validation,56,711125
fp32,1,211,validation,57,710125
fp32,1,212,validation,58,708792
fp32,1,213,validation,59,693875
fp32,1,214,validation,60,693875
fp32,1,215,validation,61,836375
fp32,1,216,validation,62,697667
fp32,1,217,validation,63,698833
fp32,1,218,validation,64,692166
fp32,1,219,validation,65,693917
fp32,1,220,validation,66,694167
fp32,1,221,validation,67,691625
fp32,1,222,validation,68,703833
fp32,1,223,validation,69,696709
fp32,1,224,validation,70,697625
fp32,1,225,validation,71,693958
fp32,1,226,validation,72,704875
fp32,1,227,validation,73,694458
fp32,1,228,validation,74,691959
fp32,1,229,validation,75,695208
fp32,1,230,validation,76,692875
fp32,1,231,validation,77,693208
fp32,1,232,validation,78,692541
fp32,1,233,validation,79,744334
fp32,1,234,validation,80,768125
fp32,1,235,validation,81,774916
fp32,1,236,validation,82,696250
fp32,1,237,validation,83,706208
fp32,1,238,validation,84,750500
fp32,1,239,validation,85,741375
fp32,1,240,validation,86,693833
fp32,1,241,validation,87,694500
fp32,1,242,validation,88,697875
fp32,1,243,validation,89,694000
fp32,1,244,validation,90,693959
fp32,1,245,validation,91,693375
fp32,1,246,validation,92,697083
fp32,1,247,validation,93,697750
fp32,1,248,validation,94,693458
fp32,1,249,validation,95,710959
fp32,1,250,validation,96,694167
fp32,1,251,validation,97,694125
fp32,1,252,validation,98,695000
fp32,1,253,validation,99,695833
fp32,1,254,validation,100,715791
fp32,1,255,validation,101,713000
fp32,1,256,validation,102,693458
fp32,1,257,validation,103,728208
fp32,1,258,validation,104,705542
fp32,1,259,validation,105,711209
fp32,1,260,validation,106,696291
fp32,1,261,validation,107,738166
fp32,1,262,validation,108,751375
fp32,1,263,validation,109,727375
fp32,1,264,validation,110,723167
fp32,1,265,validation,111,695166
fp32,1,266,validation,112,697083
fp32,1,267,validation,113,694125
fp32,1,268,validation,114,695125
fp32,1,269,validation,115,694042
fp32,1,270,validation,116,696167
fp32,1,271,validation,117,697542
fp32,1,272,validation,118,698167
fp32,1,273,validation,119,694375
fp32,1,274,validation,120,693375
fp32,1,275,validation,121,695250
fp32,1,276,validation,122,696625
fp32,1,277,validation,123,696917
fp32,1,278,validation,124,695875
fp32,1,279,validation,125,693625
fp32,1,280,validation,126,698000
fp32,1,281,validation,127,737875
fp32,1,282,validation,128,721958
fp32,1,283,validation,129,716792
fp32,1,284,validation,130,718667
fp32,1,285,validation,131,695333
fp32,1,286,validation,132,856292
fp32,1,287,validation,133,694583
fp32,1,288,validation,134,693625
fp32,1,289,validation,135,704417
fp32,1,290,validation,136,697125
fp32,1,291,validation,137,693208
fp32,1,292,validation,138,693708
fp32,1,293,validation,139,702334
fp32,1,294,validation,140,693417
fp32,1,295,validation,141,694041
fp32,1,296,validation,142,704958
fp32,1,297,validation,143,694417
fp32,1,298,validation,144,694250
fp32,1,299,validation,145,693333
fp32,1,300,validation,146,696416
fp32,1,301,validation,147,693958
fp32,1,302,validation,148,694125
fp32,1,303,validation,149,693541
fp32,1,304,validation,150,738666
fp32,1,305,validation,151,711416
fp32,1,306,validation,152,708750
fp32,1,307,validation,153,696667
fp32,1,308,validation,0,693292
fp32,1,309,validation,1,807416
fp32,1,310,validation,2,721792
fp32,1,311,validation,3,694000
fp32,1,312,validation,4,694125
fp32,1,313,validation,5,693958
fp32,1,314,validation,6,697834
fp32,1,315,validation,7,697208
fp32,1,316,validation,8,694166
fp32,1,317,validation,9,693416
fp32,1,318,validation,10,692750
fp32,1,319,validation,11,693417
fp32,1,320,validation,12,714375
fp32,1,321,validation,13,693125
fp32,1,322,validation,14,693417
fp32,1,323,validation,15,695792
fp32,1,324,validation,16,694375
fp32,1,325,validation,17,694666
fp32,1,326,validation,18,694625
fp32,1,327,validation,19,722083
fp32,1,328,validation,20,726541
fp32,1,329,validation,21,708625
fp32,1,330,validation,22,693625
fp32,1,331,validation,23,705167
fp32,1,332,validation,24,696459
fp32,1,333,validation,25,815083
fp32,1,334,validation,26,696750
fp32,1,335,validation,27,694167
fp32,1,336,validation,28,693333
fp32,1,337,validation,29,696500
fp32,1,338,validation,30,692416
fp32,1,339,validation,31,693750
fp32,1,340,validation,32,695375
fp32,1,341,validation,33,697041
fp32,1,342,validation,34,692583
fp32,1,343,validation,35,694000
fp32,1,344,validation,36,709583
fp32,1,345,validation,37,692750
fp32,1,346,validation,38,693792
fp32,1,347,validation,39,693875
fp32,1,348,validation,40,694167
fp32,1,349,validation,41,692667
fp32,1,350,validation,42,705583
fp32,1,351,validation,43,727583
fp32,1,352,validation,44,722834
fp32,1,353,validation,45,717083
fp32,1,354,validation,46,723417
fp32,1,355,validation,47,697083
fp32,1,356,validation,48,724458
fp32,1,357,validation,49,772792
fp32,1,358,validation,50,701375
fp32,1,359,validation,51,696125
fp32,1,360,validation,52,693458
fp32,1,361,validation,53,693291
fp32,1,362,validation,54,695458
fp32,1,363,validation,55,693625
fp32,1,364,validation,56,695334
fp32,1,365,validation,57,694708
fp32,1,366,validation,58,693041
fp32,1,367,validation,59,694083
fp32,1,368,validation,60,692708
fp32,1,369,validation,61,694041
fp32,1,370,validation,62,694291
fp32,1,371,validation,63,695333
fp32,1,372,validation,64,693125
fp32,1,373,validation,65,692000
fp32,1,374,validation,66,693084
fp32,1,375,validation,67,693625
fp32,1,376,validation,68,745208
fp32,1,377,validation,69,771208
fp32,1,378,validation,70,808041
fp32,1,379,validation,71,1739250
fp32,1,380,validation,72,989834
fp32,1,381,validation,73,755416
fp32,1,382,validation,74,783875
fp32,1,383,validation,75,702291
fp32,1,384,validation,76,698167
fp32,1,385,validation,77,693750
fp32,1,386,validation,78,698791
fp32,1,387,validation,79,695500
fp32,1,388,validation,80,697083
fp32,1,389,validation,81,710791
fp32,1,390,validation,82,694333
fp32,1,391,validation,83,696917
fp32,1,392,validation,84,694084
fp32,1,393,validation,85,692833
fp32,1,394,validation,86,694541
fp32,1,395,validation,87,694625
fp32,1,396,validation,88,694041
fp32,1,397,validation,89,753041
fp32,1,398,validation,90,710583
fp32,1,399,validation,91,691833
fp32,1,400,validation,92,693584
fp32,1,401,validation,93,694959
fp32,1,402,validation,94,842125
fp32,1,403,validation,95,706792
fp32,1,404,validation,96,699375
fp32,1,405,validation,97,692709
fp32,1,406,validation,98,697500
fp32,1,407,validation,99,701917
fp32,1,408,validation,100,697917
fp32,1,409,validation,101,694083
fp32,1,410,validation,102,697125
fp32,1,411,validation,103,704417
fp32,1,412,validation,104,711792
fp32,1,413,validation,105,694125
fp32,1,414,validation,106,699000
fp32,1,415,validation,107,694625
fp32,1,416,validation,108,695625
fp32,1,417,validation,109,693375
fp32,1,418,validation,110,694542
fp32,1,419,validation,111,712667
fp32,1,420,validation,112,707000
fp32,1,421,validation,113,720291
fp32,1,422,validation,114,723167
fp32,1,423,validation,115,702125
fp32,1,424,validation,116,694625
fp32,1,425,validation,117,824208
fp32,1,426,validation,118,707833
fp32,1,427,validation,119,695125
fp32,1,428,validation,120,695125
fp32,1,429,validation,121,696000
fp32,1,430,validation,122,698708
fp32,1,431,validation,123,694958
fp32,1,432,validation,124,693000
fp32,1,433,validation,125,694417
fp32,1,434,validation,126,695583
fp32,1,435,validation,127,694500
fp32,1,436,validation,128,708333
fp32,1,437,validation,129,694667
fp32,1,438,validation,130,693959
fp32,1,439,validation,131,696458
fp32,1,440,validation,132,695625
fp32,1,441,validation,133,695417
fp32,1,442,validation,134,742333
fp32,1,443,validation,135,712500
fp32,1,444,validation,136,733292
fp32,1,445,validation,137,698417
fp32,1,446,validation,138,696958
fp32,1,447,validation,139,704833
fp32,1,448,validation,140,694875
fp32,1,449,validation,141,832750
fp32,1,450,validation,142,701750
fp32,1,451,validation,143,705750
fp32,1,452,validation,144,704291
fp32,1,453,validation,145,705833
fp32,1,454,validation,146,698209
fp32,1,455,validation,147,703000
fp32,1,456,validation,148,703625
fp32,1,457,validation,149,700875
fp32,1,458,validation,150,702000
fp32,1,459,validation,151,700375
fp32,1,460,validation,152,701416
fp32,1,461,validation,153,699791
fp32,1,462,validation,0,698583
fp32,1,463,validation,1,698417
fp32,1,464,validation,2,696084
fp32,1,465,validation,3,694667
fp32,1,466,validation,4,693042
fp32,1,467,validation,5,743250
fp32,1,468,validation,6,704833
fp32,1,469,validation,7,694041
fp32,1,470,validation,8,696417
fp32,1,471,validation,9,700417
fp32,1,472,validation,10,780166
fp32,1,473,validation,11,722875
fp32,1,474,validation,12,697583
fp32,1,475,validation,13,697916
fp32,1,476,validation,14,700250
fp32,1,477,validation,15,697083
fp32,1,478,validation,16,694708
fp32,1,479,validation,17,695291
fp32,1,480,validation,18,694417
fp32,1,481,validation,19,694125
fp32,1,482,validation,20,695958
fp32,1,483,validation,21,706500
fp32,1,484,validation,22,693708
fp32,1,485,validation,23,695209
fp32,1,486,validation,24,693500
fp32,1,487,validation,25,695959
fp32,1,488,validation,26,694500
fp32,1,489,validation,27,694292
fp32,1,490,validation,28,694000
fp32,1,491,validation,29,724791
fp32,1,492,validation,30,697333
fp32,1,493,validation,31,713458
fp32,1,494,validation,32,694250
fp32,1,495,validation,33,697250
fp32,1,496,validation,34,780500
fp32,1,497,validation,35,728250
fp32,1,498,validation,36,695750
fp32,1,499,validation,37,697500
fp32,1,500,validation,38,693416
fp32,1,501,validation,39,693667
fp32,1,502,validation,40,692333
fp32,1,503,validation,41,696208
fp32,1,504,validation,42,695792
fp32,1,505,validation,43,692875
fp32,1,506,validation,44,694833
fp32,1,507,validation,45,708541
fp32,1,508,validation,46,693916
fp32,1,509,validation,47,693500
fp32,1,510,validation,48,695375
fp32,1,511,validation,49,693458
fp32,1,512,validation,50,694250
fp32,1,513,validation,51,694583
fp32,1,514,validation,52,708667
fp32,1,515,validation,53,723416
fp32,1,516,validation,54,698125
fp32,1,517,validation,55,708541
fp32,1,518,validation,56,698083
fp32,1,519,validation,57,698875
fp32,1,520,validation,58,825125
fp32,1,521,validation,59,696916
fp32,1,522,validation,60,696416
fp32,1,523,validation,61,695666
fp32,1,524,validation,62,695875
fp32,1,525,validation,63,695625
fp32,1,526,validation,64,695750
fp32,1,527,validation,65,695416
fp32,1,528,validation,66,705583
fp32,1,529,validation,67,693084
fp32,1,530,validation,68,694583
fp32,1,531,validation,69,691833
fp32,1,532,validation,70,692958
fp32,1,533,validation,71,691958
fp32,1,534,validation,72,695208
fp32,1,535,validation,73,693458
fp32,1,536,validation,74,694209
fp32,1,537,validation,75,693292
fp32,1,538,validation,76,727625
fp32,1,539,validation,77,715709
fp32,1,540,validation,78,705875
fp32,1,541,validation,79,696333
fp32,1,542,validation,80,706708
fp32,1,543,validation,81,738958
fp32,1,544,validation,82,764875
fp32,1,545,validation,83,693917
fp32,1,546,validation,84,692875
fp32,1,547,validation,85,692875
fp32,1,548,validation,86,692625
fp32,1,549,validation,87,696584
fp32,1,550,validation,88,695667
fp32,1,551,validation,89,733833
fp32,1,552,validation,90,696708
fp32,1,553,validation,91,696500
fp32,1,554,validation,92,742250
fp32,1,555,validation,93,709042
fp32,1,556,validation,94,692459
fp32,1,557,validation,95,692875
fp32,1,558,validation,96,693959
fp32,1,559,validation,97,692708
fp32,1,560,validation,98,692541
fp32,1,561,validation,99,692916
fp32,1,562,validation,100,741583
fp32,1,563,validation,101,696209
fp32,1,564,validation,102,707417
fp32,1,565,validation,103,698250
fp32,1,566,validation,104,696458
fp32,1,567,validation,105,851917
fp32,1,568,validation,106,699750
fp32,1,569,validation,107,697750
fp32,1,570,validation,108,693583
fp32,1,571,validation,109,694625
fp32,1,572,validation,110,693625
fp32,1,573,validation,111,696375
fp32,1,574,validation,112,698250
fp32,1,575,validation,113,697042
fp32,1,576,validation,114,713042
fp32,1,577,validation,115,693375
fp32,1,578,validation,116,706625
fp32,1,579,validation,117,692750
fp32,1,580,validation,118,693750
fp32,1,581,validation,119,696666
fp32,1,582,validation,120,693166
fp32,1,583,validation,121,694416
fp32,1,584,validation,122,693292
fp32,1,585,validation,123,692583
fp32,1,586,validation,124,705708
fp32,1,587,validation,125,711084
fp32,1,588,validation,126,712042
fp32,1,589,validation,127,694375
fp32,1,590,validation,128,696250
fp32,1,591,validation,129,807833
fp32,1,592,validation,130,703417
fp32,1,593,validation,131,697625
fp32,1,594,validation,132,697083
fp32,1,595,validation,133,697125
fp32,1,596,validation,134,694292
fp32,1,597,validation,135,693458
fp32,1,598,validation,136,695958
fp32,1,599,validation,137,693542
fp32,1,600,validation,138,697542
fp32,1,601,validation,139,706333
fp32,1,602,validation,140,692500
fp32,1,603,validation,141,693042
fp32,1,604,validation,142,693708
fp32,1,605,validation,143,696167
fp32,1,606,validation,144,692333
fp32,1,607,validation,145,694666
fp32,1,608,validation,146,693875
fp32,1,609,validation,147,716417
fp32,1,610,validation,148,705000
fp32,1,611,validation,149,692708
fp32,1,612,validation,150,693583
fp32,1,613,validation,151,693750
fp32,1,614,validation,152,716792
fp32,1,615,validation,153,782875
fp32,1,616,validation,0,696750
fp32,1,617,validation,1,696000
fp32,1,618,validation,2,692500
fp32,1,619,validation,3,696292
fp32,1,620,validation,4,703084
fp32,1,621,validation,5,697417
fp32,1,622,validation,6,693458
fp32,1,623,validation,7,696583
fp32,1,624,validation,8,694041
fp32,1,625,validation,9,704750
fp32,1,626,validation,10,693333
fp32,1,627,validation,11,692500
fp32,1,628,validation,12,692875
fp32,1,629,validation,13,695833
fp32,1,630,validation,14,692791
fp32,1,631,validation,15,693625
fp32,1,632,validation,16,693292
fp32,1,633,validation,17,744375
fp32,1,634,validation,18,723042
fp32,1,635,validation,19,695375
fp32,1,636,validation,20,694750
fp32,1,637,validation,21,708959
fp32,1,638,validation,22,784208
fp32,1,639,validation,23,706958
fp32,1,640,validation,24,692625
fp32,1,641,validation,25,697167
fp32,1,642,validation,26,699375
fp32,1,643,validation,27,693667
fp32,1,644,validation,28,693417
fp32,1,645,validation,29,692417
fp32,1,646,validation,30,697208
fp32,1,647,validation,31,692541
fp32,1,648,validation,32,693292
fp32,1,649,validation,33,721583
fp32,1,650,validation,34,692750
fp32,1,651,validation,35,693417
fp32,1,652,validation,36,712500
fp32,1,653,validation,37,692167
fp32,1,654,validation,38,693208
fp32,1,655,validation,39,692250
fp32,1,656,validation,40,706083
fp32,1,657,validation,41,745209
fp32,1,658,validation,42,690916
fp32,1,659,validation,43,696583
fp32,1,660,validation,44,693709
fp32,1,661,validation,45,693458
fp32,1,662,validation,46,809958
fp32,1,663,validation,47,698291
fp32,1,664,validation,48,697041
fp32,1,665,validation,49,697333
fp32,1,666,validation,50,693041
fp32,1,667,validation,51,696791
fp32,1,668,validation,52,698583
fp32,1,669,validation,53,697250
fp32,1,670,validation,54,698250
fp32,1,671,validation,55,694042
fp32,1,672,validation,56,693208
fp32,1,673,validation,57,693250
fp32,1,674,validation,58,693583
fp32,1,675,validation,59,693666
fp32,1,676,validation,60,696250
fp32,1,677,validation,61,693875
fp32,1,678,validation,62,693708
fp32,1,679,validation,63,693208
fp32,1,680,validation,64,735500
fp32,1,681,validation,65,723833
fp32,1,682,validation,66,704875
fp32,1,683,validation,67,697292
fp32,1,684,validation,68,700875
fp32,1,685,validation,69,712917
fp32,1,686,validation,70,810250
fp32,1,687,validation,71,697417
fp32,1,688,validation,72,693000
fp32,1,689,validation,73,696250
fp32,1,690,validation,74,696125
fp32,1,691,validation,75,695750
fp32,1,692,validation,76,700166
fp32,1,693,validation,77,701625
fp32,1,694,validation,78,697833
fp32,1,695,validation,79,693791
fp32,1,696,validation,80,708541
fp32,1,697,validation,81,694250
fp32,1,698,validation,82,693125
fp32,1,699,validation,83,693875
fp32,1,700,validation,84,695208
fp32,1,701,validation,85,694541
fp32,1,702,validation,86,693417
fp32,1,703,validation,87,708500
fp32,1,704,validation,88,727334
fp32,1,705,validation,89,712375
fp32,1,706,validation,90,698125
fp32,1,707,validation,91,693625
fp32,1,708,validation,92,695958
fp32,1,709,validation,93,770375
fp32,1,710,validation,94,705292
fp32,1,711,validation,95,693333
fp32,1,712,validation,96,694292
fp32,1,713,validation,97,693916
fp32,1,714,validation,98,692750
fp32,1,715,validation,99,693417
fp32,1,716,validation,100,694042
fp32,1,717,validation,101,692834
fp32,1,718,validation,102,691875
fp32,1,719,validation,103,693000
fp32,1,720,validation,104,692875
fp32,1,721,validation,105,693792
fp32,1,722,validation,106,693458
fp32,1,723,validation,107,693083
fp32,1,724,validation,108,697375
fp32,1,725,validation,109,693042
fp32,1,726,validation,110,692542
fp32,1,727,validation,111,692042
fp32,1,728,validation,112,691875
fp32,1,729,validation,113,833084
fp32,1,730,validation,114,775791
fp32,1,731,validation,115,834083
fp32,1,732,validation,116,735458
fp32,1,733,validation,117,732083
fp32,1,734,validation,118,722333
fp32,1,735,validation,119,712917
fp32,1,736,validation,120,744125
fp32,1,737,validation,121,729208
fp32,1,738,validation,122,756375
fp32,1,739,validation,123,717916
fp32,1,740,validation,124,697583
fp32,1,741,validation,125,766750
fp32,1,742,validation,126,772208
fp32,1,743,validation,127,748083
fp32,1,744,validation,128,734334
fp32,1,745,validation,129,705083
fp32,1,746,validation,130,739667
fp32,1,747,validation,131,738792
fp32,1,748,validation,132,752833
fp32,1,749,validation,133,737166
fp32,1,750,validation,134,735833
fp32,1,751,validation,135,724542
fp32,1,752,validation,136,738791
fp32,1,753,validation,137,737833
fp32,1,754,validation,138,751417
fp32,1,755,validation,139,798375
fp32,1,756,validation,140,767916
fp32,1,757,validation,141,738042
fp32,1,758,validation,142,738083
fp32,1,759,validation,143,709625
fp32,1,760,validation,144,743417
fp32,1,761,validation,145,740250
fp32,1,762,validation,146,741667
fp32,1,763,validation,147,731208
fp32,1,764,validation,148,738875
fp32,1,765,validation,149,739292
fp32,1,766,validation,150,739000
fp32,1,767,validation,151,738500
fp32,1,768,validation,152,711791
fp32,1,769,validation,153,732125
fp32,1,770,validation,0,733875
fp32,1,771,validation,1,744666
fp32,1,772,validation,2,742708
fp32,1,773,validation,3,735875
fp32,1,774,validation,4,709042
fp32,1,775,validation,5,693292
fp32,1,776,validation,6,692417
fp32,1,777,validation,7,696292
fp32,1,778,validation,8,802459
fp32,1,779,validation,9,709667
fp32,1,780,validation,10,692500
fp32,1,781,validation,11,704250
fp32,1,782,validation,12,695291
fp32,1,783,validation,13,696416
fp32,1,784,validation,14,692875
fp32,1,785,validation,15,697375
fp32,1,786,validation,16,697458
fp32,1,787,validation,17,697166
fp32,1,788,validation,18,710833
fp32,1,789,validation,19,693666
fp32,1,790,validation,20,693833
fp32,1,791,validation,21,694666
fp32,1,792,validation,22,693542
fp32,1,793,validation,23,694250
fp32,1,794,validation,24,693459
fp32,1,795,validation,25,693667
fp32,1,796,validation,26,723250
fp32,1,797,validation,27,713041
fp32,1,798,validation,28,708000
fp32,1,799,validation,29,696167
fp32,1,800,validation,30,693500
fp32,1,801,validation,31,700542
fp32,1,802,validation,32,797792
fp32,1,803,validation,33,710709
fp32,1,804,validation,34,696292
fp32,1,805,validation,35,735583
fp32,1,806,validation,36,733083
fp32,1,807,validation,37,693916
fp32,1,808,validation,38,693750
fp32,1,809,validation,39,691625
fp32,1,810,validation,40,696833
fp32,1,811,validation,41,720208
fp32,1,812,validation,42,696167
fp32,1,813,validation,43,692208
fp32,1,814,validation,44,693584
fp32,1,815,validation,45,693208
fp32,1,816,validation,46,695000
fp32,1,817,validation,47,692459
fp32,1,818,validation,48,693000
fp32,1,819,validation,49,728292
fp32,1,820,validation,50,709209
fp32,1,821,validation,51,696458
fp32,1,822,validation,52,711125
fp32,1,823,validation,53,696125
fp32,1,824,validation,54,696375
fp32,1,825,validation,55,754792
fp32,1,826,validation,56,732125
fp32,1,827,validation,57,698375
fp32,1,828,validation,58,694125
fp32,1,829,validation,59,699500
fp32,1,830,validation,60,693875
fp32,1,831,validation,61,694458
fp32,1,832,validation,62,697292
fp32,1,833,validation,63,693667
fp32,1,834,validation,64,697125
fp32,1,835,validation,65,692875
fp32,1,836,validation,66,722541
fp32,1,837,validation,67,694917
fp32,1,838,validation,68,693458
fp32,1,839,validation,69,695166
fp32,1,840,validation,70,692333
fp32,1,841,validation,71,693667
fp32,1,842,validation,72,693750
fp32,1,843,validation,73,719667
fp32,1,844,validation,74,733875
fp32,1,845,validation,75,709667
fp32,1,846,validation,76,693750
fp32,1,847,validation,77,696791
fp32,1,848,validation,78,696667
fp32,1,849,validation,79,780417
fp32,1,850,validation,80,730417
fp32,1,851,validation,81,700750
fp32,1,852,validation,82,695458
fp32,1,853,validation,83,698000
fp32,1,854,validation,84,694500
fp32,1,855,validation,85,698208
fp32,1,856,validation,86,699416
fp32,1,857,validation,87,696958
fp32,1,858,validation,88,699625
fp32,1,859,validation,89,714000
fp32,1,860,validation,90,693500
fp32,1,861,validation,91,694833
fp32,1,862,validation,92,693459
fp32,1,863,validation,93,697458
fp32,1,864,validation,94,694792
fp32,1,865,validation,95,693458
fp32,1,866,validation,96,694125
fp32,1,867,validation,97,746125
fp32,1,868,validation,98,705958
fp32,1,869,validation,99,710375
fp32,1,870,validation,100,699875
fp32,1,871,validation,101,697292
fp32,1,872,validation,102,720583
fp32,1,873,validation,103,740000
fp32,1,874,validation,104,694375
fp32,1,875,validation,105,697667
fp32,1,876,validation,106,693042
fp32,1,877,validation,107,696875
fp32,1,878,validation,108,697042
fp32,1,879,validation,109,696875
fp32,1,880,validation,110,706875
fp32,1,881,validation,111,692291
fp32,1,882,validation,112,696000
fp32,1,883,validation,113,712042
fp32,1,884,validation,114,694417
fp32,1,885,validation,115,693875
fp32,1,886,validation,116,692166
fp32,1,887,validation,117,695291
fp32,1,888,validation,118,693083
fp32,1,889,validation,119,694541
fp32,1,890,validation,120,695750
fp32,1,891,validation,121,693708
fp32,1,892,validation,122,694375
fp32,1,893,validation,123,691916
fp32,1,894,validation,124,701458
fp32,1,895,validation,125,692667
fp32,1,896,validation,126,780291
fp32,1,897,validation,127,756250
fp32,1,898,validation,128,698709
fp32,1,899,validation,129,700083
fp32,1,900,validation,130,698625
fp32,1,901,validation,131,699625
fp32,1,902,validation,132,696042
fp32,1,903,validation,133,704333
fp32,1,904,validation,134,694792
fp32,1,905,validation,135,694500
fp32,1,906,validation,136,694625
fp32,1,907,validation,137,694500
fp32,1,908,validation,138,693416
fp32,1,909,validation,139,693333
fp32,1,910,validation,140,693334
fp32,1,911,validation,141,695625
fp32,1,912,validation,142,694000
fp32,1,913,validation,143,722417
fp32,1,914,validation,144,750083
fp32,1,915,validation,145,696750
fp32,1,916,validation,146,703333
fp32,1,917,validation,147,694291
fp32,1,918,validation,148,694250
fp32,1,919,validation,149,697458
fp32,1,920,validation,150,774750
fp32,1,921,validation,151,699333
fp32,1,922,validation,152,698459
fp32,1,923,validation,153,696500
fp32,1,924,validation,0,700625
fp32,1,925,validation,1,694792
fp32,1,926,validation,2,697125
fp32,1,927,validation,3,703333
fp32,1,928,validation,4,693250
fp32,1,929,validation,5,696917
fp32,1,930,validation,6,707292
fp32,1,931,validation,7,709875
fp32,1,932,validation,8,693750
fp32,1,933,validation,9,693458
fp32,1,934,validation,10,695417
fp32,1,935,validation,11,693500
fp32,1,936,validation,12,694292
fp32,1,937,validation,13,693750
fp32,1,938,validation,14,707833
fp32,1,939,validation,15,693167
fp32,1,940,validation,16,711167
fp32,1,941,validation,17,721541
fp32,1,942,validation,18,693792
fp32,1,943,validation,19,697584
fp32,1,944,validation,20,779167
fp32,1,945,validation,21,700417
fp32,1,946,validation,22,701750
fp32,1,947,validation,23,696958
fp32,1,948,validation,24,698000
fp32,1,949,validation,25,700750
fp32,1,950,validation,26,698708
fp32,1,951,validation,27,694250
fp32,1,952,validation,28,693625
fp32,1,953,validation,29,697417
fp32,1,954,validation,30,727167
fp32,1,955,validation,31,694250
fp32,1,956,validation,32,693500
fp32,1,957,validation,33,694375
fp32,1,958,validation,34,695458
fp32,1,959,validation,35,693833
fp32,1,960,validation,36,694083
fp32,1,961,validation,37,728166
fp32,1,962,validation,38,715667
fp32,1,963,validation,39,693167
fp32,1,964,validation,40,704417
fp32,1,965,validation,41,699083
fp32,1,966,validation,42,697166
fp32,1,967,validation,43,805375
fp32,1,968,validation,44,721500
fp32,1,969,validation,45,699833
fp32,1,970,validation,46,697208
fp32,1,971,validation,47,693500
fp32,1,972,validation,48,693458
fp32,1,973,validation,49,693625
fp32,1,974,validation,50,694041
fp32,1,975,validation,51,693583
fp32,1,976,validation,52,696083
fp32,1,977,validation,53,697916
fp32,1,978,validation,54,695917
fp32,1,979,validation,55,694292
fp32,1,980,validation,56,693542
fp32,1,981,validation,57,695667
fp32,1,982,validation,58,693667
fp32,1,983,validation,59,694333
fp32,1,984,validation,60,694917
fp32,1,985,validation,61,704833
fp32,1,986,validation,62,710083
fp32,1,987,validation,63,693000
fp32,1,988,validation,64,694708
fp32,1,989,validation,65,695291
fp32,1,990,validation,66,695916
fp32,1,991,validation,67,734125
fp32,1,992,validation,68,754750
fp32,1,993,validation,69,705625
fp32,1,994,validation,70,696209
fp32,1,995,validation,71,693458
fp32,1,996,validation,72,694541
fp32,1,997,validation,73,720000
fp32,1,998,validation,74,697750
fp32,1,999,validation,75,697166
dynamic_int8,1,0,validation,0,700708
dynamic_int8,1,1,validation,1,712542
dynamic_int8,1,2,validation,2,696750
dynamic_int8,1,3,validation,3,728708
dynamic_int8,1,4,validation,4,695459
dynamic_int8,1,5,validation,5,696500
dynamic_int8,1,6,validation,6,714041
dynamic_int8,1,7,validation,7,713291
dynamic_int8,1,8,validation,8,734625
dynamic_int8,1,9,validation,9,832584
dynamic_int8,1,10,validation,10,721417
dynamic_int8,1,11,validation,11,714875
dynamic_int8,1,12,validation,12,694042
dynamic_int8,1,13,validation,13,703542
dynamic_int8,1,14,validation,14,694834
dynamic_int8,1,15,validation,15,694125
dynamic_int8,1,16,validation,16,695250
dynamic_int8,1,17,validation,17,701166
dynamic_int8,1,18,validation,18,701250
dynamic_int8,1,19,validation,19,700750
dynamic_int8,1,20,validation,20,695125
dynamic_int8,1,21,validation,21,692875
dynamic_int8,1,22,validation,22,694333
dynamic_int8,1,23,validation,23,715041
dynamic_int8,1,24,validation,24,705125
dynamic_int8,1,25,validation,25,700458
dynamic_int8,1,26,validation,26,695208
dynamic_int8,1,27,validation,27,696333
dynamic_int8,1,28,validation,28,695042
dynamic_int8,1,29,validation,29,753125
dynamic_int8,1,30,validation,30,762875
dynamic_int8,1,31,validation,31,1190792
dynamic_int8,1,32,validation,32,1630000
dynamic_int8,1,33,validation,33,796584
dynamic_int8,1,34,validation,34,732625
dynamic_int8,1,35,validation,35,712459
dynamic_int8,1,36,validation,36,705667
dynamic_int8,1,37,validation,37,720000
dynamic_int8,1,38,validation,38,708875
dynamic_int8,1,39,validation,39,718833
dynamic_int8,1,40,validation,40,718917
dynamic_int8,1,41,validation,41,747250
dynamic_int8,1,42,validation,42,694625
dynamic_int8,1,43,validation,43,702417
dynamic_int8,1,44,validation,44,712208
dynamic_int8,1,45,validation,45,695375
dynamic_int8,1,46,validation,46,709084
dynamic_int8,1,47,validation,47,728833
dynamic_int8,1,48,validation,48,726291
dynamic_int8,1,49,validation,49,737833
dynamic_int8,1,50,validation,50,740250
dynamic_int8,1,51,validation,51,713667
dynamic_int8,1,52,validation,52,716333
dynamic_int8,1,53,validation,53,721917
dynamic_int8,1,54,validation,54,789333
dynamic_int8,1,55,validation,55,734916
dynamic_int8,1,56,validation,56,863875
dynamic_int8,1,57,validation,57,803291
dynamic_int8,1,58,validation,58,781542
dynamic_int8,1,59,validation,59,703291
dynamic_int8,1,60,validation,60,708625
dynamic_int8,1,61,validation,61,706834
dynamic_int8,1,62,validation,62,705833
dynamic_int8,1,63,validation,63,726333
dynamic_int8,1,64,validation,64,694291
dynamic_int8,1,65,validation,65,694791
dynamic_int8,1,66,validation,66,714125
dynamic_int8,1,67,validation,67,697125
dynamic_int8,1,68,validation,68,694667
dynamic_int8,1,69,validation,69,702125
dynamic_int8,1,70,validation,70,701208
dynamic_int8,1,71,validation,71,710334
dynamic_int8,1,72,validation,72,733167
dynamic_int8,1,73,validation,73,705500
dynamic_int8,1,74,validation,74,720583
dynamic_int8,1,75,validation,75,716042
dynamic_int8,1,76,validation,76,727834
dynamic_int8,1,77,validation,77,825584
dynamic_int8,1,78,validation,78,818458
dynamic_int8,1,79,validation,79,763250
dynamic_int8,1,80,validation,80,814750
dynamic_int8,1,81,validation,81,719500
dynamic_int8,1,82,validation,82,715875
dynamic_int8,1,83,validation,83,711250
dynamic_int8,1,84,validation,84,704792
dynamic_int8,1,85,validation,85,721792
dynamic_int8,1,86,validation,86,703417
dynamic_int8,1,87,validation,87,704417
dynamic_int8,1,88,validation,88,702042
dynamic_int8,1,89,validation,89,703667
dynamic_int8,1,90,validation,90,718250
dynamic_int8,1,91,validation,91,704416
dynamic_int8,1,92,validation,92,720666
dynamic_int8,1,93,validation,93,702333
dynamic_int8,1,94,validation,94,704959
dynamic_int8,1,95,validation,95,715625
dynamic_int8,1,96,validation,96,700917
dynamic_int8,1,97,validation,97,730417
dynamic_int8,1,98,validation,98,724542
dynamic_int8,1,99,validation,99,709041
dynamic_int8,1,100,validation,100,800083
dynamic_int8,1,101,validation,101,755459
dynamic_int8,1,102,validation,102,709875
dynamic_int8,1,103,validation,103,718209
dynamic_int8,1,104,validation,104,701750
dynamic_int8,1,105,validation,105,732125
dynamic_int8,1,106,validation,106,708917
dynamic_int8,1,107,validation,107,730083
dynamic_int8,1,108,validation,108,719542
dynamic_int8,1,109,validation,109,726417
dynamic_int8,1,110,validation,110,718292
dynamic_int8,1,111,validation,111,695209
dynamic_int8,1,112,validation,112,701792
dynamic_int8,1,113,validation,113,697458
dynamic_int8,1,114,validation,114,695750
dynamic_int8,1,115,validation,115,728250
dynamic_int8,1,116,validation,116,716000
dynamic_int8,1,117,validation,117,713125
dynamic_int8,1,118,validation,118,719292
dynamic_int8,1,119,validation,119,721125
dynamic_int8,1,120,validation,120,715791
dynamic_int8,1,121,validation,121,710250
dynamic_int8,1,122,validation,122,721292
dynamic_int8,1,123,validation,123,856792
dynamic_int8,1,124,validation,124,727959
dynamic_int8,1,125,validation,125,709875
dynamic_int8,1,126,validation,126,715958
dynamic_int8,1,127,validation,127,713959
dynamic_int8,1,128,validation,128,723458
dynamic_int8,1,129,validation,129,717166
dynamic_int8,1,130,validation,130,709416
dynamic_int8,1,131,validation,131,727583
dynamic_int8,1,132,validation,132,719208
dynamic_int8,1,133,validation,133,720250
dynamic_int8,1,134,validation,134,694125
dynamic_int8,1,135,validation,135,695333
dynamic_int8,1,136,validation,136,695000
dynamic_int8,1,137,validation,137,708416
dynamic_int8,1,138,validation,138,726166
dynamic_int8,1,139,validation,139,735709
dynamic_int8,1,140,validation,140,702833
dynamic_int8,1,141,validation,141,705166
dynamic_int8,1,142,validation,142,716625
dynamic_int8,1,143,validation,143,719292
dynamic_int8,1,144,validation,144,714416
dynamic_int8,1,145,validation,145,718958
dynamic_int8,1,146,validation,146,848917
dynamic_int8,1,147,validation,147,721667
dynamic_int8,1,148,validation,148,716542
dynamic_int8,1,149,validation,149,712250
dynamic_int8,1,150,validation,150,716958
dynamic_int8,1,151,validation,151,734125
dynamic_int8,1,152,validation,152,723583
dynamic_int8,1,153,validation,153,712458
dynamic_int8,1,154,validation,0,723709
dynamic_int8,1,155,validation,1,752333
dynamic_int8,1,156,validation,2,822084
dynamic_int8,1,157,validation,3,737375
dynamic_int8,1,158,validation,4,764625
dynamic_int8,1,159,validation,5,746333
dynamic_int8,1,160,validation,6,826333
dynamic_int8,1,161,validation,7,783959
dynamic_int8,1,162,validation,8,748709
dynamic_int8,1,163,validation,9,757625
dynamic_int8,1,164,validation,10,771000
dynamic_int8,1,165,validation,11,752791
dynamic_int8,1,166,validation,12,730250
dynamic_int8,1,167,validation,13,775375
dynamic_int8,1,168,validation,14,793958
dynamic_int8,1,169,validation,15,782916
dynamic_int8,1,170,validation,16,794125
dynamic_int8,1,171,validation,17,736125
dynamic_int8,1,172,validation,18,720208
dynamic_int8,1,173,validation,19,712334
dynamic_int8,1,174,validation,20,722041
dynamic_int8,1,175,validation,21,721541
dynamic_int8,1,176,validation,22,716500
dynamic_int8,1,177,validation,23,737250
dynamic_int8,1,178,validation,24,783125
dynamic_int8,1,179,validation,25,725542
dynamic_int8,1,180,validation,26,732917
dynamic_int8,1,181,validation,27,727583
dynamic_int8,1,182,validation,28,748541
dynamic_int8,1,183,validation,29,754458
dynamic_int8,1,184,validation,30,731125
dynamic_int8,1,185,validation,31,731709
dynamic_int8,1,186,validation,32,742250
dynamic_int8,1,187,validation,33,726709
dynamic_int8,1,188,validation,34,754833
dynamic_int8,1,189,validation,35,741709
dynamic_int8,1,190,validation,36,757125
dynamic_int8,1,191,validation,37,837750
dynamic_int8,1,192,validation,38,776333
dynamic_int8,1,193,validation,39,719416
dynamic_int8,1,194,validation,40,726250
dynamic_int8,1,195,validation,41,741000
dynamic_int8,1,196,validation,42,764292
dynamic_int8,1,197,validation,43,748458
dynamic_int8,1,198,validation,44,760292
dynamic_int8,1,199,validation,45,749834
dynamic_int8,1,200,validation,46,737625
dynamic_int8,1,201,validation,47,721083
dynamic_int8,1,202,validation,48,704792
dynamic_int8,1,203,validation,49,722959
dynamic_int8,1,204,validation,50,725000
dynamic_int8,1,205,validation,51,725042
dynamic_int8,1,206,validation,52,733584
dynamic_int8,1,207,validation,53,742500
dynamic_int8,1,208,validation,54,748459
dynamic_int8,1,209,validation,55,761167
dynamic_int8,1,210,validation,56,737417
dynamic_int8,1,211,validation,57,758083
dynamic_int8,1,212,validation,58,847375
dynamic_int8,1,213,validation,59,763208
dynamic_int8,1,214,validation,60,745375
dynamic_int8,1,215,validation,61,728125
dynamic_int8,1,216,validation,62,736625
dynamic_int8,1,217,validation,63,761083
dynamic_int8,1,218,validation,64,727792
dynamic_int8,1,219,validation,65,737417
dynamic_int8,1,220,validation,66,833459
dynamic_int8,1,221,validation,67,886083
dynamic_int8,1,222,validation,68,805291
dynamic_int8,1,223,validation,69,810250
dynamic_int8,1,224,validation,70,725209
dynamic_int8,1,225,validation,71,716375
dynamic_int8,1,226,validation,72,713000
dynamic_int8,1,227,validation,73,733459
dynamic_int8,1,228,validation,74,712333
dynamic_int8,1,229,validation,75,739250
dynamic_int8,1,230,validation,76,759958
dynamic_int8,1,231,validation,77,731833
dynamic_int8,1,232,validation,78,755709
dynamic_int8,1,233,validation,79,753583
dynamic_int8,1,234,validation,80,836834
dynamic_int8,1,235,validation,81,774958
dynamic_int8,1,236,validation,82,777083
dynamic_int8,1,237,validation,83,766375
dynamic_int8,1,238,validation,84,731875
dynamic_int8,1,239,validation,85,756417
dynamic_int8,1,240,validation,86,744500
dynamic_int8,1,241,validation,87,711458
dynamic_int8,1,242,validation,88,705416
dynamic_int8,1,243,validation,89,705208
dynamic_int8,1,244,validation,90,756625
dynamic_int8,1,245,validation,91,743833
dynamic_int8,1,246,validation,92,720209
dynamic_int8,1,247,validation,93,731000
dynamic_int8,1,248,validation,94,745792
dynamic_int8,1,249,validation,95,746167
dynamic_int8,1,250,validation,96,725833
dynamic_int8,1,251,validation,97,763917
dynamic_int8,1,252,validation,98,730417
dynamic_int8,1,253,validation,99,750542
dynamic_int8,1,254,validation,100,729959
dynamic_int8,1,255,validation,101,740042
dynamic_int8,1,256,validation,102,790292
dynamic_int8,1,257,validation,103,711291
dynamic_int8,1,258,validation,104,707292
dynamic_int8,1,259,validation,105,732459
dynamic_int8,1,260,validation,106,744375
dynamic_int8,1,261,validation,107,739750
dynamic_int8,1,262,validation,108,740625
dynamic_int8,1,263,validation,109,710750
dynamic_int8,1,264,validation,110,773458
dynamic_int8,1,265,validation,111,694958
dynamic_int8,1,266,validation,112,699291
dynamic_int8,1,267,validation,113,761166
dynamic_int8,1,268,validation,114,741750
dynamic_int8,1,269,validation,115,724875
dynamic_int8,1,270,validation,116,726125
dynamic_int8,1,271,validation,117,729458
dynamic_int8,1,272,validation,118,724958
dynamic_int8,1,273,validation,119,714417
dynamic_int8,1,274,validation,120,733708
dynamic_int8,1,275,validation,121,733083
dynamic_int8,1,276,validation,122,728792
dynamic_int8,1,277,validation,123,747333
dynamic_int8,1,278,validation,124,763917
dynamic_int8,1,279,validation,125,841291
dynamic_int8,1,280,validation,126,768750
dynamic_int8,1,281,validation,127,751833
dynamic_int8,1,282,validation,128,693417
dynamic_int8,1,283,validation,129,695125
dynamic_int8,1,284,validation,130,709959
dynamic_int8,1,285,validation,131,696917
dynamic_int8,1,286,validation,132,720375
dynamic_int8,1,287,validation,133,696750
dynamic_int8,1,288,validation,134,732542
dynamic_int8,1,289,validation,135,712875
dynamic_int8,1,290,validation,136,706875
dynamic_int8,1,291,validation,137,724000
dynamic_int8,1,292,validation,138,713125
dynamic_int8,1,293,validation,139,726000
dynamic_int8,1,294,validation,140,714250
dynamic_int8,1,295,validation,141,742916
dynamic_int8,1,296,validation,142,724209
dynamic_int8,1,297,validation,143,751750
dynamic_int8,1,298,validation,144,703875
dynamic_int8,1,299,validation,145,731666
dynamic_int8,1,300,validation,146,715541
dynamic_int8,1,301,validation,147,717583
dynamic_int8,1,302,validation,148,794458
dynamic_int8,1,303,validation,149,789583
dynamic_int8,1,304,validation,150,736500
dynamic_int8,1,305,validation,151,741875
dynamic_int8,1,306,validation,152,732459
dynamic_int8,1,307,validation,153,694417
dynamic_int8,1,308,validation,0,694750
dynamic_int8,1,309,validation,1,722625
dynamic_int8,1,310,validation,2,722917
dynamic_int8,1,311,validation,3,719000
dynamic_int8,1,312,validation,4,714541
dynamic_int8,1,313,validation,5,739083
dynamic_int8,1,314,validation,6,695041
dynamic_int8,1,315,validation,7,695667
dynamic_int8,1,316,validation,8,728500
dynamic_int8,1,317,validation,9,775042
dynamic_int8,1,318,validation,10,803792
dynamic_int8,1,319,validation,11,752667
dynamic_int8,1,320,validation,12,746042
dynamic_int8,1,321,validation,13,740333
dynamic_int8,1,322,validation,14,741583
dynamic_int8,1,323,validation,15,740084
dynamic_int8,1,324,validation,16,785958
dynamic_int8,1,325,validation,17,916208
dynamic_int8,1,326,validation,18,789250
dynamic_int8,1,327,validation,19,773708
dynamic_int8,1,328,validation,20,773917
dynamic_int8,1,329,validation,21,804042
dynamic_int8,1,330,validation,22,743750
dynamic_int8,1,331,validation,23,764625
dynamic_int8,1,332,validation,24,715167
dynamic_int8,1,333,validation,25,712375
dynamic_int8,1,334,validation,26,714167
dynamic_int8,1,335,validation,27,772291
dynamic_int8,1,336,validation,28,734542
dynamic_int8,1,337,validation,29,712750
dynamic_int8,1,338,validation,30,694833
dynamic_int8,1,339,validation,31,704500
dynamic_int8,1,340,validation,32,767167
dynamic_int8,1,341,validation,33,694333
dynamic_int8,1,342,validation,34,693625
dynamic_int8,1,343,validation,35,694083
dynamic_int8,1,344,validation,36,692833
dynamic_int8,1,345,validation,37,694750
dynamic_int8,1,346,validation,38,699625
dynamic_int8,1,347,validation,39,694375
dynamic_int8,1,348,validation,40,855375
dynamic_int8,1,349,validation,41,730875
dynamic_int8,1,350,validation,42,697167
dynamic_int8,1,351,validation,43,697458
dynamic_int8,1,352,validation,44,694083
dynamic_int8,1,353,validation,45,695541
dynamic_int8,1,354,validation,46,695125
dynamic_int8,1,355,validation,47,694167
dynamic_int8,1,356,validation,48,695167
dynamic_int8,1,357,validation,49,694375
dynamic_int8,1,358,validation,50,701667
dynamic_int8,1,359,validation,51,701167
dynamic_int8,1,360,validation,52,702584
dynamic_int8,1,361,validation,53,694417
dynamic_int8,1,362,validation,54,696958
dynamic_int8,1,363,validation,55,700500
dynamic_int8,1,364,validation,56,693875
dynamic_int8,1,365,validation,57,694667
dynamic_int8,1,366,validation,58,694333
dynamic_int8,1,367,validation,59,694459
dynamic_int8,1,368,validation,60,931667
dynamic_int8,1,369,validation,61,768375
dynamic_int8,1,370,validation,62,734833
dynamic_int8,1,371,validation,63,818208
dynamic_int8,1,372,validation,64,719959
dynamic_int8,1,373,validation,65,713375
dynamic_int8,1,374,validation,66,693292
dynamic_int8,1,375,validation,67,694084
dynamic_int8,1,376,validation,68,713250
dynamic_int8,1,377,validation,69,693666
dynamic_int8,1,378,validation,70,693958
dynamic_int8,1,379,validation,71,693625
dynamic_int8,1,380,validation,72,692958
dynamic_int8,1,381,validation,73,699791
dynamic_int8,1,382,validation,74,701417
dynamic_int8,1,383,validation,75,693208
dynamic_int8,1,384,validation,76,694500
dynamic_int8,1,385,validation,77,693042
dynamic_int8,1,386,validation,78,694875
dynamic_int8,1,387,validation,79,701917
dynamic_int8,1,388,validation,80,714833
dynamic_int8,1,389,validation,81,709792
dynamic_int8,1,390,validation,82,717333
dynamic_int8,1,391,validation,83,711500
dynamic_int8,1,392,validation,84,720333
dynamic_int8,1,393,validation,85,906583
dynamic_int8,1,394,validation,86,865625
dynamic_int8,1,395,validation,87,710583
dynamic_int8,1,396,validation,88,735125
dynamic_int8,1,397,validation,89,717333
dynamic_int8,1,398,validation,90,721000
dynamic_int8,1,399,validation,91,734875
dynamic_int8,1,400,validation,92,714167
dynamic_int8,1,401,validation,93,716417
dynamic_int8,1,402,validation,94,720625
dynamic_int8,1,403,validation,95,728792
dynamic_int8,1,404,validation,96,711500
dynamic_int8,1,405,validation,97,720167
dynamic_int8,1,406,validation,98,715208
dynamic_int8,1,407,validation,99,710459
dynamic_int8,1,408,validation,100,699750
dynamic_int8,1,409,validation,101,693667
dynamic_int8,1,410,validation,102,695459
dynamic_int8,1,411,validation,103,712000
dynamic_int8,1,412,validation,104,702208
dynamic_int8,1,413,validation,105,715667
dynamic_int8,1,414,validation,106,701875
dynamic_int8,1,415,validation,107,706333
dynamic_int8,1,416,validation,108,826459
dynamic_int8,1,417,validation,109,784916
dynamic_int8,1,418,validation,110,702708
dynamic_int8,1,419,validation,111,717125
dynamic_int8,1,420,validation,112,704583
dynamic_int8,1,421,validation,113,713417
dynamic_int8,1,422,validation,114,714750
dynamic_int8,1,423,validation,115,711375
dynamic_int8,1,424,validation,116,695584
dynamic_int8,1,425,validation,117,706667
dynamic_int8,1,426,validation,118,698209
dynamic_int8,1,427,validation,119,696584
dynamic_int8,1,428,validation,120,705625
dynamic_int8,1,429,validation,121,692958
dynamic_int8,1,430,validation,122,695125
dynamic_int8,1,431,validation,123,694666
dynamic_int8,1,432,validation,124,693000
dynamic_int8,1,433,validation,125,694417
dynamic_int8,1,434,validation,126,693792
dynamic_int8,1,435,validation,127,694375
dynamic_int8,1,436,validation,128,728000
dynamic_int8,1,437,validation,129,707917
dynamic_int8,1,438,validation,130,693542
dynamic_int8,1,439,validation,131,717917
dynamic_int8,1,440,validation,132,852667
dynamic_int8,1,441,validation,133,712667
dynamic_int8,1,442,validation,134,713875
dynamic_int8,1,443,validation,135,697416
dynamic_int8,1,444,validation,136,698166
dynamic_int8,1,445,validation,137,697833
dynamic_int8,1,446,validation,138,695708
dynamic_int8,1,447,validation,139,696875
dynamic_int8,1,448,validation,140,694000
dynamic_int8,1,449,validation,141,697916
dynamic_int8,1,450,validation,142,713375
dynamic_int8,1,451,validation,143,701000
dynamic_int8,1,452,validation,144,703000
dynamic_int8,1,453,validation,145,693833
dynamic_int8,1,454,validation,146,696541
dynamic_int8,1,455,validation,147,694541
dynamic_int8,1,456,validation,148,693375
dynamic_int8,1,457,validation,149,695000
dynamic_int8,1,458,validation,150,701708
dynamic_int8,1,459,validation,151,754875
dynamic_int8,1,460,validation,152,710667
dynamic_int8,1,461,validation,153,695667
dynamic_int8,1,462,validation,0,694958
dynamic_int8,1,463,validation,1,700917
dynamic_int8,1,464,validation,2,739125
dynamic_int8,1,465,validation,3,774791
dynamic_int8,1,466,validation,4,712042
dynamic_int8,1,467,validation,5,699250
dynamic_int8,1,468,validation,6,701042
dynamic_int8,1,469,validation,7,698708
dynamic_int8,1,470,validation,8,700875
dynamic_int8,1,471,validation,9,701875
dynamic_int8,1,472,validation,10,700375
dynamic_int8,1,473,validation,11,698542
dynamic_int8,1,474,validation,12,700208
dynamic_int8,1,475,validation,13,705250
dynamic_int8,1,476,validation,14,700166
dynamic_int8,1,477,validation,15,702125
dynamic_int8,1,478,validation,16,767375
dynamic_int8,1,479,validation,17,773084
dynamic_int8,1,480,validation,18,751667
dynamic_int8,1,481,validation,19,713167
dynamic_int8,1,482,validation,20,713000
dynamic_int8,1,483,validation,21,713667
dynamic_int8,1,484,validation,22,712791
dynamic_int8,1,485,validation,23,712250
dynamic_int8,1,486,validation,24,733750
dynamic_int8,1,487,validation,25,734125
dynamic_int8,1,488,validation,26,980833
dynamic_int8,1,489,validation,27,731416
dynamic_int8,1,490,validation,28,712333
dynamic_int8,1,491,validation,29,714250
dynamic_int8,1,492,validation,30,729041
dynamic_int8,1,493,validation,31,713666
dynamic_int8,1,494,validation,32,712458
dynamic_int8,1,495,validation,33,752000
dynamic_int8,1,496,validation,34,754750
dynamic_int8,1,497,validation,35,730791
dynamic_int8,1,498,validation,36,733750
dynamic_int8,1,499,validation,37,713292
dynamic_int8,1,500,validation,38,714000
dynamic_int8,1,501,validation,39,713041
dynamic_int8,1,502,validation,40,714875
dynamic_int8,1,503,validation,41,753875
dynamic_int8,1,504,validation,42,753500
dynamic_int8,1,505,validation,43,770458
dynamic_int8,1,506,validation,44,723666
dynamic_int8,1,507,validation,45,723708
dynamic_int8,1,508,validation,46,714709
dynamic_int8,1,509,validation,47,727167
dynamic_int8,1,510,validation,48,936250
dynamic_int8,1,511,validation,49,806417
dynamic_int8,1,512,validation,50,781750
dynamic_int8,1,513,validation,51,730875
dynamic_int8,1,514,validation,52,715750
dynamic_int8,1,515,validation,53,714375
dynamic_int8,1,516,validation,54,715167
dynamic_int8,1,517,validation,55,713584
dynamic_int8,1,518,validation,56,727917
dynamic_int8,1,519,validation,57,776667
dynamic_int8,1,520,validation,58,755000
dynamic_int8,1,521,validation,59,714083
dynamic_int8,1,522,validation,60,715709
dynamic_int8,1,523,validation,61,719917
dynamic_int8,1,524,validation,62,718375
dynamic_int8,1,525,validation,63,713000
dynamic_int8,1,526,validation,64,712250
dynamic_int8,1,527,validation,65,749542
dynamic_int8,1,528,validation,66,749834
dynamic_int8,1,529,validation,67,795125
dynamic_int8,1,530,validation,68,737417
dynamic_int8,1,531,validation,69,771791
dynamic_int8,1,532,validation,70,807875
dynamic_int8,1,533,validation,71,922917
dynamic_int8,1,534,validation,72,765916
dynamic_int8,1,535,validation,73,741250
dynamic_int8,1,536,validation,74,716292
dynamic_int8,1,537,validation,75,694667
dynamic_int8,1,538,validation,76,695125
dynamic_int8,1,539,validation,77,693709
dynamic_int8,1,540,validation,78,696875
dynamic_int8,1,541,validation,79,697500
dynamic_int8,1,542,validation,80,705666
dynamic_int8,1,543,validation,81,721000
dynamic_int8,1,544,validation,82,710250
dynamic_int8,1,545,validation,83,716375
dynamic_int8,1,546,validation,84,721375
dynamic_int8,1,547,validation,85,692625
dynamic_int8,1,548,validation,86,694042
dynamic_int8,1,549,validation,87,693417
dynamic_int8,1,550,validation,88,700750
dynamic_int8,1,551,validation,89,700291
dynamic_int8,1,552,validation,90,692875
dynamic_int8,1,553,validation,91,693750
dynamic_int8,1,554,validation,92,699875
dynamic_int8,1,555,validation,93,719583
dynamic_int8,1,556,validation,94,864917
dynamic_int8,1,557,validation,95,714750
dynamic_int8,1,558,validation,96,698625
dynamic_int8,1,559,validation,97,697250
dynamic_int8,1,560,validation,98,696875
dynamic_int8,1,561,validation,99,693583
dynamic_int8,1,562,validation,100,692959
dynamic_int8,1,563,validation,101,693125
dynamic_int8,1,564,validation,102,696625
dynamic_int8,1,565,validation,103,695500
dynamic_int8,1,566,validation,104,712959
dynamic_int8,1,567,validation,105,693792
dynamic_int8,1,568,validation,106,693792
dynamic_int8,1,569,validation,107,693083
dynamic_int8,1,570,validation,108,694958
dynamic_int8,1,571,validation,109,693209
dynamic_int8,1,572,validation,110,693208
dynamic_int8,1,573,validation,111,693333
dynamic_int8,1,574,validation,112,736333
dynamic_int8,1,575,validation,113,722709
dynamic_int8,1,576,validation,114,711375
dynamic_int8,1,577,validation,115,695709
dynamic_int8,1,578,validation,116,706917
dynamic_int8,1,579,validation,117,889542
dynamic_int8,1,580,validation,118,724875
dynamic_int8,1,581,validation,119,694625
dynamic_int8,1,582,validation,120,697167
dynamic_int8,1,583,validation,121,697917
dynamic_int8,1,584,validation,122,696250
dynamic_int8,1,585,validation,123,701958
dynamic_int8,1,586,validation,124,693916
dynamic_int8,1,587,validation,125,696709
dynamic_int8,1,588,validation,126,694167
dynamic_int8,1,589,validation,127,700708
dynamic_int8,1,590,validation,128,701041
dynamic_int8,1,591,validation,129,711375
dynamic_int8,1,592,validation,130,693500
dynamic_int8,1,593,validation,131,696417
dynamic_int8,1,594,validation,132,700708
dynamic_int8,1,595,validation,133,732875
dynamic_int8,1,596,validation,134,717375
dynamic_int8,1,597,validation,135,747041
dynamic_int8,1,598,validation,136,705916
dynamic_int8,1,599,validation,137,706958
dynamic_int8,1,600,validation,138,693250
dynamic_int8,1,601,validation,139,704083
dynamic_int8,1,602,validation,140,718000
dynamic_int8,1,603,validation,141,769792
dynamic_int8,1,604,validation,142,750083
dynamic_int8,1,605,validation,143,721917
dynamic_int8,1,606,validation,144,696958
dynamic_int8,1,607,validation,145,697625
dynamic_int8,1,608,validation,146,693000
dynamic_int8,1,609,validation,147,696208
dynamic_int8,1,610,validation,148,695666
dynamic_int8,1,611,validation,149,695667
dynamic_int8,1,612,validation,150,695750
dynamic_int8,1,613,validation,151,723709
dynamic_int8,1,614,validation,152,696042
dynamic_int8,1,615,validation,153,693208
dynamic_int8,1,616,validation,0,691625
dynamic_int8,1,617,validation,1,695917
dynamic_int8,1,618,validation,2,694000
dynamic_int8,1,619,validation,3,693125
dynamic_int8,1,620,validation,4,692958
dynamic_int8,1,621,validation,5,701125
dynamic_int8,1,622,validation,6,700708
dynamic_int8,1,623,validation,7,704916
dynamic_int8,1,624,validation,8,694750
dynamic_int8,1,625,validation,9,714084
dynamic_int8,1,626,validation,10,829167
dynamic_int8,1,627,validation,11,742875
dynamic_int8,1,628,validation,12,697709
dynamic_int8,1,629,validation,13,700292
dynamic_int8,1,630,validation,14,694583
dynamic_int8,1,631,validation,15,695333
dynamic_int8,1,632,validation,16,695875
dynamic_int8,1,633,validation,17,698708
dynamic_int8,1,634,validation,18,695833
dynamic_int8,1,635,validation,19,696417
dynamic_int8,1,636,validation,20,700333
dynamic_int8,1,637,validation,21,716709
dynamic_int8,1,638,validation,22,693167
dynamic_int8,1,639,validation,23,693291
dynamic_int8,1,640,validation,24,695000
dynamic_int8,1,641,validation,25,694000
dynamic_int8,1,642,validation,26,693500
dynamic_int8,1,643,validation,27,693625
dynamic_int8,1,644,validation,28,741666
dynamic_int8,1,645,validation,29,739583
dynamic_int8,1,646,validation,30,718334
dynamic_int8,1,647,validation,31,703583
dynamic_int8,1,648,validation,32,786291
dynamic_int8,1,649,validation,33,778208
dynamic_int8,1,650,validation,34,696667
dynamic_int8,1,651,validation,35,726625
dynamic_int8,1,652,validation,36,696708
dynamic_int8,1,653,validation,37,695333
dynamic_int8,1,654,validation,38,692333
dynamic_int8,1,655,validation,39,693167
dynamic_int8,1,656,validation,40,692667
dynamic_int8,1,657,validation,41,693083
dynamic_int8,1,658,validation,42,693708
dynamic_int8,1,659,validation,43,696208
dynamic_int8,1,660,validation,44,738416
dynamic_int8,1,661,validation,45,693458
dynamic_int8,1,662,validation,46,695042
dynamic_int8,1,663,validation,47,693917
dynamic_int8,1,664,validation,48,693000
dynamic_int8,1,665,validation,49,692917
dynamic_int8,1,666,validation,50,693875
dynamic_int8,1,667,validation,51,692916
dynamic_int8,1,668,validation,52,726291
dynamic_int8,1,669,validation,53,708375
dynamic_int8,1,670,validation,54,707875
dynamic_int8,1,671,validation,55,695208
dynamic_int8,1,672,validation,56,705416
dynamic_int8,1,673,validation,57,764000
dynamic_int8,1,674,validation,58,747500
dynamic_int8,1,675,validation,59,698125
dynamic_int8,1,676,validation,60,697125
dynamic_int8,1,677,validation,61,696750
dynamic_int8,1,678,validation,62,692500
dynamic_int8,1,679,validation,63,693583
dynamic_int8,1,680,validation,64,693625
dynamic_int8,1,681,validation,65,694000
dynamic_int8,1,682,validation,66,692083
dynamic_int8,1,683,validation,67,709666
dynamic_int8,1,684,validation,68,717541
dynamic_int8,1,685,validation,69,692791
dynamic_int8,1,686,validation,70,692208
dynamic_int8,1,687,validation,71,694958
dynamic_int8,1,688,validation,72,693875
dynamic_int8,1,689,validation,73,691375
dynamic_int8,1,690,validation,74,692875
dynamic_int8,1,691,validation,75,692083
dynamic_int8,1,692,validation,76,753333
dynamic_int8,1,693,validation,77,707625
dynamic_int8,1,694,validation,78,709583
dynamic_int8,1,695,validation,79,711458
dynamic_int8,1,696,validation,80,693250
dynamic_int8,1,697,validation,81,872667
dynamic_int8,1,698,validation,82,722916
dynamic_int8,1,699,validation,83,693166
dynamic_int8,1,700,validation,84,697958
dynamic_int8,1,701,validation,85,692958
dynamic_int8,1,702,validation,86,692958
dynamic_int8,1,703,validation,87,693500
dynamic_int8,1,704,validation,88,692417
dynamic_int8,1,705,validation,89,692458
dynamic_int8,1,706,validation,90,693084
dynamic_int8,1,707,validation,91,697125
dynamic_int8,1,708,validation,92,698916
dynamic_int8,1,709,validation,93,696041
dynamic_int8,1,710,validation,94,694541
dynamic_int8,1,711,validation,95,696333
dynamic_int8,1,712,validation,96,693083
dynamic_int8,1,713,validation,97,693541
dynamic_int8,1,714,validation,98,693750
dynamic_int8,1,715,validation,99,693041
dynamic_int8,1,716,validation,100,693542
dynamic_int8,1,717,validation,101,692250
dynamic_int8,1,718,validation,102,692416
dynamic_int8,1,719,validation,103,785625
dynamic_int8,1,720,validation,104,721916
dynamic_int8,1,721,validation,105,693791
dynamic_int8,1,722,validation,106,725916
dynamic_int8,1,723,validation,107,845416
dynamic_int8,1,724,validation,108,776167
dynamic_int8,1,725,validation,109,1061625
dynamic_int8,1,726,validation,110,749250
dynamic_int8,1,727,validation,111,988208
dynamic_int8,1,728,validation,112,791333
dynamic_int8,1,729,validation,113,760708
dynamic_int8,1,730,validation,114,700416
dynamic_int8,1,731,validation,115,694458
dynamic_int8,1,732,validation,116,696917
dynamic_int8,1,733,validation,117,692250
dynamic_int8,1,734,validation,118,694083
dynamic_int8,1,735,validation,119,693500
dynamic_int8,1,736,validation,120,692500
dynamic_int8,1,737,validation,121,700250
dynamic_int8,1,738,validation,122,720250
dynamic_int8,1,739,validation,123,734167
dynamic_int8,1,740,validation,124,717667
dynamic_int8,1,741,validation,125,701209
dynamic_int8,1,742,validation,126,732458
dynamic_int8,1,743,validation,127,829583
dynamic_int8,1,744,validation,128,733750
dynamic_int8,1,745,validation,129,695500
dynamic_int8,1,746,validation,130,697666
dynamic_int8,1,747,validation,131,696625
dynamic_int8,1,748,validation,132,696625
dynamic_int8,1,749,validation,133,699000
dynamic_int8,1,750,validation,134,713083
dynamic_int8,1,751,validation,135,720125
dynamic_int8,1,752,validation,136,711625
dynamic_int8,1,753,validation,137,724584
dynamic_int8,1,754,validation,138,694000
dynamic_int8,1,755,validation,139,712583
dynamic_int8,1,756,validation,140,717667
dynamic_int8,1,757,validation,141,693417
dynamic_int8,1,758,validation,142,692541
dynamic_int8,1,759,validation,143,692375
dynamic_int8,1,760,validation,144,737958
dynamic_int8,1,761,validation,145,736875
dynamic_int8,1,762,validation,146,706833
dynamic_int8,1,763,validation,147,707417
dynamic_int8,1,764,validation,148,814333
dynamic_int8,1,765,validation,149,729041
dynamic_int8,1,766,validation,150,710291
dynamic_int8,1,767,validation,151,711083
dynamic_int8,1,768,validation,152,695625
dynamic_int8,1,769,validation,153,692667
dynamic_int8,1,770,validation,0,692833
dynamic_int8,1,771,validation,1,696041
dynamic_int8,1,772,validation,2,696541
dynamic_int8,1,773,validation,3,696958
dynamic_int8,1,774,validation,4,696375
dynamic_int8,1,775,validation,5,694208
dynamic_int8,1,776,validation,6,722416
dynamic_int8,1,777,validation,7,696125
dynamic_int8,1,778,validation,8,692958
dynamic_int8,1,779,validation,9,695625
dynamic_int8,1,780,validation,10,692917
dynamic_int8,1,781,validation,11,692667
dynamic_int8,1,782,validation,12,692458
dynamic_int8,1,783,validation,13,692375
dynamic_int8,1,784,validation,14,706625
dynamic_int8,1,785,validation,15,702541
dynamic_int8,1,786,validation,16,699583
dynamic_int8,1,787,validation,17,692375
dynamic_int8,1,788,validation,18,833250
dynamic_int8,1,789,validation,19,740125
dynamic_int8,1,790,validation,20,694000
dynamic_int8,1,791,validation,21,713708
dynamic_int8,1,792,validation,22,693500
dynamic_int8,1,793,validation,23,697125
dynamic_int8,1,794,validation,24,693000
dynamic_int8,1,795,validation,25,694000
dynamic_int8,1,796,validation,26,697209
dynamic_int8,1,797,validation,27,697625
dynamic_int8,1,798,validation,28,695750
dynamic_int8,1,799,validation,29,692250
dynamic_int8,1,800,validation,30,720458
dynamic_int8,1,801,validation,31,693833
dynamic_int8,1,802,validation,32,694375
dynamic_int8,1,803,validation,33,694541
dynamic_int8,1,804,validation,34,693666
dynamic_int8,1,805,validation,35,694166
dynamic_int8,1,806,validation,36,693666
dynamic_int8,1,807,validation,37,693708
dynamic_int8,1,808,validation,38,752375
dynamic_int8,1,809,validation,39,734291
dynamic_int8,1,810,validation,40,697708
dynamic_int8,1,811,validation,41,714125
dynamic_int8,1,812,validation,42,697625
dynamic_int8,1,813,validation,43,811417
dynamic_int8,1,814,validation,44,725791
dynamic_int8,1,815,validation,45,696083
dynamic_int8,1,816,validation,46,692166
dynamic_int8,1,817,validation,47,692625
dynamic_int8,1,818,validation,48,693459
dynamic_int8,1,819,validation,49,692292
dynamic_int8,1,820,validation,50,694292
dynamic_int8,1,821,validation,51,693666
dynamic_int8,1,822,validation,52,696750
dynamic_int8,1,823,validation,53,701958
dynamic_int8,1,824,validation,54,715416
dynamic_int8,1,825,validation,55,692291
dynamic_int8,1,826,validation,56,692375
dynamic_int8,1,827,validation,57,694542
dynamic_int8,1,828,validation,58,691750
dynamic_int8,1,829,validation,59,697250
dynamic_int8,1,830,validation,60,699625
dynamic_int8,1,831,validation,61,696125
dynamic_int8,1,832,validation,62,715333
dynamic_int8,1,833,validation,63,694208
dynamic_int8,1,834,validation,64,695000
dynamic_int8,1,835,validation,65,712250
dynamic_int8,1,836,validation,66,696292
dynamic_int8,1,837,validation,67,818042
dynamic_int8,1,838,validation,68,726042
dynamic_int8,1,839,validation,69,696292
dynamic_int8,1,840,validation,70,694625
dynamic_int8,1,841,validation,71,695959
dynamic_int8,1,842,validation,72,727583
dynamic_int8,1,843,validation,73,702208
dynamic_int8,1,844,validation,74,696209
dynamic_int8,1,845,validation,75,691333
dynamic_int8,1,846,validation,76,693042
dynamic_int8,1,847,validation,77,725000
dynamic_int8,1,848,validation,78,692750
dynamic_int8,1,849,validation,79,692916
dynamic_int8,1,850,validation,80,692833
dynamic_int8,1,851,validation,81,696458
dynamic_int8,1,852,validation,82,692834
dynamic_int8,1,853,validation,83,699375
dynamic_int8,1,854,validation,84,692834
dynamic_int8,1,855,validation,85,693708
dynamic_int8,1,856,validation,86,712208
dynamic_int8,1,857,validation,87,695541
dynamic_int8,1,858,validation,88,695708
dynamic_int8,1,859,validation,89,845459
dynamic_int8,1,860,validation,90,715417
dynamic_int8,1,861,validation,91,707208
dynamic_int8,1,862,validation,92,698458
dynamic_int8,1,863,validation,93,720625
dynamic_int8,1,864,validation,94,693458
dynamic_int8,1,865,validation,95,696500
dynamic_int8,1,866,validation,96,696417
dynamic_int8,1,867,validation,97,693042
dynamic_int8,1,868,validation,98,695542
dynamic_int8,1,869,validation,99,692875
dynamic_int8,1,870,validation,100,700166
dynamic_int8,1,871,validation,101,718875
dynamic_int8,1,872,validation,102,692792
dynamic_int8,1,873,validation,103,694792
dynamic_int8,1,874,validation,104,692958
dynamic_int8,1,875,validation,105,694208
dynamic_int8,1,876,validation,106,692375
dynamic_int8,1,877,validation,107,693416
dynamic_int8,1,878,validation,108,712958
dynamic_int8,1,879,validation,109,718167
dynamic_int8,1,880,validation,110,696958
dynamic_int8,1,881,validation,111,705333
dynamic_int8,1,882,validation,112,700917
dynamic_int8,1,883,validation,113,699042
dynamic_int8,1,884,validation,114,824583
dynamic_int8,1,885,validation,115,711375
dynamic_int8,1,886,validation,116,693958
dynamic_int8,1,887,validation,117,696291
dynamic_int8,1,888,validation,118,700833
dynamic_int8,1,889,validation,119,697000
dynamic_int8,1,890,validation,120,696875
dynamic_int8,1,891,validation,121,706666
dynamic_int8,1,892,validation,122,696583
dynamic_int8,1,893,validation,123,695750
dynamic_int8,1,894,validation,124,722208
dynamic_int8,1,895,validation,125,725625
dynamic_int8,1,896,validation,126,693084
dynamic_int8,1,897,validation,127,693541
dynamic_int8,1,898,validation,128,694792
dynamic_int8,1,899,validation,129,694292
dynamic_int8,1,900,validation,130,693042
dynamic_int8,1,901,validation,131,693208
dynamic_int8,1,902,validation,132,704750
dynamic_int8,1,903,validation,133,740709
dynamic_int8,1,904,validation,134,696875
dynamic_int8,1,905,validation,135,708208
dynamic_int8,1,906,validation,136,715542
dynamic_int8,1,907,validation,137,790875
dynamic_int8,1,908,validation,138,744167
dynamic_int8,1,909,validation,139,699042
dynamic_int8,1,910,validation,140,693459
dynamic_int8,1,911,validation,141,693667
dynamic_int8,1,912,validation,142,696917
dynamic_int8,1,913,validation,143,696750
dynamic_int8,1,914,validation,144,696708
dynamic_int8,1,915,validation,145,693375
dynamic_int8,1,916,validation,146,692792
dynamic_int8,1,917,validation,147,693625
dynamic_int8,1,918,validation,148,718709
dynamic_int8,1,919,validation,149,694958
dynamic_int8,1,920,validation,150,737541
dynamic_int8,1,921,validation,151,740208
dynamic_int8,1,922,validation,152,743458
dynamic_int8,1,923,validation,153,693500
dynamic_int8,1,924,validation,0,692500
dynamic_int8,1,925,validation,1,735458
dynamic_int8,1,926,validation,2,715292
dynamic_int8,1,927,validation,3,704375
dynamic_int8,1,928,validation,4,693458
dynamic_int8,1,929,validation,5,716541
dynamic_int8,1,930,validation,6,695583
dynamic_int8,1,931,validation,7,825000
dynamic_int8,1,932,validation,8,695166
dynamic_int8,1,933,validation,9,719541
dynamic_int8,1,934,validation,10,696583
dynamic_int8,1,935,validation,11,692916
dynamic_int8,1,936,validation,12,702792
dynamic_int8,1,937,validation,13,697625
dynamic_int8,1,938,validation,14,696667
dynamic_int8,1,939,validation,15,696542
dynamic_int8,1,940,validation,16,700916
dynamic_int8,1,941,validation,17,702667
dynamic_int8,1,942,validation,18,700000
dynamic_int8,1,943,validation,19,692417
dynamic_int8,1,944,validation,20,693792
dynamic_int8,1,945,validation,21,695375
dynamic_int8,1,946,validation,22,693000
dynamic_int8,1,947,validation,23,692542
dynamic_int8,1,948,validation,24,723000
dynamic_int8,1,949,validation,25,705500
dynamic_int8,1,950,validation,26,699625
dynamic_int8,1,951,validation,27,693167
dynamic_int8,1,952,validation,28,692916
dynamic_int8,1,953,validation,29,827083
dynamic_int8,1,954,validation,30,697833
dynamic_int8,1,955,validation,31,696292
dynamic_int8,1,956,validation,32,709709
dynamic_int8,1,957,validation,33,693458
dynamic_int8,1,958,validation,34,693792
dynamic_int8,1,959,validation,35,696750
dynamic_int8,1,960,validation,36,697458
dynamic_int8,1,961,validation,37,694291
dynamic_int8,1,962,validation,38,693375
dynamic_int8,1,963,validation,39,693083
dynamic_int8,1,964,validation,40,696375
dynamic_int8,1,965,validation,41,720834
dynamic_int8,1,966,validation,42,692791
dynamic_int8,1,967,validation,43,695500
dynamic_int8,1,968,validation,44,693458
dynamic_int8,1,969,validation,45,692958
dynamic_int8,1,970,validation,46,692875
dynamic_int8,1,971,validation,47,692958
dynamic_int8,1,972,validation,48,704584
dynamic_int8,1,973,validation,49,731417
dynamic_int8,1,974,validation,50,708333
dynamic_int8,1,975,validation,51,695917
dynamic_int8,1,976,validation,52,696750
dynamic_int8,1,977,validation,53,767084
dynamic_int8,1,978,validation,54,732167
dynamic_int8,1,979,validation,55,715292
dynamic_int8,1,980,validation,56,699875
dynamic_int8,1,981,validation,57,693250
dynamic_int8,1,982,validation,58,692458
dynamic_int8,1,983,validation,59,693000
dynamic_int8,1,984,validation,60,693500
dynamic_int8,1,985,validation,61,696166
dynamic_int8,1,986,validation,62,696458
dynamic_int8,1,987,validation,63,692625
dynamic_int8,1,988,validation,64,704417
dynamic_int8,1,989,validation,65,718792
dynamic_int8,1,990,validation,66,692792
dynamic_int8,1,991,validation,67,694375
dynamic_int8,1,992,validation,68,692917
dynamic_int8,1,993,validation,69,697000
dynamic_int8,1,994,validation,70,692666
dynamic_int8,1,995,validation,71,692000
dynamic_int8,1,996,validation,72,704166
dynamic_int8,1,997,validation,73,730542
dynamic_int8,1,998,validation,74,706417
dynamic_int8,1,999,validation,75,691417
static_int8,1,0,validation,0,452625
static_int8,1,1,validation,1,456459
static_int8,1,2,validation,2,472709
static_int8,1,3,validation,3,458167
static_int8,1,4,validation,4,479250
static_int8,1,5,validation,5,460250
static_int8,1,6,validation,6,453041
static_int8,1,7,validation,7,452125
static_int8,1,8,validation,8,452667
static_int8,1,9,validation,9,452416
static_int8,1,10,validation,10,454167
static_int8,1,11,validation,11,452917
static_int8,1,12,validation,12,452542
static_int8,1,13,validation,13,451792
static_int8,1,14,validation,14,459708
static_int8,1,15,validation,15,474375
static_int8,1,16,validation,16,462333
static_int8,1,17,validation,17,469416
static_int8,1,18,validation,18,452541
static_int8,1,19,validation,19,453375
static_int8,1,20,validation,20,452292
static_int8,1,21,validation,21,452208
static_int8,1,22,validation,22,524000
static_int8,1,23,validation,23,478167
static_int8,1,24,validation,24,471667
static_int8,1,25,validation,25,455417
static_int8,1,26,validation,26,469084
static_int8,1,27,validation,27,455667
static_int8,1,28,validation,28,455250
static_int8,1,29,validation,29,452250
static_int8,1,30,validation,30,455625
static_int8,1,31,validation,31,452208
static_int8,1,32,validation,32,452666
static_int8,1,33,validation,33,453333
static_int8,1,34,validation,34,452625
static_int8,1,35,validation,35,452500
static_int8,1,36,validation,36,452375
static_int8,1,37,validation,37,452500
static_int8,1,38,validation,38,452958
static_int8,1,39,validation,39,452083
static_int8,1,40,validation,40,459709
static_int8,1,41,validation,41,460166
static_int8,1,42,validation,42,452208
static_int8,1,43,validation,43,453209
static_int8,1,44,validation,44,454583
static_int8,1,45,validation,45,452750
static_int8,1,46,validation,46,453125
static_int8,1,47,validation,47,452834
static_int8,1,48,validation,48,452417
static_int8,1,49,validation,49,453250
static_int8,1,50,validation,50,452542
static_int8,1,51,validation,51,452417
static_int8,1,52,validation,52,458458
static_int8,1,53,validation,53,461083
static_int8,1,54,validation,54,452625
static_int8,1,55,validation,55,452792
static_int8,1,56,validation,56,454583
static_int8,1,57,validation,57,472125
static_int8,1,58,validation,58,972458
static_int8,1,59,validation,59,530208
static_int8,1,60,validation,60,579958
static_int8,1,61,validation,61,492250
static_int8,1,62,validation,62,560166
static_int8,1,63,validation,63,453041
static_int8,1,64,validation,64,456416
static_int8,1,65,validation,65,451875
static_int8,1,66,validation,66,461083
static_int8,1,67,validation,67,456000
static_int8,1,68,validation,68,460500
static_int8,1,69,validation,69,458292
static_int8,1,70,validation,70,469083
static_int8,1,71,validation,71,455375
static_int8,1,72,validation,72,452958
static_int8,1,73,validation,73,452667
static_int8,1,74,validation,74,453959
static_int8,1,75,validation,75,473791
static_int8,1,76,validation,76,459792
static_int8,1,77,validation,77,452583
static_int8,1,78,validation,78,452292
static_int8,1,79,validation,79,454334
static_int8,1,80,validation,80,453292
static_int8,1,81,validation,81,452500
static_int8,1,82,validation,82,452875
static_int8,1,83,validation,83,452583
static_int8,1,84,validation,84,452584
static_int8,1,85,validation,85,452708
static_int8,1,86,validation,86,452334
static_int8,1,87,validation,87,452208
static_int8,1,88,validation,88,491125
static_int8,1,89,validation,89,476417
static_int8,1,90,validation,90,452667
static_int8,1,91,validation,91,467417
static_int8,1,92,validation,92,452542
static_int8,1,93,validation,93,462833
static_int8,1,94,validation,94,455542
static_int8,1,95,validation,95,557125
static_int8,1,96,validation,96,470834
static_int8,1,97,validation,97,459042
static_int8,1,98,validation,98,456625
static_int8,1,99,validation,99,453542
static_int8,1,100,validation,100,485125
static_int8,1,101,validation,101,453416
static_int8,1,102,validation,102,457500
static_int8,1,103,validation,103,465292
static_int8,1,104,validation,104,456209
static_int8,1,105,validation,105,452250
static_int8,1,106,validation,106,452958
static_int8,1,107,validation,107,455375
static_int8,1,108,validation,108,456041
static_int8,1,109,validation,109,460500
static_int8,1,110,validation,110,452375
static_int8,1,111,validation,111,465459
static_int8,1,112,validation,112,458458
static_int8,1,113,validation,113,452792
static_int8,1,114,validation,114,453000
static_int8,1,115,validation,115,452292
static_int8,1,116,validation,116,452792
static_int8,1,117,validation,117,454875
static_int8,1,118,validation,118,452542
static_int8,1,119,validation,119,453459
static_int8,1,120,validation,120,452250
static_int8,1,121,validation,121,452583
static_int8,1,122,validation,122,488584
static_int8,1,123,validation,123,463917
static_int8,1,124,validation,124,464375
static_int8,1,125,validation,125,458708
static_int8,1,126,validation,126,452084
static_int8,1,127,validation,127,458292
static_int8,1,128,validation,128,452417
static_int8,1,129,validation,129,562958
static_int8,1,130,validation,130,463458
static_int8,1,131,validation,131,493833
static_int8,1,132,validation,132,455958
static_int8,1,133,validation,133,467042
static_int8,1,134,validation,134,455709
static_int8,1,135,validation,135,467042
static_int8,1,136,validation,136,453125
static_int8,1,137,validation,137,456667
static_int8,1,138,validation,138,459125
static_int8,1,139,validation,139,453000
static_int8,1,140,validation,140,452458
static_int8,1,141,validation,141,455625
static_int8,1,142,validation,142,455917
static_int8,1,143,validation,143,457083
static_int8,1,144,validation,144,452000
static_int8,1,145,validation,145,455833
static_int8,1,146,validation,146,455416
static_int8,1,147,validation,147,460958
static_int8,1,148,validation,148,466875
static_int8,1,149,validation,149,452584
static_int8,1,150,validation,150,453250
static_int8,1,151,validation,151,454209
static_int8,1,152,validation,152,452583
static_int8,1,153,validation,153,453000
static_int8,1,154,validation,0,452167
static_int8,1,155,validation,1,453083
static_int8,1,156,validation,2,452083
static_int8,1,157,validation,3,451917
static_int8,1,158,validation,4,453292
static_int8,1,159,validation,5,494625
static_int8,1,160,validation,6,452417
static_int8,1,161,validation,7,455917
static_int8,1,162,validation,8,455417
static_int8,1,163,validation,9,455833
static_int8,1,164,validation,10,455417
static_int8,1,165,validation,11,464292
static_int8,1,166,validation,12,456625
static_int8,1,167,validation,13,568292
static_int8,1,168,validation,14,505458
static_int8,1,169,validation,15,463209
static_int8,1,170,validation,16,456500
static_int8,1,171,validation,17,454708
static_int8,1,172,validation,18,453083
static_int8,1,173,validation,19,453000
static_int8,1,174,validation,20,453208
static_int8,1,175,validation,21,452375
static_int8,1,176,validation,22,486083
static_int8,1,177,validation,23,452875
static_int8,1,178,validation,24,452584
static_int8,1,179,validation,25,456042
static_int8,1,180,validation,26,472625
static_int8,1,181,validation,27,452792
static_int8,1,182,validation,28,455667
static_int8,1,183,validation,29,475750
static_int8,1,184,validation,30,460125
static_int8,1,185,validation,31,452250
static_int8,1,186,validation,32,452292
static_int8,1,187,validation,33,453167
static_int8,1,188,validation,34,452625
static_int8,1,189,validation,35,455375
static_int8,1,190,validation,36,452750
static_int8,1,191,validation,37,452167
static_int8,1,192,validation,38,453500
static_int8,1,193,validation,39,452166
static_int8,1,194,validation,40,452334
static_int8,1,195,validation,41,491125
static_int8,1,196,validation,42,485084
static_int8,1,197,validation,43,456292
static_int8,1,198,validation,44,467792
static_int8,1,199,validation,45,455458
static_int8,1,200,validation,46,460916
static_int8,1,201,validation,47,461542
static_int8,1,202,validation,48,458167
static_int8,1,203,validation,49,502917
static_int8,1,204,validation,50,521625
static_int8,1,205,validation,51,464375
static_int8,1,206,validation,52,456000
static_int8,1,207,validation,53,463166
static_int8,1,208,validation,54,454167
static_int8,1,209,validation,55,458625
static_int8,1,210,validation,56,456500
static_int8,1,211,validation,57,452542
static_int8,1,212,validation,58,452333
static_int8,1,213,validation,59,456291
static_int8,1,214,validation,60,468625
static_int8,1,215,validation,61,454834
static_int8,1,216,validation,62,457583
static_int8,1,217,validation,63,455375
static_int8,1,218,validation,64,458333
static_int8,1,219,validation,65,490875
static_int8,1,220,validation,66,472000
static_int8,1,221,validation,67,455042
static_int8,1,222,validation,68,456000
static_int8,1,223,validation,69,456250
static_int8,1,224,validation,70,455500
static_int8,1,225,validation,71,457041
static_int8,1,226,validation,72,465000
static_int8,1,227,validation,73,457125
static_int8,1,228,validation,74,452584
static_int8,1,229,validation,75,466417
static_int8,1,230,validation,76,465500
static_int8,1,231,validation,77,493791
static_int8,1,232,validation,78,455541
static_int8,1,233,validation,79,465333
static_int8,1,234,validation,80,453208
static_int8,1,235,validation,81,452458
static_int8,1,236,validation,82,452667
static_int8,1,237,validation,83,475625
static_int8,1,238,validation,84,463583
static_int8,1,239,validation,85,516916
static_int8,1,240,validation,86,545459
static_int8,1,241,validation,87,522458
static_int8,1,242,validation,88,457000
static_int8,1,243,validation,89,451958
static_int8,1,244,validation,90,452958
static_int8,1,245,validation,91,459417
static_int8,1,246,validation,92,459250
static_int8,1,247,validation,93,455125
static_int8,1,248,validation,94,455375
static_int8,1,249,validation,95,453792
static_int8,1,250,validation,96,452292
static_int8,1,251,validation,97,463750
static_int8,1,252,validation,98,454292
static_int8,1,253,validation,99,454042
static_int8,1,254,validation,100,454958
static_int8,1,255,validation,101,477708
static_int8,1,256,validation,102,455042
static_int8,1,257,validation,103,453875
static_int8,1,258,validation,104,452333
static_int8,1,259,validation,105,452125
static_int8,1,260,validation,106,452625
static_int8,1,261,validation,107,454333
static_int8,1,262,validation,108,453000
static_int8,1,263,validation,109,452417
static_int8,1,264,validation,110,451875
static_int8,1,265,validation,111,452917
static_int8,1,266,validation,112,451917
static_int8,1,267,validation,113,451709
static_int8,1,268,validation,114,455500
static_int8,1,269,validation,115,469209
static_int8,1,270,validation,116,452750
static_int8,1,271,validation,117,483041
static_int8,1,272,validation,118,452375
static_int8,1,273,validation,119,452625
static_int8,1,274,validation,120,452083
static_int8,1,275,validation,121,488333
static_int8,1,276,validation,122,502584
static_int8,1,277,validation,123,452833
static_int8,1,278,validation,124,456166
static_int8,1,279,validation,125,453666
static_int8,1,280,validation,126,458583
static_int8,1,281,validation,127,453083
static_int8,1,282,validation,128,452875
static_int8,1,283,validation,129,452000
static_int8,1,284,validation,130,453875
static_int8,1,285,validation,131,452583
static_int8,1,286,validation,132,455291
static_int8,1,287,validation,133,454958
static_int8,1,288,validation,134,457125
static_int8,1,289,validation,135,457458
static_int8,1,290,validation,136,455459
static_int8,1,291,validation,137,454583
static_int8,1,292,validation,138,455000
static_int8,1,293,validation,139,453708
static_int8,1,294,validation,140,453916
static_int8,1,295,validation,141,453000
static_int8,1,296,validation,142,452875
static_int8,1,297,validation,143,456500
static_int8,1,298,validation,144,452500
static_int8,1,299,validation,145,453000
static_int8,1,300,validation,146,453083
static_int8,1,301,validation,147,466958
static_int8,1,302,validation,148,453333
static_int8,1,303,validation,149,454750
static_int8,1,304,validation,150,453250
static_int8,1,305,validation,151,453375
static_int8,1,306,validation,152,454334
static_int8,1,307,validation,153,453292
static_int8,1,308,validation,0,453167
static_int8,1,309,validation,1,453166
static_int8,1,310,validation,2,454542
static_int8,1,311,validation,3,456792
static_int8,1,312,validation,4,541542
static_int8,1,313,validation,5,569666
static_int8,1,314,validation,6,510583
static_int8,1,315,validation,7,513584
static_int8,1,316,validation,8,511292
static_int8,1,317,validation,9,512083
static_int8,1,318,validation,10,535625
static_int8,1,319,validation,11,542166
static_int8,1,320,validation,12,533542
static_int8,1,321,validation,13,492417
static_int8,1,322,validation,14,484708
static_int8,1,323,validation,15,462000
static_int8,1,324,validation,16,453125
static_int8,1,325,validation,17,453792
static_int8,1,326,validation,18,476708
static_int8,1,327,validation,19,453417
static_int8,1,328,validation,20,454083
static_int8,1,329,validation,21,453208
static_int8,1,330,validation,22,452500
static_int8,1,331,validation,23,452750
static_int8,1,332,validation,24,455625
static_int8,1,333,validation,25,453834
static_int8,1,334,validation,26,452500
static_int8,1,335,validation,27,476791
static_int8,1,336,validation,28,462333
static_int8,1,337,validation,29,482250
static_int8,1,338,validation,30,456333
static_int8,1,339,validation,31,468916
static_int8,1,340,validation,32,455208
static_int8,1,341,validation,33,456208
static_int8,1,342,validation,34,452542
static_int8,1,343,validation,35,452667
static_int8,1,344,validation,36,455250
static_int8,1,345,validation,37,456458
static_int8,1,346,validation,38,482125
static_int8,1,347,validation,39,517167
static_int8,1,348,validation,40,455000
static_int8,1,349,validation,41,455958
static_int8,1,350,validation,42,453542
static_int8,1,351,validation,43,464041
static_int8,1,352,validation,44,452208
static_int8,1,353,validation,45,455750
static_int8,1,354,validation,46,456625
static_int8,1,355,validation,47,458125
static_int8,1,356,validation,48,467708
static_int8,1,357,validation,49,455666
static_int8,1,358,validation,50,455375
static_int8,1,359,validation,51,455458
static_int8,1,360,validation,52,454583
static_int8,1,361,validation,53,453292
static_int8,1,362,validation,54,452042
static_int8,1,363,validation,55,452500
static_int8,1,364,validation,56,452375
static_int8,1,365,validation,57,452334
static_int8,1,366,validation,58,452500
static_int8,1,367,validation,59,453000
static_int8,1,368,validation,60,451750
static_int8,1,369,validation,61,455125
static_int8,1,370,validation,62,452333
static_int8,1,371,validation,63,452500
static_int8,1,372,validation,64,452875
static_int8,1,373,validation,65,481958
static_int8,1,374,validation,66,490166
static_int8,1,375,validation,67,453208
static_int8,1,376,validation,68,470416
static_int8,1,377,validation,69,453500
static_int8,1,378,validation,70,452125
static_int8,1,379,validation,71,455208
static_int8,1,380,validation,72,452166
static_int8,1,381,validation,73,455500
static_int8,1,382,validation,74,452417
static_int8,1,383,validation,75,574125
static_int8,1,384,validation,76,455958
static_int8,1,385,validation,77,453000
static_int8,1,386,validation,78,456375
static_int8,1,387,validation,79,452625
static_int8,1,388,validation,80,458292
static_int8,1,389,validation,81,455291
static_int8,1,390,validation,82,455500
static_int8,1,391,validation,83,452084
static_int8,1,392,validation,84,456708
static_int8,1,393,validation,85,459208
static_int8,1,394,validation,86,452334
static_int8,1,395,validation,87,459875
static_int8,1,396,validation,88,455792
static_int8,1,397,validation,89,452375
static_int8,1,398,validation,90,452667
static_int8,1,399,validation,91,456375
static_int8,1,400,validation,92,452500
static_int8,1,401,validation,93,452583
static_int8,1,402,validation,94,452167
static_int8,1,403,validation,95,452333
static_int8,1,404,validation,96,454583
static_int8,1,405,validation,97,452709
static_int8,1,406,validation,98,453458
static_int8,1,407,validation,99,452458
static_int8,1,408,validation,100,452250
static_int8,1,409,validation,101,472125
static_int8,1,410,validation,102,478083
static_int8,1,411,validation,103,464584
static_int8,1,412,validation,104,461917
static_int8,1,413,validation,105,474292
static_int8,1,414,validation,106,453458
static_int8,1,415,validation,107,455292
static_int8,1,416,validation,108,452042
static_int8,1,417,validation,109,455375
static_int8,1,418,validation,110,455209
static_int8,1,419,validation,111,546375
static_int8,1,420,validation,112,481834
static_int8,1,421,validation,113,452208
static_int8,1,422,validation,114,452208
static_int8,1,423,validation,115,452333
static_int8,1,424,validation,116,452333
static_int8,1,425,validation,117,452292
static_int8,1,426,validation,118,452459
static_int8,1,427,validation,119,452500
static_int8,1,428,validation,120,456083
static_int8,1,429,validation,121,452709
static_int8,1,430,validation,122,455833
static_int8,1,431,validation,123,452541
static_int8,1,432,validation,124,455917
static_int8,1,433,validation,125,451875
static_int8,1,434,validation,126,460792
static_int8,1,435,validation,127,460417
static_int8,1,436,validation,128,451958
static_int8,1,437,validation,129,452334
static_int8,1,438,validation,130,452459
static_int8,1,439,validation,131,451542
static_int8,1,440,validation,132,452667
static_int8,1,441,validation,133,454250
static_int8,1,442,validation,134,451791
static_int8,1,443,validation,135,452583
static_int8,1,444,validation,136,452500
static_int8,1,445,validation,137,452041
static_int8,1,446,validation,138,452500
static_int8,1,447,validation,139,483333
static_int8,1,448,validation,140,452709
static_int8,1,449,validation,141,463917
static_int8,1,450,validation,142,455333
static_int8,1,451,validation,143,461708
static_int8,1,452,validation,144,452208
static_int8,1,453,validation,145,452125
static_int8,1,454,validation,146,455666
static_int8,1,455,validation,147,515750
static_int8,1,456,validation,148,507417
static_int8,1,457,validation,149,453500
static_int8,1,458,validation,150,456750
static_int8,1,459,validation,151,456250
static_int8,1,460,validation,152,452416
static_int8,1,461,validation,153,456667
static_int8,1,462,validation,0,456292
static_int8,1,463,validation,1,466750
static_int8,1,464,validation,2,453000
static_int8,1,465,validation,3,455458
static_int8,1,466,validation,4,452625
static_int8,1,467,validation,5,455125
static_int8,1,468,validation,6,457834
static_int8,1,469,validation,7,455125
static_int8,1,470,validation,8,452000
static_int8,1,471,validation,9,460333
static_int8,1,472,validation,10,452709
static_int8,1,473,validation,11,452500
static_int8,1,474,validation,12,453209
static_int8,1,475,validation,13,452375
static_int8,1,476,validation,14,452375
static_int8,1,477,validation,15,456500
static_int8,1,478,validation,16,452583
static_int8,1,479,validation,17,452375
static_int8,1,480,validation,18,453042
static_int8,1,481,validation,19,452209
static_int8,1,482,validation,20,452459
static_int8,1,483,validation,21,486459
static_int8,1,484,validation,22,465917
static_int8,1,485,validation,23,468209
static_int8,1,486,validation,24,455750
static_int8,1,487,validation,25,468917
static_int8,1,488,validation,26,453083
static_int8,1,489,validation,27,455000
static_int8,1,490,validation,28,451875
static_int8,1,491,validation,29,467417
static_int8,1,492,validation,30,559166
static_int8,1,493,validation,31,453750
static_int8,1,494,validation,32,458875
static_int8,1,495,validation,33,452584
static_int8,1,496,validation,34,456083
static_int8,1,497,validation,35,455417
static_int8,1,498,validation,36,456375
static_int8,1,499,validation,37,459209
static_int8,1,500,validation,38,452042
static_int8,1,501,validation,39,456000
static_int8,1,502,validation,40,452250
static_int8,1,503,validation,41,464125
static_int8,1,504,validation,42,455542
static_int8,1,505,validation,43,452750
static_int8,1,506,validation,44,455667
static_int8,1,507,validation,45,452792
static_int8,1,508,validation,46,474334
static_int8,1,509,validation,47,452334
static_int8,1,510,validation,48,452125
static_int8,1,511,validation,49,452875
static_int8,1,512,validation,50,451791
static_int8,1,513,validation,51,453583
static_int8,1,514,validation,52,453000
static_int8,1,515,validation,53,452542
static_int8,1,516,validation,54,451917
static_int8,1,517,validation,55,452667
static_int8,1,518,validation,56,451750
static_int8,1,519,validation,57,486667
static_int8,1,520,validation,58,492792
static_int8,1,521,validation,59,466458
static_int8,1,522,validation,60,452375
static_int8,1,523,validation,61,451792
static_int8,1,524,validation,62,451833
static_int8,1,525,validation,63,452750
static_int8,1,526,validation,64,452375
static_int8,1,527,validation,65,452334
static_int8,1,528,validation,66,553958
static_int8,1,529,validation,67,464084
static_int8,1,530,validation,68,452958
static_int8,1,531,validation,69,458875
static_int8,1,532,validation,70,457625
static_int8,1,533,validation,71,460583
static_int8,1,534,validation,72,461958
static_int8,1,535,validation,73,458875
static_int8,1,536,validation,74,456584
static_int8,1,537,validation,75,454458
static_int8,1,538,validation,76,455250
static_int8,1,539,validation,77,455458
static_int8,1,540,validation,78,457291
static_int8,1,541,validation,79,461541
static_int8,1,542,validation,80,454542
static_int8,1,543,validation,81,456917
static_int8,1,544,validation,82,458167
static_int8,1,545,validation,83,457000
static_int8,1,546,validation,84,454667
static_int8,1,547,validation,85,455541
static_int8,1,548,validation,86,456416
static_int8,1,549,validation,87,454708
static_int8,1,550,validation,88,459875
static_int8,1,551,validation,89,455042
static_int8,1,552,validation,90,454000
static_int8,1,553,validation,91,462958
static_int8,1,554,validation,92,491042
static_int8,1,555,validation,93,491250
static_int8,1,556,validation,94,525000
static_int8,1,557,validation,95,516666
static_int8,1,558,validation,96,538166
static_int8,1,559,validation,97,477000
static_int8,1,560,validation,98,519458
static_int8,1,561,validation,99,466041
static_int8,1,562,validation,100,481875
static_int8,1,563,validation,101,500500
static_int8,1,564,validation,102,502458
static_int8,1,565,validation,103,486500
static_int8,1,566,validation,104,468250
static_int8,1,567,validation,105,468334
static_int8,1,568,validation,106,469834
static_int8,1,569,validation,107,461250
static_int8,1,570,validation,108,456709
static_int8,1,571,validation,109,458291
static_int8,1,572,validation,110,455917
static_int8,1,573,validation,111,457333
static_int8,1,574,validation,112,453875
static_int8,1,575,validation,113,454208
static_int8,1,576,validation,114,465125
static_int8,1,577,validation,115,483083
static_int8,1,578,validation,116,488125
static_int8,1,579,validation,117,480375
static_int8,1,580,validation,118,470083
static_int8,1,581,validation,119,470084
static_int8,1,582,validation,120,472500
static_int8,1,583,validation,121,468125
static_int8,1,584,validation,122,466708
static_int8,1,585,validation,123,469541
static_int8,1,586,validation,124,459750
static_int8,1,587,validation,125,459833
static_int8,1,588,validation,126,458417
static_int8,1,589,validation,127,461416
static_int8,1,590,validation,128,461708
static_int8,1,591,validation,129,479542
static_int8,1,592,validation,130,466541
static_int8,1,593,validation,131,499708
static_int8,1,594,validation,132,501334
static_int8,1,595,validation,133,534666
static_int8,1,596,validation,134,533166
static_int8,1,597,validation,135,555000
static_int8,1,598,validation,136,648792
static_int8,1,599,validation,137,563750
static_int8,1,600,validation,138,505542
static_int8,1,601,validation,139,525334
static_int8,1,602,validation,140,487875
static_int8,1,603,validation,141,513166
static_int8,1,604,validation,142,494292
static_int8,1,605,validation,143,493125
static_int8,1,606,validation,144,494041
static_int8,1,607,validation,145,480708
static_int8,1,608,validation,146,471042
static_int8,1,609,validation,147,467791
static_int8,1,610,validation,148,468416
static_int8,1,611,validation,149,739791
static_int8,1,612,validation,150,513583
static_int8,1,613,validation,151,518584
static_int8,1,614,validation,152,500709
static_int8,1,615,validation,153,499500
static_int8,1,616,validation,0,534791
static_int8,1,617,validation,1,637458
static_int8,1,618,validation,2,487292
static_int8,1,619,validation,3,470917
static_int8,1,620,validation,4,487042
static_int8,1,621,validation,5,486250
static_int8,1,622,validation,6,475875
static_int8,1,623,validation,7,470792
static_int8,1,624,validation,8,499333
static_int8,1,625,validation,9,488833
static_int8,1,626,validation,10,4932709
static_int8,1,627,validation,11,1173042
static_int8,1,628,validation,12,1123584
static_int8,1,629,validation,13,509584
static_int8,1,630,validation,14,533208
static_int8,1,631,validation,15,495208
static_int8,1,632,validation,16,461708
static_int8,1,633,validation,17,483833
static_int8,1,634,validation,18,585834
static_int8,1,635,validation,19,508750
static_int8,1,636,validation,20,473917
static_int8,1,637,validation,21,462042
static_int8,1,638,validation,22,472750
static_int8,1,639,validation,23,490958
static_int8,1,640,validation,24,469833
static_int8,1,641,validation,25,462166
static_int8,1,642,validation,26,514541
static_int8,1,643,validation,27,508625
static_int8,1,644,validation,28,492417
static_int8,1,645,validation,29,498042
static_int8,1,646,validation,30,467041
static_int8,1,647,validation,31,462250
static_int8,1,648,validation,32,466875
static_int8,1,649,validation,33,524625
static_int8,1,650,validation,34,497208
static_int8,1,651,validation,35,478791
static_int8,1,652,validation,36,477541
static_int8,1,653,validation,37,583542
static_int8,1,654,validation,38,749166
static_int8,1,655,validation,39,478875
static_int8,1,656,validation,40,508834
static_int8,1,657,validation,41,479291
static_int8,1,658,validation,42,476792
static_int8,1,659,validation,43,481750
static_int8,1,660,validation,44,498625
static_int8,1,661,validation,45,480083
static_int8,1,662,validation,46,506166
static_int8,1,663,validation,47,483333
static_int8,1,664,validation,48,487250
static_int8,1,665,validation,49,479375
static_int8,1,666,validation,50,513375
static_int8,1,667,validation,51,502708
static_int8,1,668,validation,52,491000
static_int8,1,669,validation,53,489875
static_int8,1,670,validation,54,469750
static_int8,1,671,validation,55,468708
static_int8,1,672,validation,56,475958
static_int8,1,673,validation,57,471208
static_int8,1,674,validation,58,471625
static_int8,1,675,validation,59,487541
static_int8,1,676,validation,60,524000
static_int8,1,677,validation,61,468625
static_int8,1,678,validation,62,508875
static_int8,1,679,validation,63,509000
static_int8,1,680,validation,64,489917
static_int8,1,681,validation,65,506333
static_int8,1,682,validation,66,480000
static_int8,1,683,validation,67,505875
static_int8,1,684,validation,68,498875
static_int8,1,685,validation,69,521042
static_int8,1,686,validation,70,616417
static_int8,1,687,validation,71,560833
static_int8,1,688,validation,72,502542
static_int8,1,689,validation,73,505292
static_int8,1,690,validation,74,493584
static_int8,1,691,validation,75,484917
static_int8,1,692,validation,76,469458
static_int8,1,693,validation,77,492583
static_int8,1,694,validation,78,462375
static_int8,1,695,validation,79,468041
static_int8,1,696,validation,80,465625
static_int8,1,697,validation,81,462875
static_int8,1,698,validation,82,458000
static_int8,1,699,validation,83,503417
static_int8,1,700,validation,84,502042
static_int8,1,701,validation,85,490708
static_int8,1,702,validation,86,481833
static_int8,1,703,validation,87,473500
static_int8,1,704,validation,88,458792
static_int8,1,705,validation,89,494917
static_int8,1,706,validation,90,457292
static_int8,1,707,validation,91,470958
static_int8,1,708,validation,92,477167
static_int8,1,709,validation,93,475792
static_int8,1,710,validation,94,462417
static_int8,1,711,validation,95,482292
static_int8,1,712,validation,96,471875
static_int8,1,713,validation,97,535125
static_int8,1,714,validation,98,493833
static_int8,1,715,validation,99,471708
static_int8,1,716,validation,100,486791
static_int8,1,717,validation,101,475042
static_int8,1,718,validation,102,481375
static_int8,1,719,validation,103,473875
static_int8,1,720,validation,104,636333
static_int8,1,721,validation,105,540208
static_int8,1,722,validation,106,516458
static_int8,1,723,validation,107,499834
static_int8,1,724,validation,108,481458
static_int8,1,725,validation,109,495042
static_int8,1,726,validation,110,494250
static_int8,1,727,validation,111,492750
static_int8,1,728,validation,112,488125
static_int8,1,729,validation,113,493375
static_int8,1,730,validation,114,508416
static_int8,1,731,validation,115,484875
static_int8,1,732,validation,116,463375
static_int8,1,733,validation,117,478542
static_int8,1,734,validation,118,468125
static_int8,1,735,validation,119,477334
static_int8,1,736,validation,120,479625
static_int8,1,737,validation,121,462125
static_int8,1,738,validation,122,457375
static_int8,1,739,validation,123,457916
static_int8,1,740,validation,124,456250
static_int8,1,741,validation,125,463333
static_int8,1,742,validation,126,459000
static_int8,1,743,validation,127,463875
static_int8,1,744,validation,128,462750
static_int8,1,745,validation,129,457958
static_int8,1,746,validation,130,460083
static_int8,1,747,validation,131,521834
static_int8,1,748,validation,132,503750
static_int8,1,749,validation,133,515500
static_int8,1,750,validation,134,487500
static_int8,1,751,validation,135,537250
static_int8,1,752,validation,136,625166
static_int8,1,753,validation,137,545500
static_int8,1,754,validation,138,648167
static_int8,1,755,validation,139,492459
static_int8,1,756,validation,140,528042
static_int8,1,757,validation,141,590292
static_int8,1,758,validation,142,496750
static_int8,1,759,validation,143,494292
static_int8,1,760,validation,144,493167
static_int8,1,761,validation,145,474583
static_int8,1,762,validation,146,466333
static_int8,1,763,validation,147,468375
static_int8,1,764,validation,148,469000
static_int8,1,765,validation,149,467334
static_int8,1,766,validation,150,472958
static_int8,1,767,validation,151,466250
static_int8,1,768,validation,152,468417
static_int8,1,769,validation,153,524416
static_int8,1,770,validation,0,532208
static_int8,1,771,validation,1,483542
static_int8,1,772,validation,2,510459
static_int8,1,773,validation,3,506833
static_int8,1,774,validation,4,486584
static_int8,1,775,validation,5,488125
static_int8,1,776,validation,6,474666
static_int8,1,777,validation,7,482333
static_int8,1,778,validation,8,482084
static_int8,1,779,validation,9,490042
static_int8,1,780,validation,10,481875
static_int8,1,781,validation,11,483334
static_int8,1,782,validation,12,493458
static_int8,1,783,validation,13,481667
static_int8,1,784,validation,14,483250
static_int8,1,785,validation,15,504959
static_int8,1,786,validation,16,577750
static_int8,1,787,validation,17,483125
static_int8,1,788,validation,18,482667
static_int8,1,789,validation,19,486208
static_int8,1,790,validation,20,485416
static_int8,1,791,validation,21,493875
static_int8,1,792,validation,22,473666
static_int8,1,793,validation,23,457542
static_int8,1,794,validation,24,482833
static_int8,1,795,validation,25,482541
static_int8,1,796,validation,26,463750
static_int8,1,797,validation,27,454458
static_int8,1,798,validation,28,469042
static_int8,1,799,validation,29,468459
static_int8,1,800,validation,30,456083
static_int8,1,801,validation,31,466541
static_int8,1,802,validation,32,470291
static_int8,1,803,validation,33,467583
static_int8,1,804,validation,34,465250
static_int8,1,805,validation,35,459208
static_int8,1,806,validation,36,455875
static_int8,1,807,validation,37,453667
static_int8,1,808,validation,38,453625
static_int8,1,809,validation,39,492083
static_int8,1,810,validation,40,456875
static_int8,1,811,validation,41,498292
static_int8,1,812,validation,42,499500
static_int8,1,813,validation,43,484625
static_int8,1,814,validation,44,462459
static_int8,1,815,validation,45,452417
static_int8,1,816,validation,46,472708
static_int8,1,817,validation,47,488125
static_int8,1,818,validation,48,526250
static_int8,1,819,validation,49,538584
static_int8,1,820,validation,50,504875
static_int8,1,821,validation,51,502583
static_int8,1,822,validation,52,534500
static_int8,1,823,validation,53,511584
static_int8,1,824,validation,54,523416
static_int8,1,825,validation,55,571625
static_int8,1,826,validation,56,466584
static_int8,1,827,validation,57,470792
static_int8,1,828,validation,58,464000
static_int8,1,829,validation,59,474959
static_int8,1,830,validation,60,462667
static_int8,1,831,validation,61,475542
static_int8,1,832,validation,62,481250
static_int8,1,833,validation,63,473750
static_int8,1,834,validation,64,457166
static_int8,1,835,validation,65,476333
static_int8,1,836,validation,66,463750
static_int8,1,837,validation,67,475417
static_int8,1,838,validation,68,474250
static_int8,1,839,validation,69,459167
static_int8,1,840,validation,70,526209
static_int8,1,841,validation,71,479500
static_int8,1,842,validation,72,465917
static_int8,1,843,validation,73,477958
static_int8,1,844,validation,74,472500
static_int8,1,845,validation,75,460333
static_int8,1,846,validation,76,457958
static_int8,1,847,validation,77,453917
static_int8,1,848,validation,78,474792
static_int8,1,849,validation,79,461167
static_int8,1,850,validation,80,454125
static_int8,1,851,validation,81,453666
static_int8,1,852,validation,82,454833
static_int8,1,853,validation,83,454292
static_int8,1,854,validation,84,453083
static_int8,1,855,validation,85,459750
static_int8,1,856,validation,86,454125
static_int8,1,857,validation,87,553084
static_int8,1,858,validation,88,484416
static_int8,1,859,validation,89,456708
static_int8,1,860,validation,90,478417
static_int8,1,861,validation,91,463708
static_int8,1,862,validation,92,461792
static_int8,1,863,validation,93,453750
static_int8,1,864,validation,94,453625
static_int8,1,865,validation,95,453792
static_int8,1,866,validation,96,453041
static_int8,1,867,validation,97,454583
static_int8,1,868,validation,98,452292
static_int8,1,869,validation,99,452291
static_int8,1,870,validation,100,454791
static_int8,1,871,validation,101,464125
static_int8,1,872,validation,102,473000
static_int8,1,873,validation,103,453917
static_int8,1,874,validation,104,452250
static_int8,1,875,validation,105,452792
static_int8,1,876,validation,106,453583
static_int8,1,877,validation,107,452458
static_int8,1,878,validation,108,452750
static_int8,1,879,validation,109,461875
static_int8,1,880,validation,110,455000
static_int8,1,881,validation,111,453875
static_int8,1,882,validation,112,461042
static_int8,1,883,validation,113,466542
static_int8,1,884,validation,114,454125
static_int8,1,885,validation,115,453584
static_int8,1,886,validation,116,453250
static_int8,1,887,validation,117,454958
static_int8,1,888,validation,118,457375
static_int8,1,889,validation,119,457000
static_int8,1,890,validation,120,452292
static_int8,1,891,validation,121,455750
static_int8,1,892,validation,122,455917
static_int8,1,893,validation,123,479375
static_int8,1,894,validation,124,537167
static_int8,1,895,validation,125,455125
static_int8,1,896,validation,126,452875
static_int8,1,897,validation,127,496000
static_int8,1,898,validation,128,453042
static_int8,1,899,validation,129,452292
static_int8,1,900,validation,130,453792
static_int8,1,901,validation,131,455792
static_int8,1,902,validation,132,466417
static_int8,1,903,validation,133,456125
static_int8,1,904,validation,134,452875
static_int8,1,905,validation,135,452709
static_int8,1,906,validation,136,456000
static_int8,1,907,validation,137,452333
static_int8,1,908,validation,138,455875
static_int8,1,909,validation,139,459708
static_int8,1,910,validation,140,482375
static_int8,1,911,validation,141,452667
static_int8,1,912,validation,142,452208
static_int8,1,913,validation,143,452917
static_int8,1,914,validation,144,451959
static_int8,1,915,validation,145,454042
static_int8,1,916,validation,146,453625
static_int8,1,917,validation,147,452166
static_int8,1,918,validation,148,452125
static_int8,1,919,validation,149,452417
static_int8,1,920,validation,150,460292
static_int8,1,921,validation,151,453208
static_int8,1,922,validation,152,467375
static_int8,1,923,validation,153,468667
static_int8,1,924,validation,0,469667
static_int8,1,925,validation,1,455334
static_int8,1,926,validation,2,451917
static_int8,1,927,validation,3,452416
static_int8,1,928,validation,4,455333
static_int8,1,929,validation,5,452667
static_int8,1,930,validation,6,551042
static_int8,1,931,validation,7,453708
static_int8,1,932,validation,8,451916
static_int8,1,933,validation,9,455250
static_int8,1,934,validation,10,456209
static_int8,1,935,validation,11,452917
static_int8,1,936,validation,12,454959
static_int8,1,937,validation,13,456083
static_int8,1,938,validation,14,454916
static_int8,1,939,validation,15,454291
static_int8,1,940,validation,16,456291
static_int8,1,941,validation,17,478792
static_int8,1,942,validation,18,453166
static_int8,1,943,validation,19,455125
static_int8,1,944,validation,20,452417
static_int8,1,945,validation,21,453000
static_int8,1,946,validation,22,452750
static_int8,1,947,validation,23,452458
static_int8,1,948,validation,24,452084
static_int8,1,949,validation,25,452417
static_int8,1,950,validation,26,452667
static_int8,1,951,validation,27,454458
static_int8,1,952,validation,28,452875
static_int8,1,953,validation,29,452708
static_int8,1,954,validation,30,451875
static_int8,1,955,validation,31,452875
static_int8,1,956,validation,32,452875
static_int8,1,957,validation,33,452583
static_int8,1,958,validation,34,453250
static_int8,1,959,validation,35,469333
static_int8,1,960,validation,36,468250
static_int8,1,961,validation,37,466292
static_int8,1,962,validation,38,456000
static_int8,1,963,validation,39,452458
static_int8,1,964,validation,40,455416
static_int8,1,965,validation,41,451916
static_int8,1,966,validation,42,533500
static_int8,1,967,validation,43,489000
static_int8,1,968,validation,44,452875
static_int8,1,969,validation,45,459875
static_int8,1,970,validation,46,452167
static_int8,1,971,validation,47,456375
static_int8,1,972,validation,48,462291
static_int8,1,973,validation,49,452292
static_int8,1,974,validation,50,453792
static_int8,1,975,validation,51,452417
static_int8,1,976,validation,52,455292
static_int8,1,977,validation,53,454875
static_int8,1,978,validation,54,453125
static_int8,1,979,validation,55,469666
static_int8,1,980,validation,56,451625
static_int8,1,981,validation,57,451709
static_int8,1,982,validation,58,463542
static_int8,1,983,validation,59,452583
static_int8,1,984,validation,60,452792
static_int8,1,985,validation,61,451833
static_int8,1,986,validation,62,451916
static_int8,1,987,validation,63,452792
static_int8,1,988,validation,64,454167
static_int8,1,989,validation,65,452583
static_int8,1,990,validation,66,452333
static_int8,1,991,validation,67,452291
static_int8,1,992,validation,68,452542
static_int8,1,993,validation,69,452250
static_int8,1,994,validation,70,505167
static_int8,1,995,validation,71,453166
static_int8,1,996,validation,72,451417
static_int8,1,997,validation,73,452583
static_int8,1,998,validation,74,452083
static_int8,1,999,validation,75,452208
