variant,window_id,source_file,vessel_group,split,class,label_index,predicted_label_index,predicted_class,logit_Cargo,logit_Passengership,logit_Tanker,logit_Tug
fp32,cargo-62-000000000ms,Cargo/62.wav,anastasia,validation,Cargo,0,0,Cargo,0.6854567527770996,-0.1902475357055664,0.6379979252815247,-2.9610419273376465
fp32,cargo-62-000005000ms,Cargo/62.wav,anastasia,validation,Cargo,0,2,Tanker,0.6851791143417358,-0.2533232271671295,0.6920004487037659,-2.965149402618408
fp32,cargo-62-000010000ms,Cargo/62.wav,anastasia,validation,Cargo,0,0,Cargo,0.671643853187561,-0.19168254733085632,0.6684471368789673,-2.9987387657165527
fp32,cargo-62-000015000ms,Cargo/62.wav,anastasia,validation,Cargo,0,0,Cargo,0.6888004541397095,-0.22150972485542297,0.6827839612960815,-3.002451181411743
fp32,cargo-62-000020000ms,Cargo/62.wav,anastasia,validation,Cargo,0,0,Cargo,0.6724147796630859,-0.15455415844917297,0.624762773513794,-2.949317216873169
fp32,cargo-62-000025000ms,Cargo/62.wav,anastasia,validation,Cargo,0,0,Cargo,0.6892954111099243,-0.1668262481689453,0.6539555788040161,-3.02742338180542
fp32,cargo-62-000030000ms,Cargo/62.wav,anastasia,validation,Cargo,0,0,Cargo,0.6764568090438843,-0.18332591652870178,0.6538618803024292,-2.9724512100219727
fp32,cargo-62-000035000ms,Cargo/62.wav,anastasia,validation,Cargo,0,0,Cargo,0.6768670082092285,-0.15843412280082703,0.6459993124008179,-2.963560104370117
fp32,cargo-62-000040000ms,Cargo/62.wav,anastasia,validation,Cargo,0,2,Tanker,0.6615723371505737,-0.168745219707489,0.675529420375824,-3.072355270385742
fp32,cargo-62-000045000ms,Cargo/62.wav,anastasia,validation,Cargo,0,2,Tanker,0.6533246040344238,-0.18186414241790771,0.698508620262146,-3.074768304824829
fp32,cargo-62-000050000ms,Cargo/62.wav,anastasia,validation,Cargo,0,0,Cargo,0.66402268409729,-0.16806155443191528,0.657131552696228,-2.974085807800293
fp32,cargo-62-000055000ms,Cargo/62.wav,anastasia,validation,Cargo,0,0,Cargo,0.6847591400146484,-0.14604419469833374,0.6583487391471863,-3.07492733001709
fp32,cargo-62-000060000ms,Cargo/62.wav,anastasia,validation,Cargo,0,0,Cargo,0.6996845006942749,-0.15892294049263,0.6670012474060059,-3.093712091445923
fp32,cargo-62-000065000ms,Cargo/62.wav,anastasia,validation,Cargo,0,2,Tanker,0.6533151865005493,-0.18054300546646118,0.6660957336425781,-3.0025784969329834
fp32,cargo-62-000070000ms,Cargo/62.wav,anastasia,validation,Cargo,0,0,Cargo,0.6561217308044434,-0.14247918128967285,0.6510818600654602,-3.0450668334960938
fp32,cargo-62-000075000ms,Cargo/62.wav,anastasia,validation,Cargo,0,2,Tanker,0.6588551998138428,-0.19814515113830566,0.6768207550048828,-3.00715708732605
fp32,cargo-62-000080000ms,Cargo/62.wav,anastasia,validation,Cargo,0,2,Tanker,0.663367509841919,-0.20737093687057495,0.678004801273346,-2.9988698959350586
fp32,cargo-62-000085000ms,Cargo/62.wav,anastasia,validation,Cargo,0,0,Cargo,0.6699796915054321,-0.2006063461303711,0.6361462473869324,-2.8736109733581543
fp32,cargo-62-000090000ms,Cargo/62.wav,anastasia,validation,Cargo,0,0,Cargo,0.685921311378479,-0.24706709384918213,0.6621426343917847,-2.8753268718719482
fp32,cargo-62-000095000ms,Cargo/62.wav,anastasia,validation,Cargo,0,0,Cargo,0.713725209236145,-0.24187177419662476,0.6780152916908264,-2.9553422927856445
fp32,cargo-62-000100000ms,Cargo/62.wav,anastasia,validation,Cargo,0,0,Cargo,0.6971143484115601,-0.192954421043396,0.6520840525627136,-2.9730005264282227
fp32,cargo-62-000105000ms,Cargo/62.wav,anastasia,validation,Cargo,0,0,Cargo,0.6778711080551147,-0.24549895524978638,0.6731849312782288,-2.9106125831604004
fp32,cargo-62-000110000ms,Cargo/62.wav,anastasia,validation,Cargo,0,0,Cargo,0.6806398630142212,-0.190402090549469,0.6334178447723389,-2.8872268199920654
fp32,cargo-62-000115000ms,Cargo/62.wav,anastasia,validation,Cargo,0,0,Cargo,0.6630842685699463,-0.16248413920402527,0.6241583824157715,-2.9044106006622314
fp32,cargo-62-000120000ms,Cargo/62.wav,anastasia,validation,Cargo,0,0,Cargo,0.6270890235900879,-0.18544995784759521,0.6208146214485168,-2.8259592056274414
fp32,cargo-62-000125000ms,Cargo/62.wav,anastasia,validation,Cargo,0,0,Cargo,0.6658598184585571,-0.15853379666805267,0.5963340401649475,-2.7853331565856934
fp32,cargo-62-000130000ms,Cargo/62.wav,anastasia,validation,Cargo,0,0,Cargo,0.6511634588241577,-0.14971013367176056,0.6047675013542175,-2.8782126903533936
fp32,cargo-62-000135000ms,Cargo/62.wav,anastasia,validation,Cargo,0,2,Tanker,0.6083533763885498,-0.18868356943130493,0.6205911636352539,-2.8306992053985596
fp32,cargo-62-000140000ms,Cargo/62.wav,anastasia,validation,Cargo,0,2,Tanker,0.592842698097229,-0.3293398916721344,0.6868373155593872,-2.7098195552825928
fp32,cargo-62-000145000ms,Cargo/62.wav,anastasia,validation,Cargo,0,2,Tanker,0.5407239198684692,-0.34321025013923645,0.6981480717658997,-2.654294013977051
fp32,cargo-62-000150000ms,Cargo/62.wav,anastasia,validation,Cargo,0,2,Tanker,0.5550976395606995,-0.2618088722229004,0.6700754761695862,-2.7515838146209717
fp32,cargo-62-000155000ms,Cargo/62.wav,anastasia,validation,Cargo,0,2,Tanker,0.5451341867446899,-0.292257696390152,0.6538878679275513,-2.698363780975342
fp32,cargo-62-000160000ms,Cargo/62.wav,anastasia,validation,Cargo,0,2,Tanker,0.5933494567871094,-0.25933191180229187,0.6958440542221069,-2.8427910804748535
fp32,cargo-62-000165000ms,Cargo/62.wav,anastasia,validation,Cargo,0,2,Tanker,0.5608603358268738,-0.23175713419914246,0.6816949844360352,-2.8663110733032227
fp32,cargo-62-000170000ms,Cargo/62.wav,anastasia,validation,Cargo,0,2,Tanker,0.5459094047546387,-0.19193816184997559,0.6396250128746033,-2.8185505867004395
fp32,cargo-62-000175000ms,Cargo/62.wav,anastasia,validation,Cargo,0,2,Tanker,0.5316539406776428,-0.22416821122169495,0.6239177584648132,-2.736239433288574
fp32,cargo-62-000180000ms,Cargo/62.wav,anastasia,validation,Cargo,0,2,Tanker,0.5016413927078247,-0.3313519358634949,0.6517103314399719,-2.5698227882385254
fp32,cargo-62-000185000ms,Cargo/62.wav,anastasia,validation,Cargo,0,2,Tanker,0.5118181705474854,-0.39604294300079346,0.6794783473014832,-2.598939895629883
fp32,cargo-62-000190000ms,Cargo/62.wav,anastasia,validation,Cargo,0,2,Tanker,0.5113405585289001,-0.4121604859828949,0.6570634841918945,-2.494265079498291
fp32,cargo-78-000000000ms,Cargo/78.wav,cma cgm,validation,Cargo,0,0,Cargo,0.2834603786468506,0.1691071093082428,0.08953878283500671,-2.1453871726989746
fp32,cargo-78-000005000ms,Cargo/78.wav,cma cgm,validation,Cargo,0,0,Cargo,0.31042903661727905,0.22517617046833038,0.08146564662456512,-2.2390851974487305
fp32,cargo-78-000010000ms,Cargo/78.wav,cma cgm,validation,Cargo,0,0,Cargo,0.3415367305278778,0.2485298067331314,0.06735257804393768,-2.1777584552764893
fp32,cargo-78-000015000ms,Cargo/78.wav,cma cgm,validation,Cargo,0,0,Cargo,0.3112463355064392,0.19657859206199646,0.11869455128908157,-2.2838752269744873
fp32,cargo-78-000020000ms,Cargo/78.wav,cma cgm,validation,Cargo,0,0,Cargo,0.21305528283119202,0.12282863259315491,0.08687960356473923,-2.145575523376465
fp32,cargo-78-000025000ms,Cargo/78.wav,cma cgm,validation,Cargo,0,0,Cargo,0.3492595851421356,0.16225573420524597,0.217000350356102,-2.446631908416748
fp32,cargo-78-000030000ms,Cargo/78.wav,cma cgm,validation,Cargo,0,0,Cargo,0.3568805456161499,0.19525107741355896,0.20608223974704742,-2.491248846054077
fp32,cargo-78-000035000ms,Cargo/78.wav,cma cgm,validation,Cargo,0,0,Cargo,0.4098239243030548,0.2758784890174866,0.19243161380290985,-2.5879464149475098
fp32,cargo-78-000040000ms,Cargo/78.wav,cma cgm,validation,Cargo,0,0,Cargo,0.413331538438797,0.27834460139274597,0.18233704566955566,-2.5594592094421387
fp32,cargo-78-000045000ms,Cargo/78.wav,cma cgm,validation,Cargo,0,0,Cargo,0.40178123116493225,0.29056403040885925,0.1144895926117897,-2.347778558731079
fp32,cargo-78-000050000ms,Cargo/78.wav,cma cgm,validation,Cargo,0,0,Cargo,0.42131808400154114,0.31112468242645264,0.1565215140581131,-2.480546712875366
fp32,cargo-78-000055000ms,Cargo/78.wav,cma cgm,validation,Cargo,0,0,Cargo,0.43612968921661377,0.2621919512748718,0.14679601788520813,-2.419001817703247
fp32,cargo-78-000060000ms,Cargo/78.wav,cma cgm,validation,Cargo,0,0,Cargo,0.42828646302223206,0.18854552507400513,0.20745499432086945,-2.390312671661377
fp32,cargo-78-000065000ms,Cargo/78.wav,cma cgm,validation,Cargo,0,0,Cargo,0.4420411288738251,0.22754459083080292,0.19162598252296448,-2.3754398822784424
fp32,cargo-78-000070000ms,Cargo/78.wav,cma cgm,validation,Cargo,0,0,Cargo,0.45597314834594727,0.20366564393043518,0.21531645953655243,-2.4556338787078857
fp32,cargo-78-000075000ms,Cargo/78.wav,cma cgm,validation,Cargo,0,0,Cargo,0.49979251623153687,0.18939732015132904,0.237630695104599,-2.4586920738220215
fp32,cargo-78-000080000ms,Cargo/78.wav,cma cgm,validation,Cargo,0,0,Cargo,0.5017048120498657,0.20478743314743042,0.23300805687904358,-2.44577956199646
fp32,cargo-78-000085000ms,Cargo/78.wav,cma cgm,validation,Cargo,0,0,Cargo,0.5429187417030334,0.17687532305717468,0.23325634002685547,-2.447862386703491
fp32,cargo-78-000090000ms,Cargo/78.wav,cma cgm,validation,Cargo,0,0,Cargo,0.4947757422924042,0.17204321920871735,0.24165311455726624,-2.4121334552764893
fp32,cargo-78-000095000ms,Cargo/78.wav,cma cgm,validation,Cargo,0,0,Cargo,0.5277036428451538,0.17135855555534363,0.26979026198387146,-2.511658191680908
fp32,cargo-78-000100000ms,Cargo/78.wav,cma cgm,validation,Cargo,0,0,Cargo,0.5345191955566406,0.06732799857854843,0.38500821590423584,-2.577256441116333
fp32,cargo-78-000105000ms,Cargo/78.wav,cma cgm,validation,Cargo,0,2,Tanker,0.5023680925369263,-0.07644575834274292,0.5032669305801392,-2.703010082244873
fp32,cargo-78-000110000ms,Cargo/78.wav,cma cgm,validation,Cargo,0,0,Cargo,0.506642758846283,-0.08995556831359863,0.5051921606063843,-2.6445069313049316
fp32,cargo-78-000115000ms,Cargo/78.wav,cma cgm,validation,Cargo,0,0,Cargo,0.5504275560379028,-0.10499274730682373,0.5447953343391418,-2.738901138305664
fp32,cargo-78-000120000ms,Cargo/78.wav,cma cgm,validation,Cargo,0,0,Cargo,0.5399519205093384,-0.08361867070198059,0.5282562375068665,-2.72326922416687
fp32,cargo-78-000125000ms,Cargo/78.wav,cma cgm,validation,Cargo,0,2,Tanker,0.4982786476612091,-0.1343192309141159,0.5010890960693359,-2.5170953273773193
fp32,cargo-78-000130000ms,Cargo/78.wav,cma cgm,validation,Cargo,0,0,Cargo,0.4928150475025177,-0.19056007266044617,0.4549025297164917,-2.343120813369751
fp32,cargo-78-000135000ms,Cargo/78.wav,cma cgm,validation,Cargo,0,0,Cargo,0.5128806829452515,-0.05997580289840698,0.4163849949836731,-2.4855213165283203
fp32,cargo-78-000140000ms,Cargo/78.wav,cma cgm,validation,Cargo,0,2,Tanker,0.4063396453857422,-0.20228800177574158,0.46804895997047424,-2.3638017177581787
fp32,cargo-78-000145000ms,Cargo/78.wav,cma cgm,validation,Cargo,0,0,Cargo,0.4593048393726349,-0.17199784517288208,0.44354143738746643,-2.3836936950683594
fp32,cargo-78-000150000ms,Cargo/78.wav,cma cgm,validation,Cargo,0,0,Cargo,0.46396589279174805,-0.16450294852256775,0.42657575011253357,-2.3466649055480957
fp32,cargo-78-000155000ms,Cargo/78.wav,cma cgm,validation,Cargo,0,2,Tanker,0.369784951210022,-0.28176605701446533,0.45077332854270935,-2.1819684505462646
fp32,cargo-78-000160000ms,Cargo/78.wav,cma cgm,validation,Cargo,0,2,Tanker,0.3802480399608612,-0.3187084197998047,0.45084357261657715,-2.14551043510437
fp32,cargo-78-000165000ms,Cargo/78.wav,cma cgm,validation,Cargo,0,2,Tanker,0.35247355699539185,-0.34665167331695557,0.4799315929412842,-2.09000563621521
fp32,cargo-78-000170000ms,Cargo/78.wav,cma cgm,validation,Cargo,0,2,Tanker,0.28975391387939453,-0.39365795254707336,0.45591065287590027,-1.938344955444336
fp32,cargo-78-000175000ms,Cargo/78.wav,cma cgm,validation,Cargo,0,2,Tanker,0.2631756663322449,-0.31110164523124695,0.4016152322292328,-1.974982500076294
fp32,cargo-78-000180000ms,Cargo/78.wav,cma cgm,validation,Cargo,0,2,Tanker,0.2960548400878906,-0.25888362526893616,0.34760212898254395,-1.8894251585006714
fp32,cargo-78-000185000ms,Cargo/78.wav,cma cgm,validation,Cargo,0,2,Tanker,0.2734527587890625,-0.2846747040748596,0.3604266941547394,-1.8760052919387817
fp32,passengership-29-000000000ms,Passengership/29.wav,crystal serenity,validation,Passengership,1,0,Cargo,0.4871566593647003,0.38828176259994507,0.24927636981010437,-2.990323781967163
fp32,passengership-29-000005000ms,Passengership/29.wav,crystal serenity,validation,Passengership,1,0,Cargo,0.4729745388031006,0.4374578893184662,0.22109337151050568,-2.98717999458313
fp32,passengership-29-000010000ms,Passengership/29.wav,crystal serenity,validation,Passengership,1,0,Cargo,0.4609801471233368,0.3996395170688629,0.2506429851055145,-2.951662302017212
fp32,passengership-29-000015000ms,Passengership/29.wav,crystal serenity,validation,Passengership,1,0,Cargo,0.4295184314250946,0.3906605541706085,0.2539098560810089,-2.936377763748169
fp32,passengership-29-000020000ms,Passengership/29.wav,crystal serenity,validation,Passengership,1,1,Passengership,0.4375635087490082,0.4399874806404114,0.21823391318321228,-2.944425344467163
fp32,passengership-29-000025000ms,Passengership/29.wav,crystal serenity,validation,Passengership,1,1,Passengership,0.44682320952415466,0.4773862063884735,0.17488840222358704,-2.914728879928589
fp32,passengership-29-000030000ms,Passengership/29.wav,crystal serenity,validation,Passengership,1,1,Passengership,0.4248465597629547,0.5045387744903564,0.1463748812675476,-2.874737024307251
fp32,passengership-9-000000000ms,Passengership/9.wav,carnival legend,validation,Passengership,1,0,Cargo,-0.16091778874397278,-0.7004334926605225,-0.19186319410800934,-0.20579484105110168
fp32,passengership-9-000005000ms,Passengership/9.wav,carnival legend,validation,Passengership,1,3,Tug,-0.24139994382858276,-0.7887574434280396,-0.25062012672424316,0.06112260743975639
fp32,tanker-18-000000000ms,Tanker/18.wav,overseas athens,validation,Tanker,2,0,Cargo,0.2525114417076111,0.14251914620399475,-0.06512444466352463,-1.4702918529510498
fp32,tanker-18-000005000ms,Tanker/18.wav,overseas athens,validation,Tanker,2,0,Cargo,0.0022392570972442627,-0.12700273096561432,-0.1420251727104187,-0.8750343918800354
fp32,tanker-18-000010000ms,Tanker/18.wav,overseas athens,validation,Tanker,2,0,Cargo,0.12461940944194794,0.011160537600517273,-0.0963861420750618,-1.260237693786621
fp32,tanker-18-000015000ms,Tanker/18.wav,overseas athens,validation,Tanker,2,0,Cargo,0.14662498235702515,0.0639175996184349,-0.10052493214607239,-1.3481519222259521
fp32,tanker-18-000020000ms,Tanker/18.wav,overseas athens,validation,Tanker,2,0,Cargo,0.058809325098991394,-0.0013379007577896118,-0.1481941044330597,-1.0927813053131104
fp32,tanker-18-000025000ms,Tanker/18.wav,overseas athens,validation,Tanker,2,0,Cargo,0.06496261060237885,-0.05314774811267853,-0.11805123090744019,-1.0981608629226685
fp32,tanker-18-000030000ms,Tanker/18.wav,overseas athens,validation,Tanker,2,0,Cargo,0.022040896117687225,-0.18450605869293213,-0.04443443566560745,-1.0737942457199097
fp32,tanker-18-000035000ms,Tanker/18.wav,overseas athens,validation,Tanker,2,2,Tanker,-0.059787169098854065,-0.3269079625606537,-0.013096940703690052,-0.9110928177833557
fp32,tanker-18-000040000ms,Tanker/18.wav,overseas athens,validation,Tanker,2,2,Tanker,-0.18654003739356995,-0.47798827290534973,-0.06490498781204224,-0.549712598323822
fp32,tanker-18-000045000ms,Tanker/18.wav,overseas athens,validation,Tanker,2,2,Tanker,-0.22230440378189087,-0.5536370277404785,-0.08291877061128616,-0.3429276943206787
fp32,tanker-18-000050000ms,Tanker/18.wav,overseas athens,validation,Tanker,2,2,Tanker,-0.30946773290634155,-0.6238936185836792,-0.07271552830934525,-0.2606745958328247
fp32,tanker-18-000055000ms,Tanker/18.wav,overseas athens,validation,Tanker,2,2,Tanker,-0.2422286570072174,-0.6376093626022339,-0.028800122439861298,-0.3507919907569885
fp32,tanker-18-000060000ms,Tanker/18.wav,overseas athens,validation,Tanker,2,2,Tanker,-0.023150190711021423,-0.5264596939086914,0.1405053734779358,-0.9299927949905396
fp32,tanker-41-000000000ms,Tanker/41.wav,ardmore cheyenne,validation,Tanker,2,0,Cargo,0.31879758834838867,0.1868395209312439,0.14425885677337646,-2.3822951316833496
fp32,tanker-41-000005000ms,Tanker/41.wav,ardmore cheyenne,validation,Tanker,2,0,Cargo,0.3460436463356018,0.24324142932891846,0.13146893680095673,-2.46856689453125
fp32,tanker-41-000010000ms,Tanker/41.wav,ardmore cheyenne,validation,Tanker,2,0,Cargo,0.33297061920166016,0.14749497175216675,0.15963368117809296,-2.3387036323547363
fp32,tanker-41-000015000ms,Tanker/41.wav,ardmore cheyenne,validation,Tanker,2,0,Cargo,0.3198251724243164,0.20721742510795593,0.13319116830825806,-2.4185359477996826
fp32,tanker-41-000020000ms,Tanker/41.wav,ardmore cheyenne,validation,Tanker,2,0,Cargo,0.40691548585891724,0.2363673895597458,0.1564466655254364,-2.558397054672241
fp32,tanker-41-000025000ms,Tanker/41.wav,ardmore cheyenne,validation,Tanker,2,0,Cargo,0.3376568853855133,0.20248277485370636,0.11383139342069626,-2.3399786949157715
fp32,tanker-41-000030000ms,Tanker/41.wav,ardmore cheyenne,validation,Tanker,2,0,Cargo,0.3446786403656006,0.2495325803756714,0.10619590431451797,-2.3617217540740967
fp32,tanker-41-000035000ms,Tanker/41.wav,ardmore cheyenne,validation,Tanker,2,0,Cargo,0.30152225494384766,0.18674597144126892,0.11397496610879898,-2.3176310062408447
fp32,tanker-48-000000000ms,Tanker/48.wav,silver muna,validation,Tanker,2,0,Cargo,0.49551722407341003,0.09515222162008286,0.36580225825309753,-2.630131721496582
fp32,tanker-48-000005000ms,Tanker/48.wav,silver muna,validation,Tanker,2,0,Cargo,0.5030534267425537,0.12947434186935425,0.356324166059494,-2.762113571166992
fp32,tanker-48-000010000ms,Tanker/48.wav,silver muna,validation,Tanker,2,0,Cargo,0.4992081820964813,0.1387050747871399,0.35841280221939087,-2.745792865753174
fp32,tanker-48-000015000ms,Tanker/48.wav,silver muna,validation,Tanker,2,0,Cargo,0.5214552879333496,0.17357787489891052,0.32989025115966797,-2.7874672412872314
fp32,tanker-48-000020000ms,Tanker/48.wav,silver muna,validation,Tanker,2,0,Cargo,0.5392308235168457,0.2170451581478119,0.3185318410396576,-2.8550846576690674
fp32,tanker-48-000025000ms,Tanker/48.wav,silver muna,validation,Tanker,2,0,Cargo,0.5627946257591248,0.25118353962898254,0.29067665338516235,-2.854037284851074
fp32,tanker-48-000030000ms,Tanker/48.wav,silver muna,validation,Tanker,2,0,Cargo,0.585808277130127,0.17869976162910461,0.3695950210094452,-2.943605899810791
fp32,tug-9-000000000ms,Tug/9.wav,millenniumstar,validation,Tug,3,2,Tanker,-0.2214474380016327,-0.5126348733901978,-0.05399462953209877,-0.42154669761657715
fp32,tug-9-000005000ms,Tug/9.wav,millenniumstar,validation,Tug,3,3,Tug,-0.36734533309936523,-0.6448174715042114,-0.14889280498027802,-0.012345168739557266
fp32,tug-9-000010000ms,Tug/9.wav,millenniumstar,validation,Tug,3,2,Tanker,-0.3139861524105072,-0.5825173854827881,-0.11473153531551361,-0.16185098886489868
fp32,tug-9-000015000ms,Tug/9.wav,millenniumstar,validation,Tug,3,3,Tug,-0.4342774450778961,-0.7058640718460083,-0.1284918487071991,0.032880790531635284
fp32,tug-9-000020000ms,Tug/9.wav,millenniumstar,validation,Tug,3,3,Tug,-0.4267624318599701,-0.7991112470626831,-0.10531704872846603,0.11952054500579834
fp32,tug-9-000025000ms,Tug/9.wav,millenniumstar,validation,Tug,3,3,Tug,-0.5001363754272461,-0.8308423757553101,-0.13230781257152557,0.26104089617729187
fp32,tug-9-000030000ms,Tug/9.wav,millenniumstar,validation,Tug,3,3,Tug,-0.5911409854888916,-0.927499532699585,-0.2240249663591385,0.6069273948669434
fp32,tug-9-000035000ms,Tug/9.wav,millenniumstar,validation,Tug,3,3,Tug,-0.4000142514705658,-0.8119457960128784,-0.07318254560232162,0.06249994784593582
fp32,tug-9-000040000ms,Tug/9.wav,millenniumstar,validation,Tug,3,2,Tanker,-0.255554735660553,-0.6654379367828369,-0.03209904581308365,-0.2048414796590805
fp32,tug-9-000045000ms,Tug/9.wav,millenniumstar,validation,Tug,3,3,Tug,-0.2530788481235504,-0.7080754041671753,-0.14983044564723969,0.008801521733403206
fp32,tug-9-000050000ms,Tug/9.wav,millenniumstar,validation,Tug,3,2,Tanker,-0.05629630386829376,-0.5812404155731201,-0.023151328787207603,-0.43532830476760864
fp32,tug-9-000055000ms,Tug/9.wav,millenniumstar,validation,Tug,3,2,Tanker,-0.11134932935237885,-0.5778173208236694,-0.06304334849119186,-0.35243797302246094
fp32,tug-9-000060000ms,Tug/9.wav,millenniumstar,validation,Tug,3,0,Cargo,-0.0858667641878128,-0.5431032180786133,-0.09768227487802505,-0.3084103763103485
fp32,tug-9-000065000ms,Tug/9.wav,millenniumstar,validation,Tug,3,2,Tanker,-0.1470257043838501,-0.6430234909057617,-0.12058829516172409,-0.15834499895572662
fp32,tug-9-000070000ms,Tug/9.wav,millenniumstar,validation,Tug,3,2,Tanker,-0.13268032670021057,-0.577043890953064,-0.030950216576457024,-0.4266355037689209
fp32,tug-9-000075000ms,Tug/9.wav,millenniumstar,validation,Tug,3,2,Tanker,-0.07455107569694519,-0.5362037420272827,-0.028186561539769173,-0.4623437225818634
fp32,tug-9-000080000ms,Tug/9.wav,millenniumstar,validation,Tug,3,2,Tanker,0.02698395401239395,-0.42509958148002625,0.0570417121052742,-0.8685195446014404
fp32,tug-9-000085000ms,Tug/9.wav,millenniumstar,validation,Tug,3,0,Cargo,0.18489740788936615,-0.14421643316745758,0.045932672917842865,-1.1980253458023071
fp32,tug-9-000090000ms,Tug/9.wav,millenniumstar,validation,Tug,3,2,Tanker,0.0594530925154686,-0.41577276587486267,0.1438823640346527,-0.9798834919929504
fp32,tug-9-000095000ms,Tug/9.wav,millenniumstar,validation,Tug,3,2,Tanker,0.12009306252002716,-0.3478080630302429,0.19637633860111237,-1.2106883525848389
fp32,tug-9-000100000ms,Tug/9.wav,millenniumstar,validation,Tug,3,0,Cargo,0.03337111324071884,-0.39187875390052795,-0.021922968327999115,-0.6849485635757446
fp32,tug-9-000105000ms,Tug/9.wav,millenniumstar,validation,Tug,3,2,Tanker,0.0013960301876068115,-0.42814210057258606,0.02576790191233158,-0.7370806336402893
fp32,tug-9-000110000ms,Tug/9.wav,millenniumstar,validation,Tug,3,2,Tanker,-0.11702822148799896,-0.5093426704406738,0.035971276462078094,-0.6208909749984741
fp32,tug-9-000115000ms,Tug/9.wav,millenniumstar,validation,Tug,3,2,Tanker,-0.10175971686840057,-0.44435426592826843,-0.008692262694239616,-0.6734413504600525
fp32,tug-9-000120000ms,Tug/9.wav,millenniumstar,validation,Tug,3,2,Tanker,-0.11732916533946991,-0.5002440214157104,0.028586173430085182,-0.665151059627533
fp32,tug-9-000125000ms,Tug/9.wav,millenniumstar,validation,Tug,3,2,Tanker,-0.03832823038101196,-0.37897878885269165,0.019105752930045128,-0.8713627457618713
fp32,tug-9-000130000ms,Tug/9.wav,millenniumstar,validation,Tug,3,2,Tanker,-0.24867278337478638,-0.6303290128707886,-0.02580416202545166,-0.33763667941093445
fp32,tug-9-000135000ms,Tug/9.wav,millenniumstar,validation,Tug,3,3,Tug,-0.44799038767814636,-0.899928092956543,0.010238727554678917,0.03707350417971611
fp32,tug-9-000140000ms,Tug/9.wav,millenniumstar,validation,Tug,3,2,Tanker,-0.1684427559375763,-0.6227352619171143,0.06089361011981964,-0.5243010520935059
fp32,tug-9-000145000ms,Tug/9.wav,millenniumstar,validation,Tug,3,2,Tanker,-0.18319380283355713,-0.6516563892364502,0.07433103024959564,-0.5414376854896545
fp32,tug-9-000150000ms,Tug/9.wav,millenniumstar,validation,Tug,3,2,Tanker,-0.2751302123069763,-0.7526189088821411,0.08152110129594803,-0.3864160478115082
fp32,tug-9-000155000ms,Tug/9.wav,millenniumstar,validation,Tug,3,2,Tanker,-0.26696646213531494,-0.7273143529891968,0.11447619646787643,-0.4693661630153656
fp32,tug-9-000160000ms,Tug/9.wav,millenniumstar,validation,Tug,3,2,Tanker,-0.29235169291496277,-0.7153161764144897,0.10775106400251389,-0.4102819561958313
fp32,tug-9-000165000ms,Tug/9.wav,millenniumstar,validation,Tug,3,2,Tanker,-0.08819466829299927,-0.5299768447875977,0.13105300068855286,-0.7997834086418152
fp32,tug-9-000170000ms,Tug/9.wav,millenniumstar,validation,Tug,3,2,Tanker,-0.153376966714859,-0.5438176393508911,0.02739187888801098,-0.6342621445655823
fp32,tug-9-000175000ms,Tug/9.wav,millenniumstar,validation,Tug,3,2,Tanker,0.05026700347661972,-0.47122088074684143,0.17435301840305328,-1.1008195877075195
fp32,tug-9-000180000ms,Tug/9.wav,millenniumstar,validation,Tug,3,2,Tanker,-0.023393869400024414,-0.5185421705245972,0.19378060102462769,-1.1033320426940918
fp32,tug-9-000185000ms,Tug/9.wav,millenniumstar,validation,Tug,3,2,Tanker,0.061191968619823456,-0.49115148186683655,0.19977566599845886,-1.1581931114196777
fp32,tug-9-000190000ms,Tug/9.wav,millenniumstar,validation,Tug,3,2,Tanker,0.2132577896118164,-0.3791142404079437,0.35146698355674744,-1.6403156518936157
fp32,tug-9-000195000ms,Tug/9.wav,millenniumstar,validation,Tug,3,0,Cargo,0.3313092589378357,-0.14528673887252808,0.24072882533073425,-1.739549994468689
dynamic_int8,cargo-62-000000000ms,Cargo/62.wav,anastasia,validation,Cargo,0,0,Cargo,0.6855789422988892,-0.19141054153442383,0.6344447135925293,-2.9580578804016113
dynamic_int8,cargo-62-000005000ms,Cargo/62.wav,anastasia,validation,Cargo,0,2,Tanker,0.684213399887085,-0.2535676956176758,0.6878990530967712,-2.9623405933380127
dynamic_int8,cargo-62-000010000ms,Cargo/62.wav,anastasia,validation,Cargo,0,0,Cargo,0.669543981552124,-0.1908176839351654,0.6660211682319641,-2.9955801963806152
dynamic_int8,cargo-62-000015000ms,Cargo/62.wav,anastasia,validation,Cargo,0,0,Cargo,0.6878591775894165,-0.2210475206375122,0.678948700428009,-2.9989707469940186
dynamic_int8,cargo-62-000020000ms,Cargo/62.wav,anastasia,validation,Cargo,0,0,Cargo,0.6726257801055908,-0.15398487448692322,0.6226537823677063,-2.944845199584961
dynamic_int8,cargo-62-000025000ms,Cargo/62.wav,anastasia,validation,Cargo,0,0,Cargo,0.6895507574081421,-0.16541916131973267,0.6521146893501282,-3.0249745845794678
dynamic_int8,cargo-62-000030000ms,Cargo/62.wav,anastasia,validation,Cargo,0,0,Cargo,0.6763826608657837,-0.18165642023086548,0.6511126160621643,-2.9698052406311035
dynamic_int8,cargo-62-000035000ms,Cargo/62.wav,anastasia,validation,Cargo,0,0,Cargo,0.676939845085144,-0.15629459917545319,0.6426874399185181,-2.962202787399292
dynamic_int8,cargo-62-000040000ms,Cargo/62.wav,anastasia,validation,Cargo,0,2,Tanker,0.6601909399032593,-0.167991042137146,0.6728882789611816,-3.0693955421447754
dynamic_int8,cargo-62-000045000ms,Cargo/62.wav,anastasia,validation,Cargo,0,2,Tanker,0.6520044803619385,-0.18046241998672485,0.696165919303894,-3.0717241764068604
dynamic_int8,cargo-62-000050000ms,Cargo/62.wav,anastasia,validation,Cargo,0,0,Cargo,0.6641920804977417,-0.168412983417511,0.6556247472763062,-2.9710183143615723
dynamic_int8,cargo-62-000055000ms,Cargo/62.wav,anastasia,validation,Cargo,0,0,Cargo,0.6842583417892456,-0.14585942029953003,0.6563258767127991,-3.071608781814575
dynamic_int8,cargo-62-000060000ms,Cargo/62.wav,anastasia,validation,Cargo,0,0,Cargo,0.6993296146392822,-0.15785683691501617,0.6642733216285706,-3.0888192653656006
dynamic_int8,cargo-62-000065000ms,Cargo/62.wav,anastasia,validation,Cargo,0,2,Tanker,0.654266357421875,-0.17762717604637146,0.6650500893592834,-2.9995944499969482
dynamic_int8,cargo-62-000070000ms,Cargo/62.wav,anastasia,validation,Cargo,0,0,Cargo,0.657522439956665,-0.14079932868480682,0.6493962407112122,-3.0426712036132812
dynamic_int8,cargo-62-000075000ms,Cargo/62.wav,anastasia,validation,Cargo,0,2,Tanker,0.658434271812439,-0.19755738973617554,0.6748700141906738,-3.001920461654663
dynamic_int8,cargo-62-000080000ms,Cargo/62.wav,anastasia,validation,Cargo,0,2,Tanker,0.6626758575439453,-0.20720884203910828,0.6739452481269836,-2.99474835395813
dynamic_int8,cargo-62-000085000ms,Cargo/62.wav,anastasia,validation,Cargo,0,0,Cargo,0.6690621376037598,-0.20036181807518005,0.6331408023834229,-2.8712944984436035
dynamic_int8,cargo-62-000090000ms,Cargo/62.wav,anastasia,validation,Cargo,0,0,Cargo,0.6847859621047974,-0.2460898458957672,0.6594394445419312,-2.8719804286956787
dynamic_int8,cargo-62-000095000ms,Cargo/62.wav,anastasia,validation,Cargo,0,0,Cargo,0.7129062414169312,-0.2401340901851654,0.6755995154380798,-2.9530155658721924
dynamic_int8,cargo-62-000100000ms,Cargo/62.wav,anastasia,validation,Cargo,0,0,Cargo,0.696239709854126,-0.19150319695472717,0.6499821543693542,-2.9708824157714844
dynamic_int8,cargo-62-000105000ms,Cargo/62.wav,anastasia,validation,Cargo,0,0,Cargo,0.6769615411758423,-0.2453938126564026,0.6704372763633728,-2.9064886569976807
dynamic_int8,cargo-62-000110000ms,Cargo/62.wav,anastasia,validation,Cargo,0,0,Cargo,0.6799213886260986,-0.19020196795463562,0.6306777596473694,-2.884237766265869
dynamic_int8,cargo-62-000115000ms,Cargo/62.wav,anastasia,validation,Cargo,0,0,Cargo,0.6631217002868652,-0.16044467687606812,0.6205263137817383,-2.900280237197876
dynamic_int8,cargo-62-000120000ms,Cargo/62.wav,anastasia,validation,Cargo,0,0,Cargo,0.6259928941726685,-0.18415644764900208,0.6175054311752319,-2.823646306991577
dynamic_int8,cargo-62-000125000ms,Cargo/62.wav,anastasia,validation,Cargo,0,0,Cargo,0.6644909381866455,-0.1583470106124878,0.5932171940803528,-2.7805569171905518
dynamic_int8,cargo-62-000130000ms,Cargo/62.wav,anastasia,validation,Cargo,0,0,Cargo,0.6510283946990967,-0.14620330929756165,0.6008622646331787,-2.875922441482544
dynamic_int8,cargo-62-000135000ms,Cargo/62.wav,anastasia,validation,Cargo,0,2,Tanker,0.6078460216522217,-0.1868056058883667,0.6164972186088562,-2.826104164123535
dynamic_int8,cargo-62-000140000ms,Cargo/62.wav,anastasia,validation,Cargo,0,2,Tanker,0.5917961001396179,-0.32955971360206604,0.6839509010314941,-2.7076873779296875
dynamic_int8,cargo-62-000145000ms,Cargo/62.wav,anastasia,validation,Cargo,0,2,Tanker,0.540509045124054,-0.3408586084842682,0.6970123052597046,-2.6509735584259033
dynamic_int8,cargo-62-000150000ms,Cargo/62.wav,anastasia,validation,Cargo,0,2,Tanker,0.5546108484268188,-0.2606075406074524,0.6673228144645691,-2.7500686645507812
dynamic_int8,cargo-62-000155000ms,Cargo/62.wav,anastasia,validation,Cargo,0,2,Tanker,0.5440143346786499,-0.29092392325401306,0.6525821089744568,-2.6959757804870605
dynamic_int8,cargo-62-000160000ms,Cargo/62.wav,anastasia,validation,Cargo,0,2,Tanker,0.5920599699020386,-0.25744712352752686,0.6925122737884521,-2.8382303714752197
dynamic_int8,cargo-62-000165000ms,Cargo/62.wav,anastasia,validation,Cargo,0,2,Tanker,0.5599961280822754,-0.23081865906715393,0.6785659790039062,-2.863102436065674
dynamic_int8,cargo-62-000170000ms,Cargo/62.wav,anastasia,validation,Cargo,0,2,Tanker,0.5461406707763672,-0.1897965967655182,0.6362756490707397,-2.8148930072784424
dynamic_int8,cargo-62-000175000ms,Cargo/62.wav,anastasia,validation,Cargo,0,2,Tanker,0.5297821760177612,-0.2220914661884308,0.6203925609588623,-2.7312655448913574
dynamic_int8,cargo-62-000180000ms,Cargo/62.wav,anastasia,validation,Cargo,0,2,Tanker,0.501125156879425,-0.33061903715133667,0.6487557888031006,-2.569477081298828
dynamic_int8,cargo-62-000185000ms,Cargo/62.wav,anastasia,validation,Cargo,0,2,Tanker,0.5114377737045288,-0.3936351239681244,0.6768811345100403,-2.599113941192627
dynamic_int8,cargo-62-000190000ms,Cargo/62.wav,anastasia,validation,Cargo,0,2,Tanker,0.51069575548172,-0.412291020154953,0.65358567237854,-2.490661144256592
dynamic_int8,cargo-78-000000000ms,Cargo/78.wav,cma cgm,validation,Cargo,0,0,Cargo,0.282312273979187,0.17131087183952332,0.08675896376371384,-2.1425464153289795
dynamic_int8,cargo-78-000005000ms,Cargo/78.wav,cma cgm,validation,Cargo,0,0,Cargo,0.3095647096633911,0.22880104184150696,0.07941557466983795,-2.236398458480835
dynamic_int8,cargo-78-000010000ms,Cargo/78.wav,cma cgm,validation,Cargo,0,0,Cargo,0.34131866693496704,0.25182268023490906,0.0650261715054512,-2.1754472255706787
dynamic_int8,cargo-78-000015000ms,Cargo/78.wav,cma cgm,validation,Cargo,0,0,Cargo,0.3106321096420288,0.1992715299129486,0.11663765460252762,-2.282346248626709
dynamic_int8,cargo-78-000020000ms,Cargo/78.wav,cma cgm,validation,Cargo,0,0,Cargo,0.2123056948184967,0.1261812001466751,0.08389770984649658,-2.1430447101593018
dynamic_int8,cargo-78-000025000ms,Cargo/78.wav,cma cgm,validation,Cargo,0,0,Cargo,0.34792575240135193,0.16378241777420044,0.21428731083869934,-2.442655324935913
dynamic_int8,cargo-78-000030000ms,Cargo/78.wav,cma cgm,validation,Cargo,0,0,Cargo,0.35830187797546387,0.19631537795066833,0.2035965919494629,-2.4861786365509033
dynamic_int8,cargo-78-000035000ms,Cargo/78.wav,cma cgm,validation,Cargo,0,0,Cargo,0.4106830656528473,0.2786110043525696,0.18919292092323303,-2.584660530090332
dynamic_int8,cargo-78-000040000ms,Cargo/78.wav,cma cgm,validation,Cargo,0,0,Cargo,0.4142383635044098,0.28104278445243835,0.1804521679878235,-2.5569794178009033
dynamic_int8,cargo-78-000045000ms,Cargo/78.wav,cma cgm,validation,Cargo,0,0,Cargo,0.4017004072666168,0.2928406000137329,0.11210670322179794,-2.3449547290802
dynamic_int8,cargo-78-000050000ms,Cargo/78.wav,cma cgm,validation,Cargo,0,0,Cargo,0.4209313988685608,0.3135751485824585,0.15418842434883118,-2.4779112339019775
dynamic_int8,cargo-78-000055000ms,Cargo/78.wav,cma cgm,validation,Cargo,0,0,Cargo,0.4351658225059509,0.26430684328079224,0.1442459225654602,-2.4153048992156982
dynamic_int8,cargo-78-000060000ms,Cargo/78.wav,cma cgm,validation,Cargo,0,0,Cargo,0.4268414080142975,0.18976014852523804,0.20556873083114624,-2.3860766887664795
dynamic_int8,cargo-78-000065000ms,Cargo/78.wav,cma cgm,validation,Cargo,0,0,Cargo,0.441710889339447,0.22884541749954224,0.1905335783958435,-2.3724441528320312
dynamic_int8,cargo-78-000070000ms,Cargo/78.wav,cma cgm,validation,Cargo,0,0,Cargo,0.45629194378852844,0.20561698079109192,0.2135159969329834,-2.454221487045288
dynamic_int8,cargo-78-000075000ms,Cargo/78.wav,cma cgm,validation,Cargo,0,0,Cargo,0.4997578263282776,0.1900433897972107,0.23548591136932373,-2.4539639949798584
dynamic_int8,cargo-78-000080000ms,Cargo/78.wav,cma cgm,validation,Cargo,0,0,Cargo,0.5025252103805542,0.20666036009788513,0.23067587614059448,-2.443913698196411
dynamic_int8,cargo-78-000085000ms,Cargo/78.wav,cma cgm,validation,Cargo,0,0,Cargo,0.5421095490455627,0.17770203948020935,0.23173463344573975,-2.4451513290405273
dynamic_int8,cargo-78-000090000ms,Cargo/78.wav,cma cgm,validation,Cargo,0,0,Cargo,0.49542903900146484,0.1736229956150055,0.23842740058898926,-2.4072775840759277
dynamic_int8,cargo-78-000095000ms,Cargo/78.wav,cma cgm,validation,Cargo,0,0,Cargo,0.5282906293869019,0.17242902517318726,0.26673299074172974,-2.5078299045562744
dynamic_int8,cargo-78-000100000ms,Cargo/78.wav,cma cgm,validation,Cargo,0,0,Cargo,0.5356737375259399,0.0697670578956604,0.38326212763786316,-2.573836088180542
dynamic_int8,cargo-78-000105000ms,Cargo/78.wav,cma cgm,validation,Cargo,0,2,Tanker,0.4991248548030853,-0.07487291097640991,0.5002342462539673,-2.6995673179626465
dynamic_int8,cargo-78-000110000ms,Cargo/78.wav,cma cgm,validation,Cargo,0,0,Cargo,0.5057953596115112,-0.08766128122806549,0.5019804239273071,-2.6423375606536865
dynamic_int8,cargo-78-000115000ms,Cargo/78.wav,cma cgm,validation,Cargo,0,0,Cargo,0.5502485036849976,-0.1016530841588974,0.5429686903953552,-2.7370223999023438
dynamic_int8,cargo-78-000120000ms,Cargo/78.wav,cma cgm,validation,Cargo,0,0,Cargo,0.5398562550544739,-0.08097322285175323,0.5253452658653259,-2.7213194370269775
dynamic_int8,cargo-78-000125000ms,Cargo/78.wav,cma cgm,validation,Cargo,0,2,Tanker,0.49840593338012695,-0.13285696506500244,0.4989243149757385,-2.5144400596618652
dynamic_int8,cargo-78-000130000ms,Cargo/78.wav,cma cgm,validation,Cargo,0,0,Cargo,0.4928179979324341,-0.18968480825424194,0.4516439735889435,-2.3385767936706543
dynamic_int8,cargo-78-000135000ms,Cargo/78.wav,cma cgm,validation,Cargo,0,0,Cargo,0.5131292343139648,-0.058018848299980164,0.41438260674476624,-2.483004570007324
dynamic_int8,cargo-78-000140000ms,Cargo/78.wav,cma cgm,validation,Cargo,0,2,Tanker,0.40635573863983154,-0.2010798454284668,0.4654291868209839,-2.360203742980957
dynamic_int8,cargo-78-000145000ms,Cargo/78.wav,cma cgm,validation,Cargo,0,0,Cargo,0.4598996043205261,-0.17056697607040405,0.4412793219089508,-2.3814401626586914
dynamic_int8,cargo-78-000150000ms,Cargo/78.wav,cma cgm,validation,Cargo,0,0,Cargo,0.46357330679893494,-0.1636182963848114,0.42389652132987976,-2.34486722946167
dynamic_int8,cargo-78-000155000ms,Cargo/78.wav,cma cgm,validation,Cargo,0,2,Tanker,0.369475781917572,-0.2812868058681488,0.4490722119808197,-2.1802401542663574
dynamic_int8,cargo-78-000160000ms,Cargo/78.wav,cma cgm,validation,Cargo,0,2,Tanker,0.37925755977630615,-0.31771060824394226,0.44799354672431946,-2.1425342559814453
dynamic_int8,cargo-78-000165000ms,Cargo/78.wav,cma cgm,validation,Cargo,0,2,Tanker,0.351118266582489,-0.34529927372932434,0.4780263900756836,-2.087106943130493
dynamic_int8,cargo-78-000170000ms,Cargo/78.wav,cma cgm,validation,Cargo,0,2,Tanker,0.2885287404060364,-0.392323762178421,0.4540322422981262,-1.9359413385391235
dynamic_int8,cargo-78-000175000ms,Cargo/78.wav,cma cgm,validation,Cargo,0,2,Tanker,0.2627589702606201,-0.3074571490287781,0.3994547426700592,-1.971914291381836
dynamic_int8,cargo-78-000180000ms,Cargo/78.wav,cma cgm,validation,Cargo,0,2,Tanker,0.29525426030158997,-0.25725001096725464,0.34449881315231323,-1.8873180150985718
dynamic_int8,cargo-78-000185000ms,Cargo/78.wav,cma cgm,validation,Cargo,0,2,Tanker,0.27309638261795044,-0.28275251388549805,0.3586059510707855,-1.8740360736846924
dynamic_int8,passengership-29-000000000ms,Passengership/29.wav,crystal serenity,validation,Passengership,1,0,Cargo,0.48850691318511963,0.3906174600124359,0.24649152159690857,-2.989316463470459
dynamic_int8,passengership-29-000005000ms,Passengership/29.wav,crystal serenity,validation,Passengership,1,0,Cargo,0.4736456573009491,0.4394604563713074,0.22062426805496216,-2.9846513271331787
dynamic_int8,passengership-29-000010000ms,Passengership/29.wav,crystal serenity,validation,Passengership,1,0,Cargo,0.4617158770561218,0.40050867199897766,0.24984627962112427,-2.9489340782165527
dynamic_int8,passengership-29-000015000ms,Passengership/29.wav,crystal serenity,validation,Passengership,1,0,Cargo,0.42966172099113464,0.39234569668769836,0.25326889753341675,-2.9323716163635254
dynamic_int8,passengership-29-000020000ms,Passengership/29.wav,crystal serenity,validation,Passengership,1,1,Passengership,0.43917733430862427,0.44265395402908325,0.2168715000152588,-2.9424214363098145
dynamic_int8,passengership-29-000025000ms,Passengership/29.wav,crystal serenity,validation,Passengership,1,1,Passengership,0.4461299180984497,0.4798159897327423,0.1725418120622635,-2.911540985107422
dynamic_int8,passengership-29-000030000ms,Passengership/29.wav,crystal serenity,validation,Passengership,1,1,Passengership,0.42579954862594604,0.5065714716911316,0.14476507902145386,-2.8709325790405273
dynamic_int8,passengership-9-000000000ms,Passengership/9.wav,carnival legend,validation,Passengership,1,0,Cargo,-0.16249993443489075,-0.6987953186035156,-0.19192875921726227,-0.2033846527338028
dynamic_int8,passengership-9-000005000ms,Passengership/9.wav,carnival legend,validation,Passengership,1,3,Tug,-0.24409958720207214,-0.7877318859100342,-0.25226593017578125,0.06364017724990845
dynamic_int8,tanker-18-000000000ms,Tanker/18.wav,overseas athens,validation,Tanker,2,0,Cargo,0.2517428398132324,0.14414653182029724,-0.06600596010684967,-1.4675216674804688
dynamic_int8,tanker-18-000005000ms,Tanker/18.wav,overseas athens,validation,Tanker,2,0,Cargo,0.00011602044105529785,-0.12530900537967682,-0.14344093203544617,-0.8717560172080994
dynamic_int8,tanker-18-000010000ms,Tanker/18.wav,overseas athens,validation,Tanker,2,0,Cargo,0.12326323986053467,0.01375548541545868,-0.09837985783815384,-1.2577438354492188
dynamic_int8,tanker-18-000015000ms,Tanker/18.wav,overseas athens,validation,Tanker,2,0,Cargo,0.1456676870584488,0.06571963429450989,-0.10233143717050552,-1.3468365669250488
dynamic_int8,tanker-18-000020000ms,Tanker/18.wav,overseas athens,validation,Tanker,2,0,Cargo,0.05677269399166107,0.0008480921387672424,-0.1495695561170578,-1.0906407833099365
dynamic_int8,tanker-18-000025000ms,Tanker/18.wav,overseas athens,validation,Tanker,2,0,Cargo,0.06328953802585602,-0.052355170249938965,-0.11926157027482986,-1.0949785709381104
dynamic_int8,tanker-18-000030000ms,Tanker/18.wav,overseas athens,validation,Tanker,2,0,Cargo,0.02018687129020691,-0.18343007564544678,-0.045607276260852814,-1.0710209608078003
dynamic_int8,tanker-18-000035000ms,Tanker/18.wav,overseas athens,validation,Tanker,2,2,Tanker,-0.06060270965099335,-0.323988139629364,-0.015476031228899956,-0.9087398052215576
dynamic_int8,tanker-18-000040000ms,Tanker/18.wav,overseas athens,validation,Tanker,2,2,Tanker,-0.18801715970039368,-0.47660955786705017,-0.06592519581317902,-0.5467551350593567
dynamic_int8,tanker-18-000045000ms,Tanker/18.wav,overseas athens,validation,Tanker,2,2,Tanker,-0.2241339087486267,-0.5521140098571777,-0.08418697863817215,-0.3418770134449005
dynamic_int8,tanker-18-000050000ms,Tanker/18.wav,overseas athens,validation,Tanker,2,2,Tanker,-0.31152790784835815,-0.6218656301498413,-0.07477342337369919,-0.2587268650531769
dynamic_int8,tanker-18-000055000ms,Tanker/18.wav,overseas athens,validation,Tanker,2,2,Tanker,-0.24358072876930237,-0.6362408399581909,-0.02967188134789467,-0.34895968437194824
dynamic_int8,tanker-18-000060000ms,Tanker/18.wav,overseas athens,validation,Tanker,2,2,Tanker,-0.024884477257728577,-0.5253682136535645,0.13744911551475525,-0.9273896813392639
dynamic_int8,tanker-41-000000000ms,Tanker/41.wav,ardmore cheyenne,validation,Tanker,2,0,Cargo,0.31888923048973083,0.188510924577713,0.14078304171562195,-2.378417730331421
dynamic_int8,tanker-41-000005000ms,Tanker/41.wav,ardmore cheyenne,validation,Tanker,2,0,Cargo,0.3453231453895569,0.24566088616847992,0.12941676378250122,-2.4632339477539062
dynamic_int8,tanker-41-000010000ms,Tanker/41.wav,ardmore cheyenne,validation,Tanker,2,0,Cargo,0.33307063579559326,0.14920389652252197,0.1576005220413208,-2.334150791168213
dynamic_int8,tanker-41-000015000ms,Tanker/41.wav,ardmore cheyenne,validation,Tanker,2,0,Cargo,0.3196530342102051,0.209687277674675,0.13148324191570282,-2.4156205654144287
dynamic_int8,tanker-41-000020000ms,Tanker/41.wav,ardmore cheyenne,validation,Tanker,2,0,Cargo,0.4070482552051544,0.23798023164272308,0.15424863994121552,-2.5554373264312744
dynamic_int8,tanker-41-000025000ms,Tanker/41.wav,ardmore cheyenne,validation,Tanker,2,0,Cargo,0.3382258713245392,0.20367935299873352,0.11245227605104446,-2.3362412452697754
dynamic_int8,tanker-41-000030000ms,Tanker/41.wav,ardmore cheyenne,validation,Tanker,2,0,Cargo,0.3436811864376068,0.251068115234375,0.10409597307443619,-2.3579061031341553
dynamic_int8,tanker-41-000035000ms,Tanker/41.wav,ardmore cheyenne,validation,Tanker,2,0,Cargo,0.3010544180870056,0.18881742656230927,0.11169860512018204,-2.315812826156616
dynamic_int8,tanker-48-000000000ms,Tanker/48.wav,silver muna,validation,Tanker,2,0,Cargo,0.4963015019893646,0.09688892215490341,0.36429038643836975,-2.6267895698547363
dynamic_int8,tanker-48-000005000ms,Tanker/48.wav,silver muna,validation,Tanker,2,0,Cargo,0.5026329755783081,0.1312866061925888,0.352493017911911,-2.75895357131958
dynamic_int8,tanker-48-000010000ms,Tanker/48.wav,silver muna,validation,Tanker,2,0,Cargo,0.5000139474868774,0.14093798398971558,0.35726284980773926,-2.7431912422180176
dynamic_int8,tanker-48-000015000ms,Tanker/48.wav,silver muna,validation,Tanker,2,0,Cargo,0.5212576389312744,0.17592212557792664,0.3273276090621948,-2.7839293479919434
dynamic_int8,tanker-48-000020000ms,Tanker/48.wav,silver muna,validation,Tanker,2,0,Cargo,0.5395658612251282,0.21912026405334473,0.31598708033561707,-2.8515686988830566
dynamic_int8,tanker-48-000025000ms,Tanker/48.wav,silver muna,validation,Tanker,2,0,Cargo,0.5622128844261169,0.2534700632095337,0.2873087525367737,-2.8508472442626953
dynamic_int8,tanker-48-000030000ms,Tanker/48.wav,silver muna,validation,Tanker,2,0,Cargo,0.5861884355545044,0.18061009049415588,0.3671562969684601,-2.940958023071289
dynamic_int8,tug-9-000000000ms,Tug/9.wav,millenniumstar,validation,Tug,3,2,Tanker,-0.22304442524909973,-0.5113108158111572,-0.05463846027851105,-0.41831979155540466
dynamic_int8,tug-9-000005000ms,Tug/9.wav,millenniumstar,validation,Tug,3,3,Tug,-0.3695225417613983,-0.6437699794769287,-0.1510164439678192,-0.010054394602775574
dynamic_int8,tug-9-000010000ms,Tug/9.wav,millenniumstar,validation,Tug,3,2,Tanker,-0.31639471650123596,-0.5812867879867554,-0.11624682694673538,-0.1593400239944458
dynamic_int8,tug-9-000015000ms,Tug/9.wav,millenniumstar,validation,Tug,3,3,Tug,-0.435894638299942,-0.7046446800231934,-0.12948071956634521,0.034568388015031815
dynamic_int8,tug-9-000020000ms,Tug/9.wav,millenniumstar,validation,Tug,3,3,Tug,-0.4295261800289154,-0.7985670566558838,-0.10590694844722748,0.12095601856708527
dynamic_int8,tug-9-000025000ms,Tug/9.wav,millenniumstar,validation,Tug,3,3,Tug,-0.5027256011962891,-0.829240083694458,-0.1330578625202179,0.2616659998893738
dynamic_int8,tug-9-000030000ms,Tug/9.wav,millenniumstar,validation,Tug,3,3,Tug,-0.5946133136749268,-0.9264302253723145,-0.226126566529274,0.6077840328216553
dynamic_int8,tug-9-000035000ms,Tug/9.wav,millenniumstar,validation,Tug,3,3,Tug,-0.40313807129859924,-0.8112748861312866,-0.07466856390237808,0.06412315368652344
dynamic_int8,tug-9-000040000ms,Tug/9.wav,millenniumstar,validation,Tug,3,2,Tanker,-0.2573830187320709,-0.6632101535797119,-0.034056924283504486,-0.2034856379032135
dynamic_int8,tug-9-000045000ms,Tug/9.wav,millenniumstar,validation,Tug,3,3,Tug,-0.2547145187854767,-0.706138014793396,-0.15173713862895966,0.010421739891171455
dynamic_int8,tug-9-000050000ms,Tug/9.wav,millenniumstar,validation,Tug,3,2,Tanker,-0.057774752378463745,-0.5806529521942139,-0.024109335616230965,-0.4340112507343292
dynamic_int8,tug-9-000055000ms,Tug/9.wav,millenniumstar,validation,Tug,3,2,Tanker,-0.11228083074092865,-0.5770975351333618,-0.06435362249612808,-0.3511304259300232
dynamic_int8,tug-9-000060000ms,Tug/9.wav,millenniumstar,validation,Tug,3,0,Cargo,-0.08853316307067871,-0.5432956218719482,-0.09831497073173523,-0.3077077865600586
dynamic_int8,tug-9-000065000ms,Tug/9.wav,millenniumstar,validation,Tug,3,2,Tanker,-0.1478332281112671,-0.6424357891082764,-0.12051587551832199,-0.1564146876335144
dynamic_int8,tug-9-000070000ms,Tug/9.wav,millenniumstar,validation,Tug,3,2,Tanker,-0.13403549790382385,-0.5769996643066406,-0.03271959722042084,-0.42433351278305054
dynamic_int8,tug-9-000075000ms,Tug/9.wav,millenniumstar,validation,Tug,3,2,Tanker,-0.07695840299129486,-0.5358786582946777,-0.029617197811603546,-0.4603970944881439
dynamic_int8,tug-9-000080000ms,Tug/9.wav,millenniumstar,validation,Tug,3,2,Tanker,0.0254385843873024,-0.42418763041496277,0.05512288957834244,-0.8670001029968262
dynamic_int8,tug-9-000085000ms,Tug/9.wav,millenniumstar,validation,Tug,3,0,Cargo,0.18348747491836548,-0.1417996734380722,0.04407062381505966,-1.196959137916565
dynamic_int8,tug-9-000090000ms,Tug/9.wav,millenniumstar,validation,Tug,3,2,Tanker,0.05750410258769989,-0.41434165835380554,0.1418510228395462,-0.9793235659599304
dynamic_int8,tug-9-000095000ms,Tug/9.wav,millenniumstar,validation,Tug,3,2,Tanker,0.11898660659790039,-0.34578078985214233,0.1944277286529541,-1.2068747282028198
dynamic_int8,tug-9-000100000ms,Tug/9.wav,millenniumstar,validation,Tug,3,0,Cargo,0.032399632036685944,-0.3900277614593506,-0.023346206173300743,-0.6819506287574768
dynamic_int8,tug-9-000105000ms,Tug/9.wav,millenniumstar,validation,Tug,3,2,Tanker,-0.0003685951232910156,-0.42653927206993103,0.02497977949678898,-0.7328176498413086
dynamic_int8,tug-9-000110000ms,Tug/9.wav,millenniumstar,validation,Tug,3,2,Tanker,-0.11927342414855957,-0.5087218284606934,0.03524109721183777,-0.618867039680481
dynamic_int8,tug-9-000115000ms,Tug/9.wav,millenniumstar,validation,Tug,3,2,Tanker,-0.10371612012386322,-0.44382962584495544,-0.010188357904553413,-0.6713236570358276
dynamic_int8,tug-9-000120000ms,Tug/9.wav,millenniumstar,validation,Tug,3,2,Tanker,-0.11822982132434845,-0.4984493553638458,0.027085373178124428,-0.6610523462295532
dynamic_int8,tug-9-000125000ms,Tug/9.wav,millenniumstar,validation,Tug,3,2,Tanker,-0.040414080023765564,-0.3770153522491455,0.01656799577176571,-0.8691328763961792
dynamic_int8,tug-9-000130000ms,Tug/9.wav,millenniumstar,validation,Tug,3,2,Tanker,-0.25045111775398254,-0.6301873922348022,-0.026961207389831543,-0.33655285835266113
dynamic_int8,tug-9-000135000ms,Tug/9.wav,millenniumstar,validation,Tug,3,3,Tug,-0.44963958859443665,-0.8981316089630127,0.009279711171984673,0.03812118619680405
dynamic_int8,tug-9-000140000ms,Tug/9.wav,millenniumstar,validation,Tug,3,2,Tanker,-0.16981232166290283,-0.6209074258804321,0.06023535132408142,-0.5218456983566284
dynamic_int8,tug-9-000145000ms,Tug/9.wav,millenniumstar,validation,Tug,3,2,Tanker,-0.18496060371398926,-0.6508904695510864,0.07230430841445923,-0.5389551520347595
dynamic_int8,tug-9-000150000ms,Tug/9.wav,millenniumstar,validation,Tug,3,2,Tanker,-0.27810561656951904,-0.7521491050720215,0.07869698852300644,-0.3845694363117218
dynamic_int8,tug-9-000155000ms,Tug/9.wav,millenniumstar,validation,Tug,3,2,Tanker,-0.26922985911369324,-0.725710391998291,0.11309369653463364,-0.46901556849479675
dynamic_int8,tug-9-000160000ms,Tug/9.wav,millenniumstar,validation,Tug,3,2,Tanker,-0.29481518268585205,-0.7133822441101074,0.10554348677396774,-0.4089006781578064
dynamic_int8,tug-9-000165000ms,Tug/9.wav,millenniumstar,validation,Tug,3,2,Tanker,-0.09008018672466278,-0.5297728776931763,0.12855011224746704,-0.7977559566497803
dynamic_int8,tug-9-000170000ms,Tug/9.wav,millenniumstar,validation,Tug,3,2,Tanker,-0.15511006116867065,-0.5423946380615234,0.026357455179095268,-0.6319336295127869
dynamic_int8,tug-9-000175000ms,Tug/9.wav,millenniumstar,validation,Tug,3,2,Tanker,0.0480552613735199,-0.47089526057243347,0.17284414172172546,-1.0988695621490479
dynamic_int8,tug-9-000180000ms,Tug/9.wav,millenniumstar,validation,Tug,3,2,Tanker,-0.024229779839515686,-0.5177192687988281,0.19203366339206696,-1.100710153579712
dynamic_int8,tug-9-000185000ms,Tug/9.wav,millenniumstar,validation,Tug,3,2,Tanker,0.059893809258937836,-0.4898706376552582,0.19862353801727295,-1.158307433128357
dynamic_int8,tug-9-000190000ms,Tug/9.wav,millenniumstar,validation,Tug,3,2,Tanker,0.21106012165546417,-0.37839969992637634,0.34918123483657837,-1.6372904777526855
dynamic_int8,tug-9-000195000ms,Tug/9.wav,millenniumstar,validation,Tug,3,0,Cargo,0.3313859701156616,-0.14435873925685883,0.23888346552848816,-1.7361831665039062
static_int8,cargo-62-000000000ms,Cargo/62.wav,anastasia,validation,Cargo,0,0,Cargo,0.6827154755592346,-0.1950615644454956,0.6339501142501831,-2.9503061771392822
static_int8,cargo-62-000005000ms,Cargo/62.wav,anastasia,validation,Cargo,0,0,Cargo,0.6827154755592346,-0.26820963621139526,0.6827154755592346,-2.9503061771392822
static_int8,cargo-62-000010000ms,Cargo/62.wav,anastasia,validation,Cargo,0,0,Cargo,0.6583327651023865,-0.1950615644454956,0.6583327651023865,-2.9990715980529785
static_int8,cargo-62-000015000ms,Cargo/62.wav,anastasia,validation,Cargo,0,0,Cargo,0.6827154755592346,-0.21944426000118256,0.6827154755592346,-2.9990715980529785
static_int8,cargo-62-000020000ms,Cargo/62.wav,anastasia,validation,Cargo,0,0,Cargo,0.6827154755592346,-0.17067886888980865,0.6339501142501831,-2.9259233474731445
static_int8,cargo-62-000025000ms,Cargo/62.wav,anastasia,validation,Cargo,0,0,Cargo,0.6827154755592346,-0.17067886888980865,0.6583327651023865,-3.023454189300537
static_int8,cargo-62-000030000ms,Cargo/62.wav,anastasia,validation,Cargo,0,0,Cargo,0.6827154755592346,-0.1950615644454956,0.6583327651023865,-2.9503061771392822
static_int8,cargo-62-000035000ms,Cargo/62.wav,anastasia,validation,Cargo,0,0,Cargo,0.6827154755592346,-0.17067886888980865,0.6583327651023865,-2.9503061771392822
static_int8,cargo-62-000040000ms,Cargo/62.wav,anastasia,validation,Cargo,0,2,Tanker,0.6583327651023865,-0.17067886888980865,0.6827154755592346,-3.0722196102142334
static_int8,cargo-62-000045000ms,Cargo/62.wav,anastasia,validation,Cargo,0,2,Tanker,0.6583327651023865,-0.1950615644454956,0.7070981860160828,-3.0722196102142334
static_int8,cargo-62-000050000ms,Cargo/62.wav,anastasia,validation,Cargo,0,0,Cargo,0.6583327651023865,-0.17067886888980865,0.6583327651023865,-2.9503061771392822
static_int8,cargo-62-000055000ms,Cargo/62.wav,anastasia,validation,Cargo,0,0,Cargo,0.6827154755592346,-0.1462961733341217,0.6583327651023865,-3.0722196102142334
static_int8,cargo-62-000060000ms,Cargo/62.wav,anastasia,validation,Cargo,0,0,Cargo,0.7070981860160828,-0.17067886888980865,0.6583327651023865,-3.0722196102142334
static_int8,cargo-62-000065000ms,Cargo/62.wav,anastasia,validation,Cargo,0,0,Cargo,0.6583327651023865,-0.17067886888980865,0.6583327651023865,-2.9990715980529785
static_int8,cargo-62-000070000ms,Cargo/62.wav,anastasia,validation,Cargo,0,0,Cargo,0.6583327651023865,-0.1462961733341217,0.6583327651023865,-3.047837018966675
static_int8,cargo-62-000075000ms,Cargo/62.wav,anastasia,validation,Cargo,0,2,Tanker,0.6583327651023865,-0.1950615644454956,0.6827154755592346,-2.9990715980529785
static_int8,cargo-62-000080000ms,Cargo/62.wav,anastasia,validation,Cargo,0,2,Tanker,0.6583327651023865,-0.21944426000118256,0.6827154755592346,-2.9990715980529785
static_int8,cargo-62-000085000ms,Cargo/62.wav,anastasia,validation,Cargo,0,0,Cargo,0.6583327651023865,-0.1950615644454956,0.6339501142501831,-2.8527753353118896
static_int8,cargo-62-000090000ms,Cargo/62.wav,anastasia,validation,Cargo,0,0,Cargo,0.6827154755592346,-0.2438269555568695,0.6583327651023865,-2.8771581649780273
static_int8,cargo-62-000095000ms,Cargo/62.wav,anastasia,validation,Cargo,0,0,Cargo,0.7070981860160828,-0.2438269555568695,0.6827154755592346,-2.9503061771392822
static_int8,cargo-62-000100000ms,Cargo/62.wav,anastasia,validation,Cargo,0,0,Cargo,0.7070981860160828,-0.1950615644454956,0.6583327651023865,-2.974688768386841
static_int8,cargo-62-000105000ms,Cargo/62.wav,anastasia,validation,Cargo,0,0,Cargo,0.6827154755592346,-0.2438269555568695,0.6827154755592346,-2.901540756225586
static_int8,cargo-62-000110000ms,Cargo/62.wav,anastasia,validation,Cargo,0,0,Cargo,0.6827154755592346,-0.1950615644454956,0.6339501142501831,-2.8771581649780273
static_int8,cargo-62-000115000ms,Cargo/62.wav,anastasia,validation,Cargo,0,0,Cargo,0.6583327651023865,-0.17067886888980865,0.6339501142501831,-2.901540756225586
static_int8,cargo-62-000120000ms,Cargo/62.wav,anastasia,validation,Cargo,0,0,Cargo,0.6339501142501831,-0.1950615644454956,0.609567403793335,-2.8040099143981934
static_int8,cargo-62-000125000ms,Cargo/62.wav,anastasia,validation,Cargo,0,0,Cargo,0.6583327651023865,-0.17067886888980865,0.5851846933364868,-2.7796273231506348
static_int8,cargo-62-000130000ms,Cargo/62.wav,anastasia,validation,Cargo,0,0,Cargo,0.6583327651023865,-0.1462961733341217,0.609567403793335,-2.8771581649780273
static_int8,cargo-62-000135000ms,Cargo/62.wav,anastasia,validation,Cargo,0,2,Tanker,0.609567403793335,-0.1950615644454956,0.6339501142501831,-2.8040099143981934
static_int8,cargo-62-000140000ms,Cargo/62.wav,anastasia,validation,Cargo,0,2,Tanker,0.5851846933364868,-0.3413577377796173,0.6827154755592346,-2.70647931098938
static_int8,cargo-62-000145000ms,Cargo/62.wav,anastasia,validation,Cargo,0,2,Tanker,0.5364192724227905,-0.3413577377796173,0.7070981860160828,-2.633331060409546
static_int8,cargo-62-000150000ms,Cargo/62.wav,anastasia,validation,Cargo,0,2,Tanker,0.5608019828796387,-0.26820963621139526,0.6827154755592346,-2.7308619022369385
static_int8,cargo-62-000155000ms,Cargo/62.wav,anastasia,validation,Cargo,0,2,Tanker,0.5608019828796387,-0.2925923466682434,0.6583327651023865,-2.682096481323242
static_int8,cargo-62-000160000ms,Cargo/62.wav,anastasia,validation,Cargo,0,2,Tanker,0.609567403793335,-0.26820963621139526,0.7070981860160828,-2.828392744064331
static_int8,cargo-62-000165000ms,Cargo/62.wav,anastasia,validation,Cargo,0,2,Tanker,0.5608019828796387,-0.2438269555568695,0.6827154755592346,-2.8527753353118896
static_int8,cargo-62-000170000ms,Cargo/62.wav,anastasia,validation,Cargo,0,2,Tanker,0.5364192724227905,-0.1950615644454956,0.6339501142501831,-2.8040099143981934
static_int8,cargo-62-000175000ms,Cargo/62.wav,anastasia,validation,Cargo,0,2,Tanker,0.5364192724227905,-0.21944426000118256,0.609567403793335,-2.7308619022369385
static_int8,cargo-62-000180000ms,Cargo/62.wav,anastasia,validation,Cargo,0,2,Tanker,0.487653911113739,-0.3413577377796173,0.6583327651023865,-2.560183048248291
static_int8,cargo-62-000185000ms,Cargo/62.wav,anastasia,validation,Cargo,0,2,Tanker,0.5120366215705872,-0.3901231288909912,0.6827154755592346,-2.5845656394958496
static_int8,cargo-62-000190000ms,Cargo/62.wav,anastasia,validation,Cargo,0,2,Tanker,0.5120366215705872,-0.41450583934783936,0.6583327651023865,-2.487035036087036
static_int8,cargo-78-000000000ms,Cargo/78.wav,cma cgm,validation,Cargo,0,0,Cargo,0.2925923466682434,0.17067886888980865,0.0975307822227478,-2.145677089691162
static_int8,cargo-78-000005000ms,Cargo/78.wav,cma cgm,validation,Cargo,0,0,Cargo,0.31697505712509155,0.21944426000118256,0.07314808666706085,-2.2432079315185547
static_int8,cargo-78-000010000ms,Cargo/78.wav,cma cgm,validation,Cargo,0,0,Cargo,0.3413577377796173,0.2438269555568695,0.07314808666706085,-2.1700599193573
static_int8,cargo-78-000015000ms,Cargo/78.wav,cma cgm,validation,Cargo,0,0,Cargo,0.31697505712509155,0.1950615644454956,0.12191347777843475,-2.291973352432251
static_int8,cargo-78-000020000ms,Cargo/78.wav,cma cgm,validation,Cargo,0,0,Cargo,0.21944426000118256,0.12191347777843475,0.0975307822227478,-2.1212944984436035
static_int8,cargo-78-000025000ms,Cargo/78.wav,cma cgm,validation,Cargo,0,0,Cargo,0.36574041843414307,0.17067886888980865,0.21944426000118256,-2.43826961517334
static_int8,cargo-78-000030000ms,Cargo/78.wav,cma cgm,validation,Cargo,0,0,Cargo,0.36574041843414307,0.1950615644454956,0.1950615644454956,-2.487035036087036
static_int8,cargo-78-000035000ms,Cargo/78.wav,cma cgm,validation,Cargo,0,0,Cargo,0.41450583934783936,0.26820963621139526,0.1950615644454956,-2.5845656394958496
static_int8,cargo-78-000040000ms,Cargo/78.wav,cma cgm,validation,Cargo,0,0,Cargo,0.41450583934783936,0.26820963621139526,0.1950615644454956,-2.560183048248291
static_int8,cargo-78-000045000ms,Cargo/78.wav,cma cgm,validation,Cargo,0,0,Cargo,0.41450583934783936,0.2925923466682434,0.12191347777843475,-2.3407387733459473
static_int8,cargo-78-000050000ms,Cargo/78.wav,cma cgm,validation,Cargo,0,0,Cargo,0.41450583934783936,0.31697505712509155,0.17067886888980865,-2.4626522064208984
static_int8,cargo-78-000055000ms,Cargo/78.wav,cma cgm,validation,Cargo,0,0,Cargo,0.4388885200023651,0.26820963621139526,0.1462961733341217,-2.413886785507202
static_int8,cargo-78-000060000ms,Cargo/78.wav,cma cgm,validation,Cargo,0,0,Cargo,0.4388885200023651,0.1950615644454956,0.1950615644454956,-2.3895041942596436
static_int8,cargo-78-000065000ms,Cargo/78.wav,cma cgm,validation,Cargo,0,0,Cargo,0.4388885200023651,0.21944426000118256,0.1950615644454956,-2.365121364593506
static_int8,cargo-78-000070000ms,Cargo/78.wav,cma cgm,validation,Cargo,0,0,Cargo,0.46327120065689087,0.1950615644454956,0.21944426000118256,-2.43826961517334
static_int8,cargo-78-000075000ms,Cargo/78.wav,cma cgm,validation,Cargo,0,0,Cargo,0.5120366215705872,0.1950615644454956,0.2438269555568695,-2.43826961517334
static_int8,cargo-78-000080000ms,Cargo/78.wav,cma cgm,validation,Cargo,0,0,Cargo,0.5120366215705872,0.1950615644454956,0.21944426000118256,-2.43826961517334
static_int8,cargo-78-000085000ms,Cargo/78.wav,cma cgm,validation,Cargo,0,0,Cargo,0.5364192724227905,0.17067886888980865,0.2438269555568695,-2.43826961517334
static_int8,cargo-78-000090000ms,Cargo/78.wav,cma cgm,validation,Cargo,0,0,Cargo,0.487653911113739,0.17067886888980865,0.2438269555568695,-2.413886785507202
static_int8,cargo-78-000095000ms,Cargo/78.wav,cma cgm,validation,Cargo,0,0,Cargo,0.5364192724227905,0.17067886888980865,0.26820963621139526,-2.5114176273345947
static_int8,cargo-78-000100000ms,Cargo/78.wav,cma cgm,validation,Cargo,0,0,Cargo,0.5364192724227905,0.07314808666706085,0.3901231288909912,-2.560183048248291
static_int8,cargo-78-000105000ms,Cargo/78.wav,cma cgm,validation,Cargo,0,0,Cargo,0.5120366215705872,-0.07314808666706085,0.5120366215705872,-2.70647931098938
static_int8,cargo-78-000110000ms,Cargo/78.wav,cma cgm,validation,Cargo,0,0,Cargo,0.5120366215705872,-0.0975307822227478,0.5120366215705872,-2.633331060409546
static_int8,cargo-78-000115000ms,Cargo/78.wav,cma cgm,validation,Cargo,0,0,Cargo,0.5608019828796387,-0.0975307822227478,0.5364192724227905,-2.7308619022369385
static_int8,cargo-78-000120000ms,Cargo/78.wav,cma cgm,validation,Cargo,0,0,Cargo,0.5364192724227905,-0.07314808666706085,0.5364192724227905,-2.70647931098938
static_int8,cargo-78-000125000ms,Cargo/78.wav,cma cgm,validation,Cargo,0,0,Cargo,0.487653911113739,-0.12191347777843475,0.487653911113739,-2.5114176273345947
static_int8,cargo-78-000130000ms,Cargo/78.wav,cma cgm,validation,Cargo,0,0,Cargo,0.487653911113739,-0.1950615644454956,0.46327120065689087,-2.3407387733459473
static_int8,cargo-78-000135000ms,Cargo/78.wav,cma cgm,validation,Cargo,0,0,Cargo,0.5120366215705872,-0.07314808666706085,0.41450583934783936,-2.4626522064208984
static_int8,cargo-78-000140000ms,Cargo/78.wav,cma cgm,validation,Cargo,0,2,Tanker,0.41450583934783936,-0.21944426000118256,0.46327120065689087,-2.3407387733459473
static_int8,cargo-78-000145000ms,Cargo/78.wav,cma cgm,validation,Cargo,0,0,Cargo,0.46327120065689087,-0.17067886888980865,0.4388885200023651,-2.3895041942596436
static_int8,cargo-78-000150000ms,Cargo/78.wav,cma cgm,validation,Cargo,0,0,Cargo,0.46327120065689087,-0.17067886888980865,0.4388885200023651,-2.3407387733459473
static_int8,cargo-78-000155000ms,Cargo/78.wav,cma cgm,validation,Cargo,0,2,Tanker,0.36574041843414307,-0.2925923466682434,0.4388885200023651,-2.1700599193573
static_int8,cargo-78-000160000ms,Cargo/78.wav,cma cgm,validation,Cargo,0,2,Tanker,0.3901231288909912,-0.31697505712509155,0.4388885200023651,-2.145677089691162
static_int8,cargo-78-000165000ms,Cargo/78.wav,cma cgm,validation,Cargo,0,2,Tanker,0.36574041843414307,-0.3413577377796173,0.487653911113739,-2.0725290775299072
static_int8,cargo-78-000170000ms,Cargo/78.wav,cma cgm,validation,Cargo,0,2,Tanker,0.2925923466682434,-0.3901231288909912,0.46327120065689087,-1.926232933998108
static_int8,cargo-78-000175000ms,Cargo/78.wav,cma cgm,validation,Cargo,0,2,Tanker,0.26820963621139526,-0.31697505712509155,0.3901231288909912,-1.9749983549118042
static_int8,cargo-78-000180000ms,Cargo/78.wav,cma cgm,validation,Cargo,0,2,Tanker,0.2925923466682434,-0.26820963621139526,0.3413577377796173,-1.8774675130844116
static_int8,cargo-78-000185000ms,Cargo/78.wav,cma cgm,validation,Cargo,0,2,Tanker,0.26820963621139526,-0.2925923466682434,0.36574041843414307,-1.8530848026275635
static_int8,passengership-29-000000000ms,Passengership/29.wav,crystal serenity,validation,Passengership,1,0,Cargo,0.487653911113739,0.3901231288909912,0.2438269555568695,-2.974688768386841
static_int8,passengership-29-000005000ms,Passengership/29.wav,crystal serenity,validation,Passengership,1,0,Cargo,0.487653911113739,0.4388885200023651,0.21944426000118256,-2.974688768386841
static_int8,passengership-29-000010000ms,Passengership/29.wav,crystal serenity,validation,Passengership,1,0,Cargo,0.46327120065689087,0.3901231288909912,0.2438269555568695,-2.9503061771392822
static_int8,passengership-29-000015000ms,Passengership/29.wav,crystal serenity,validation,Passengership,1,0,Cargo,0.4388885200023651,0.3901231288909912,0.2438269555568695,-2.9259233474731445
static_int8,passengership-29-000020000ms,Passengership/29.wav,crystal serenity,validation,Passengership,1,0,Cargo,0.4388885200023651,0.4388885200023651,0.21944426000118256,-2.9259233474731445
static_int8,passengership-29-000025000ms,Passengership/29.wav,crystal serenity,validation,Passengership,1,1,Passengership,0.4388885200023651,0.487653911113739,0.17067886888980865,-2.901540756225586
static_int8,passengership-29-000030000ms,Passengership/29.wav,crystal serenity,validation,Passengership,1,1,Passengership,0.41450583934783936,0.5120366215705872,0.1462961733341217,-2.8771581649780273
static_int8,passengership-9-000000000ms,Passengership/9.wav,carnival legend,validation,Passengership,1,0,Cargo,-0.1462961733341217,-0.7070981860160828,-0.1950615644454956,-0.1950615644454956
static_int8,passengership-9-000005000ms,Passengership/9.wav,carnival legend,validation,Passengership,1,3,Tug,-0.2438269555568695,-0.7802462577819824,-0.2438269555568695,0.07314808666706085
static_int8,tanker-18-000000000ms,Tanker/18.wav,overseas athens,validation,Tanker,2,0,Cargo,0.26820963621139526,0.1462961733341217,-0.07314808666706085,-1.4629616737365723
static_int8,tanker-18-000005000ms,Tanker/18.wav,overseas athens,validation,Tanker,2,0,Cargo,0.0,-0.12191347777843475,-0.1462961733341217,-0.8777770400047302
static_int8,tanker-18-000010000ms,Tanker/18.wav,overseas athens,validation,Tanker,2,0,Cargo,0.12191347777843475,0.02438269555568695,-0.0975307822227478,-1.243517518043518
static_int8,tanker-18-000015000ms,Tanker/18.wav,overseas athens,validation,Tanker,2,0,Cargo,0.1462961733341217,0.07314808666706085,-0.0975307822227478,-1.341048240661621
static_int8,tanker-18-000020000ms,Tanker/18.wav,overseas athens,validation,Tanker,2,0,Cargo,0.0487653911113739,0.0,-0.1462961733341217,-1.072838544845581
static_int8,tanker-18-000025000ms,Tanker/18.wav,overseas athens,validation,Tanker,2,0,Cargo,0.07314808666706085,-0.0487653911113739,-0.12191347777843475,-1.0972212553024292
static_int8,tanker-18-000030000ms,Tanker/18.wav,overseas athens,validation,Tanker,2,0,Cargo,0.02438269555568695,-0.1950615644454956,-0.0487653911113739,-1.072838544845581
static_int8,tanker-18-000035000ms,Tanker/18.wav,overseas athens,validation,Tanker,2,2,Tanker,-0.0487653911113739,-0.31697505712509155,-0.02438269555568695,-0.9021597504615784
static_int8,tanker-18-000040000ms,Tanker/18.wav,overseas athens,validation,Tanker,2,2,Tanker,-0.17067886888980865,-0.46327120065689087,-0.07314808666706085,-0.5608019828796387
static_int8,tanker-18-000045000ms,Tanker/18.wav,overseas athens,validation,Tanker,2,2,Tanker,-0.21944426000118256,-0.5608019828796387,-0.0975307822227478,-0.3413577377796173
static_int8,tanker-18-000050000ms,Tanker/18.wav,overseas athens,validation,Tanker,2,2,Tanker,-0.2925923466682434,-0.609567403793335,-0.07314808666706085,-0.26820963621139526
static_int8,tanker-18-000055000ms,Tanker/18.wav,overseas athens,validation,Tanker,2,2,Tanker,-0.2438269555568695,-0.6339501142501831,-0.02438269555568695,-0.3413577377796173
static_int8,tanker-18-000060000ms,Tanker/18.wav,overseas athens,validation,Tanker,2,2,Tanker,-0.02438269555568695,-0.5364192724227905,0.1462961733341217,-0.9021597504615784
static_int8,tanker-41-000000000ms,Tanker/41.wav,ardmore cheyenne,validation,Tanker,2,0,Cargo,0.31697505712509155,0.1950615644454956,0.1462961733341217,-2.365121364593506
static_int8,tanker-41-000005000ms,Tanker/41.wav,ardmore cheyenne,validation,Tanker,2,0,Cargo,0.3413577377796173,0.2438269555568695,0.12191347777843475,-2.4626522064208984
static_int8,tanker-41-000010000ms,Tanker/41.wav,ardmore cheyenne,validation,Tanker,2,0,Cargo,0.3413577377796173,0.1462961733341217,0.1462961733341217,-2.3163561820983887
static_int8,tanker-41-000015000ms,Tanker/41.wav,ardmore cheyenne,validation,Tanker,2,0,Cargo,0.31697505712509155,0.21944426000118256,0.12191347777843475,-2.413886785507202
static_int8,tanker-41-000020000ms,Tanker/41.wav,ardmore cheyenne,validation,Tanker,2,0,Cargo,0.41450583934783936,0.2438269555568695,0.1462961733341217,-2.560183048248291
static_int8,tanker-41-000025000ms,Tanker/41.wav,ardmore cheyenne,validation,Tanker,2,0,Cargo,0.3413577377796173,0.1950615644454956,0.12191347777843475,-2.3407387733459473
static_int8,tanker-41-000030000ms,Tanker/41.wav,ardmore cheyenne,validation,Tanker,2,0,Cargo,0.3413577377796173,0.2438269555568695,0.0975307822227478,-2.3407387733459473
static_int8,tanker-41-000035000ms,Tanker/41.wav,ardmore cheyenne,validation,Tanker,2,0,Cargo,0.2925923466682434,0.1950615644454956,0.0975307822227478,-2.291973352432251
static_int8,tanker-48-000000000ms,Tanker/48.wav,silver muna,validation,Tanker,2,0,Cargo,0.487653911113739,0.0975307822227478,0.36574041843414307,-2.6089484691619873
static_int8,tanker-48-000005000ms,Tanker/48.wav,silver muna,validation,Tanker,2,0,Cargo,0.5120366215705872,0.12191347777843475,0.36574041843414307,-2.755244493484497
static_int8,tanker-48-000010000ms,Tanker/48.wav,silver muna,validation,Tanker,2,0,Cargo,0.5120366215705872,0.12191347777843475,0.36574041843414307,-2.7308619022369385
static_int8,tanker-48-000015000ms,Tanker/48.wav,silver muna,validation,Tanker,2,0,Cargo,0.5120366215705872,0.17067886888980865,0.31697505712509155,-2.7796273231506348
static_int8,tanker-48-000020000ms,Tanker/48.wav,silver muna,validation,Tanker,2,0,Cargo,0.5364192724227905,0.21944426000118256,0.31697505712509155,-2.8527753353118896
static_int8,tanker-48-000025000ms,Tanker/48.wav,silver muna,validation,Tanker,2,0,Cargo,0.5608019828796387,0.2438269555568695,0.2925923466682434,-2.8527753353118896
static_int8,tanker-48-000030000ms,Tanker/48.wav,silver muna,validation,Tanker,2,0,Cargo,0.5851846933364868,0.17067886888980865,0.36574041843414307,-2.9503061771392822
static_int8,tug-9-000000000ms,Tug/9.wav,millenniumstar,validation,Tug,3,2,Tanker,-0.21944426000118256,-0.5120366215705872,-0.0487653911113739,-0.41450583934783936
static_int8,tug-9-000005000ms,Tug/9.wav,millenniumstar,validation,Tug,3,3,Tug,-0.36574041843414307,-0.6583327651023865,-0.1462961733341217,0.0
static_int8,tug-9-000010000ms,Tug/9.wav,millenniumstar,validation,Tug,3,2,Tanker,-0.31697505712509155,-0.5851846933364868,-0.12191347777843475,-0.1462961733341217
static_int8,tug-9-000015000ms,Tug/9.wav,millenniumstar,validation,Tug,3,3,Tug,-0.4388885200023651,-0.7070981860160828,-0.12191347777843475,0.0487653911113739
static_int8,tug-9-000020000ms,Tug/9.wav,millenniumstar,validation,Tug,3,3,Tug,-0.41450583934783936,-0.8046289682388306,-0.12191347777843475,0.12191347777843475
static_int8,tug-9-000025000ms,Tug/9.wav,millenniumstar,validation,Tug,3,3,Tug,-0.5120366215705872,-0.8290116786956787,-0.1462961733341217,0.26820963621139526
static_int8,tug-9-000030000ms,Tug/9.wav,millenniumstar,validation,Tug,3,3,Tug,-0.5851846933364868,-0.9265424013137817,-0.2438269555568695,0.6339501142501831
static_int8,tug-9-000035000ms,Tug/9.wav,millenniumstar,validation,Tug,3,3,Tug,-0.3901231288909912,-0.8046289682388306,-0.07314808666706085,0.07314808666706085
static_int8,tug-9-000040000ms,Tug/9.wav,millenniumstar,validation,Tug,3,2,Tanker,-0.2438269555568695,-0.6583327651023865,-0.0487653911113739,-0.1950615644454956
static_int8,tug-9-000045000ms,Tug/9.wav,millenniumstar,validation,Tug,3,3,Tug,-0.2438269555568695,-0.7070981860160828,-0.1462961733341217,0.02438269555568695
static_int8,tug-9-000050000ms,Tug/9.wav,millenniumstar,validation,Tug,3,2,Tanker,-0.0487653911113739,-0.5851846933364868,-0.02438269555568695,-0.4388885200023651
static_int8,tug-9-000055000ms,Tug/9.wav,millenniumstar,validation,Tug,3,2,Tanker,-0.0975307822227478,-0.5608019828796387,-0.07314808666706085,-0.3413577377796173
static_int8,tug-9-000060000ms,Tug/9.wav,millenniumstar,validation,Tug,3,0,Cargo,-0.07314808666706085,-0.5364192724227905,-0.0975307822227478,-0.31697505712509155
static_int8,tug-9-000065000ms,Tug/9.wav,millenniumstar,validation,Tug,3,2,Tanker,-0.1462961733341217,-0.6339501142501831,-0.12191347777843475,-0.1462961733341217
static_int8,tug-9-000070000ms,Tug/9.wav,millenniumstar,validation,Tug,3,2,Tanker,-0.12191347777843475,-0.5851846933364868,-0.02438269555568695,-0.41450583934783936
static_int8,tug-9-000075000ms,Tug/9.wav,millenniumstar,validation,Tug,3,2,Tanker,-0.07314808666706085,-0.5364192724227905,-0.02438269555568695,-0.46327120065689087
static_int8,tug-9-000080000ms,Tug/9.wav,millenniumstar,validation,Tug,3,2,Tanker,0.02438269555568695,-0.41450583934783936,0.0487653911113739,-0.8533943295478821
static_int8,tug-9-000085000ms,Tug/9.wav,millenniumstar,validation,Tug,3,0,Cargo,0.1950615644454956,-0.1462961733341217,0.0487653911113739,-1.1947520971298218
static_int8,tug-9-000090000ms,Tug/9.wav,millenniumstar,validation,Tug,3,2,Tanker,0.07314808666706085,-0.41450583934783936,0.1462961733341217,-0.975307822227478
static_int8,tug-9-000095000ms,Tug/9.wav,millenniumstar,validation,Tug,3,2,Tanker,0.12191347777843475,-0.3413577377796173,0.1950615644454956,-1.21913480758667
static_int8,tug-9-000100000ms,Tug/9.wav,millenniumstar,validation,Tug,3,0,Cargo,0.0487653911113739,-0.3901231288909912,-0.02438269555568695,-0.6827154755592346
static_int8,tug-9-000105000ms,Tug/9.wav,millenniumstar,validation,Tug,3,2,Tanker,0.0,-0.4388885200023651,0.02438269555568695,-0.7314808368682861
static_int8,tug-9-000110000ms,Tug/9.wav,millenniumstar,validation,Tug,3,2,Tanker,-0.0975307822227478,-0.5120366215705872,0.02438269555568695,-0.6339501142501831
static_int8,tug-9-000115000ms,Tug/9.wav,millenniumstar,validation,Tug,3,2,Tanker,-0.0975307822227478,-0.4388885200023651,0.0,-0.6583327651023865
static_int8,tug-9-000120000ms,Tug/9.wav,millenniumstar,validation,Tug,3,2,Tanker,-0.12191347777843475,-0.5120366215705872,0.02438269555568695,-0.6583327651023865
static_int8,tug-9-000125000ms,Tug/9.wav,millenniumstar,validation,Tug,3,2,Tanker,-0.02438269555568695,-0.36574041843414307,0.02438269555568695,-0.8777770400047302
static_int8,tug-9-000130000ms,Tug/9.wav,millenniumstar,validation,Tug,3,2,Tanker,-0.2438269555568695,-0.6339501142501831,-0.02438269555568695,-0.31697505712509155
static_int8,tug-9-000135000ms,Tug/9.wav,millenniumstar,validation,Tug,3,3,Tug,-0.4388885200023651,-0.9021597504615784,0.0,0.0487653911113739
static_int8,tug-9-000140000ms,Tug/9.wav,millenniumstar,validation,Tug,3,2,Tanker,-0.17067886888980865,-0.609567403793335,0.0487653911113739,-0.5120366215705872
static_int8,tug-9-000145000ms,Tug/9.wav,millenniumstar,validation,Tug,3,2,Tanker,-0.17067886888980865,-0.6583327651023865,0.07314808666706085,-0.5364192724227905
static_int8,tug-9-000150000ms,Tug/9.wav,millenniumstar,validation,Tug,3,2,Tanker,-0.26820963621139526,-0.7558635473251343,0.07314808666706085,-0.3901231288909912
static_int8,tug-9-000155000ms,Tug/9.wav,millenniumstar,validation,Tug,3,2,Tanker,-0.26820963621139526,-0.7314808368682861,0.12191347777843475,-0.46327120065689087
static_int8,tug-9-000160000ms,Tug/9.wav,millenniumstar,validation,Tug,3,2,Tanker,-0.2925923466682434,-0.7070981860160828,0.0975307822227478,-0.3901231288909912
static_int8,tug-9-000165000ms,Tug/9.wav,millenniumstar,validation,Tug,3,2,Tanker,-0.07314808666706085,-0.5364192724227905,0.12191347777843475,-0.8046289682388306
static_int8,tug-9-000170000ms,Tug/9.wav,millenniumstar,validation,Tug,3,2,Tanker,-0.1462961733341217,-0.5364192724227905,0.02438269555568695,-0.6339501142501831
static_int8,tug-9-000175000ms,Tug/9.wav,millenniumstar,validation,Tug,3,2,Tanker,0.0487653911113739,-0.46327120065689087,0.17067886888980865,-1.0972212553024292
static_int8,tug-9-000180000ms,Tug/9.wav,millenniumstar,validation,Tug,3,2,Tanker,-0.02438269555568695,-0.5120366215705872,0.1950615644454956,-1.0972212553024292
static_int8,tug-9-000185000ms,Tug/9.wav,millenniumstar,validation,Tug,3,2,Tanker,0.0487653911113739,-0.487653911113739,0.1950615644454956,-1.1459866762161255
static_int8,tug-9-000190000ms,Tug/9.wav,millenniumstar,validation,Tug,3,2,Tanker,0.21944426000118256,-0.36574041843414307,0.3413577377796173,-1.6336406469345093
static_int8,tug-9-000195000ms,Tug/9.wav,millenniumstar,validation,Tug,3,0,Cargo,0.3413577377796173,-0.1462961733341217,0.2438269555568695,-1.7311713695526123
fp32,cargo-15-000000000ms,Cargo/15.wav,new nada,test,Cargo,0,2,Tanker,0.1549200862646103,-0.7927318811416626,0.7385408878326416,-1.8675049543380737
fp32,cargo-15-000005000ms,Cargo/15.wav,new nada,test,Cargo,0,2,Tanker,0.166145920753479,-0.7397180795669556,0.6884602904319763,-1.8719942569732666
fp32,cargo-15-000010000ms,Cargo/15.wav,new nada,test,Cargo,0,2,Tanker,0.18484482169151306,-0.7760412693023682,0.7249947190284729,-1.9462664127349854
fp32,cargo-15-000015000ms,Cargo/15.wav,new nada,test,Cargo,0,2,Tanker,0.21278715133666992,-0.7062150239944458,0.643423855304718,-1.8980991840362549
fp32,cargo-15-000020000ms,Cargo/15.wav,new nada,test,Cargo,0,2,Tanker,0.23961515724658966,-0.6742303371429443,0.6673377752304077,-1.9888157844543457
fp32,cargo-15-000025000ms,Cargo/15.wav,new nada,test,Cargo,0,2,Tanker,0.2155519276857376,-0.6547551155090332,0.6257370114326477,-1.9079558849334717
fp32,cargo-15-000030000ms,Cargo/15.wav,new nada,test,Cargo,0,2,Tanker,0.26692670583724976,-0.6531896591186523,0.6575189232826233,-2.017265558242798
fp32,cargo-15-000035000ms,Cargo/15.wav,new nada,test,Cargo,0,2,Tanker,0.2887670397758484,-0.6359949111938477,0.6659814715385437,-2.099654197692871
fp32,cargo-15-000040000ms,Cargo/15.wav,new nada,test,Cargo,0,2,Tanker,0.1857939511537552,-0.7584190368652344,0.6848526000976562,-1.8852602243423462
fp32,cargo-15-000045000ms,Cargo/15.wav,new nada,test,Cargo,0,2,Tanker,0.20133252441883087,-0.7775192260742188,0.738909125328064,-1.980466604232788
fp32,cargo-15-000050000ms,Cargo/15.wav,new nada,test,Cargo,0,2,Tanker,0.26245415210723877,-0.6719136238098145,0.6888008117675781,-2.076786756515503
fp32,cargo-15-000055000ms,Cargo/15.wav,new nada,test,Cargo,0,2,Tanker,0.28104937076568604,-0.6784658432006836,0.7056318521499634,-2.052156925201416
fp32,cargo-15-000060000ms,Cargo/15.wav,new nada,test,Cargo,0,2,Tanker,0.21371610462665558,-0.7546346187591553,0.7097020745277405,-1.9558589458465576
fp32,cargo-15-000065000ms,Cargo/15.wav,new nada,test,Cargo,0,2,Tanker,0.2639830708503723,-0.6311944723129272,0.7344008684158325,-2.183506727218628
fp32,cargo-15-000070000ms,Cargo/15.wav,new nada,test,Cargo,0,2,Tanker,0.21995171904563904,-0.718468427658081,0.7095726728439331,-2.0189735889434814
fp32,cargo-15-000075000ms,Cargo/15.wav,new nada,test,Cargo,0,2,Tanker,0.23876124620437622,-0.6560938358306885,0.6751687526702881,-2.0200963020324707
fp32,cargo-15-000080000ms,Cargo/15.wav,new nada,test,Cargo,0,2,Tanker,0.2826249897480011,-0.6748709678649902,0.723496675491333,-2.1078972816467285
fp32,cargo-15-000085000ms,Cargo/15.wav,new nada,test,Cargo,0,2,Tanker,0.3118186593055725,-0.5734533071517944,0.6816463470458984,-2.1678807735443115
fp32,cargo-15-000090000ms,Cargo/15.wav,new nada,test,Cargo,0,2,Tanker,0.28619521856307983,-0.6075745820999146,0.6183808445930481,-2.0077297687530518
fp32,cargo-15-000095000ms,Cargo/15.wav,new nada,test,Cargo,0,2,Tanker,0.2331077754497528,-0.6419339179992676,0.5679357051849365,-1.84773850440979
fp32,cargo-15-000100000ms,Cargo/15.wav,new nada,test,Cargo,0,2,Tanker,0.2252526581287384,-0.6812270879745483,0.6274942755699158,-1.8685154914855957
fp32,cargo-15-000105000ms,Cargo/15.wav,new nada,test,Cargo,0,2,Tanker,0.2862103581428528,-0.6393735408782959,0.67686527967453,-2.0888867378234863
fp32,cargo-15-000110000ms,Cargo/15.wav,new nada,test,Cargo,0,2,Tanker,0.2463257908821106,-0.6760053634643555,0.6777029633522034,-2.0035977363586426
fp32,cargo-15-000115000ms,Cargo/15.wav,new nada,test,Cargo,0,2,Tanker,0.3383248448371887,-0.5610272884368896,0.6840227842330933,-2.2096357345581055
fp32,cargo-15-000120000ms,Cargo/15.wav,new nada,test,Cargo,0,2,Tanker,0.31602609157562256,-0.5641906261444092,0.641866147518158,-2.0787317752838135
fp32,cargo-15-000125000ms,Cargo/15.wav,new nada,test,Cargo,0,2,Tanker,0.2955392301082611,-0.6371848583221436,0.6903762221336365,-2.0819203853607178
fp32,cargo-15-000130000ms,Cargo/15.wav,new nada,test,Cargo,0,2,Tanker,0.3114779591560364,-0.5379757881164551,0.6663892269134521,-2.179219961166382
fp32,cargo-15-000135000ms,Cargo/15.wav,new nada,test,Cargo,0,2,Tanker,0.30066660046577454,-0.5497658252716064,0.6184293627738953,-2.0525717735290527
fp32,cargo-15-000140000ms,Cargo/15.wav,new nada,test,Cargo,0,2,Tanker,0.3163314461708069,-0.5792858600616455,0.6595343947410583,-2.104931116104126
fp32,cargo-15-000145000ms,Cargo/15.wav,new nada,test,Cargo,0,2,Tanker,0.2532705068588257,-0.6291075944900513,0.6817542314529419,-2.0515127182006836
fp32,cargo-15-000150000ms,Cargo/15.wav,new nada,test,Cargo,0,2,Tanker,0.3141828775405884,-0.6063292026519775,0.6878594160079956,-2.1501569747924805
fp32,cargo-15-000155000ms,Cargo/15.wav,new nada,test,Cargo,0,2,Tanker,0.3427736461162567,-0.5374761819839478,0.603324294090271,-2.071938991546631
fp32,cargo-15-000160000ms,Cargo/15.wav,new nada,test,Cargo,0,2,Tanker,0.39477938413619995,-0.466781884431839,0.6443491578102112,-2.277296781539917
fp32,cargo-15-000165000ms,Cargo/15.wav,new nada,test,Cargo,0,2,Tanker,0.3334404230117798,-0.5278977155685425,0.6826960444450378,-2.2901501655578613
fp32,cargo-15-000170000ms,Cargo/15.wav,new nada,test,Cargo,0,2,Tanker,0.3357713222503662,-0.45112040638923645,0.5931420922279358,-2.1282925605773926
fp32,cargo-15-000175000ms,Cargo/15.wav,new nada,test,Cargo,0,2,Tanker,0.3171324133872986,-0.5125192403793335,0.6879091858863831,-2.2652361392974854
fp32,cargo-15-000180000ms,Cargo/15.wav,new nada,test,Cargo,0,2,Tanker,0.24162250757217407,-0.5108507871627808,0.5980939269065857,-2.0513784885406494
fp32,passengership-12-000000000ms,Passengership/12.wav,malaspina,test,Passengership,1,2,Tanker,0.2922806739807129,-0.04422660171985626,0.40164270997047424,-2.437654495239258
fp32,passengership-12-000005000ms,Passengership/12.wav,malaspina,test,Passengership,1,2,Tanker,0.31397032737731934,-0.017377033829689026,0.38135942816734314,-2.380183696746826
fp32,passengership-12-000010000ms,Passengership/12.wav,malaspina,test,Passengership,1,2,Tanker,0.3169257640838623,-0.07222291827201843,0.4257587492465973,-2.4444189071655273
fp32,passengership-16-000000000ms,Passengership/16.wav,malaspina,test,Passengership,1,2,Tanker,0.26877662539482117,-0.0768122673034668,0.3423636257648468,-2.3092095851898193
fp32,passengership-16-000005000ms,Passengership/16.wav,malaspina,test,Passengership,1,2,Tanker,0.3112318813800812,-0.10214608907699585,0.37451106309890747,-2.369405746459961
fp32,passengership-4-000000000ms,Passengership/4.wav,malaspina,test,Passengership,1,2,Tanker,0.20131763815879822,-0.28397998213768005,0.44999417662620544,-2.0901198387145996
fp32,passengership-4-000005000ms,Passengership/4.wav,malaspina,test,Passengership,1,2,Tanker,0.22425302863121033,-0.20863977074623108,0.426233172416687,-2.145092248916626
fp32,passengership-4-000010000ms,Passengership/4.wav,malaspina,test,Passengership,1,2,Tanker,0.2698001563549042,-0.2455466091632843,0.4989199638366699,-2.3030922412872314
fp32,passengership-4-000015000ms,Passengership/4.wav,malaspina,test,Passengership,1,2,Tanker,0.1797010898590088,-0.28683286905288696,0.46930384635925293,-2.1217737197875977
fp32,passengership-4-000020000ms,Passengership/4.wav,malaspina,test,Passengership,1,2,Tanker,0.1941305696964264,-0.2654034197330475,0.42457911372184753,-2.091374158859253
fp32,passengership-4-000025000ms,Passengership/4.wav,malaspina,test,Passengership,1,2,Tanker,0.2755316495895386,-0.18256568908691406,0.4586796760559082,-2.3510313034057617
fp32,passengership-4-000030000ms,Passengership/4.wav,malaspina,test,Passengership,1,2,Tanker,0.2475120723247528,-0.17377132177352905,0.44700872898101807,-2.3899857997894287
fp32,passengership-4-000035000ms,Passengership/4.wav,malaspina,test,Passengership,1,2,Tanker,0.1857333928346634,-0.2012682557106018,0.40618613362312317,-2.236513376235962
fp32,passengership-4-000040000ms,Passengership/4.wav,malaspina,test,Passengership,1,2,Tanker,0.153568834066391,-0.2131578028202057,0.4189567267894745,-2.2551703453063965
fp32,passengership-4-000045000ms,Passengership/4.wav,malaspina,test,Passengership,1,2,Tanker,0.2461218386888504,-0.06985518336296082,0.415141761302948,-2.4951043128967285
fp32,passengership-4-000050000ms,Passengership/4.wav,malaspina,test,Passengership,1,2,Tanker,0.3131520748138428,-0.01177118718624115,0.4221172034740448,-2.647263526916504
fp32,passengership-4-000055000ms,Passengership/4.wav,malaspina,test,Passengership,1,2,Tanker,0.2945873737335205,-0.058079928159713745,0.42908328771591187,-2.58021879196167
fp32,passengership-4-000060000ms,Passengership/4.wav,malaspina,test,Passengership,1,2,Tanker,0.2608307898044586,-0.08561596274375916,0.408823162317276,-2.4582481384277344
fp32,passengership-4-000065000ms,Passengership/4.wav,malaspina,test,Passengership,1,2,Tanker,0.2637140154838562,0.01212264597415924,0.3796234428882599,-2.5344083309173584
fp32,passengership-4-000070000ms,Passengership/4.wav,malaspina,test,Passengership,1,2,Tanker,0.27970194816589355,0.00903300940990448,0.3948189616203308,-2.6742701530456543
fp32,passengership-4-000075000ms,Passengership/4.wav,malaspina,test,Passengership,1,2,Tanker,0.27845099568367004,-0.03143904358148575,0.4118121266365051,-2.620698928833008
fp32,passengership-4-000080000ms,Passengership/4.wav,malaspina,test,Passengership,1,2,Tanker,0.21873238682746887,-0.10645727813243866,0.42658689618110657,-2.472588300704956
fp32,passengership-4-000085000ms,Passengership/4.wav,malaspina,test,Passengership,1,2,Tanker,0.19118355214595795,-0.25041624903678894,0.5025232434272766,-2.3934988975524902
fp32,passengership-4-000090000ms,Passengership/4.wav,malaspina,test,Passengership,1,2,Tanker,0.16533738374710083,-0.3344843089580536,0.5309392809867859,-2.297912120819092
fp32,passengership-4-000095000ms,Passengership/4.wav,malaspina,test,Passengership,1,2,Tanker,0.295243501663208,-0.24002107977867126,0.5938963294029236,-2.6800496578216553
fp32,passengership-4-000100000ms,Passengership/4.wav,malaspina,test,Passengership,1,2,Tanker,0.26182642579078674,-0.2147219181060791,0.5372270345687866,-2.5247206687927246
fp32,passengership-4-000105000ms,Passengership/4.wav,malaspina,test,Passengership,1,2,Tanker,0.30369412899017334,-0.08360981941223145,0.49468672275543213,-2.640594482421875
fp32,passengership-4-000110000ms,Passengership/4.wav,malaspina,test,Passengership,1,2,Tanker,0.24864211678504944,-0.11204487085342407,0.46557918190956116,-2.4850711822509766
fp32,passengership-4-000115000ms,Passengership/4.wav,malaspina,test,Passengership,1,2,Tanker,0.1566178947687149,-0.22640439867973328,0.4315890967845917,-2.1753079891204834
fp32,passengership-4-000120000ms,Passengership/4.wav,malaspina,test,Passengership,1,2,Tanker,0.13541801273822784,-0.29769307374954224,0.42228391766548157,-2.0069961547851562
fp32,passengership-4-000125000ms,Passengership/4.wav,malaspina,test,Passengership,1,2,Tanker,0.17871490120887756,-0.20440682768821716,0.373097687959671,-2.0960328578948975
fp32,passengership-4-000130000ms,Passengership/4.wav,malaspina,test,Passengership,1,2,Tanker,0.2954297959804535,-0.09751938283443451,0.39841753244400024,-2.370981216430664
fp32,passengership-4-000135000ms,Passengership/4.wav,malaspina,test,Passengership,1,2,Tanker,0.1269068419933319,-0.3237752914428711,0.3720298409461975,-1.8769245147705078
fp32,passengership-4-000140000ms,Passengership/4.wav,malaspina,test,Passengership,1,2,Tanker,0.10364903509616852,-0.3246992826461792,0.3721372187137604,-1.8078471422195435
fp32,passengership-4-000145000ms,Passengership/4.wav,malaspina,test,Passengership,1,2,Tanker,0.20566409826278687,-0.23668712377548218,0.42740634083747864,-2.166836977005005
fp32,passengership-4-000150000ms,Passengership/4.wav,malaspina,test,Passengership,1,2,Tanker,0.08527086675167084,-0.39779597520828247,0.4615493714809418,-2.013141632080078
fp32,passengership-4-000155000ms,Passengership/4.wav,malaspina,test,Passengership,1,2,Tanker,0.15013453364372253,-0.28664880990982056,0.4517837464809418,-2.170670747756958
fp32,passengership-4-000160000ms,Passengership/4.wav,malaspina,test,Passengership,1,2,Tanker,0.1470128297805786,-0.2728947699069977,0.4059498906135559,-2.122835397720337
fp32,passengership-4-000165000ms,Passengership/4.wav,malaspina,test,Passengership,1,2,Tanker,0.2324816882610321,-0.10477909445762634,0.37591448426246643,-2.317533016204834
fp32,passengership-4-000170000ms,Passengership/4.wav,malaspina,test,Passengership,1,2,Tanker,0.24536912143230438,-0.17253416776657104,0.4109431803226471,-2.3642382621765137
fp32,passengership-4-000175000ms,Passengership/4.wav,malaspina,test,Passengership,1,2,Tanker,0.27539610862731934,-0.1357332170009613,0.42359352111816406,-2.449866771697998
fp32,passengership-4-000180000ms,Passengership/4.wav,malaspina,test,Passengership,1,2,Tanker,0.2636651396751404,-0.20470097661018372,0.3758871257305145,-2.204237937927246
fp32,passengership-4-000185000ms,Passengership/4.wav,malaspina,test,Passengership,1,2,Tanker,0.30507928133010864,-0.17712411284446716,0.33082056045532227,-2.1875226497650146
fp32,passengership-4-000190000ms,Passengership/4.wav,malaspina,test,Passengership,1,2,Tanker,0.28121834993362427,-0.13145381212234497,0.3626357913017273,-2.328662633895874
fp32,passengership-4-000195000ms,Passengership/4.wav,malaspina,test,Passengership,1,2,Tanker,0.26224344968795776,-0.10952423512935638,0.2919462323188782,-2.170780658721924
fp32,tanker-19-000000000ms,Tanker/19.wav,caribbean spirit,test,Tanker,2,0,Cargo,0.612614631652832,0.256125807762146,0.2547993063926697,-2.6441538333892822
fp32,tanker-19-000005000ms,Tanker/19.wav,caribbean spirit,test,Tanker,2,0,Cargo,0.5786879062652588,0.2786778211593628,0.19000674784183502,-2.506734609603882
fp32,tanker-5-000000000ms,Tanker/5.wav,lynda victory,test,Tanker,2,2,Tanker,0.29210996627807617,-0.14816324412822723,0.48874330520629883,-2.3185439109802246
fp32,tanker-5-000005000ms,Tanker/5.wav,lynda victory,test,Tanker,2,2,Tanker,0.3711570203304291,0.0036799460649490356,0.4542416036128998,-2.5973973274230957
fp32,tanker-5-000010000ms,Tanker/5.wav,lynda victory,test,Tanker,2,2,Tanker,0.3403620719909668,-0.07732850313186646,0.4893110990524292,-2.5516951084136963
fp32,tanker-5-000015000ms,Tanker/5.wav,lynda victory,test,Tanker,2,2,Tanker,0.38368117809295654,0.03442736342549324,0.43554651737213135,-2.6216304302215576
fp32,tanker-5-000020000ms,Tanker/5.wav,lynda victory,test,Tanker,2,2,Tanker,0.3915006220340729,0.024109646677970886,0.4498252868652344,-2.6120870113372803
fp32,tanker-5-000025000ms,Tanker/5.wav,lynda victory,test,Tanker,2,2,Tanker,0.3708573877811432,-0.06793329119682312,0.4672306180000305,-2.451953172683716
fp32,tanker-5-000030000ms,Tanker/5.wav,lynda victory,test,Tanker,2,2,Tanker,0.33613482117652893,-0.14909866452217102,0.5014435052871704,-2.39614200592041
fp32,tanker-5-000035000ms,Tanker/5.wav,lynda victory,test,Tanker,2,2,Tanker,0.3780690133571625,-0.039420366287231445,0.46549972891807556,-2.4673540592193604
fp32,tanker-5-000040000ms,Tanker/5.wav,lynda victory,test,Tanker,2,2,Tanker,0.34986594319343567,-0.02554788440465927,0.4420427680015564,-2.4442861080169678
fp32,tanker-50-000000000ms,Tanker/50.wav,ocean reliance,test,Tanker,2,0,Cargo,0.6916213035583496,0.012116990983486176,0.4327189028263092,-2.679187059402466
fp32,tanker-50-000005000ms,Tanker/50.wav,ocean reliance,test,Tanker,2,0,Cargo,0.6093460321426392,-0.05812904238700867,0.37976565957069397,-2.352132558822632
fp32,tug-40-000000000ms,Tug/40.wav,seaspan commander,test,Tug,3,2,Tanker,-0.26420503854751587,-0.760033130645752,0.12094315141439438,-0.252572238445282
fp32,tug-40-000005000ms,Tug/40.wav,seaspan commander,test,Tug,3,2,Tanker,-0.18439403176307678,-0.767996072769165,0.2716851830482483,-0.6217166185379028
fp32,tug-40-000010000ms,Tug/40.wav,seaspan commander,test,Tug,3,2,Tanker,-0.08449730277061462,-0.4850166141986847,0.19126735627651215,-0.8524165153503418
fp32,tug-40-000015000ms,Tug/40.wav,seaspan commander,test,Tug,3,2,Tanker,-0.15225306153297424,-0.5756164789199829,0.14214849472045898,-0.6228194236755371
fp32,tug-40-000020000ms,Tug/40.wav,seaspan commander,test,Tug,3,2,Tanker,-0.16143104434013367,-0.6461365222930908,0.2355158030986786,-0.712105393409729
fp32,tug-40-000025000ms,Tug/40.wav,seaspan commander,test,Tug,3,2,Tanker,-0.08648945391178131,-0.562058687210083,0.20946970582008362,-0.7997008562088013
fp32,tug-40-000030000ms,Tug/40.wav,seaspan commander,test,Tug,3,2,Tanker,-0.20147648453712463,-0.7155489921569824,0.1901393085718155,-0.5211601257324219
fp32,tug-40-000035000ms,Tug/40.wav,seaspan commander,test,Tug,3,2,Tanker,-0.03134806454181671,-0.4900387227535248,0.1998857706785202,-0.910286009311676
fp32,tug-40-000040000ms,Tug/40.wav,seaspan commander,test,Tug,3,2,Tanker,0.0623089000582695,-0.35660040378570557,0.2242405116558075,-1.156638741493225
fp32,tug-40-000045000ms,Tug/40.wav,seaspan commander,test,Tug,3,2,Tanker,-0.015422359108924866,-0.4777550995349884,0.23790180683135986,-1.0131288766860962
fp32,tug-40-000050000ms,Tug/40.wav,seaspan commander,test,Tug,3,2,Tanker,0.012568861246109009,-0.48669877648353577,0.34539106488227844,-1.2372127771377563
fp32,tug-40-000055000ms,Tug/40.wav,seaspan commander,test,Tug,3,2,Tanker,-0.032417938113212585,-0.45983800292015076,0.23751932382583618,-1.0529098510742188
fp32,tug-40-000060000ms,Tug/40.wav,seaspan commander,test,Tug,3,2,Tanker,-0.08459195494651794,-0.6483110189437866,0.2812727987766266,-0.8326197266578674
fp32,tug-40-000065000ms,Tug/40.wav,seaspan commander,test,Tug,3,2,Tanker,-0.09034819900989532,-0.6606645584106445,0.34625881910324097,-1.0042368173599243
fp32,tug-40-000070000ms,Tug/40.wav,seaspan commander,test,Tug,3,2,Tanker,0.05592057853937149,-0.34600451588630676,0.23123881220817566,-1.2368155717849731
fp32,tug-40-000075000ms,Tug/40.wav,seaspan commander,test,Tug,3,2,Tanker,0.035414695739746094,-0.3828571140766144,0.2536657750606537,-1.2368934154510498
fp32,tug-40-000080000ms,Tug/40.wav,seaspan commander,test,Tug,3,2,Tanker,0.030930347740650177,-0.3580555319786072,0.24008464813232422,-1.2266178131103516
fp32,tug-40-000085000ms,Tug/40.wav,seaspan commander,test,Tug,3,2,Tanker,0.0350298136472702,-0.34688156843185425,0.09046638011932373,-1.0155823230743408
fp32,tug-40-000090000ms,Tug/40.wav,seaspan commander,test,Tug,3,2,Tanker,0.05624402314424515,-0.3335112929344177,0.2339557409286499,-1.2989951372146606
fp32,tug-40-000095000ms,Tug/40.wav,seaspan commander,test,Tug,3,0,Cargo,0.08979189395904541,-0.21488991379737854,0.07931774854660034,-1.1532714366912842
fp32,tug-40-000100000ms,Tug/40.wav,seaspan commander,test,Tug,3,2,Tanker,0.022978007793426514,-0.2831805348396301,0.09089860320091248,-1.086292028427124
fp32,tug-40-000105000ms,Tug/40.wav,seaspan commander,test,Tug,3,2,Tanker,0.13873015344142914,-0.15129084885120392,0.1929166167974472,-1.5156526565551758
fp32,tug-40-000110000ms,Tug/40.wav,seaspan commander,test,Tug,3,2,Tanker,0.08761245012283325,-0.24140691757202148,0.22261810302734375,-1.402489185333252
fp32,tug-40-000115000ms,Tug/40.wav,seaspan commander,test,Tug,3,2,Tanker,0.09135143458843231,-0.30869606137275696,0.27152132987976074,-1.4534223079681396
fp32,tug-40-000120000ms,Tug/40.wav,seaspan commander,test,Tug,3,2,Tanker,0.05711551010608673,-0.3635158836841583,0.24487170577049255,-1.2892873287200928
fp32,tug-40-000125000ms,Tug/40.wav,seaspan commander,test,Tug,3,2,Tanker,0.0750415250658989,-0.35947278141975403,0.31100067496299744,-1.4377343654632568
fp32,tug-40-000130000ms,Tug/40.wav,seaspan commander,test,Tug,3,2,Tanker,0.06371834129095078,-0.31874144077301025,0.3316984176635742,-1.5540108680725098
fp32,tug-40-000135000ms,Tug/40.wav,seaspan commander,test,Tug,3,2,Tanker,0.1003359854221344,-0.13852937519550323,0.19514352083206177,-1.564392328262329
fp32,tug-40-000140000ms,Tug/40.wav,seaspan commander,test,Tug,3,2,Tanker,0.03710328787565231,-0.33818337321281433,0.28679153323173523,-1.3972206115722656
fp32,tug-40-000145000ms,Tug/40.wav,seaspan commander,test,Tug,3,2,Tanker,0.1063297688961029,-0.23969998955726624,0.2601039707660675,-1.4943541288375854
fp32,tug-40-000150000ms,Tug/40.wav,seaspan commander,test,Tug,3,2,Tanker,-0.019392192363739014,-0.4131372272968292,0.28803807497024536,-1.289385199546814
fp32,tug-40-000155000ms,Tug/40.wav,seaspan commander,test,Tug,3,2,Tanker,0.043332964181900024,-0.33670175075531006,0.2805798053741455,-1.3554737567901611
fp32,tug-40-000160000ms,Tug/40.wav,seaspan commander,test,Tug,3,2,Tanker,0.10986921191215515,-0.23972642421722412,0.21402135491371155,-1.3991795778274536
fp32,tug-40-000165000ms,Tug/40.wav,seaspan commander,test,Tug,3,2,Tanker,0.1509493589401245,-0.1833566129207611,0.19590231776237488,-1.494401216506958
fp32,tug-40-000170000ms,Tug/40.wav,seaspan commander,test,Tug,3,2,Tanker,0.08986321091651917,-0.17066249251365662,0.19325602054595947,-1.6044727563858032
fp32,tug-40-000175000ms,Tug/40.wav,seaspan commander,test,Tug,3,2,Tanker,0.1382206529378891,-0.11300738155841827,0.26169854402542114,-1.8111554384231567
fp32,tug-40-000180000ms,Tug/40.wav,seaspan commander,test,Tug,3,2,Tanker,0.10415074974298477,-0.19362971186637878,0.28838473558425903,-1.7356005907058716
fp32,tug-40-000185000ms,Tug/40.wav,seaspan commander,test,Tug,3,2,Tanker,0.12647707760334015,-0.10358348488807678,0.21517780423164368,-1.739992618560791
fp32,tug-40-000190000ms,Tug/40.wav,seaspan commander,test,Tug,3,2,Tanker,0.11017513275146484,-0.19321343302726746,0.27801162004470825,-1.7621064186096191
fp32,tug-40-000195000ms,Tug/40.wav,seaspan commander,test,Tug,3,2,Tanker,0.1390698254108429,-0.22952169179916382,0.2929219901561737,-1.699813961982727
dynamic_int8,cargo-15-000000000ms,Cargo/15.wav,new nada,test,Cargo,0,2,Tanker,0.15278294682502747,-0.7919778823852539,0.7356851696968079,-1.8668460845947266
dynamic_int8,cargo-15-000005000ms,Cargo/15.wav,new nada,test,Cargo,0,2,Tanker,0.164826437830925,-0.7380602359771729,0.6861054301261902,-1.8692386150360107
dynamic_int8,cargo-15-000010000ms,Cargo/15.wav,new nada,test,Cargo,0,2,Tanker,0.18328431248664856,-0.7769250869750977,0.7224345803260803,-1.9441440105438232
dynamic_int8,cargo-15-000015000ms,Cargo/15.wav,new nada,test,Cargo,0,2,Tanker,0.21068046987056732,-0.7047257423400879,0.6407241225242615,-1.896082878112793
dynamic_int8,cargo-15-000020000ms,Cargo/15.wav,new nada,test,Cargo,0,2,Tanker,0.23670323193073273,-0.6741433143615723,0.6626743674278259,-1.9862167835235596
dynamic_int8,cargo-15-000025000ms,Cargo/15.wav,new nada,test,Cargo,0,2,Tanker,0.21505330502986908,-0.6527621746063232,0.624075710773468,-1.9059637784957886
dynamic_int8,cargo-15-000030000ms,Cargo/15.wav,new nada,test,Cargo,0,2,Tanker,0.26637935638427734,-0.6521927118301392,0.6561391353607178,-2.0165867805480957
dynamic_int8,cargo-15-000035000ms,Cargo/15.wav,new nada,test,Cargo,0,2,Tanker,0.28655898571014404,-0.6336778402328491,0.6622700095176697,-2.096301317214966
dynamic_int8,cargo-15-000040000ms,Cargo/15.wav,new nada,test,Cargo,0,2,Tanker,0.18565887212753296,-0.756324052810669,0.6818661093711853,-1.8851603269577026
dynamic_int8,cargo-15-000045000ms,Cargo/15.wav,new nada,test,Cargo,0,2,Tanker,0.20090091228485107,-0.776797890663147,0.7370850443840027,-1.980675458908081
dynamic_int8,cargo-15-000050000ms,Cargo/15.wav,new nada,test,Cargo,0,2,Tanker,0.2617122232913971,-0.6712852716445923,0.6852479577064514,-2.074547290802002
dynamic_int8,cargo-15-000055000ms,Cargo/15.wav,new nada,test,Cargo,0,2,Tanker,0.2786075174808502,-0.676176905632019,0.702167809009552,-2.0491511821746826
dynamic_int8,cargo-15-000060000ms,Cargo/15.wav,new nada,test,Cargo,0,2,Tanker,0.2133277952671051,-0.7549358606338501,0.7065384387969971,-1.9536961317062378
dynamic_int8,cargo-15-000065000ms,Cargo/15.wav,new nada,test,Cargo,0,2,Tanker,0.2633025646209717,-0.630531907081604,0.7297931909561157,-2.1801564693450928
dynamic_int8,cargo-15-000070000ms,Cargo/15.wav,new nada,test,Cargo,0,2,Tanker,0.21777108311653137,-0.716202974319458,0.7069554328918457,-2.01458740234375
dynamic_int8,cargo-15-000075000ms,Cargo/15.wav,new nada,test,Cargo,0,2,Tanker,0.23693963885307312,-0.6539918184280396,0.6713953018188477,-2.0173070430755615
dynamic_int8,cargo-15-000080000ms,Cargo/15.wav,new nada,test,Cargo,0,2,Tanker,0.2816600501537323,-0.6747814416885376,0.7217810750007629,-2.1072998046875
dynamic_int8,cargo-15-000085000ms,Cargo/15.wav,new nada,test,Cargo,0,2,Tanker,0.31143131852149963,-0.5717291831970215,0.6781607270240784,-2.165296792984009
dynamic_int8,cargo-15-000090000ms,Cargo/15.wav,new nada,test,Cargo,0,2,Tanker,0.284252405166626,-0.6050878763198853,0.6151893138885498,-2.006249189376831
dynamic_int8,cargo-15-000095000ms,Cargo/15.wav,new nada,test,Cargo,0,2,Tanker,0.2315712571144104,-0.6413224935531616,0.5653889775276184,-1.843894600868225
dynamic_int8,cargo-15-000100000ms,Cargo/15.wav,new nada,test,Cargo,0,2,Tanker,0.22366571426391602,-0.6805306673049927,0.6252705454826355,-1.8667569160461426
dynamic_int8,cargo-15-000105000ms,Cargo/15.wav,new nada,test,Cargo,0,2,Tanker,0.284950315952301,-0.6373978853225708,0.6743571758270264,-2.0867421627044678
dynamic_int8,cargo-15-000110000ms,Cargo/15.wav,new nada,test,Cargo,0,2,Tanker,0.24668151140213013,-0.6735926866531372,0.673302173614502,-2.000575065612793
dynamic_int8,cargo-15-000115000ms,Cargo/15.wav,new nada,test,Cargo,0,2,Tanker,0.33789166808128357,-0.5606353282928467,0.6814505457878113,-2.206122875213623
dynamic_int8,cargo-15-000120000ms,Cargo/15.wav,new nada,test,Cargo,0,2,Tanker,0.31347984075546265,-0.5631344318389893,0.6376384496688843,-2.0760343074798584
dynamic_int8,cargo-15-000125000ms,Cargo/15.wav,new nada,test,Cargo,0,2,Tanker,0.2945171594619751,-0.6361254453659058,0.6869053244590759,-2.078643798828125
dynamic_int8,cargo-15-000130000ms,Cargo/15.wav,new nada,test,Cargo,0,2,Tanker,0.3107392191886902,-0.5374473333358765,0.6636430025100708,-2.173762798309326
dynamic_int8,cargo-15-000135000ms,Cargo/15.wav,new nada,test,Cargo,0,2,Tanker,0.30053284764289856,-0.5476018190383911,0.6167169213294983,-2.0503649711608887
dynamic_int8,cargo-15-000140000ms,Cargo/15.wav,new nada,test,Cargo,0,2,Tanker,0.3150755763053894,-0.5787701606750488,0.6577816009521484,-2.1043941974639893
dynamic_int8,cargo-15-000145000ms,Cargo/15.wav,new nada,test,Cargo,0,2,Tanker,0.2521997094154358,-0.6270766258239746,0.6784600615501404,-2.0478732585906982
dynamic_int8,cargo-15-000150000ms,Cargo/15.wav,new nada,test,Cargo,0,2,Tanker,0.31265878677368164,-0.6054655313491821,0.6850304007530212,-2.1483078002929688
dynamic_int8,cargo-15-000155000ms,Cargo/15.wav,new nada,test,Cargo,0,2,Tanker,0.3418923020362854,-0.5358594655990601,0.6015459299087524,-2.069157123565674
dynamic_int8,cargo-15-000160000ms,Cargo/15.wav,new nada,test,Cargo,0,2,Tanker,0.39464184641838074,-0.4640714228153229,0.6418687105178833,-2.2746262550354004
dynamic_int8,cargo-15-000165000ms,Cargo/15.wav,new nada,test,Cargo,0,2,Tanker,0.330563485622406,-0.5275859832763672,0.679375946521759,-2.2872681617736816
dynamic_int8,cargo-15-000170000ms,Cargo/15.wav,new nada,test,Cargo,0,2,Tanker,0.33485424518585205,-0.44929996132850647,0.5899441838264465,-2.1274805068969727
dynamic_int8,cargo-15-000175000ms,Cargo/15.wav,new nada,test,Cargo,0,2,Tanker,0.3153189420700073,-0.5123212337493896,0.6854196190834045,-2.262223958969116
dynamic_int8,cargo-15-000180000ms,Cargo/15.wav,new nada,test,Cargo,0,2,Tanker,0.23948535323143005,-0.5090813636779785,0.5958703756332397,-2.049417495727539
dynamic_int8,passengership-12-000000000ms,Passengership/12.wav,malaspina,test,Passengership,1,2,Tanker,0.2917776107788086,-0.042142778635025024,0.39822515845298767,-2.4347195625305176
dynamic_int8,passengership-12-000005000ms,Passengership/12.wav,malaspina,test,Passengership,1,2,Tanker,0.3113658130168915,-0.01569044589996338,0.37934041023254395,-2.378399610519409
dynamic_int8,passengership-12-000010000ms,Passengership/12.wav,malaspina,test,Passengership,1,2,Tanker,0.3165247440338135,-0.06970962882041931,0.42298904061317444,-2.441030502319336
dynamic_int8,passengership-16-000000000ms,Passengership/16.wav,malaspina,test,Passengership,1,2,Tanker,0.26754218339920044,-0.07469815015792847,0.34008291363716125,-2.304093837738037
dynamic_int8,passengership-16-000005000ms,Passengership/16.wav,malaspina,test,Passengership,1,2,Tanker,0.31119245290756226,-0.10055285692214966,0.3713730275630951,-2.365912914276123
dynamic_int8,passengership-4-000000000ms,Passengership/4.wav,malaspina,test,Passengership,1,2,Tanker,0.20067906379699707,-0.28206926584243774,0.4478568732738495,-2.0884766578674316
dynamic_int8,passengership-4-000005000ms,Passengership/4.wav,malaspina,test,Passengership,1,2,Tanker,0.22374388575553894,-0.20555508136749268,0.4229274094104767,-2.14434814453125
dynamic_int8,passengership-4-000010000ms,Passengership/4.wav,malaspina,test,Passengership,1,2,Tanker,0.26868730783462524,-0.24258393049240112,0.49640321731567383,-2.30204701423645
dynamic_int8,passengership-4-000015000ms,Passengership/4.wav,malaspina,test,Passengership,1,2,Tanker,0.1781935840845108,-0.2852254807949066,0.4652034640312195,-2.116945266723633
dynamic_int8,passengership-4-000020000ms,Passengership/4.wav,malaspina,test,Passengership,1,2,Tanker,0.19354712963104248,-0.26334065198898315,0.4216417968273163,-2.088129997253418
dynamic_int8,passengership-4-000025000ms,Passengership/4.wav,malaspina,test,Passengership,1,2,Tanker,0.2743133008480072,-0.17953777313232422,0.4559580087661743,-2.3473517894744873
dynamic_int8,passengership-4-000030000ms,Passengership/4.wav,malaspina,test,Passengership,1,2,Tanker,0.24740275740623474,-0.17035692930221558,0.4445260465145111,-2.3882737159729004
dynamic_int8,passengership-4-000035000ms,Passengership/4.wav,malaspina,test,Passengership,1,2,Tanker,0.18470436334609985,-0.19793954491615295,0.40213650465011597,-2.2330384254455566
dynamic_int8,passengership-4-000040000ms,Passengership/4.wav,malaspina,test,Passengership,1,2,Tanker,0.15258468687534332,-0.2115592360496521,0.41672489047050476,-2.2517001628875732
dynamic_int8,passengership-4-000045000ms,Passengership/4.wav,malaspina,test,Passengership,1,2,Tanker,0.244456946849823,-0.06787437200546265,0.41159486770629883,-2.4931416511535645
dynamic_int8,passengership-4-000050000ms,Passengership/4.wav,malaspina,test,Passengership,1,2,Tanker,0.31174713373184204,-0.010716259479522705,0.4182778000831604,-2.644104242324829
dynamic_int8,passengership-4-000055000ms,Passengership/4.wav,malaspina,test,Passengership,1,2,Tanker,0.29363763332366943,-0.05522206425666809,0.4257761538028717,-2.5757555961608887
dynamic_int8,passengership-4-000060000ms,Passengership/4.wav,malaspina,test,Passengership,1,2,Tanker,0.2613838016986847,-0.08344154059886932,0.4072433412075043,-2.4562957286834717
dynamic_int8,passengership-4-000065000ms,Passengership/4.wav,malaspina,test,Passengership,1,2,Tanker,0.26434245705604553,0.015188083052635193,0.3763159215450287,-2.5317323207855225
dynamic_int8,passengership-4-000070000ms,Passengership/4.wav,malaspina,test,Passengership,1,2,Tanker,0.27749109268188477,0.011914417147636414,0.39289411902427673,-2.6715073585510254
dynamic_int8,passengership-4-000075000ms,Passengership/4.wav,malaspina,test,Passengership,1,2,Tanker,0.27843061089515686,-0.027036108076572418,0.4090423882007599,-2.6172149181365967
dynamic_int8,passengership-4-000080000ms,Passengership/4.wav,malaspina,test,Passengership,1,2,Tanker,0.21825413405895233,-0.10399375855922699,0.42268654704093933,-2.4691579341888428
dynamic_int8,passengership-4-000085000ms,Passengership/4.wav,malaspina,test,Passengership,1,2,Tanker,0.19122710824012756,-0.24751880764961243,0.5001569986343384,-2.3896608352661133
dynamic_int8,passengership-4-000090000ms,Passengership/4.wav,malaspina,test,Passengership,1,2,Tanker,0.16369298100471497,-0.3316037654876709,0.5273053050041199,-2.293513536453247
dynamic_int8,passengership-4-000095000ms,Passengership/4.wav,malaspina,test,Passengership,1,2,Tanker,0.2944469451904297,-0.23521378636360168,0.5900426506996155,-2.678298234939575
dynamic_int8,passengership-4-000100000ms,Passengership/4.wav,malaspina,test,Passengership,1,2,Tanker,0.26023051142692566,-0.21227696537971497,0.5354841947555542,-2.522413730621338
dynamic_int8,passengership-4-000105000ms,Passengership/4.wav,malaspina,test,Passengership,1,2,Tanker,0.30229413509368896,-0.08122958242893219,0.4927626848220825,-2.636908769607544
dynamic_int8,passengership-4-000110000ms,Passengership/4.wav,malaspina,test,Passengership,1,2,Tanker,0.24784161150455475,-0.1092335432767868,0.4635397493839264,-2.4810879230499268
dynamic_int8,passengership-4-000115000ms,Passengership/4.wav,malaspina,test,Passengership,1,2,Tanker,0.1549501121044159,-0.22450587153434753,0.4293685555458069,-2.1728389263153076
dynamic_int8,passengership-4-000120000ms,Passengership/4.wav,malaspina,test,Passengership,1,2,Tanker,0.13402150571346283,-0.2948913276195526,0.4187435507774353,-2.0053043365478516
dynamic_int8,passengership-4-000125000ms,Passengership/4.wav,malaspina,test,Passengership,1,2,Tanker,0.17795860767364502,-0.20134782791137695,0.37053030729293823,-2.096978187561035
dynamic_int8,passengership-4-000130000ms,Passengership/4.wav,malaspina,test,Passengership,1,2,Tanker,0.2938236892223358,-0.09524242579936981,0.39500364661216736,-2.3687398433685303
dynamic_int8,passengership-4-000135000ms,Passengership/4.wav,malaspina,test,Passengership,1,2,Tanker,0.12516367435455322,-0.32166802883148193,0.3687242865562439,-1.8756153583526611
dynamic_int8,passengership-4-000140000ms,Passengership/4.wav,malaspina,test,Passengership,1,2,Tanker,0.10170836746692657,-0.3231056034564972,0.36956775188446045,-1.8054344654083252
dynamic_int8,passengership-4-000145000ms,Passengership/4.wav,malaspina,test,Passengership,1,2,Tanker,0.2042980194091797,-0.2350575029850006,0.4237860441207886,-2.1629419326782227
dynamic_int8,passengership-4-000150000ms,Passengership/4.wav,malaspina,test,Passengership,1,2,Tanker,0.08329251408576965,-0.3956255316734314,0.4591536521911621,-2.008404493331909
dynamic_int8,passengership-4-000155000ms,Passengership/4.wav,malaspina,test,Passengership,1,2,Tanker,0.14953845739364624,-0.28478339314460754,0.4498462975025177,-2.1684184074401855
dynamic_int8,passengership-4-000160000ms,Passengership/4.wav,malaspina,test,Passengership,1,2,Tanker,0.14604657888412476,-0.27086395025253296,0.40293416380882263,-2.1193578243255615
dynamic_int8,passengership-4-000165000ms,Passengership/4.wav,malaspina,test,Passengership,1,2,Tanker,0.23357200622558594,-0.10200212895870209,0.37371495366096497,-2.314889430999756
dynamic_int8,passengership-4-000170000ms,Passengership/4.wav,malaspina,test,Passengership,1,2,Tanker,0.24360546469688416,-0.1713753044605255,0.4088819921016693,-2.360401153564453
dynamic_int8,passengership-4-000175000ms,Passengership/4.wav,malaspina,test,Passengership,1,2,Tanker,0.27333179116249084,-0.13393329083919525,0.4201630651950836,-2.445223569869995
dynamic_int8,passengership-4-000180000ms,Passengership/4.wav,malaspina,test,Passengership,1,2,Tanker,0.26302772760391235,-0.20199647545814514,0.37393125891685486,-2.200244903564453
dynamic_int8,passengership-4-000185000ms,Passengership/4.wav,malaspina,test,Passengership,1,2,Tanker,0.30282139778137207,-0.1746979057788849,0.3279430866241455,-2.1855833530426025
dynamic_int8,passengership-4-000190000ms,Passengership/4.wav,malaspina,test,Passengership,1,2,Tanker,0.2798795700073242,-0.1304706186056137,0.3595485985279083,-2.325319528579712
dynamic_int8,passengership-4-000195000ms,Passengership/4.wav,malaspina,test,Passengership,1,2,Tanker,0.26027998328208923,-0.1080186665058136,0.28942522406578064,-2.168532371520996
dynamic_int8,tanker-19-000000000ms,Tanker/19.wav,caribbean spirit,test,Tanker,2,0,Cargo,0.6133824586868286,0.25644785165786743,0.2512575387954712,-2.6404497623443604
dynamic_int8,tanker-19-000005000ms,Tanker/19.wav,caribbean spirit,test,Tanker,2,0,Cargo,0.5781713724136353,0.2802317440509796,0.1875656545162201,-2.5043818950653076
dynamic_int8,tanker-5-000000000ms,Tanker/5.wav,lynda victory,test,Tanker,2,2,Tanker,0.29186779260635376,-0.1474580019712448,0.4863634705543518,-2.315463066101074
dynamic_int8,tanker-5-000005000ms,Tanker/5.wav,lynda victory,test,Tanker,2,2,Tanker,0.37020617723464966,0.00727534294128418,0.4509802460670471,-2.5948305130004883
dynamic_int8,tanker-5-000010000ms,Tanker/5.wav,lynda victory,test,Tanker,2,2,Tanker,0.33995646238327026,-0.07582268118858337,0.48682135343551636,-2.549588441848755
dynamic_int8,tanker-5-000015000ms,Tanker/5.wav,lynda victory,test,Tanker,2,2,Tanker,0.3827644884586334,0.03617345541715622,0.4325818121433258,-2.6154844760894775
dynamic_int8,tanker-5-000020000ms,Tanker/5.wav,lynda victory,test,Tanker,2,2,Tanker,0.3911249339580536,0.026220649480819702,0.44707560539245605,-2.609863519668579
dynamic_int8,tanker-5-000025000ms,Tanker/5.wav,lynda victory,test,Tanker,2,2,Tanker,0.370267391204834,-0.06496191024780273,0.46328434348106384,-2.448622465133667
dynamic_int8,tanker-5-000030000ms,Tanker/5.wav,lynda victory,test,Tanker,2,2,Tanker,0.33491432666778564,-0.1471734642982483,0.49886447191238403,-2.393322467803955
dynamic_int8,tanker-5-000035000ms,Tanker/5.wav,lynda victory,test,Tanker,2,2,Tanker,0.37857964634895325,-0.036703094840049744,0.4639378488063812,-2.46612286567688
dynamic_int8,tanker-5-000040000ms,Tanker/5.wav,lynda victory,test,Tanker,2,2,Tanker,0.34829336404800415,-0.023614227771759033,0.4395839273929596,-2.4419915676116943
dynamic_int8,tanker-50-000000000ms,Tanker/50.wav,ocean reliance,test,Tanker,2,0,Cargo,0.6919671297073364,0.015148349106311798,0.4297199547290802,-2.6739184856414795
dynamic_int8,tanker-50-000005000ms,Tanker/50.wav,ocean reliance,test,Tanker,2,0,Cargo,0.6086863279342651,-0.05745723843574524,0.37728092074394226,-2.349841833114624
dynamic_int8,tug-40-000000000ms,Tug/40.wav,seaspan commander,test,Tug,3,2,Tanker,-0.2654520273208618,-0.7587385177612305,0.1200418695807457,-0.25101709365844727
dynamic_int8,tug-40-000005000ms,Tug/40.wav,seaspan commander,test,Tug,3,2,Tanker,-0.186676025390625,-0.7677128314971924,0.2687782347202301,-0.6206130385398865
dynamic_int8,tug-40-000010000ms,Tug/40.wav,seaspan commander,test,Tug,3,2,Tanker,-0.08629336953163147,-0.4827374517917633,0.1900634467601776,-0.851845920085907
dynamic_int8,tug-40-000015000ms,Tug/40.wav,seaspan commander,test,Tug,3,2,Tanker,-0.1540522575378418,-0.5748438835144043,0.14069248735904694,-0.6196392178535461
dynamic_int8,tug-40-000020000ms,Tug/40.wav,seaspan commander,test,Tug,3,2,Tanker,-0.16286247968673706,-0.6451512575149536,0.2336147129535675,-0.7091675996780396
dynamic_int8,tug-40-000025000ms,Tug/40.wav,seaspan commander,test,Tug,3,2,Tanker,-0.087898388504982,-0.5605924129486084,0.20764341950416565,-0.7968524694442749
dynamic_int8,tug-40-000030000ms,Tug/40.wav,seaspan commander,test,Tug,3,2,Tanker,-0.20410487055778503,-0.7135130167007446,0.18842856585979462,-0.51929771900177
dynamic_int8,tug-40-000035000ms,Tug/40.wav,seaspan commander,test,Tug,3,2,Tanker,-0.0331893265247345,-0.48846521973609924,0.19805487990379333,-0.9066133499145508
dynamic_int8,tug-40-000040000ms,Tug/40.wav,seaspan commander,test,Tug,3,2,Tanker,0.06066042184829712,-0.35545268654823303,0.2218148559331894,-1.154030203819275
dynamic_int8,tug-40-000045000ms,Tug/40.wav,seaspan commander,test,Tug,3,2,Tanker,-0.015636906027793884,-0.47613272070884705,0.23620715737342834,-1.010279655456543
dynamic_int8,tug-40-000050000ms,Tug/40.wav,seaspan commander,test,Tug,3,2,Tanker,0.010877862572669983,-0.48450109362602234,0.3425855040550232,-1.2361111640930176
dynamic_int8,tug-40-000055000ms,Tug/40.wav,seaspan commander,test,Tug,3,2,Tanker,-0.03333151340484619,-0.458636075258255,0.2368655502796173,-1.0512940883636475
dynamic_int8,tug-40-000060000ms,Tug/40.wav,seaspan commander,test,Tug,3,2,Tanker,-0.08544415235519409,-0.6464009284973145,0.2790027856826782,-0.8310590386390686
dynamic_int8,tug-40-000065000ms,Tug/40.wav,seaspan commander,test,Tug,3,2,Tanker,-0.0933384895324707,-0.6603116989135742,0.3438916802406311,-1.001712679862976
dynamic_int8,tug-40-000070000ms,Tug/40.wav,seaspan commander,test,Tug,3,2,Tanker,0.055042341351509094,-0.34378790855407715,0.22876378893852234,-1.2352396249771118
dynamic_int8,tug-40-000075000ms,Tug/40.wav,seaspan commander,test,Tug,3,2,Tanker,0.033880479633808136,-0.382315456867218,0.2518243193626404,-1.2331551313400269
dynamic_int8,tug-40-000080000ms,Tug/40.wav,seaspan commander,test,Tug,3,2,Tanker,0.029764048755168915,-0.3565925061702728,0.23721319437026978,-1.2262487411499023
dynamic_int8,tug-40-000085000ms,Tug/40.wav,seaspan commander,test,Tug,3,2,Tanker,0.033533141016960144,-0.34562569856643677,0.08994140475988388,-1.0124748945236206
dynamic_int8,tug-40-000090000ms,Tug/40.wav,seaspan commander,test,Tug,3,2,Tanker,0.056369349360466,-0.33063867688179016,0.23215597867965698,-1.2973071336746216
dynamic_int8,tug-40-000095000ms,Tug/40.wav,seaspan commander,test,Tug,3,0,Cargo,0.08903846144676208,-0.21348175406455994,0.07819177955389023,-1.150922179222107
dynamic_int8,tug-40-000100000ms,Tug/40.wav,seaspan commander,test,Tug,3,2,Tanker,0.021714411675930023,-0.28121697902679443,0.0890384316444397,-1.0837725400924683
dynamic_int8,tug-40-000105000ms,Tug/40.wav,seaspan commander,test,Tug,3,2,Tanker,0.1374022662639618,-0.1508474498987198,0.1907639354467392,-1.5122448205947876
dynamic_int8,tug-40-000110000ms,Tug/40.wav,seaspan commander,test,Tug,3,2,Tanker,0.08564186096191406,-0.2403010129928589,0.22030945122241974,-1.4002387523651123
dynamic_int8,tug-40-000115000ms,Tug/40.wav,seaspan commander,test,Tug,3,2,Tanker,0.08989527076482773,-0.3065440356731415,0.26792967319488525,-1.4518344402313232
dynamic_int8,tug-40-000120000ms,Tug/40.wav,seaspan commander,test,Tug,3,2,Tanker,0.056394338607788086,-0.36139583587646484,0.24348163604736328,-1.2874341011047363
dynamic_int8,tug-40-000125000ms,Tug/40.wav,seaspan commander,test,Tug,3,2,Tanker,0.07468855381011963,-0.35811761021614075,0.30946922302246094,-1.435312271118164
dynamic_int8,tug-40-000130000ms,Tug/40.wav,seaspan commander,test,Tug,3,2,Tanker,0.06112822890281677,-0.3188380300998688,0.32867541909217834,-1.5518656969070435
dynamic_int8,tug-40-000135000ms,Tug/40.wav,seaspan commander,test,Tug,3,2,Tanker,0.0986018180847168,-0.137116476893425,0.1933472752571106,-1.5614217519760132
dynamic_int8,tug-40-000140000ms,Tug/40.wav,seaspan commander,test,Tug,3,2,Tanker,0.03550734370946884,-0.33640211820602417,0.28458231687545776,-1.394283652305603
dynamic_int8,tug-40-000145000ms,Tug/40.wav,seaspan commander,test,Tug,3,2,Tanker,0.10560164600610733,-0.2371288239955902,0.2583703398704529,-1.4928117990493774
dynamic_int8,tug-40-000150000ms,Tug/40.wav,seaspan commander,test,Tug,3,2,Tanker,-0.02049960196018219,-0.412553995847702,0.28523802757263184,-1.2870303392410278
dynamic_int8,tug-40-000155000ms,Tug/40.wav,seaspan commander,test,Tug,3,2,Tanker,0.04197114706039429,-0.33585017919540405,0.27898743748664856,-1.3540629148483276
dynamic_int8,tug-40-000160000ms,Tug/40.wav,seaspan commander,test,Tug,3,2,Tanker,0.10938140004873276,-0.23860764503479004,0.21174578368663788,-1.3945738077163696
dynamic_int8,tug-40-000165000ms,Tug/40.wav,seaspan commander,test,Tug,3,2,Tanker,0.14959684014320374,-0.18194645643234253,0.19451971352100372,-1.4915755987167358
dynamic_int8,tug-40-000170000ms,Tug/40.wav,seaspan commander,test,Tug,3,2,Tanker,0.08989449590444565,-0.1675553023815155,0.19043365120887756,-1.602685570716858
dynamic_int8,tug-40-000175000ms,Tug/40.wav,seaspan commander,test,Tug,3,2,Tanker,0.13707426190376282,-0.11121071875095367,0.25906357169151306,-1.8081318140029907
dynamic_int8,tug-40-000180000ms,Tug/40.wav,seaspan commander,test,Tug,3,2,Tanker,0.104249507188797,-0.1916964054107666,0.286594957113266,-1.7320334911346436
dynamic_int8,tug-40-000185000ms,Tug/40.wav,seaspan commander,test,Tug,3,2,Tanker,0.124977245926857,-0.10091730952262878,0.2131880670785904,-1.7375967502593994
dynamic_int8,tug-40-000190000ms,Tug/40.wav,seaspan commander,test,Tug,3,2,Tanker,0.10845262557268143,-0.19096630811691284,0.27607688307762146,-1.7607650756835938
dynamic_int8,tug-40-000195000ms,Tug/40.wav,seaspan commander,test,Tug,3,2,Tanker,0.138014018535614,-0.22846189141273499,0.290140837430954,-1.696614384651184
static_int8,cargo-15-000000000ms,Cargo/15.wav,new nada,test,Cargo,0,2,Tanker,0.17067886888980865,-0.8046289682388306,0.7314808368682861,-1.8530848026275635
static_int8,cargo-15-000005000ms,Cargo/15.wav,new nada,test,Cargo,0,2,Tanker,0.17067886888980865,-0.7314808368682861,0.6827154755592346,-1.8774675130844116
static_int8,cargo-15-000010000ms,Cargo/15.wav,new nada,test,Cargo,0,2,Tanker,0.1950615644454956,-0.7802462577819824,0.7314808368682861,-1.950615644454956
static_int8,cargo-15-000015000ms,Cargo/15.wav,new nada,test,Cargo,0,2,Tanker,0.21944426000118256,-0.7070981860160828,0.6339501142501831,-1.8774675130844116
static_int8,cargo-15-000020000ms,Cargo/15.wav,new nada,test,Cargo,0,2,Tanker,0.2438269555568695,-0.6827154755592346,0.6583327651023865,-1.9749983549118042
static_int8,cargo-15-000025000ms,Cargo/15.wav,new nada,test,Cargo,0,2,Tanker,0.21944426000118256,-0.6583327651023865,0.6339501142501831,-1.9018502235412598
static_int8,cargo-15-000030000ms,Cargo/15.wav,new nada,test,Cargo,0,2,Tanker,0.26820963621139526,-0.6583327651023865,0.6583327651023865,-1.9993810653686523
static_int8,cargo-15-000035000ms,Cargo/15.wav,new nada,test,Cargo,0,2,Tanker,0.2925923466682434,-0.6339501142501831,0.6583327651023865,-2.096911907196045
static_int8,cargo-15-000040000ms,Cargo/15.wav,new nada,test,Cargo,0,2,Tanker,0.1950615644454956,-0.7558635473251343,0.6827154755592346,-1.8774675130844116
static_int8,cargo-15-000045000ms,Cargo/15.wav,new nada,test,Cargo,0,2,Tanker,0.21944426000118256,-0.7802462577819824,0.7314808368682861,-1.9749983549118042
static_int8,cargo-15-000050000ms,Cargo/15.wav,new nada,test,Cargo,0,2,Tanker,0.26820963621139526,-0.6827154755592346,0.6827154755592346,-2.0725290775299072
static_int8,cargo-15-000055000ms,Cargo/15.wav,new nada,test,Cargo,0,2,Tanker,0.2925923466682434,-0.6827154755592346,0.7070981860160828,-2.0481464862823486
static_int8,cargo-15-000060000ms,Cargo/15.wav,new nada,test,Cargo,0,2,Tanker,0.21944426000118256,-0.7558635473251343,0.7070981860160828,-1.950615644454956
static_int8,cargo-15-000065000ms,Cargo/15.wav,new nada,test,Cargo,0,2,Tanker,0.26820963621139526,-0.6339501142501831,0.7314808368682861,-2.1700599193573
static_int8,cargo-15-000070000ms,Cargo/15.wav,new nada,test,Cargo,0,2,Tanker,0.21944426000118256,-0.7314808368682861,0.7070981860160828,-1.9993810653686523
static_int8,cargo-15-000075000ms,Cargo/15.wav,new nada,test,Cargo,0,2,Tanker,0.2438269555568695,-0.6583327651023865,0.6827154755592346,-2.023763656616211
static_int8,cargo-15-000080000ms,Cargo/15.wav,new nada,test,Cargo,0,2,Tanker,0.2925923466682434,-0.6827154755592346,0.7070981860160828,-2.096911907196045
static_int8,cargo-15-000085000ms,Cargo/15.wav,new nada,test,Cargo,0,2,Tanker,0.31697505712509155,-0.5851846933364868,0.6827154755592346,-2.1700599193573
static_int8,cargo-15-000090000ms,Cargo/15.wav,new nada,test,Cargo,0,2,Tanker,0.2925923466682434,-0.609567403793335,0.609567403793335,-1.9993810653686523
static_int8,cargo-15-000095000ms,Cargo/15.wav,new nada,test,Cargo,0,2,Tanker,0.2438269555568695,-0.6339501142501831,0.5608019828796387,-1.8287022113800049
static_int8,cargo-15-000100000ms,Cargo/15.wav,new nada,test,Cargo,0,2,Tanker,0.21944426000118256,-0.6827154755592346,0.6339501142501831,-1.8530848026275635
static_int8,cargo-15-000105000ms,Cargo/15.wav,new nada,test,Cargo,0,2,Tanker,0.2925923466682434,-0.6339501142501831,0.6827154755592346,-2.0725290775299072
static_int8,cargo-15-000110000ms,Cargo/15.wav,new nada,test,Cargo,0,2,Tanker,0.2438269555568695,-0.6827154755592346,0.6827154755592346,-1.9993810653686523
static_int8,cargo-15-000115000ms,Cargo/15.wav,new nada,test,Cargo,0,2,Tanker,0.3413577377796173,-0.5608019828796387,0.6827154755592346,-2.1944425106048584
static_int8,cargo-15-000120000ms,Cargo/15.wav,new nada,test,Cargo,0,2,Tanker,0.31697505712509155,-0.5608019828796387,0.6339501142501831,-2.0725290775299072
static_int8,cargo-15-000125000ms,Cargo/15.wav,new nada,test,Cargo,0,2,Tanker,0.2925923466682434,-0.6339501142501831,0.6827154755592346,-2.0725290775299072
static_int8,cargo-15-000130000ms,Cargo/15.wav,new nada,test,Cargo,0,2,Tanker,0.31697505712509155,-0.5364192724227905,0.6583327651023865,-2.1700599193573
static_int8,cargo-15-000135000ms,Cargo/15.wav,new nada,test,Cargo,0,2,Tanker,0.2925923466682434,-0.5364192724227905,0.609567403793335,-2.0481464862823486
static_int8,cargo-15-000140000ms,Cargo/15.wav,new nada,test,Cargo,0,2,Tanker,0.31697505712509155,-0.5851846933364868,0.6583327651023865,-2.096911907196045
static_int8,cargo-15-000145000ms,Cargo/15.wav,new nada,test,Cargo,0,2,Tanker,0.26820963621139526,-0.6339501142501831,0.6827154755592346,-2.0481464862823486
static_int8,cargo-15-000150000ms,Cargo/15.wav,new nada,test,Cargo,0,2,Tanker,0.31697505712509155,-0.609567403793335,0.6827154755592346,-2.145677089691162
static_int8,cargo-15-000155000ms,Cargo/15.wav,new nada,test,Cargo,0,2,Tanker,0.3413577377796173,-0.5364192724227905,0.609567403793335,-2.0725290775299072
static_int8,cargo-15-000160000ms,Cargo/15.wav,new nada,test,Cargo,0,2,Tanker,0.3901231288909912,-0.46327120065689087,0.6339501142501831,-2.2675907611846924
static_int8,cargo-15-000165000ms,Cargo/15.wav,new nada,test,Cargo,0,2,Tanker,0.3413577377796173,-0.5364192724227905,0.6827154755592346,-2.291973352432251
static_int8,cargo-15-000170000ms,Cargo/15.wav,new nada,test,Cargo,0,2,Tanker,0.3413577377796173,-0.46327120065689087,0.5851846933364868,-2.1212944984436035
static_int8,cargo-15-000175000ms,Cargo/15.wav,new nada,test,Cargo,0,2,Tanker,0.31697505712509155,-0.5120366215705872,0.6827154755592346,-2.2675907611846924
static_int8,cargo-15-000180000ms,Cargo/15.wav,new nada,test,Cargo,0,2,Tanker,0.2438269555568695,-0.5120366215705872,0.5851846933364868,-2.0481464862823486
static_int8,passengership-12-000000000ms,Passengership/12.wav,malaspina,test,Passengership,1,2,Tanker,0.2925923466682434,-0.0487653911113739,0.3901231288909912,-2.43826961517334
static_int8,passengership-12-000005000ms,Passengership/12.wav,malaspina,test,Passengership,1,2,Tanker,0.31697505712509155,-0.02438269555568695,0.3901231288909912,-2.365121364593506
static_int8,passengership-12-000010000ms,Passengership/12.wav,malaspina,test,Passengership,1,2,Tanker,0.31697505712509155,-0.07314808666706085,0.41450583934783936,-2.43826961517334
static_int8,passengership-16-000000000ms,Passengership/16.wav,malaspina,test,Passengership,1,2,Tanker,0.26820963621139526,-0.07314808666706085,0.3413577377796173,-2.291973352432251
static_int8,passengership-16-000005000ms,Passengership/16.wav,malaspina,test,Passengership,1,2,Tanker,0.31697505712509155,-0.0975307822227478,0.36574041843414307,-2.365121364593506
static_int8,passengership-4-000000000ms,Passengership/4.wav,malaspina,test,Passengership,1,2,Tanker,0.1950615644454956,-0.2925923466682434,0.4388885200023651,-2.0725290775299072
static_int8,passengership-4-000005000ms,Passengership/4.wav,malaspina,test,Passengership,1,2,Tanker,0.2438269555568695,-0.1950615644454956,0.41450583934783936,-2.145677089691162
static_int8,passengership-4-000010000ms,Passengership/4.wav,malaspina,test,Passengership,1,2,Tanker,0.26820963621139526,-0.2438269555568695,0.487653911113739,-2.291973352432251
static_int8,passengership-4-000015000ms,Passengership/4.wav,malaspina,test,Passengership,1,2,Tanker,0.1950615644454956,-0.2925923466682434,0.46327120065689087,-2.1212944984436035
static_int8,passengership-4-000020000ms,Passengership/4.wav,malaspina,test,Passengership,1,2,Tanker,0.1950615644454956,-0.26820963621139526,0.41450583934783936,-2.096911907196045
static_int8,passengership-4-000025000ms,Passengership/4.wav,malaspina,test,Passengership,1,2,Tanker,0.2925923466682434,-0.17067886888980865,0.46327120065689087,-2.3407387733459473
static_int8,passengership-4-000030000ms,Passengership/4.wav,malaspina,test,Passengership,1,2,Tanker,0.2438269555568695,-0.17067886888980865,0.4388885200023651,-2.3895041942596436
static_int8,passengership-4-000035000ms,Passengership/4.wav,malaspina,test,Passengership,1,2,Tanker,0.1950615644454956,-0.1950615644454956,0.41450583934783936,-2.218825340270996
static_int8,passengership-4-000040000ms,Passengership/4.wav,malaspina,test,Passengership,1,2,Tanker,0.1462961733341217,-0.21944426000118256,0.41450583934783936,-2.2432079315185547
static_int8,passengership-4-000045000ms,Passengership/4.wav,malaspina,test,Passengership,1,2,Tanker,0.2438269555568695,-0.07314808666706085,0.41450583934783936,-2.487035036087036
static_int8,passengership-4-000050000ms,Passengership/4.wav,malaspina,test,Passengership,1,2,Tanker,0.31697505712509155,-0.02438269555568695,0.41450583934783936,-2.633331060409546
static_int8,passengership-4-000055000ms,Passengership/4.wav,malaspina,test,Passengership,1,2,Tanker,0.2925923466682434,-0.0487653911113739,0.4388885200023651,-2.5845656394958496
static_int8,passengership-4-000060000ms,Passengership/4.wav,malaspina,test,Passengership,1,2,Tanker,0.26820963621139526,-0.07314808666706085,0.41450583934783936,-2.43826961517334
static_int8,passengership-4-000065000ms,Passengership/4.wav,malaspina,test,Passengership,1,2,Tanker,0.26820963621139526,0.0,0.36574041843414307,-2.5114176273345947
static_int8,passengership-4-000070000ms,Passengership/4.wav,malaspina,test,Passengership,1,2,Tanker,0.2925923466682434,0.0,0.3901231288909912,-2.6577138900756836
static_int8,passengership-4-000075000ms,Passengership/4.wav,malaspina,test,Passengership,1,2,Tanker,0.2925923466682434,-0.02438269555568695,0.41450583934783936,-2.6089484691619873
static_int8,passengership-4-000080000ms,Passengership/4.wav,malaspina,test,Passengership,1,2,Tanker,0.21944426000118256,-0.0975307822227478,0.41450583934783936,-2.4626522064208984
static_int8,passengership-4-000085000ms,Passengership/4.wav,malaspina,test,Passengership,1,2,Tanker,0.1950615644454956,-0.2438269555568695,0.5120366215705872,-2.3895041942596436
static_int8,passengership-4-000090000ms,Passengership/4.wav,malaspina,test,Passengership,1,2,Tanker,0.17067886888980865,-0.3413577377796173,0.5364192724227905,-2.291973352432251
static_int8,passengership-4-000095000ms,Passengership/4.wav,malaspina,test,Passengership,1,2,Tanker,0.2925923466682434,-0.2438269555568695,0.5851846933364868,-2.682096481323242
static_int8,passengership-4-000100000ms,Passengership/4.wav,malaspina,test,Passengership,1,2,Tanker,0.26820963621139526,-0.21944426000118256,0.5364192724227905,-2.5114176273345947
static_int8,passengership-4-000105000ms,Passengership/4.wav,malaspina,test,Passengership,1,2,Tanker,0.31697505712509155,-0.07314808666706085,0.487653911113739,-2.633331060409546
static_int8,passengership-4-000110000ms,Passengership/4.wav,malaspina,test,Passengership,1,2,Tanker,0.2438269555568695,-0.12191347777843475,0.46327120065689087,-2.487035036087036
static_int8,passengership-4-000115000ms,Passengership/4.wav,malaspina,test,Passengership,1,2,Tanker,0.17067886888980865,-0.21944426000118256,0.4388885200023651,-2.1700599193573
static_int8,passengership-4-000120000ms,Passengership/4.wav,malaspina,test,Passengership,1,2,Tanker,0.1462961733341217,-0.2925923466682434,0.41450583934783936,-1.9993810653686523
static_int8,passengership-4-000125000ms,Passengership/4.wav,malaspina,test,Passengership,1,2,Tanker,0.1950615644454956,-0.1950615644454956,0.36574041843414307,-2.096911907196045
static_int8,passengership-4-000130000ms,Passengership/4.wav,malaspina,test,Passengership,1,2,Tanker,0.2925923466682434,-0.0975307822227478,0.3901231288909912,-2.365121364593506
static_int8,passengership-4-000135000ms,Passengership/4.wav,malaspina,test,Passengership,1,2,Tanker,0.12191347777843475,-0.31697505712509155,0.36574041843414307,-1.8774675130844116
static_int8,passengership-4-000140000ms,Passengership/4.wav,malaspina,test,Passengership,1,2,Tanker,0.0975307822227478,-0.31697505712509155,0.36574041843414307,-1.8043195009231567
static_int8,passengership-4-000145000ms,Passengership/4.wav,malaspina,test,Passengership,1,2,Tanker,0.21944426000118256,-0.2438269555568695,0.41450583934783936,-2.1700599193573
static_int8,passengership-4-000150000ms,Passengership/4.wav,malaspina,test,Passengership,1,2,Tanker,0.0975307822227478,-0.3901231288909912,0.46327120065689087,-2.023763656616211
static_int8,passengership-4-000155000ms,Passengership/4.wav,malaspina,test,Passengership,1,2,Tanker,0.1462961733341217,-0.2925923466682434,0.4388885200023651,-2.1700599193573
static_int8,passengership-4-000160000ms,Passengership/4.wav,malaspina,test,Passengership,1,2,Tanker,0.1462961733341217,-0.26820963621139526,0.3901231288909912,-2.1212944984436035
static_int8,passengership-4-000165000ms,Passengership/4.wav,malaspina,test,Passengership,1,2,Tanker,0.2438269555568695,-0.0975307822227478,0.36574041843414307,-2.3163561820983887
static_int8,passengership-4-000170000ms,Passengership/4.wav,malaspina,test,Passengership,1,2,Tanker,0.2438269555568695,-0.17067886888980865,0.41450583934783936,-2.365121364593506
static_int8,passengership-4-000175000ms,Passengership/4.wav,malaspina,test,Passengership,1,2,Tanker,0.26820963621139526,-0.1462961733341217,0.41450583934783936,-2.43826961517334
static_int8,passengership-4-000180000ms,Passengership/4.wav,malaspina,test,Passengership,1,2,Tanker,0.26820963621139526,-0.1950615644454956,0.36574041843414307,-2.1944425106048584
static_int8,passengership-4-000185000ms,Passengership/4.wav,malaspina,test,Passengership,1,2,Tanker,0.31697505712509155,-0.17067886888980865,0.3413577377796173,-2.1700599193573
static_int8,passengership-4-000190000ms,Passengership/4.wav,malaspina,test,Passengership,1,2,Tanker,0.2925923466682434,-0.12191347777843475,0.36574041843414307,-2.3163561820983887
static_int8,passengership-4-000195000ms,Passengership/4.wav,malaspina,test,Passengership,1,2,Tanker,0.26820963621139526,-0.0975307822227478,0.2925923466682434,-2.1700599193573
static_int8,tanker-19-000000000ms,Tanker/19.wav,caribbean spirit,test,Tanker,2,0,Cargo,0.609567403793335,0.2438269555568695,0.2438269555568695,-2.633331060409546
static_int8,tanker-19-000005000ms,Tanker/19.wav,caribbean spirit,test,Tanker,2,0,Cargo,0.5851846933364868,0.26820963621139526,0.1950615644454956,-2.5114176273345947
static_int8,tanker-5-000000000ms,Tanker/5.wav,lynda victory,test,Tanker,2,2,Tanker,0.2925923466682434,-0.1462961733341217,0.487653911113739,-2.3163561820983887
static_int8,tanker-5-000005000ms,Tanker/5.wav,lynda victory,test,Tanker,2,2,Tanker,0.36574041843414307,0.0,0.46327120065689087,-2.5845656394958496
static_int8,tanker-5-000010000ms,Tanker/5.wav,lynda victory,test,Tanker,2,2,Tanker,0.3413577377796173,-0.07314808666706085,0.487653911113739,-2.560183048248291
static_int8,tanker-5-000015000ms,Tanker/5.wav,lynda victory,test,Tanker,2,2,Tanker,0.3901231288909912,0.02438269555568695,0.4388885200023651,-2.6089484691619873
static_int8,tanker-5-000020000ms,Tanker/5.wav,lynda victory,test,Tanker,2,2,Tanker,0.3901231288909912,0.02438269555568695,0.4388885200023651,-2.6089484691619873
static_int8,tanker-5-000025000ms,Tanker/5.wav,lynda victory,test,Tanker,2,2,Tanker,0.36574041843414307,-0.07314808666706085,0.46327120065689087,-2.43826961517334
static_int8,tanker-5-000030000ms,Tanker/5.wav,lynda victory,test,Tanker,2,2,Tanker,0.3413577377796173,-0.1462961733341217,0.5120366215705872,-2.3895041942596436
static_int8,tanker-5-000035000ms,Tanker/5.wav,lynda victory,test,Tanker,2,2,Tanker,0.3901231288909912,-0.0487653911113739,0.46327120065689087,-2.4626522064208984
static_int8,tanker-5-000040000ms,Tanker/5.wav,lynda victory,test,Tanker,2,2,Tanker,0.36574041843414307,-0.02438269555568695,0.4388885200023651,-2.43826961517334
static_int8,tanker-50-000000000ms,Tanker/50.wav,ocean reliance,test,Tanker,2,0,Cargo,0.6827154755592346,0.0,0.4388885200023651,-2.682096481323242
static_int8,tanker-50-000005000ms,Tanker/50.wav,ocean reliance,test,Tanker,2,0,Cargo,0.609567403793335,-0.07314808666706085,0.3901231288909912,-2.3407387733459473
static_int8,tug-40-000000000ms,Tug/40.wav,seaspan commander,test,Tug,3,2,Tanker,-0.26820963621139526,-0.7558635473251343,0.12191347777843475,-0.2438269555568695
static_int8,tug-40-000005000ms,Tug/40.wav,seaspan commander,test,Tug,3,2,Tanker,-0.17067886888980865,-0.7558635473251343,0.26820963621139526,-0.609567403793335
static_int8,tug-40-000010000ms,Tug/40.wav,seaspan commander,test,Tug,3,2,Tanker,-0.07314808666706085,-0.487653911113739,0.1950615644454956,-0.8533943295478821
static_int8,tug-40-000015000ms,Tug/40.wav,seaspan commander,test,Tug,3,2,Tanker,-0.1462961733341217,-0.5851846933364868,0.1462961733341217,-0.6339501142501831
static_int8,tug-40-000020000ms,Tug/40.wav,seaspan commander,test,Tug,3,2,Tanker,-0.1462961733341217,-0.6339501142501831,0.2438269555568695,-0.7070981860160828
static_int8,tug-40-000025000ms,Tug/40.wav,seaspan commander,test,Tug,3,2,Tanker,-0.07314808666706085,-0.5608019828796387,0.21944426000118256,-0.8046289682388306
static_int8,tug-40-000030000ms,Tug/40.wav,seaspan commander,test,Tug,3,2,Tanker,-0.1950615644454956,-0.7070981860160828,0.1950615644454956,-0.5120366215705872
static_int8,tug-40-000035000ms,Tug/40.wav,seaspan commander,test,Tug,3,2,Tanker,-0.02438269555568695,-0.487653911113739,0.1950615644454956,-0.9021597504615784
static_int8,tug-40-000040000ms,Tug/40.wav,seaspan commander,test,Tug,3,2,Tanker,0.07314808666706085,-0.36574041843414307,0.21944426000118256,-1.1703693866729736
static_int8,tug-40-000045000ms,Tug/40.wav,seaspan commander,test,Tug,3,2,Tanker,-0.02438269555568695,-0.487653911113739,0.2438269555568695,-0.9996905326843262
static_int8,tug-40-000050000ms,Tug/40.wav,seaspan commander,test,Tug,3,2,Tanker,0.02438269555568695,-0.487653911113739,0.3413577377796173,-1.21913480758667
static_int8,tug-40-000055000ms,Tug/40.wav,seaspan commander,test,Tug,3,2,Tanker,-0.02438269555568695,-0.46327120065689087,0.2438269555568695,-1.0484559535980225
static_int8,tug-40-000060000ms,Tug/40.wav,seaspan commander,test,Tug,3,2,Tanker,-0.07314808666706085,-0.6339501142501831,0.26820963621139526,-0.8290116786956787
static_int8,tug-40-000065000ms,Tug/40.wav,seaspan commander,test,Tug,3,2,Tanker,-0.07314808666706085,-0.6583327651023865,0.3413577377796173,-0.9996905326843262
static_int8,tug-40-000070000ms,Tug/40.wav,seaspan commander,test,Tug,3,2,Tanker,0.07314808666706085,-0.3413577377796173,0.21944426000118256,-1.243517518043518
static_int8,tug-40-000075000ms,Tug/40.wav,seaspan commander,test,Tug,3,2,Tanker,0.0487653911113739,-0.3901231288909912,0.2438269555568695,-1.243517518043518
static_int8,tug-40-000080000ms,Tug/40.wav,seaspan commander,test,Tug,3,2,Tanker,0.0487653911113739,-0.36574041843414307,0.2438269555568695,-1.21913480758667
static_int8,tug-40-000085000ms,Tug/40.wav,seaspan commander,test,Tug,3,2,Tanker,0.0487653911113739,-0.3413577377796173,0.0975307822227478,-1.0240732431411743
static_int8,tug-40-000090000ms,Tug/40.wav,seaspan commander,test,Tug,3,2,Tanker,0.07314808666706085,-0.31697505712509155,0.2438269555568695,-1.316665530204773
static_int8,tug-40-000095000ms,Tug/40.wav,seaspan commander,test,Tug,3,0,Cargo,0.0975307822227478,-0.21944426000118256,0.07314808666706085,-1.1459866762161255
static_int8,tug-40-000100000ms,Tug/40.wav,seaspan commander,test,Tug,3,2,Tanker,0.02438269555568695,-0.26820963621139526,0.0975307822227478,-1.072838544845581
static_int8,tug-40-000105000ms,Tug/40.wav,seaspan commander,test,Tug,3,2,Tanker,0.1462961733341217,-0.1462961733341217,0.1950615644454956,-1.5117270946502686
static_int8,tug-40-000110000ms,Tug/40.wav,seaspan commander,test,Tug,3,2,Tanker,0.0975307822227478,-0.2438269555568695,0.21944426000118256,-1.3898136615753174
static_int8,tug-40-000115000ms,Tug/40.wav,seaspan commander,test,Tug,3,2,Tanker,0.0975307822227478,-0.31697505712509155,0.26820963621139526,-1.4629616737365723
static_int8,tug-40-000120000ms,Tug/40.wav,seaspan commander,test,Tug,3,2,Tanker,0.07314808666706085,-0.36574041843414307,0.2438269555568695,-1.2922828197479248
static_int8,tug-40-000125000ms,Tug/40.wav,seaspan commander,test,Tug,3,2,Tanker,0.07314808666706085,-0.36574041843414307,0.31697505712509155,-1.4385790824890137
static_int8,tug-40-000130000ms,Tug/40.wav,seaspan commander,test,Tug,3,2,Tanker,0.07314808666706085,-0.31697505712509155,0.31697505712509155,-1.5361098051071167
static_int8,tug-40-000135000ms,Tug/40.wav,seaspan commander,test,Tug,3,2,Tanker,0.0975307822227478,-0.1462961733341217,0.1950615644454956,-1.5604925155639648
static_int8,tug-40-000140000ms,Tug/40.wav,seaspan commander,test,Tug,3,2,Tanker,0.0487653911113739,-0.3413577377796173,0.2925923466682434,-1.4141963720321655
static_int8,tug-40-000145000ms,Tug/40.wav,seaspan commander,test,Tug,3,2,Tanker,0.12191347777843475,-0.2438269555568695,0.26820963621139526,-1.4873443841934204
static_int8,tug-40-000150000ms,Tug/40.wav,seaspan commander,test,Tug,3,2,Tanker,-0.02438269555568695,-0.41450583934783936,0.2925923466682434,-1.2922828197479248
static_int8,tug-40-000155000ms,Tug/40.wav,seaspan commander,test,Tug,3,2,Tanker,0.0487653911113739,-0.3413577377796173,0.2925923466682434,-1.341048240661621
static_int8,tug-40-000160000ms,Tug/40.wav,seaspan commander,test,Tug,3,2,Tanker,0.12191347777843475,-0.2438269555568695,0.21944426000118256,-1.3898136615753174
static_int8,tug-40-000165000ms,Tug/40.wav,seaspan commander,test,Tug,3,2,Tanker,0.1462961733341217,-0.17067886888980865,0.1950615644454956,-1.4873443841934204
static_int8,tug-40-000170000ms,Tug/40.wav,seaspan commander,test,Tug,3,2,Tanker,0.0975307822227478,-0.17067886888980865,0.1950615644454956,-1.584875226020813
static_int8,tug-40-000175000ms,Tug/40.wav,seaspan commander,test,Tug,3,2,Tanker,0.1462961733341217,-0.12191347777843475,0.26820963621139526,-1.8043195009231567
static_int8,tug-40-000180000ms,Tug/40.wav,seaspan commander,test,Tug,3,2,Tanker,0.12191347777843475,-0.1950615644454956,0.2925923466682434,-1.7311713695526123
static_int8,tug-40-000185000ms,Tug/40.wav,seaspan commander,test,Tug,3,2,Tanker,0.12191347777843475,-0.0975307822227478,0.21944426000118256,-1.7311713695526123
static_int8,tug-40-000190000ms,Tug/40.wav,seaspan commander,test,Tug,3,2,Tanker,0.12191347777843475,-0.1950615644454956,0.26820963621139526,-1.7555540800094604
static_int8,tug-40-000195000ms,Tug/40.wav,seaspan commander,test,Tug,3,2,Tanker,0.1462961733341217,-0.21944426000118256,0.2925923466682434,-1.7067886590957642
